Latitude,Longitude,Safety Score,Year,Lighting Rating,Crowd Rating,Emergency Rating,Crime Rate,Severity Score,Public Space Score,Feedback Bonus
52.2855,-1.55803,44.19064274730773,2021,0.1629770992366412,0.149236641221374,0.0382633587786259,0.2285733205910902,0.4,0.0,0.0
52.28688,-1.53362,32.811247219160535,2021,0.1222328244274809,0.074618320610687,0.0382633587786259,0.2044161196995687,0.370983606557377,0.0171629390502009,0.0
52.27925,-1.54465,34.1030435155311,2021,0.1222328244274809,0.074618320610687,0.0382633587786259,0.226419923428961,0.4433333333333333,0.0055364319516777,0.0
52.290777,-1.533494,50.337037372579175,2021,0.1527910305343511,0.149236641221374,0.0669608778625954,0.1981125389158816,0.5097724230254351,0.0310040189293952,0.0023854961832061
52.27595,-1.51643,36.05742773349463,2021,0.1222328244274809,0.1119274809160305,0.0382633587786259,0.2249321217533082,0.3795918367346939,0.0027682159758388,0.0
52.28569,-1.53394,34.22895921926342,2021,0.1222328244274809,0.074618320610687,0.0382633587786259,0.2087620666995021,0.3648702594810379,0.0310040189293952,0.0
52.2760706,-1.5164124,28.34842055885233,2021,0.0814885496183206,0.074618320610687,0.0382633587786259,0.2247755110506079,0.3735294117647059,0.0027682159758388,0.0023854961832061
52.28398,-1.53755,43.32961788463504,2021,0.1629770992366412,0.149236641221374,0.0382633587786259,0.2169841285912679,0.3714765100671141,0.002214572780671,0.0
52.2913,-1.57789,54.00097500653966,2021,0.1222328244274809,0.1119274809160305,0.0765267175572519,0.2287690839694656,1.0,0.0005536431951677,0.0
52.28414,-1.53665,42.729076495594434,2021,0.1629770992366412,0.149236641221374,0.0382633587786259,0.2138910672129369,0.3125333333333334,0.0099655775130199,0.0
52.2843,-1.53489,21.12411684730093,2021,0.0407442748091603,0.0373091603053435,0.0382633587786259,0.2075091810778996,0.3488805970149253,0.0249139437825497,-0.0023854961832061
52.28377,-1.5404,44.88866970013486,2021,0.1629770992366412,0.149236641221374,0.0382633587786259,0.2223480451587532,0.4425925925925925,0.0,0.0
52.2866,-1.54848,46.0904058667096,2021,0.1222328244274809,0.149236641221374,0.0765267175572519,0.227437892996513,0.4705882352941176,0.0011072863903355,0.0047709923664122
52.29140349999999,-1.5782611,42.31393129770992,2021,0.0814885496183206,0.074618320610687,0.0382633587786259,0.2287690839694656,1.0,0.0,0.0
52.28624,-1.53316,33.76747402656388,2021,0.1222328244274809,0.074618320610687,0.0382633587786259,0.2064129061589975,0.3734875444839858,0.0254675869777175,0.0
52.2818,-1.53485,30.514795783139803,2021,0.1018606870229007,0.074618320610687,0.0382633587786259,0.2189026096993466,0.3649402390438247,0.0105192207081876,0.0
52.28959,-1.55339,36.44418548113131,2021,0.0814885496183206,0.074618320610687,0.1147900763358778,0.2261850073749106,0.403030303030303,0.0,0.0023854961832061
52.2851,-1.56291,48.38504438070557,2021,0.1222328244274809,0.149236641221374,0.0765267175572519,0.2263416180776109,0.5693548387096774,0.002214572780671,0.0047709923664122
52.2762849,-1.5356019,32.913360654180536,2021,0.1222328244274809,0.074618320610687,0.0382633587786259,0.2204687167263496,0.4214285714285714,0.0011072863903355,0.0
52.28728,-1.53574,44.50961281202181,2021,0.1222328244274809,0.149236641221374,0.0765267175572519,0.2093885095103033,0.3721991701244813,0.014394723074362,0.0047709923664122
52.28541,-1.55786,44.19064274730773,2021,0.1629770992366412,0.149236641221374,0.0382633587786259,0.2285733205910902,0.4,0.0,0.0
52.28725,-1.53562,44.509102837713606,2021,0.1222328244274809,0.149236641221374,0.0765267175572519,0.2093102041589531,0.3723140495867769,0.014394723074362,0.0047709923664122
52.2899,-1.53796,39.85685158052527,2021,0.1222328244274809,0.074618320610687,0.0765267175572519,0.2075091810778996,0.4992481203007519,0.0215920846115431,0.0
52.28806,-1.56727,44.61804482632192,2021,0.1629770992366412,0.149236641221374,0.0382633587786259,0.2236792361317058,0.4253846153846153,0.0005536431951677,0.0
52.28694,-1.53704,39.259996462868905,2021,0.1018606870229007,0.1305820610687022,0.0765267175572519,0.2097017309157039,0.3618448637316562,0.0077510047323488,0.0
52.27543,-1.52666,48.54281933992704,2021,0.1629770992366412,0.149236641221374,0.0765267175572519,0.2242273735911568,0.4131578947368421,0.0016609295855033,0.0023854961832061
52.28681,-1.56078,44.15056610421868,2021,0.1222328244274809,0.149236641221374,0.0765267175572519,0.2251670378073587,0.3793478260869565,0.0033218591710066,0.0047709923664122
52.2948,-1.53725,36.27672575866345,2021,0.1222328244274809,0.074618320610687,0.0765267175572519,0.2146741207264384,0.3802898550724637,0.0077510047323488,0.0
52.27632,-1.5322,48.84320391537573,2021,0.1629770992366412,0.149236641221374,0.0765267175572519,0.2174148080236937,0.432280701754386,0.0033218591710066,0.0023854961832061
52.28503,-1.53542,20.42951045311414,2021,0.0407442748091603,0.0373091603053435,0.0382633587786259,0.2080964712130258,0.3384615384615385,0.0199311550260398,-0.0023854961832061
52.28789,-1.54591,44.91761348334656,2021,0.1222328244274809,0.149236641221374,0.0765267175572519,0.2277119617262386,0.4185185185185185,0.0011072863903355,0.0047709923664122
52.2875364,-1.541341,30.77418090220166,2021,0.0814885496183206,0.1119274809160305,0.0382633587786259,0.2236009307803556,0.3434108527131783,0.0016609295855033,-0.0023854961832061
52.27641,-1.52057,34.1877514781577,2021,0.1222328244274809,0.1119274809160305,0.0382633587786259,0.2232877093749551,0.3085714285714285,0.0005536431951677,0.0
52.28444,-1.53546,23.42017705890438,2021,0.0611164122137404,0.0466364503816793,0.0382633587786259,0.2076266391049249,0.3402255639097745,0.0199311550260398,-0.0023854961832061
52.28617,-1.55979,47.34900050100631,2021,0.1222328244274809,0.149236641221374,0.0765267175572519,0.2282992518613647,0.5166666666666667,0.0027682159758388,0.0047709923664122
52.28582,-1.53308,34.31512655833055,2021,0.1222328244274809,0.074618320610687,0.0382633587786259,0.2091535934562528,0.3603658536585366,0.0326649485148985,0.0
52.29094,-1.57684,54.00097500653966,2021,0.1222328244274809,0.1119274809160305,0.0765267175572519,0.2287690839694656,1.0,0.0005536431951677,0.0
52.28051,-1.53824,30.756405048406148,2021,0.1222328244274809,0.074618320610687,0.0382633587786259,0.2240707628884566,0.3233333333333333,0.0,0.0
52.28776,-1.56568,44.69252016729431,2021,0.1629770992366412,0.149236641221374,0.0382633587786259,0.2231310986722547,0.417361111111111,0.0033218591710066,0.0
52.28514,-1.53637,19.301682669360048,2021,0.0407442748091603,0.0373091603053435,0.0382633587786259,0.2144000519967129,0.3146408839779006,0.0116265070985232,-0.0023854961832061
52.2907119,-1.5829859,42.31393129770992,2021,0.0814885496183206,0.074618320610687,0.0382633587786259,0.2287690839694656,1.0,0.0,0.0
52.28552,-1.56332,47.869809329613375,2021,0.1222328244274809,0.149236641221374,0.0765267175572519,0.2261850073749106,0.546969696969697,0.002214572780671,0.0047709923664122
52.29034,-1.57535,50.260516991272496,2021,0.0814885496183206,0.074618320610687,0.1147900763358778,0.2287690839694656,1.0,0.0005536431951677,0.0023854961832061
52.28754,-1.53444,33.06596211894558,2021,0.1222328244274809,0.074618320610687,0.0382633587786259,0.2091927461319279,0.3746887966804979,0.0171629390502009,0.0
52.2889352,-1.5379752,46.73967069238879,2021,0.1222328244274809,0.149236641221374,0.0765267175572519,0.2127556396183597,0.4719298245614035,0.0166092958550331,0.0023854961832061
52.28261,-1.55083,47.67571528242476,2021,0.1629770992366412,0.149236641221374,0.0382633587786259,0.2259892439965352,0.5563380281690141,0.0005536431951677,0.0
52.29016,-1.5435,36.35049236875344,2021,0.0814885496183206,0.074618320610687,0.1147900763358778,0.2247755110506079,0.394,0.0016609295855033,0.0023854961832061
52.27932,-1.54493,34.4007474323325,2021,0.1222328244274809,0.074618320610687,0.0382633587786259,0.226889755537062,0.4604166666666667,0.0044291455613421,0.0
52.2935,-1.53832,38.60549160814261,2021,0.1222328244274809,0.074618320610687,0.0765267175572519,0.2105239371048805,0.4484375,0.0182702254405364,0.0
52.28554,-1.55808,46.71321412194144,2021,0.1222328244274809,0.149236641221374,0.0765267175572519,0.2287299312937905,0.5,0.0,0.0047709923664122
52.29026,-1.58006,53.945610687022906,2021,0.1222328244274809,0.1119274809160305,0.0765267175572519,0.2287690839694656,1.0,0.0,0.0
52.2902,-1.54262,35.904061290691494,2021,0.0814885496183206,0.074618320610687,0.1147900763358778,0.2238749995100812,0.373170731707317,0.002214572780671,0.0023854961832061
52.27963,-1.5455,37.23383443839206,2021,0.1222328244274809,0.074618320610687,0.0382633587786259,0.223796694158731,0.5859504132231405,0.0060900751468454,0.0
52.28398,-1.53688,42.440823887446975,2021,0.1629770992366412,0.149236641221374,0.0382633587786259,0.2158095483210156,0.3015290519877676,0.0088582911226843,0.0
52.28613,-1.53312,32.51645421607106,2021,0.0950699745547073,0.074618320610687,0.0510178117048346,0.2086837613481519,0.3617821782178217,0.026574873368053,0.0023854961832061
52.286249,-1.570058,41.2985756129938,2021,0.1222328244274809,0.074618320610687,0.1147900763358778,0.2277902670775887,0.432,0.0005536431951677,0.0023854961832061
52.28788,-1.56659,37.56261358048138,2021,0.0814885496183206,0.074618320610687,0.1147900763358778,0.2242273735911568,0.446551724137931,0.002214572780671,0.0023854961832061
52.28245,-1.54654,49.13359418154615,2021,0.1629770992366412,0.149236641221374,0.0382633587786259,0.2241099155641316,0.6186440677966102,0.002214572780671,0.0
52.28702,-1.53692,34.782566281105744,2021,0.1018606870229007,0.1026001908396946,0.0573950381679389,0.2104847844292054,0.375054704595186,0.0094119343178521,-0.0023854961832061
52.28773,-1.53487,29.24943020349716,2021,0.0814885496183206,0.074618320610687,0.0382633587786259,0.2094276621859783,0.3865828092243187,0.0171629390502009,0.0
52.28842,-1.53515,34.38578945176289,2021,0.1222328244274809,0.074618320610687,0.0382633587786259,0.2091927461319279,0.4219008264462809,0.0204847982212075,0.0
52.28960319999999,-1.5530564,40.51861296204734,2021,0.1222328244274809,0.074618320610687,0.1147900763358778,0.2261850073749106,0.403030303030303,0.0,0.0023854961832061
52.27956,-1.54404,33.5504252498639,2021,0.1222328244274809,0.074618320610687,0.0382633587786259,0.2252453431587088,0.4211111111111111,0.0055364319516777,0.0
52.28908,-1.53848,32.91570709191548,2021,0.1018606870229007,0.0559637404580152,0.0573950381679389,0.2099757996454294,0.4547974413646055,0.0160556526598654,0.0023854961832061
52.27458,-1.52582,47.5857510325632,2021,0.1629770992366412,0.149236641221374,0.0765267175572519,0.2237183888073809,0.3713178294573643,0.0016609295855033,0.0023854961832061
52.28942,-1.53777,39.36886790523369,2021,0.1222328244274809,0.074618320610687,0.0765267175572519,0.2090752881049027,0.4880566801619433,0.0182702254405364,0.0
52.2867355,-1.5244127,30.148527655106687,2021,0.0814885496183206,0.074618320610687,0.0382633587786259,0.2222697398074031,0.4719512195121951,0.002214572780671,0.0
52.28638,-1.53128,29.41619332371769,2021,0.0814885496183206,0.074618320610687,0.0382633587786259,0.2088012193751771,0.3806387225548902,0.0226993710018786,-0.0023854961832061
52.28506,-1.5523,47.95251863730904,2021,0.1222328244274809,0.149236641221374,0.0765267175572519,0.228455862564065,0.55,0.0011072863903355,0.0047709923664122
52.28874,-1.56179,35.13237054154146,2021,0.0814885496183206,0.074618320610687,0.1147900763358778,0.2210168541858007,0.3380710659898477,0.0033218591710066,0.0023854961832061
52.28662,-1.56082,44.04131600806443,2021,0.1629770992366412,0.149236641221374,0.0382633587786259,0.2259500913208602,0.3833333333333333,0.0033218591710066,0.0
52.29084,-1.57659,50.260516991272496,2021,0.0814885496183206,0.074618320610687,0.1147900763358778,0.2287690839694656,1.0,0.0005536431951677,0.0023854961832061
52.28502,-1.55704,45.27166154442975,2021,0.1222328244274809,0.149236641221374,0.0765267175572519,0.228455862564065,0.4375,0.0,0.0047709923664122
52.29121,-1.57794,50.260516991272496,2021,0.0814885496183206,0.074618320610687,0.1147900763358778,0.2287690839694656,1.0,0.0005536431951677,0.0023854961832061
52.2853,-1.53361,34.12604380875784,2021,0.0814885496183206,0.074618320610687,0.0765267175572519,0.206647822213048,0.3702702702702702,0.0321113053197308,0.0
52.27633,-1.52121,34.084617662950855,2021,0.1222328244274809,0.1119274809160305,0.0382633587786259,0.223796694158731,0.3007874015748031,0.0011072863903355,0.0
52.28727,-1.56382,44.75635262332373,2021,0.1629770992366412,0.149236641221374,0.0382633587786259,0.2220739764290277,0.4222222222222222,0.0033218591710066,0.0
52.272517,-1.526155,33.52888323678718,2021,0.1222328244274809,0.074618320610687,0.0382633587786259,0.2254802592127593,0.4369047619047618,0.0016609295855033,0.0
52.28958,-1.55344,36.38034289088659,2021,0.0814885496183206,0.074618320610687,0.1147900763358778,0.2263024654019358,0.4,0.0,0.0023854961832061
52.28249,-1.55023,46.96557056334652,2021,0.1629770992366412,0.149236641221374,0.0382633587786259,0.2254411065370842,0.5261904761904762,0.0005536431951677,0.0
52.28252,-1.55016,47.03123868946762,2021,0.1629770992366412,0.149236641221374,0.0382633587786259,0.2249712744289833,0.5302083333333333,0.0005536431951677,0.0
52.28226,-1.54954,47.75847190698687,2021,0.1629770992366412,0.149236641221374,0.0382633587786259,0.2259892439965352,0.5599999999999999,0.0005536431951677,0.0
52.27635,-1.53088,48.94192841742401,2021,0.1629770992366412,0.149236641221374,0.0765267175572519,0.2176105714020691,0.4364285714285714,0.0033218591710066,0.0023854961832061
52.28653,-1.53332,32.265232421238125,2021,0.0950699745547073,0.074618320610687,0.0510178117048346,0.2084879979697765,0.3713163064833006,0.0221457278067108,0.0023854961832061
52.28131,-1.53498,31.791076216490165,2021,0.1222328244274809,0.074618320610687,0.0382633587786259,0.2215649916452517,0.3586956521739131,0.0033218591710066,0.0
52.29014,-1.58454,53.945610687022906,2021,0.1222328244274809,0.1119274809160305,0.0765267175572519,0.2287690839694656,1.0,0.0,0.0
52.28211,-1.54861,48.95752612166823,2021,0.1629770992366412,0.149236641221374,0.0382633587786259,0.2264590761046361,0.6068965517241379,0.0016609295855033,0.0
52.28538,-1.53146,30.087751723077226,2021,0.0814885496183206,0.074618320610687,0.0382633587786259,0.2057473106725212,0.3731833910034602,0.0321113053197308,-0.0023854961832061
52.29001,-1.57894,53.945610687022906,2021,0.1222328244274809,0.1119274809160305,0.0765267175572519,0.2287690839694656,1.0,0.0,0.0
52.28315,-1.55396,44.85453843469373,2021,0.1629770992366412,0.149236641221374,0.0382633587786259,0.2271638242667875,0.4317073170731708,0.0,0.0
52.2859,-1.55897,47.18290754245597,2021,0.1222328244274809,0.149236641221374,0.0765267175572519,0.2282992518613647,0.5166666666666667,0.0011072863903355,0.0047709923664122
52.28726,-1.53566,44.50961281202181,2021,0.1222328244274809,0.149236641221374,0.0765267175572519,0.2093885095103033,0.3721991701244813,0.014394723074362,0.0047709923664122
52.28788,-1.56656,45.28207922933634,2021,0.1629770992366412,0.149236641221374,0.0382633587786259,0.2242273735911568,0.446551724137931,0.002214572780671,0.0
52.27509,-1.52648,48.18335634466712,2021,0.1629770992366412,0.149236641221374,0.0765267175572519,0.2250104271046583,0.3957446808510638,0.0016609295855033,0.0023854961832061
52.2936,-1.53702,39.09712546260631,2021,0.1222328244274809,0.074618320610687,0.0765267175572519,0.2089578300778774,0.4435318275154004,0.0249139437825497,0.0
52.290809,-1.5830862,42.31393129770992,2021,0.0814885496183206,0.074618320610687,0.0382633587786259,0.2287690839694656,1.0,0.0,0.0
52.28253,-1.55049,47.02215780825311,2021,0.1629770992366412,0.149236641221374,0.0382633587786259,0.2249321217533082,0.5298969072164949,0.0005536431951677,0.0
52.28354,-1.54218,47.5221244904239,2021,0.1629770992366412,0.149236641221374,0.0382633587786259,0.2223088924830782,0.5536585365853658,0.0016609295855033,0.0
52.29226,-1.5382,39.564759955666446,2021,0.1222328244274809,0.074618320610687,0.0765267175572519,0.2005400048077362,0.4661428571428571,0.0287894461487241,0.0
52.2865,-1.53728,19.26790272985402,2021,0.0407442748091603,0.0373091603053435,0.0382633587786259,0.2136169984832114,0.3479057591623037,0.0044291455613421,-0.0023854961832061
52.28223,-1.5349,31.01156771737836,2021,0.1018606870229007,0.074618320610687,0.0382633587786259,0.216514296483167,0.3637820512820512,0.0166092958550331,0.0
52.27637,-1.52971,48.88305584410059,2021,0.1629770992366412,0.149236641221374,0.0765267175572519,0.2178063347804445,0.4333333333333333,0.0033218591710066,0.0023854961832061
52.28729,-1.5341,37.37313100849512,2021,0.1018606870229007,0.1119274809160305,0.0573950381679389,0.2097017309157039,0.379957805907173,0.0204847982212075,0.0023854961832061
52.28774,-1.53234,39.83035572060079,2021,0.1018606870229007,0.1119274809160305,0.0765267175572519,0.21028902105083,0.3855263157894737,0.0221457278067108,0.0047709923664122
52.28969,-1.55026,36.86782839528556,2021,0.0814885496183206,0.074618320610687,0.1147900763358778,0.2256368699154596,0.4227848101265823,0.0,0.0023854961832061
52.29097,-1.58302,53.945610687022906,2021,0.1222328244274809,0.1119274809160305,0.0765267175572519,0.2287690839694656,1.0,0.0,0.0
52.28967,-1.55088,36.26651364843613,2021,0.0814885496183206,0.074618320610687,0.1147900763358778,0.2255194118884343,0.3963414634146341,0.0,0.0023854961832061
52.28218,-1.54736,49.13359418154615,2021,0.1629770992366412,0.149236641221374,0.0382633587786259,0.2241099155641316,0.6186440677966102,0.002214572780671,0.0
52.29612,-1.53701,38.42559676351342,2021,0.1222328244274809,0.074618320610687,0.0765267175572519,0.2276728090505635,0.4821428571428571,0.0011072863903355,0.0
52.29117,-1.57778,57.97998264012746,2021,0.1629770992366412,0.149236641221374,0.0382633587786259,0.2287690839694656,1.0,0.0005536431951677,0.0
52.28574,-1.53636,23.32802271741061,2021,0.0611164122137404,0.0513000954198473,0.0430462786259541,0.2148698841048138,0.3139999999999999,0.0127337934888587,-0.0023854961832061
52.29023,-1.57507,54.00097500653966,2021,0.1222328244274809,0.1119274809160305,0.0765267175572519,0.2287690839694656,1.0,0.0005536431951677,0.0
52.28958,-1.55372,36.38034289088659,2021,0.0814885496183206,0.074618320610687,0.1147900763358778,0.2263024654019358,0.4,0.0,0.0023854961832061
52.28656,-1.56379,45.19648264717855,2021,0.1222328244274809,0.149236641221374,0.0765267175572519,0.2225438085371286,0.430817610062893,0.0033218591710066,0.0047709923664122
52.28726,-1.56413,44.75635262332373,2021,0.1629770992366412,0.149236641221374,0.0382633587786259,0.2220739764290277,0.4222222222222222,0.0033218591710066,0.0
52.28799,-1.54528,45.349422877608816,2021,0.1222328244274809,0.149236641221374,0.0765267175572519,0.2272029769424626,0.4384615384615385,0.0011072863903355,0.0047709923664122
52.29057,-1.58019,57.92461832061069,2021,0.1629770992366412,0.149236641221374,0.0382633587786259,0.2287690839694656,1.0,0.0,0.0
52.28695,-1.53701,34.36545620223301,2021,0.1018606870229007,0.1026001908396946,0.0573950381679389,0.2097017309157039,0.3618448637316562,0.0083046479275165,-0.0023854961832061
52.28565,-1.54992,46.37649293246833,2021,0.1222328244274809,0.149236641221374,0.0765267175572519,0.2273595876451629,0.4833333333333333,0.0011072863903355,0.0047709923664122
52.28665,-1.56084,44.27032364165221,2021,0.1222328244274809,0.149236641221374,0.0765267175572519,0.2259500913208602,0.3833333333333333,0.0033218591710066,0.0047709923664122
52.28679,-1.53738,19.52882696544108,2021,0.0407442748091603,0.0373091603053435,0.0382633587786259,0.2124032655372841,0.3673913043478261,0.0033218591710066,-0.0023854961832061
52.2851,-1.53618,19.727587951901,2021,0.0407442748091603,0.0373091603053435,0.0382633587786259,0.2131080136994354,0.3261421319796954,0.0138410798791943,-0.0023854961832061
52.29631,-1.537,38.42559676351342,2021,0.1222328244274809,0.074618320610687,0.0765267175572519,0.2276728090505635,0.4821428571428571,0.0011072863903355,0.0
52.28997,-1.57908,53.945610687022906,2021,0.1222328244274809,0.1119274809160305,0.0765267175572519,0.2287690839694656,1.0,0.0,0.0
52.28475,-1.53377,31.96845656073283,2021,0.0814885496183206,0.074618320610687,0.0573950381679389,0.2062171427806222,0.3726148409893993,0.0293430893438919,0.0
52.28279,-1.55354,44.85453843469373,2021,0.1629770992366412,0.149236641221374,0.0382633587786259,0.2271638242667875,0.4317073170731708,0.0,0.0
52.28309,-1.54473,47.3618270173935,2021,0.1629770992366412,0.149236641221374,0.0382633587786259,0.2235617781046806,0.5409090909090909,0.002214572780671,0.0
52.27645,-1.51993,33.329886560425834,2021,0.1222328244274809,0.1119274809160305,0.0382633587786259,0.224814663726283,0.2683168316831683,0.0005536431951677,0.0
52.28211,-1.53491,30.679381800277696,2021,0.1018606870229007,0.074618320610687,0.0382633587786259,0.216514296483167,0.3637820512820512,0.0132874366840265,0.0
52.28509,-1.5357,20.19007287369752,2021,0.0407442748091603,0.0373091603053435,0.0382633587786259,0.2126773342670096,0.3277227722772277,0.0182702254405364,-0.0023854961832061
52.28729,-1.53337,33.093132868003806,2021,0.0814885496183206,0.074618320610687,0.0765267175572519,0.2104847844292054,0.3749450549450549,0.019377511830872,0.0
52.2856,-1.56199,47.29363618148953,2021,0.1222328244274809,0.149236641221374,0.0765267175572519,0.2282992518613647,0.5166666666666667,0.002214572780671,0.0047709923664122
52.289077,-1.5384772,44.56766319878571,2021,0.1222328244274809,0.1305820610687022,0.0813096374045801,0.2099757996454294,0.4547974413646055,0.0160556526598654,0.0
52.28835,-1.56838,38.35286691567804,2021,0.0814885496183206,0.074618320610687,0.1147900763358778,0.2250104271046583,0.4875,0.0005536431951677,0.0023854961832061
52.28392,-1.53917,44.56054375742357,2021,0.1629770992366412,0.149236641221374,0.0382633587786259,0.221173464888501,0.4276041666666667,0.0005536431951677,0.0
52.2883539,-1.5380516,45.44103109315362,2021,0.1222328244274809,0.149236641221374,0.0765267175572519,0.2158095483210156,0.4127725856697819,0.0149483662695298,0.0023854961832061
52.2913,-1.57814,54.00097500653966,2021,0.1222328244274809,0.1119274809160305,0.0765267175572519,0.2287690839694656,1.0,0.0005536431951677,0.0
52.2853,-1.53665,19.30016395634392,2021,0.0407442748091603,0.0373091603053435,0.0382633587786259,0.2155354795912901,0.3129129129129129,0.0116265070985232,-0.0023854961832061
52.28827,-1.53619,28.693767335531845,2021,0.0814885496183206,0.0652910305343511,0.0382633587786259,0.2093493568346282,0.4029106029106029,0.0199311550260398,-0.0023854961832061
52.28712,-1.53468,44.663062368752776,2021,0.1222328244274809,0.149236641221374,0.0765267175572519,0.2098191889427291,0.3761099365750528,0.0149483662695298,0.0047709923664122
52.28023,-1.54084,31.735976427858336,2021,0.1222328244274809,0.074618320610687,0.0382633587786259,0.2231702513479298,0.3685314685314685,0.0,0.0
52.28406,-1.53513,39.49234263915484,2021,0.1256281806615775,0.1150365776081424,0.0637722646310432,0.208722914023827,0.3476284584980237,0.0226993710018786,-0.0047709923664122
52.28972,-1.5501,36.86782839528556,2021,0.0814885496183206,0.074618320610687,0.1147900763358778,0.2256368699154596,0.4227848101265823,0.0,0.0023854961832061
52.27902,-1.54565,38.44361817701959,2021,0.1222328244274809,0.074618320610687,0.0382633587786259,0.2226221138884788,0.6384105960264901,0.007197361537181,0.0
52.28486,-1.53346,31.82333262430471,2021,0.0814885496183206,0.074618320610687,0.0573950381679389,0.2056690053211711,0.3665517241379311,0.0293430893438919,0.0
52.28779,-1.5352,29.17227165485236,2021,0.0814885496183206,0.074618320610687,0.0382633587786259,0.2094668148616534,0.3907563025210084,0.0155020094646976,0.0
52.28736,-1.53318,39.40479715343165,2021,0.1018606870229007,0.1119274809160305,0.0765267175572519,0.2100541049967795,0.3736051502145923,0.0204847982212075,0.0047709923664122
52.28251,-1.55001,47.75847190698687,2021,0.1629770992366412,0.149236641221374,0.0382633587786259,0.2259892439965352,0.5599999999999999,0.0005536431951677,0.0
52.28549,-1.56326,47.816180106679454,2021,0.1222328244274809,0.149236641221374,0.0765267175572519,0.2259892439965352,0.5450704225352113,0.002214572780671,0.0047709923664122
52.28633,-1.56024,47.175357186935294,2021,0.1629770992366412,0.149236641221374,0.0382633587786259,0.2282992518613647,0.5166666666666667,0.0033218591710066,0.0
52.29599,-1.5374,37.72842858688049,2021,0.1222328244274809,0.074618320610687,0.0765267175572519,0.226380770753286,0.4540983606557377,0.0011072863903355,0.0
52.28653,-1.56066,43.83605577532144,2021,0.1629770992366412,0.149236641221374,0.0382633587786259,0.2265765341316614,0.3732142857142856,0.0033218591710066,0.0
52.28097,-1.53633,30.924866363685027,2021,0.1222328244274809,0.074618320610687,0.0382633587786259,0.2230527933209046,0.3273972602739726,0.0011072863903355,0.0
52.28991,-1.5792,53.945610687022906,2021,0.1222328244274809,0.1119274809160305,0.0765267175572519,0.2287690839694656,1.0,0.0,0.0
52.29311,-1.53828,38.61470213820326,2021,0.1222328244274809,0.074618320610687,0.0765267175572519,0.2051600205373951,0.4552136752136752,0.019377511830872,0.0
52.27856,-1.54559,38.39835447756503,2021,0.1222328244274809,0.074618320610687,0.0382633587786259,0.2225438085371286,0.6366013071895426,0.007197361537181,0.0
52.27856,-1.54535,38.28762583853148,2021,0.1222328244274809,0.074618320610687,0.0382633587786259,0.2225438085371286,0.6366013071895426,0.0060900751468454,0.0
52.27642,-1.52697,48.473067691432746,2021,0.1629770992366412,0.149236641221374,0.0765267175572519,0.2221914344560529,0.4187878787878787,0.0005536431951677,0.0023854961832061
52.28726,-1.5356,44.509102837713606,2021,0.1222328244274809,0.149236641221374,0.0765267175572519,0.2093102041589531,0.3723140495867769,0.014394723074362,0.0047709923664122
52.28616,-1.54912,46.04803069551661,2021,0.1222328244274809,0.149236641221374,0.0765267175572519,0.2277902670775887,0.4679999999999999,0.0011072863903355,0.0047709923664122
52.29012,-1.54394,36.77559415706457,2021,0.0814885496183206,0.074618320610687,0.1147900763358778,0.2254019538614091,0.4117647058823529,0.0016609295855033,0.0023854961832061
52.28508,-1.53553,20.484874772630924,2021,0.0407442748091603,0.0373091603053435,0.0382633587786259,0.2080964712130258,0.3384615384615385,0.0204847982212075,-0.0023854961832061
52.2812049,-1.5469286,33.01413259927578,2021,0.0814885496183206,0.074618320610687,0.0382633587786259,0.222739571915504,0.5764705882352941,0.0049827887565099,0.0023854961832061
52.28985,-1.54662,36.187494620643065,2021,0.0814885496183206,0.0932729007633587,0.0956583969465648,0.2261067020235605,0.4044776119402985,0.0,0.0
52.28937,-1.55954,35.489130067112654,2021,0.0814885496183206,0.074618320610687,0.1147900763358778,0.2217999076993022,0.3579545454545454,0.002214572780671,0.0023854961832061
52.28909,-1.53767,39.03426804486892,2021,0.1222328244274809,0.074618320610687,0.0765267175572519,0.2072351123481741,0.4842592592592593,0.0166092958550331,0.0
52.27924,-1.54296,33.32896797179679,2021,0.1222328244274809,0.074618320610687,0.0382633587786259,0.2252453431587088,0.4211111111111111,0.0033218591710066,0.0
52.28705,-1.56206,44.91339311443171,2021,0.1629770992366412,0.149236641221374,0.0382633587786259,0.2222697398074031,0.4289156626506024,0.0033218591710066,0.0
52.27626,-1.53483,48.68950298239938,2021,0.1629770992366412,0.149236641221374,0.0765267175572519,0.2212126175641761,0.4229166666666667,0.002214572780671,0.0023854961832061
52.28742,-1.56498,37.1831286156112,2021,0.0814885496183206,0.074618320610687,0.1147900763358778,0.2227787245911791,0.4274509803921568,0.0033218591710066,0.0023854961832061
52.28616,-1.54906,46.04803069551661,2021,0.1222328244274809,0.149236641221374,0.0765267175572519,0.2277902670775887,0.4679999999999999,0.0011072863903355,0.0047709923664122
52.29125,-1.57803,57.97998264012746,2021,0.1629770992366412,0.149236641221374,0.0382633587786259,0.2287690839694656,1.0,0.0005536431951677,0.0
52.28534,-1.53664,19.30016395634392,2021,0.0407442748091603,0.0373091603053435,0.0382633587786259,0.2155354795912901,0.3129129129129129,0.0116265070985232,-0.0023854961832061
52.29302,-1.53706,31.795869795505016,2021,0.0814885496183206,0.074618320610687,0.0382633587786259,0.2018320431050137,0.4834080717488789,0.0260212301728853,0.0
52.28866,-1.56201,34.91847574935979,2021,0.0814885496183206,0.074618320610687,0.1147900763358778,0.2210168541858007,0.3258883248730965,0.0038755023661744,0.0023854961832061
52.28732,-1.5474,44.86453897186842,2021,0.1222328244274809,0.149236641221374,0.0765267175572519,0.2278294197532638,0.4208333333333333,0.0,0.0047709923664122
52.28273,-1.53471,30.736645962899424,2021,0.1018606870229007,0.074618320610687,0.0382633587786259,0.2136953038345616,0.353125,0.0171629390502009,0.0
52.2844,-1.53153,30.00388604651064,2021,0.0814885496183206,0.074618320610687,0.0382633587786259,0.2049642571590197,0.3759197324414716,0.0310040189293952,-0.0023854961832061
52.28816,-1.53979,45.4210808540839,2021,0.1222328244274809,0.149236641221374,0.0765267175572519,0.2225829612128037,0.4084967320261438,0.0105192207081876,0.0047709923664122
52.27607,-1.51742,34.96261815452907,2021,0.1222328244274809,0.1119274809160305,0.0382633587786259,0.2238358468344061,0.3325396825396825,0.0027682159758388,0.0
52.28236,-1.5312424,50.28716908962235,2021,0.1629770992366412,0.149236641221374,0.0765267175572519,0.2126773342670096,0.416089108910891,0.0232530141970464,0.0023854961832061
52.28545,-1.53294,34.10321939817853,2021,0.0814885496183206,0.074618320610687,0.0765267175572519,0.2073134176995243,0.362639405204461,0.0332185917100663,0.0
52.28788,-1.53469,33.57122984492149,2021,0.1222328244274809,0.074618320610687,0.0382633587786259,0.2079790131860005,0.4011695906432749,0.0171629390502009,0.0
52.28252,-1.55296,44.85453843469373,2021,0.1629770992366412,0.149236641221374,0.0382633587786259,0.2271638242667875,0.4317073170731708,0.0,0.0
52.28471,-1.55646,45.37861500570297,2021,0.142604961832061,0.149236641221374,0.0573950381679389,0.228455862564065,0.4375,0.002214572780671,0.0023854961832061
52.28707,-1.52483,28.83487659840605,2021,0.0814885496183206,0.074618320610687,0.0382633587786259,0.2244622896452073,0.4194444444444444,0.002214572780671,-0.0023854961832061
52.28768,-1.54006,20.02481887215964,2021,0.0407442748091603,0.0373091603053435,0.0382633587786259,0.2228570299425292,0.3724137931034483,0.0033218591710066,-0.0023854961832061
52.28619,-1.56407,47.05432062026125,2021,0.1222328244274809,0.149236641221374,0.0765267175572519,0.2253236485100589,0.5079545454545454,0.0033218591710066,0.0047709923664122
52.2888,-1.57006,36.567449213588674,2021,0.0814885496183206,0.074618320610687,0.1147900763358778,0.2276336563748884,0.4034482758620689,0.0005536431951677,0.0023854961832061
52.29122,-1.57793,50.260516991272496,2021,0.0814885496183206,0.074618320610687,0.1147900763358778,0.2287690839694656,1.0,0.0005536431951677,0.0023854961832061
52.28708,-1.53386,45.12032750571545,2021,0.1222328244274809,0.149236641221374,0.0765267175572519,0.2086054559968017,0.3842942345924453,0.0182702254405364,0.0047709923664122
52.28959,-1.55337,36.44418548113131,2021,0.0814885496183206,0.074618320610687,0.1147900763358778,0.2261850073749106,0.403030303030303,0.0,0.0023854961832061
52.28749,-1.53436,33.0251346586463,2021,0.1222328244274809,0.074618320610687,0.0382633587786259,0.2097017309157039,0.3744725738396625,0.0166092958550331,0.0
52.28793,-1.53475,33.68938252725634,2021,0.1222328244274809,0.074618320610687,0.0382633587786259,0.2087620666995021,0.3973684210526316,0.0188238686357042,0.0
52.2762555,-1.5348337,30.37207295695409,2021,0.0950699745547073,0.074618320610687,0.0382633587786259,0.2212126175641761,0.4229166666666667,0.002214572780671,0.0
52.2876,-1.56522,40.71879662283566,2021,0.1222328244274809,0.1119274809160305,0.0765267175572519,0.2232485566992799,0.4198581560283688,0.0027682159758388,0.0
52.2854,-1.55777,44.19064274730773,2021,0.1629770992366412,0.149236641221374,0.0382633587786259,0.2285733205910902,0.4,0.0,0.0
52.27856,-1.54514,37.77253342421133,2021,0.1222328244274809,0.074618320610687,0.0382633587786259,0.2256368699154596,0.6075,0.0055364319516777,0.0
52.28542,-1.5579,44.41965038089551,2021,0.1222328244274809,0.149236641221374,0.0765267175572519,0.2285733205910902,0.4,0.0,0.0047709923664122
52.28245,-1.55269,44.85453843469373,2021,0.1629770992366412,0.149236641221374,0.0382633587786259,0.2271638242667875,0.4317073170731708,0.0,0.0
52.281384,-1.5470501,33.06949691879256,2021,0.0814885496183206,0.074618320610687,0.0382633587786259,0.222739571915504,0.5764705882352941,0.0055364319516777,0.0023854961832061
52.28735,-1.53417,33.301956256230184,2021,0.1222328244274809,0.074618320610687,0.0382633587786259,0.2097017309157039,0.3744725738396625,0.019377511830872,0.0
52.286249,-1.533494,37.06797317220828,2021,0.1086513994910941,0.1072638358778625,0.0526121183206106,0.2058256160238714,0.3779513888888889,0.0243603005873819,0.0
52.28038,-1.53972,30.565668852015733,2021,0.1222328244274809,0.074618320610687,0.0382633587786259,0.2240316102127815,0.3148760330578512,0.0,0.0
52.28757,-1.56476,37.127764296094426,2021,0.0814885496183206,0.074618320610687,0.1147900763358778,0.2227787245911791,0.4274509803921568,0.0027682159758388,0.0023854961832061
52.28964,-1.57311,57.97998264012746,2021,0.1629770992366412,0.149236641221374,0.0382633587786259,0.2287690839694656,1.0,0.0005536431951677,0.0
52.28332,-1.54408,49.235794402540016,2021,0.1629770992366412,0.149236641221374,0.0382633587786259,0.2225046558614535,0.630188679245283,0.0016609295855033,0.0
52.28748,-1.56509,37.03370292708526,2021,0.0814885496183206,0.074618320610687,0.1147900763358778,0.2232485566992799,0.4198581560283688,0.0033218591710066,0.0023854961832061
52.28345,-1.53435,31.686933828584763,2021,0.1018606870229007,0.074618320610687,0.0382633587786259,0.2105630897805555,0.3719565217391304,0.0238066573922142,0.0
52.2793,-1.52981,37.06052889603311,2021,0.1222328244274809,0.1119274809160305,0.0382633587786259,0.2138910672129369,0.4227882037533512,0.0077510047323488,0.0
52.28557,-1.53472,32.374763263989955,2021,0.1018606870229007,0.074618320610687,0.0478291984732824,0.2095451202130036,0.3477272727272728,0.026574873368053,0.0
52.28636,-1.56032,45.47113779617896,2021,0.1222328244274809,0.149236641221374,0.0765267175572519,0.2271638242667875,0.4341463414634147,0.0033218591710066,0.0047709923664122
52.2883984,-1.5382739,45.4775206068902,2021,0.1222328244274809,0.149236641221374,0.0765267175572519,0.2160444643750661,0.4140127388535032,0.0149483662695298,0.0023854961832061
52.29004,-1.57979,53.945610687022906,2021,0.1222328244274809,0.1119274809160305,0.0765267175572519,0.2287690839694656,1.0,0.0,0.0
52.27619,-1.51641,36.304704231937954,2021,0.1222328244274809,0.1119274809160305,0.0382633587786259,0.2252061904830337,0.3901098901098901,0.0027682159758388,0.0
52.2899038,-1.579364,42.31393129770992,2021,0.0814885496183206,0.074618320610687,0.0382633587786259,0.2287690839694656,1.0,0.0,0.0
52.28766,-1.56437,37.06641576731738,2021,0.0814885496183206,0.074618320610687,0.1147900763358778,0.2229744879695545,0.4243243243243243,0.0027682159758388,0.0023854961832061
52.2840609,-1.5351349,32.32631210480369,2021,0.0916746183206106,0.0932729007633587,0.0478291984732824,0.208722914023827,0.3476284584980237,0.0226993710018786,-0.0047709923664122
52.284,-1.53412,38.69973985540405,2021,0.1273258587786259,0.0979365458015267,0.0573950381679389,0.2067652802400732,0.3688969258589512,0.0304503757342274,-0.0023854961832061
52.28551,-1.5365,19.379461460723324,2021,0.0407442748091603,0.0373091603053435,0.0382633587786259,0.2141651359426625,0.3160326086956521,0.0121801502936909,-0.0023854961832061
52.28715,-1.53747,43.98734884030399,2021,0.1222328244274809,0.149236641221374,0.0765267175572519,0.2122466548345838,0.3869249394673123,0.0049827887565099,0.0047709923664122
52.2794,-1.54578,37.34456307742561,2021,0.1222328244274809,0.074618320610687,0.0382633587786259,0.223796694158731,0.5859504132231405,0.007197361537181,0.0
52.29031,-1.53654,32.55668153593819,2021,0.0814885496183206,0.074618320610687,0.0382633587786259,0.1977601648348059,0.5010376134889754,0.0321113053197308,0.0
52.28683,-1.53357,30.705351996692578,2021,0.0814885496183206,0.074618320610687,0.0573950381679389,0.2044161196995687,0.370983606557377,0.0177165822453687,0.0
52.28372,-1.53421,32.26022117909627,2021,0.1018606870229007,0.074618320610687,0.0382633587786259,0.2084879979697765,0.3792563600782778,0.0287894461487241,0.0
52.28582,-1.55874,46.95389990886819,2021,0.1629770992366412,0.149236641221374,0.0382633587786259,0.2282992518613647,0.5166666666666667,0.0011072863903355,0.0
52.29414,-1.53713,38.78894019184702,2021,0.1222328244274809,0.074618320610687,0.0765267175572519,0.2098191889427291,0.4454935622317596,0.0210384414163753,0.0
52.27959,-1.54576,37.45529171645917,2021,0.1222328244274809,0.074618320610687,0.0382633587786259,0.223796694158731,0.5859504132231405,0.0083046479275165,0.0
52.28443,-1.55604,45.26411118890908,2021,0.1629770992366412,0.149236641221374,0.0382633587786259,0.228455862564065,0.4375,0.002214572780671,0.0
52.28238,-1.54998,47.75847190698687,2021,0.1629770992366412,0.149236641221374,0.0382633587786259,0.2259892439965352,0.5599999999999999,0.0005536431951677,0.0
52.28592,-1.56422,46.7286658482837,2021,0.1222328244274809,0.149236641221374,0.0765267175572519,0.2250887324560085,0.498936170212766,0.002214572780671,0.0047709923664122
52.28702,-1.53322,33.06062998628694,2021,0.0814885496183206,0.074618320610687,0.0765267175572519,0.2077440971319501,0.3783269961977186,0.019377511830872,0.0
52.28574,-1.56431,47.44325999599495,2021,0.1222328244274809,0.149236641221374,0.0765267175572519,0.2254802592127593,0.5297619047619048,0.002214572780671,0.0047709923664122
52.28652,-1.54854,46.0904058667096,2021,0.1222328244274809,0.149236641221374,0.0765267175572519,0.227437892996513,0.4705882352941176,0.0011072863903355,0.0047709923664122
52.28799,-1.53174,39.45685651832792,2021,0.1018606870229007,0.1119274809160305,0.0765267175572519,0.2158095483210156,0.3737499999999999,0.0188238686357042,0.0047709923664122
52.29009,-1.53802,40.17509961439392,2021,0.1222328244274809,0.074618320610687,0.0765267175572519,0.2067261275643981,0.4951086956521739,0.0260212301728853,0.0
52.28791,-1.5347,33.57122984492149,2021,0.1222328244274809,0.074618320610687,0.0382633587786259,0.2079790131860005,0.4011695906432749,0.0171629390502009,0.0
52.2901428,-1.5845361,48.17748091603053,2021,0.1018606870229007,0.074618320610687,0.0765267175572519,0.2287690839694656,1.0,0.0,0.0
52.28492,-1.53438,33.525034166249945,2021,0.1222328244274809,0.074618320610687,0.0382633587786259,0.206647822213048,0.3613309352517985,0.0254675869777175,0.0
52.27638,-1.52292,34.464802025944955,2021,0.1222328244274809,0.1119274809160305,0.0382633587786259,0.2224263505101034,0.3222222222222222,0.0005536431951677,0.0
52.2930159,-1.5370596,51.538236207718754,2021,0.142604961832061,0.1678912213740458,0.0765267175572519,0.2018320431050137,0.4834080717488789,0.0260212301728853,0.0047709923664122
52.28712,-1.53681,34.527954750975695,2021,0.1018606870229007,0.0994910941475826,0.0573950381679389,0.2106022424562306,0.3748898678414097,0.0099655775130199,-0.0023854961832061
52.28968,-1.55082,36.45310337681681,2021,0.0814885496183206,0.074618320610687,0.1147900763358778,0.225832633293835,0.404054054054054,0.0,0.0023854961832061
52.28855,-1.53626,30.55622719749337,2021,0.0814885496183206,0.074618320610687,0.0382633587786259,0.2080181658616756,0.438715953307393,0.0199311550260398,0.0
52.29095,-1.58167,53.945610687022906,2021,0.1222328244274809,0.1119274809160305,0.0765267175572519,0.2287690839694656,1.0,0.0,0.0
52.28434,-1.55584,45.42102097454856,2021,0.1629770992366412,0.149236641221374,0.0382633587786259,0.2284167098883899,0.4444444444444445,0.002214572780671,0.0
52.29081,-1.58082,53.945610687022906,2021,0.1222328244274809,0.1119274809160305,0.0765267175572519,0.2287690839694656,1.0,0.0,0.0
52.28248,-1.55001,47.75847190698687,2021,0.1629770992366412,0.149236641221374,0.0382633587786259,0.2259892439965352,0.5599999999999999,0.0005536431951677,0.0
52.28806,-1.54344,43.89650195565089,2021,0.1222328244274809,0.149236641221374,0.0765267175572519,0.2250887324560085,0.3706521739130434,0.0027682159758388,0.0047709923664122
52.28629,-1.54861,46.0904058667096,2021,0.1222328244274809,0.149236641221374,0.0765267175572519,0.227437892996513,0.4705882352941176,0.0011072863903355,0.0047709923664122
52.28275,-1.55349,44.85453843469373,2021,0.1629770992366412,0.149236641221374,0.0382633587786259,0.2271638242667875,0.4317073170731708,0.0,0.0
52.27627,-1.5342,48.45825863509165,2021,0.1629770992366412,0.149236641221374,0.0765267175572519,0.2188243043479965,0.4119047619047619,0.0033218591710066,0.0023854961832061
52.2863,-1.53189,29.520771632223685,2021,0.0814885496183206,0.074618320610687,0.0382633587786259,0.2091927461319279,0.3769857433808553,0.0243603005873819,-0.0023854961832061
52.28668,-1.53731,19.33453324006078,2021,0.0407442748091603,0.0373091603053435,0.0382633587786259,0.2110720745643315,0.3552572706935123,0.0044291455613421,-0.0023854961832061
52.288495,-1.5306291,38.74668822680757,2021,0.1324188931297709,0.1026001908396946,0.0478291984732824,0.2177280294290943,0.4136029411764705,0.0121801502936909,0.0023854961832061
52.28323,-1.53446,30.884692077535306,2021,0.1018606870229007,0.074618320610687,0.0382633587786259,0.2111112272400066,0.3461024498886414,0.0210384414163753,0.0
52.28579389999999,-1.5332444,49.91627159649849,2021,0.1629770992366412,0.149236641221374,0.0765267175572519,0.2091535934562528,0.3603658536585366,0.0326649485148985,0.0023854961832061
52.28214,-1.54747,49.13359418154615,2021,0.1629770992366412,0.149236641221374,0.0382633587786259,0.2241099155641316,0.6186440677966102,0.002214572780671,0.0
52.28655,-1.56064,44.27032364165221,2021,0.1222328244274809,0.149236641221374,0.0765267175572519,0.2259500913208602,0.3833333333333333,0.0033218591710066,0.0047709923664122
52.28951,-1.55518,36.32299825663923,2021,0.0814885496183206,0.074618320610687,0.1147900763358778,0.2269289082127371,0.3914893617021276,0.0011072863903355,0.0023854961832061
52.28714,-1.53329,32.94606833478974,2021,0.0814885496183206,0.074618320610687,0.0765267175572519,0.209780036267054,0.3744725738396625,0.0182702254405364,0.0
52.28517,-1.55178,47.95251863730904,2021,0.1222328244274809,0.149236641221374,0.0765267175572519,0.228455862564065,0.55,0.0011072863903355,0.0047709923664122
52.28138,-1.53471,31.53571052977717,2021,0.1222328244274809,0.074618320610687,0.0382633587786259,0.2208602434831004,0.345771144278607,0.0038755023661744,0.0
52.28755,-1.53444,33.06596211894558,2021,0.1222328244274809,0.074618320610687,0.0382633587786259,0.2091927461319279,0.3746887966804979,0.0171629390502009,0.0
52.27921,-1.54481,34.456111751849285,2021,0.1222328244274809,0.074618320610687,0.0382633587786259,0.226889755537062,0.4604166666666667,0.0049827887565099,0.0
52.29094,-1.58286,53.945610687022906,2021,0.1222328244274809,0.1119274809160305,0.0765267175572519,0.2287690839694656,1.0,0.0,0.0
52.28741,-1.53865,20.0174241527538,2021,0.0407442748091603,0.0373091603053435,0.0382633587786259,0.219646510537173,0.375,0.0038755023661744,-0.0023854961832061
52.28403,-1.53464,21.167461490765906,2021,0.0407442748091603,0.0373091603053435,0.0382633587786259,0.208722914023827,0.3515810276679841,0.0243603005873819,-0.0023854961832061
52.28634,-1.56102,44.12920661734767,2021,0.1222328244274809,0.149236641221374,0.0765267175572519,0.2278685724289388,0.3739130434782608,0.0033218591710066,0.0047709923664122
52.29001,-1.57887,50.20515267175573,2021,0.0814885496183206,0.074618320610687,0.1147900763358778,0.2287690839694656,1.0,0.0,0.0023854961832061
52.28793,-1.5348,33.68938252725634,2021,0.1222328244274809,0.074618320610687,0.0382633587786259,0.2087620666995021,0.3973684210526316,0.0188238686357042,0.0
52.28974,-1.54926,36.51113655653569,2021,0.0814885496183206,0.074618320610687,0.1147900763358778,0.2261458546992356,0.406060606060606,0.0,0.0023854961832061
52.28796,-1.5668,37.51223477417254,2021,0.0814885496183206,0.074618320610687,0.1147900763358778,0.2241099155641316,0.4445378151260504,0.002214572780671,0.0023854961832061
52.28997,-1.57858,53.945610687022906,2021,0.1222328244274809,0.1119274809160305,0.0765267175572519,0.2287690839694656,1.0,0.0,0.0
52.28838,-1.53065,39.6769100482855,2021,0.1018606870229007,0.1119274809160305,0.0765267175572519,0.2173756553480187,0.4117437722419929,0.0121801502936909,0.0047709923664122
52.27593,-1.51663,36.05742773349463,2021,0.1222328244274809,0.1119274809160305,0.0382633587786259,0.2249321217533082,0.3795918367346939,0.0027682159758388,0.0
52.28658,-1.56075,44.27032364165221,2021,0.1222328244274809,0.149236641221374,0.0765267175572519,0.2259500913208602,0.3833333333333333,0.0033218591710066,0.0047709923664122
52.2878584,-1.5363235,45.01096642425869,2021,0.1222328244274809,0.149236641221374,0.0765267175572519,0.2089578300778774,0.4057259713701431,0.0149483662695298,0.0023854961832061
52.28766,-1.56534,40.77416094235244,2021,0.1222328244274809,0.1119274809160305,0.0765267175572519,0.2232485566992799,0.4198581560283688,0.0033218591710066,0.0
52.27444,-1.52549,47.32099623876619,2021,0.1629770992366412,0.149236641221374,0.0765267175572519,0.2220348237533526,0.3622093023255813,0.0016609295855033,0.0023854961832061
52.28754,-1.54134,19.23792136021693,2021,0.0407442748091603,0.0373091603053435,0.0382633587786259,0.2236009307803556,0.3434108527131783,0.0016609295855033,-0.0023854961832061
52.28726,-1.56445,44.84124573568912,2021,0.1629770992366412,0.149236641221374,0.0382633587786259,0.2229744879695545,0.4243243243243243,0.0033218591710066,0.0
52.28243,-1.53486,31.095402230316083,2021,0.1018606870229007,0.074618320610687,0.0382633587786259,0.2173365026723436,0.361168384879725,0.0177165822453687,0.0
52.27646,-1.52497,35.3723557977344,2021,0.1222328244274809,0.1119274809160305,0.0382633587786259,0.2219565184020025,0.3637931034482758,0.0005536431951677,0.0
52.28295,-1.55368,44.85453843469373,2021,0.1629770992366412,0.149236641221374,0.0382633587786259,0.2271638242667875,0.4317073170731708,0.0,0.0
52.28727,-1.53421,45.13149569525458,2021,0.1222328244274809,0.149236641221374,0.0765267175572519,0.2102107156994798,0.3766233766233766,0.019377511830872,0.0047709923664122
52.29093,-1.58276,57.92461832061069,2021,0.1629770992366412,0.149236641221374,0.0382633587786259,0.2287690839694656,1.0,0.0,0.0
52.28959,-1.55341,36.44418548113131,2021,0.0814885496183206,0.074618320610687,0.1147900763358778,0.2261850073749106,0.403030303030303,0.0,0.0023854961832061
52.29353,-1.53805,38.63013106521906,2021,0.1222328244274809,0.074618320610687,0.0765267175572519,0.2106022424562306,0.4494407158836689,0.0182702254405364,0.0
52.28657,-1.52949,30.105078874829065,2021,0.0814885496183206,0.074618320610687,0.0382633587786259,0.2176105714020691,0.4197841726618705,0.0177165822453687,-0.0023854961832061
52.27424,-1.525,47.13748739495285,2021,0.1629770992366412,0.149236641221374,0.0765267175572519,0.221721602347952,0.3544444444444444,0.0016609295855033,0.0023854961832061
52.28796939999999,-1.5362706,45.17538164983947,2021,0.1222328244274809,0.149236641221374,0.0765267175572519,0.2094276621859783,0.402092050209205,0.0171629390502009,0.0023854961832061
52.2896,-1.55306,36.44418548113131,2021,0.0814885496183206,0.074618320610687,0.1147900763358778,0.2261850073749106,0.403030303030303,0.0,0.0023854961832061
52.29019,-1.58442,53.945610687022906,2021,0.1222328244274809,0.1119274809160305,0.0765267175572519,0.2287690839694656,1.0,0.0,0.0
52.2885,-1.53063,39.73189815047169,2021,0.1018606870229007,0.1119274809160305,0.0765267175572519,0.2177280294290943,0.4136029411764705,0.0121801502936909,0.0047709923664122
52.28439,-1.55596,45.26411118890908,2021,0.1629770992366412,0.149236641221374,0.0382633587786259,0.228455862564065,0.4375,0.002214572780671,0.0
52.28711,-1.54778,45.04316825651394,2021,0.1222328244274809,0.149236641221374,0.0765267175572519,0.227437892996513,0.4294117647058823,0.0,0.0047709923664122
52.2847851,-1.5325758,49.813816358489575,2021,0.1629770992366412,0.149236641221374,0.0765267175572519,0.204572730402269,0.3715460526315789,0.0310040189293952,0.0023854961832061
52.28815,-1.56762,37.1853814088802,2021,0.0814885496183206,0.074618320610687,0.1147900763358778,0.2241490682398067,0.4372881355932203,0.0005536431951677,0.0023854961832061
52.28413,-1.53464,21.184998849660257,2021,0.0407442748091603,0.0373091603053435,0.0382633587786259,0.2069218909427735,0.3528130671506352,0.0249139437825497,-0.0023854961832061
52.28816,-1.53619,28.785773457224245,2021,0.0814885496183206,0.0652910305343511,0.0382633587786259,0.2095059675373285,0.4096436058700209,0.019377511830872,-0.0023854961832061
52.28731,-1.56472,44.90259426446616,2021,0.1629770992366412,0.149236641221374,0.0382633587786259,0.2227787245911791,0.4274509803921568,0.0033218591710066,0.0
52.2742,-1.52487,47.13748739495285,2021,0.1629770992366412,0.149236641221374,0.0765267175572519,0.221721602347952,0.3544444444444444,0.0016609295855033,0.0023854961832061
52.28506,-1.53357,33.87394166307952,2021,0.0814885496183206,0.074618320610687,0.0765267175572519,0.2062171427806222,0.3695575221238938,0.0298967325390597,0.0
52.27472,-1.52606,47.64105697444584,2021,0.1629770992366412,0.149236641221374,0.0765267175572519,0.2250495797803334,0.371578947368421,0.0016609295855033,0.0023854961832061
52.29071,-1.58299,53.945610687022906,2021,0.1222328244274809,0.1119274809160305,0.0765267175572519,0.2287690839694656,1.0,0.0,0.0
52.27957,-1.5459,37.45529171645917,2021,0.1222328244274809,0.074618320610687,0.0382633587786259,0.223796694158731,0.5859504132231405,0.0083046479275165,0.0
52.29139,-1.5783,53.945610687022906,2021,0.1222328244274809,0.1119274809160305,0.0765267175572519,0.2287690839694656,1.0,0.0,0.0
52.28969,-1.55079,36.45310337681681,2021,0.0814885496183206,0.074618320610687,0.1147900763358778,0.225832633293835,0.404054054054054,0.0,0.0023854961832061
52.28459,-1.55636,45.26411118890908,2021,0.1629770992366412,0.149236641221374,0.0382633587786259,0.228455862564065,0.4375,0.002214572780671,0.0
52.286249,-1.540875,33.577120277626484,2021,0.1059351145038167,0.0970038167938931,0.0612213740458015,0.2241490682398067,0.3120689655172414,0.0016609295855033,0.0
52.2902,-1.5387,40.07286747202771,2021,0.0814885496183206,0.074618320610687,0.1147900763358778,0.206647822213048,0.4934900542495479,0.0254675869777175,0.0023854961832061
52.27633,-1.51851,34.827944801203145,2021,0.1222328244274809,0.1119274809160305,0.0382633587786259,0.2236009307803556,0.3318181818181818,0.0016609295855033,0.0
52.28821,-1.56298,36.7415351098096,2021,0.0814885496183206,0.074618320610687,0.1147900763358778,0.2219956710776776,0.4115606936416185,0.0027682159758388,0.0023854961832061
52.28594,-1.54932,46.04803069551661,2021,0.1222328244274809,0.149236641221374,0.0765267175572519,0.2277902670775887,0.4679999999999999,0.0011072863903355,0.0047709923664122
52.28724,-1.53434,29.047948522863564,2021,0.0814885496183206,0.074618320610687,0.0382633587786259,0.2102498683751549,0.3754880694143166,0.0171629390502009,0.0
52.27432,-1.52477,47.13748739495285,2021,0.1629770992366412,0.149236641221374,0.0765267175572519,0.221721602347952,0.3544444444444444,0.0016609295855033,0.0023854961832061
52.27585,-1.51667,36.30722681951626,2021,0.1222328244274809,0.1119274809160305,0.0382633587786259,0.2250887324560085,0.3904255319148936,0.0027682159758388,0.0
52.28726,-1.53345,45.10649164662976,2021,0.1222328244274809,0.149236641221374,0.0765267175572519,0.2104847844292054,0.3749450549450549,0.019377511830872,0.0047709923664122
52.28904,-1.53767,39.03426804486892,2021,0.1222328244274809,0.074618320610687,0.0765267175572519,0.2072351123481741,0.4842592592592593,0.0166092958550331,0.0
52.2914,-1.57826,57.92461832061069,2021,0.1629770992366412,0.149236641221374,0.0382633587786259,0.2287690839694656,1.0,0.0,0.0
52.2758,-1.52685,48.46436789418016,2021,0.1629770992366412,0.149236641221374,0.0765267175572519,0.2238358468344061,0.4153225806451613,0.0005536431951677,0.0023854961832061
52.28699,-1.53323,33.06062998628694,2021,0.0814885496183206,0.074618320610687,0.0765267175572519,0.2077440971319501,0.3783269961977186,0.019377511830872,0.0
52.28511,-1.53628,22.382354056485205,2021,0.0611164122137404,0.0466364503816793,0.0382633587786259,0.2144000519967129,0.3146408839779006,0.0127337934888587,-0.0023854961832061
52.2863,-1.56011,47.404364820523085,2021,0.1222328244274809,0.149236641221374,0.0765267175572519,0.2282992518613647,0.5166666666666667,0.0033218591710066,0.0047709923664122
52.29021,-1.5418,36.28272365341643,2021,0.0814885496183206,0.074618320610687,0.1147900763358778,0.2228178772668541,0.377027027027027,0.0055364319516777,0.0023854961832061
52.28659,-1.53338,33.29071956588498,2021,0.1222328244274809,0.074618320610687,0.0382633587786259,0.2052383258887453,0.368581081081081,0.0221457278067108,0.0
52.28724,-1.53554,44.48768876333176,2021,0.1222328244274809,0.149236641221374,0.0765267175572519,0.2093493568346282,0.3712215320910973,0.014394723074362,0.0047709923664122
52.2854,-1.56318,47.816180106679454,2021,0.1222328244274809,0.149236641221374,0.0765267175572519,0.2259892439965352,0.5450704225352113,0.002214572780671,0.0047709923664122
52.28751,-1.53444,33.08049897816308,2021,0.1222328244274809,0.074618320610687,0.0382633587786259,0.2097017309157039,0.3744725738396625,0.0171629390502009,0.0
52.27645,-1.52624,36.08080219549812,2021,0.1222328244274809,0.1119274809160305,0.0382633587786259,0.2230136406452295,0.3938356164383562,0.0005536431951677,0.0
52.28674,-1.52441,29.90997803678608,2021,0.0814885496183206,0.074618320610687,0.0382633587786259,0.2222697398074031,0.4719512195121951,0.002214572780671,-0.0023854961832061
52.28526,-1.53365,34.12604380875784,2021,0.0814885496183206,0.074618320610687,0.0765267175572519,0.206647822213048,0.3702702702702702,0.0321113053197308,0.0
52.27587,-1.51677,36.30722681951626,2021,0.1222328244274809,0.1119274809160305,0.0382633587786259,0.2250887324560085,0.3904255319148936,0.0027682159758388,0.0
52.28801,-1.53938,44.67120828963329,2021,0.1222328244274809,0.149236641221374,0.0765267175572519,0.2178063347804445,0.4059040590405904,0.0055364319516777,0.0047709923664122
52.28211,-1.54772,49.086308787827896,2021,0.1629770992366412,0.149236641221374,0.0382633587786259,0.2239141521857562,0.6170731707317073,0.002214572780671,0.0
52.2931277,-1.5359592,43.74780851242829,2021,0.1629770992366412,0.1119274809160305,0.0382633587786259,0.2020278064833891,0.472809667673716,0.0287894461487241,0.0
52.28429,-1.53484,21.12411684730093,2021,0.0407442748091603,0.0373091603053435,0.0382633587786259,0.2075091810778996,0.3488805970149253,0.0249139437825497,-0.0023854961832061
52.28785,-1.53471,33.51586552540471,2021,0.1222328244274809,0.074618320610687,0.0382633587786259,0.2079790131860005,0.4011695906432749,0.0166092958550331,0.0
52.29134,-1.57799,50.260516991272496,2021,0.0814885496183206,0.074618320610687,0.1147900763358778,0.2287690839694656,1.0,0.0005536431951677,0.0023854961832061
52.28646,-1.56055,44.06506340890922,2021,0.1222328244274809,0.149236641221374,0.0765267175572519,0.2265765341316614,0.3732142857142856,0.0033218591710066,0.0047709923664122
52.29051,-1.58014,53.945610687022906,2021,0.1222328244274809,0.1119274809160305,0.0765267175572519,0.2287690839694656,1.0,0.0,0.0
52.2861809,-1.5318264,35.638179660570216,2021,0.1018606870229007,0.1119274809160305,0.0382633587786259,0.2091927461319279,0.3769857433808553,0.0254675869777175,0.0
52.28821,-1.53106,33.00655743255182,2021,0.0814885496183206,0.074618320610687,0.0765267175572519,0.2155354795912901,0.3929663608562691,0.0127337934888587,0.0
52.28337,-1.53438,31.467865386071264,2021,0.1018606870229007,0.074618320610687,0.0382633587786259,0.2105630897805555,0.3668112798264641,0.0226993710018786,0.0
52.2885,-1.56897,46.072332564533,2021,0.1629770992366412,0.149236641221374,0.0382633587786259,0.2250104271046583,0.4875,0.0005536431951677,0.0
52.28621,-1.54867,46.0904058667096,2021,0.1222328244274809,0.149236641221374,0.0765267175572519,0.227437892996513,0.4705882352941176,0.0011072863903355,0.0047709923664122
52.28254,-1.55011,47.67254790557007,2021,0.1629770992366412,0.149236641221374,0.0382633587786259,0.2254019538614091,0.5576470588235294,0.0005536431951677,0.0
52.28644,-1.56319,45.25360384729108,2021,0.1222328244274809,0.149236641221374,0.0765267175572519,0.2231702513479298,0.4321678321678321,0.0033218591710066,0.0047709923664122
52.28426,-1.53476,21.17948116681771,2021,0.0407442748091603,0.0373091603053435,0.0382633587786259,0.2075091810778996,0.3488805970149253,0.0254675869777175,-0.0023854961832061
52.281047,-1.5446566,31.43022327697488,2021,0.0814885496183206,0.074618320610687,0.0382633587786259,0.2226612665641538,0.515483870967742,0.0027682159758388,0.0023854961832061
52.28726,-1.53821,20.02628090936559,2021,0.0407442748091603,0.0373091603053435,0.0382633587786259,0.2196856632128481,0.3753363228699552,0.0038755023661744,-0.0023854961832061
52.28761,-1.54672,44.91761348334656,2021,0.1222328244274809,0.149236641221374,0.0765267175572519,0.2277119617262386,0.4185185185185185,0.0011072863903355,0.0047709923664122
52.28689,-1.53364,28.736819738244503,2021,0.0814885496183206,0.074618320610687,0.0382633587786259,0.2044161196995687,0.370983606557377,0.0171629390502009,0.0
52.2874242,-1.5356918,44.22954423695785,2021,0.1222328244274809,0.149236641221374,0.0765267175572519,0.2095059675373285,0.3726513569937369,0.0138410798791943,0.0023854961832061
52.290212,-1.5418035,40.35715113433246,2021,0.1222328244274809,0.074618320610687,0.1147900763358778,0.2228178772668541,0.377027027027027,0.0055364319516777,0.0023854961832061
52.28959,-1.55343,36.44418548113131,2021,0.0814885496183206,0.074618320610687,0.1147900763358778,0.2261850073749106,0.403030303030303,0.0,0.0023854961832061
52.29094,-1.58259,50.20515267175573,2021,0.0814885496183206,0.074618320610687,0.1147900763358778,0.2287690839694656,1.0,0.0,0.0023854961832061
52.28819,-1.54012,45.53180949311745,2021,0.1222328244274809,0.149236641221374,0.0765267175572519,0.2225829612128037,0.4084967320261438,0.0116265070985232,0.0047709923664122
52.28787,-1.5663,45.39280786836989,2021,0.1629770992366412,0.149236641221374,0.0382633587786259,0.2242273735911568,0.446551724137931,0.0033218591710066,0.0
52.27646,-1.51919,34.30106540095978,2021,0.1222328244274809,0.1119274809160305,0.0382633587786259,0.2233268620506301,0.3086330935251798,0.0016609295855033,0.0
52.29054,-1.57827,50.20515267175573,2021,0.0814885496183206,0.074618320610687,0.1147900763358778,0.2287690839694656,1.0,0.0,0.0023854961832061
52.28819,-1.5403,45.46515302240504,2021,0.1222328244274809,0.149236641221374,0.0765267175572519,0.2229353352938794,0.404861111111111,0.0116265070985232,0.0047709923664122
52.28784,-1.56382,36.981522654952,2021,0.0814885496183206,0.074618320610687,0.1147900763358778,0.2220739764290277,0.4222222222222222,0.0027682159758388,0.0023854961832061
52.27586,-1.51665,36.30722681951626,2021,0.1222328244274809,0.1119274809160305,0.0382633587786259,0.2250887324560085,0.3904255319148936,0.0027682159758388,0.0
52.28658,-1.56061,44.27032364165221,2021,0.1222328244274809,0.149236641221374,0.0765267175572519,0.2259500913208602,0.3833333333333333,0.0033218591710066,0.0047709923664122
52.28757,-1.5382,44.02059733465868,2021,0.1222328244274809,0.149236641221374,0.0765267175572519,0.2196856632128481,0.3753363228699552,0.0049827887565099,0.0047709923664122
52.2961,-1.53742,38.42559676351342,2021,0.1222328244274809,0.074618320610687,0.0765267175572519,0.2276728090505635,0.4821428571428571,0.0011072863903355,0.0
52.28793,-1.5667,45.23170042302751,2021,0.1629770992366412,0.149236641221374,0.0382633587786259,0.2241099155641316,0.4445378151260504,0.002214572780671,0.0
52.2902,-1.53805,40.119735294877145,2021,0.1222328244274809,0.074618320610687,0.0765267175572519,0.2067261275643981,0.4951086956521739,0.0254675869777175,0.0
52.28455,-1.53545,20.45023431081277,2021,0.0407442748091603,0.0373091603053435,0.0382633587786259,0.2076266391049249,0.3402255639097745,0.0199311550260398,-0.0023854961832061
52.27632,-1.52168,34.02925334343408,2021,0.1222328244274809,0.1119274809160305,0.0382633587786259,0.223796694158731,0.3007874015748031,0.0005536431951677,0.0
52.27517,-1.52654,48.18335634466712,2021,0.1629770992366412,0.149236641221374,0.0765267175572519,0.2250104271046583,0.3957446808510638,0.0016609295855033,0.0023854961832061
52.28442,-1.5352,20.94317892090483,2021,0.0407442748091603,0.0373091603053435,0.0382633587786259,0.2074700284022246,0.3482309124767225,0.0232530141970464,-0.0023854961832061
52.29015,-1.57997,53.945610687022906,2021,0.1222328244274809,0.1119274809160305,0.0765267175572519,0.2287690839694656,1.0,0.0,0.0
52.28573,-1.53308,32.14264092175965,2021,0.0814885496183206,0.074618320610687,0.0573950381679389,0.2080964712130258,0.3616570327552987,0.0326649485148985,0.0
52.29081,-1.58309,53.945610687022906,2021,0.1222328244274809,0.1119274809160305,0.0765267175572519,0.2287690839694656,1.0,0.0,0.0
52.28486,-1.55428,47.82346706798669,2021,0.1222328244274809,0.149236641221374,0.0765267175572519,0.2284167098883899,0.5444444444444445,0.0011072863903355,0.0047709923664122
52.27593,-1.52691,48.46436789418016,2021,0.1629770992366412,0.149236641221374,0.0765267175572519,0.2238358468344061,0.4153225806451613,0.0005536431951677,0.0023854961832061
52.28947,-1.5725,36.52497531094255,2021,0.0814885496183206,0.074618320610687,0.1147900763358778,0.2285341679154151,0.4,0.0005536431951677,0.0023854961832061
52.29114,-1.57753,57.97998264012746,2021,0.1629770992366412,0.149236641221374,0.0382633587786259,0.2287690839694656,1.0,0.0005536431951677,0.0
52.28646,-1.56076,44.06506340890922,2021,0.1222328244274809,0.149236641221374,0.0765267175572519,0.2265765341316614,0.3732142857142856,0.0033218591710066,0.0047709923664122
52.28525,-1.53662,19.30016395634392,2021,0.0407442748091603,0.0373091603053435,0.0382633587786259,0.2155354795912901,0.3129129129129129,0.0116265070985232,-0.0023854961832061
52.28805,-1.5349,33.73415408778726,2021,0.1222328244274809,0.074618320610687,0.0382633587786259,0.2088403720508522,0.4046653144016227,0.0177165822453687,0.0
52.29078,-1.57815,57.97998264012746,2021,0.1629770992366412,0.149236641221374,0.0382633587786259,0.2287690839694656,1.0,0.0005536431951677,0.0
52.28248,-1.55028,46.96557056334652,2021,0.1629770992366412,0.149236641221374,0.0382633587786259,0.2254411065370842,0.5261904761904762,0.0005536431951677,0.0
52.27598,-1.51715,35.893703834210775,2021,0.1222328244274809,0.1119274809160305,0.0382633587786259,0.2245797476722325,0.3728971962616822,0.0027682159758388,0.0
52.28782,-1.56596,37.0057637046623,2021,0.0814885496183206,0.074618320610687,0.1147900763358778,0.2230136406452295,0.419047619047619,0.0033218591710066,0.0023854961832061
52.28494,-1.55356,47.82346706798669,2021,0.1222328244274809,0.149236641221374,0.0765267175572519,0.2284167098883899,0.5444444444444445,0.0011072863903355,0.0047709923664122
52.28503,-1.53355,33.87394166307952,2021,0.0814885496183206,0.074618320610687,0.0765267175572519,0.2062171427806222,0.3695575221238938,0.0298967325390597,0.0
52.28474,-1.53544,20.431109259079072,2021,0.0407442748091603,0.0373091603053435,0.0382633587786259,0.2079007078346504,0.3388571428571428,0.0199311550260398,-0.0023854961832061
52.29131,-1.53673,32.60188187915396,2021,0.0814885496183206,0.074618320610687,0.0382633587786259,0.1962332104834779,0.4790262172284644,0.0376477372714085,0.0
52.28964,-1.55163,35.99699158569942,2021,0.0814885496183206,0.074618320610687,0.1147900763358778,0.2254411065370842,0.3845238095238095,0.0,0.0023854961832061
52.27608,-1.51758,34.863203011014235,2021,0.1222328244274809,0.1119274809160305,0.0382633587786259,0.2239924575371064,0.3278688524590164,0.0027682159758388,0.0
52.2792974,-1.5298098,35.017760573105456,2021,0.1018606870229007,0.1119274809160305,0.0382633587786259,0.214439204672388,0.4214484679665738,0.0077510047323488,0.0
52.28779,-1.53467,33.32068872680555,2021,0.1222328244274809,0.074618320610687,0.0382633587786259,0.2091144407805777,0.3870103092783504,0.0171629390502009,0.0
52.27968,-1.54216,32.61772936563288,2021,0.1222328244274809,0.074618320610687,0.0382633587786259,0.2245014423208824,0.3908256880733945,0.0033218591710066,0.0
52.2857262,-1.5330768,49.97183939504209,2021,0.142604961832061,0.1678912213740458,0.0765267175572519,0.2080964712130258,0.3616570327552987,0.0326649485148985,0.0047709923664122
52.286249,-1.526155,29.47157506440877,2021,0.0814885496183206,0.074618320610687,0.0382633587786259,0.2231702513479298,0.4347517730496454,0.0033218591710066,0.0
52.27435,-1.52474,47.13748739495285,2021,0.1629770992366412,0.149236641221374,0.0765267175572519,0.221721602347952,0.3544444444444444,0.0016609295855033,0.0023854961832061
52.2873121,-1.5357703,44.2710631937012,2021,0.1222328244274809,0.149236641221374,0.0765267175572519,0.2093885095103033,0.3721991701244813,0.014394723074362,0.0023854961832061
52.2909716,-1.5830234,42.31393129770992,2021,0.0814885496183206,0.074618320610687,0.0382633587786259,0.2287690839694656,1.0,0.0,0.0
52.28506,-1.53542,23.399453201205745,2021,0.0611164122137404,0.0466364503816793,0.0382633587786259,0.2080964712130258,0.3384615384615385,0.0199311550260398,-0.0023854961832061
52.28678,-1.54828,46.0904058667096,2021,0.1222328244274809,0.149236641221374,0.0765267175572519,0.227437892996513,0.4705882352941176,0.0011072863903355,0.0047709923664122
52.28603,-1.53736,20.69682384183085,2021,0.0407442748091603,0.0373091603053435,0.0382633587786259,0.2183936249155706,0.4057251908396947,0.0044291455613421,-0.0023854961832061
52.27966,-1.5453,36.91549499546266,2021,0.1222328244274809,0.074618320610687,0.0382633587786259,0.2235617781046806,0.5748031496062992,0.0055364319516777,0.0
52.29134,-1.57822,53.945610687022906,2021,0.1222328244274809,0.1119274809160305,0.0765267175572519,0.2287690839694656,1.0,0.0,0.0
52.29141,-1.57826,50.20515267175573,2021,0.0814885496183206,0.074618320610687,0.1147900763358778,0.2287690839694656,1.0,0.0,0.0023854961832061
52.28603,-1.55937,47.11999286741852,2021,0.1629770992366412,0.149236641221374,0.0382633587786259,0.2282992518613647,0.5166666666666667,0.0027682159758388,0.0
52.28903,-1.53796,38.63251335000324,2021,0.1222328244274809,0.074618320610687,0.0765267175572519,0.210798005834606,0.4570155902004454,0.0166092958550331,0.0
52.28755,-1.53914,19.90669551372024,2021,0.0407442748091603,0.0373091603053435,0.0382633587786259,0.219646510537173,0.375,0.0027682159758388,-0.0023854961832061
52.28903,-1.53799,38.507556743999,2021,0.1222328244274809,0.074618320610687,0.0765267175572519,0.2097408835913789,0.4533613445378151,0.0166092958550331,0.0
52.2912,-1.53811,39.37346983008704,2021,0.1222328244274809,0.074618320610687,0.0765267175572519,0.1991305084834335,0.4598360655737704,0.0287894461487241,0.0
52.2858,-1.53649,19.49411634360204,2021,0.0407442748091603,0.0373091603053435,0.0382633587786259,0.2152222581858895,0.3146627565982404,0.0132874366840265,-0.0023854961832061
52.28248,-1.55215,47.65175232787628,2021,0.1629770992366412,0.149236641221374,0.0382633587786259,0.226419923428961,0.5566666666666666,0.0,0.0
52.28264,-1.55111,47.69266355882847,2021,0.1629770992366412,0.149236641221374,0.0382633587786259,0.2264590761046361,0.5559322033898305,0.0005536431951677,0.0
52.28793,-1.53478,33.68938252725634,2021,0.1222328244274809,0.074618320610687,0.0382633587786259,0.2087620666995021,0.3973684210526316,0.0188238686357042,0.0
52.27919,-1.5457,37.34456307742561,2021,0.1222328244274809,0.074618320610687,0.0382633587786259,0.223796694158731,0.5859504132231405,0.007197361537181,0.0
52.28217,-1.54919,47.97520944836444,2021,0.1629770992366412,0.149236641221374,0.0382633587786259,0.2259500913208602,0.5647887323943662,0.0016609295855033,0.0
52.27606,-1.52694,48.56862059111187,2021,0.1629770992366412,0.149236641221374,0.0765267175572519,0.2224263505101034,0.4226415094339623,0.0005536431951677,0.0023854961832061
52.27962,-1.54523,34.222588235159904,2021,0.1222328244274809,0.074618320610687,0.0382633587786259,0.2266548394830115,0.4481481481481482,0.0055364319516777,0.0
52.28483,-1.55438,47.82346706798669,2021,0.1222328244274809,0.149236641221374,0.0765267175572519,0.2284167098883899,0.5444444444444445,0.0011072863903355,0.0047709923664122
52.28807,-1.5438,43.82567962188862,2021,0.1222328244274809,0.149236641221374,0.0765267175572519,0.225362801185734,0.3670588235294117,0.0027682159758388,0.0047709923664122
52.28581699999999,-1.5330837,49.91627159649849,2021,0.1629770992366412,0.149236641221374,0.0765267175572519,0.2091535934562528,0.3603658536585366,0.0326649485148985,0.0023854961832061
52.2852,-1.53652,19.2919039738776,2021,0.0407442748091603,0.0373091603053435,0.0382633587786259,0.214439204672388,0.3141274238227146,0.0116265070985232,-0.0023854961832061
52.2871,-1.53666,44.10240788569353,2021,0.1222328244274809,0.149236641221374,0.0765267175572519,0.209780036267054,0.3732067510548523,0.0099655775130199,0.0047709923664122
52.2894565,-1.5591778,39.56355754802868,2021,0.1222328244274809,0.074618320610687,0.1147900763358778,0.2217999076993022,0.3579545454545454,0.002214572780671,0.0023854961832061
52.28959,-1.55338,36.44418548113131,2021,0.0814885496183206,0.074618320610687,0.1147900763358778,0.2261850073749106,0.403030303030303,0.0,0.0023854961832061
52.28945,-1.55792,37.03353185139832,2021,0.0814885496183206,0.074618320610687,0.1147900763358778,0.2257543279424848,0.425,0.0011072863903355,0.0023854961832061
52.28699,-1.53319,33.06062998628694,2021,0.0814885496183206,0.074618320610687,0.0765267175572519,0.2077440971319501,0.3783269961977186,0.019377511830872,0.0
52.291387,-1.5783038,42.31393129770992,2021,0.0814885496183206,0.074618320610687,0.0382633587786259,0.2287690839694656,1.0,0.0,0.0
52.28946,-1.55918,35.489130067112654,2021,0.0814885496183206,0.074618320610687,0.1147900763358778,0.2217999076993022,0.3579545454545454,0.002214572780671,0.0023854961832061
52.28788,-1.56643,37.673342219514936,2021,0.0814885496183206,0.074618320610687,0.1147900763358778,0.2242273735911568,0.446551724137931,0.0033218591710066,0.0023854961832061
52.2896,-1.55258,36.272579812123766,2021,0.0814885496183206,0.074618320610687,0.1147900763358778,0.2263024654019358,0.3952380952380953,0.0,0.0023854961832061
52.2854,-1.5504,45.779331972774784,2021,0.1222328244274809,0.149236641221374,0.0765267175572519,0.2270072135640872,0.4577777777777777,0.0011072863903355,0.0047709923664122
52.28855,-1.53521,34.63408583362042,2021,0.1222328244274809,0.074618320610687,0.0382633587786259,0.2082530819157261,0.4383858267716535,0.0199311550260398,0.0
52.28688,-1.52646,28.98429574985072,2021,0.0814885496183206,0.074618320610687,0.0382633587786259,0.2232094040236049,0.4185714285714286,0.0044291455613421,-0.0023854961832061
52.29116,-1.57764,50.260516991272496,2021,0.0814885496183206,0.074618320610687,0.1147900763358778,0.2287690839694656,1.0,0.0005536431951677,0.0023854961832061
52.28669,-1.56092,43.78171978524022,2021,0.1629770992366412,0.149236641221374,0.0382633587786259,0.2254802592127593,0.3726190476190476,0.0033218591710066,0.0
52.28422,-1.53473,21.188979493399508,2021,0.0407442748091603,0.0373091603053435,0.0382633587786259,0.2073917230508744,0.3495361781076067,0.0254675869777175,-0.0023854961832061
52.2902026,-1.5386973,44.2580235919773,2021,0.1222328244274809,0.074618320610687,0.1147900763358778,0.206647822213048,0.4934900542495479,0.026574873368053,0.0023854961832061
52.28743,-1.56501,40.77416094235244,2021,0.1222328244274809,0.1119274809160305,0.0765267175572519,0.2232485566992799,0.4198581560283688,0.0033218591710066,0.0
52.28817,-1.54053,45.46515302240504,2021,0.1222328244274809,0.149236641221374,0.0765267175572519,0.2229353352938794,0.404861111111111,0.0116265070985232,0.0047709923664122
52.28713,-1.5351,44.66168726953466,2021,0.1222328244274809,0.149236641221374,0.0765267175572519,0.2101324103481297,0.3754838709677419,0.0149483662695298,0.0047709923664122
52.28458,-1.53426,33.87910232608588,2021,0.1222328244274809,0.074618320610687,0.0382633587786259,0.2062954481319723,0.3630088495575221,0.0287894461487241,0.0
52.28996540000001,-1.5785805,42.31393129770992,2021,0.0814885496183206,0.074618320610687,0.0382633587786259,0.2287690839694656,1.0,0.0,0.0
52.28342,-1.5436,49.235794402540016,2021,0.1629770992366412,0.149236641221374,0.0382633587786259,0.2225046558614535,0.630188679245283,0.0016609295855033,0.0
52.28762,-1.53478,29.105604190443422,2021,0.0814885496183206,0.074618320610687,0.0382633587786259,0.2093493568346282,0.3851464435146443,0.0160556526598654,0.0
52.29035,-1.58405,53.945610687022906,2021,0.1222328244274809,0.1119274809160305,0.0765267175572519,0.2287690839694656,1.0,0.0,0.0
52.28151,-1.53475,30.05318584730996,2021,0.1018606870229007,0.074618320610687,0.0382633587786259,0.2221131291047028,0.3588235294117646,0.0060900751468454,0.0
52.27642,-1.52703,48.5837963304663,2021,0.1629770992366412,0.149236641221374,0.0765267175572519,0.2221914344560529,0.4187878787878787,0.0016609295855033,0.0023854961832061
52.28554,-1.5501,45.779331972774784,2021,0.1222328244274809,0.149236641221374,0.0765267175572519,0.2270072135640872,0.4577777777777777,0.0011072863903355,0.0047709923664122
52.280894,-1.5445862,31.651680555041988,2021,0.0814885496183206,0.074618320610687,0.0382633587786259,0.2226612665641538,0.515483870967742,0.0049827887565099,0.0023854961832061
52.2899,-1.57936,53.945610687022906,2021,0.1222328244274809,0.1119274809160305,0.0765267175572519,0.2287690839694656,1.0,0.0,0.0
52.28464,-1.55642,45.26411118890908,2021,0.1629770992366412,0.149236641221374,0.0382633587786259,0.228455862564065,0.4375,0.002214572780671,0.0
52.29047,-1.58365,53.945610687022906,2021,0.1222328244274809,0.1119274809160305,0.0765267175572519,0.2287690839694656,1.0,0.0,0.0
52.28032,-1.54049,31.391841931550257,2021,0.1222328244274809,0.074618320610687,0.0382633587786259,0.2236792361317058,0.3523076923076923,0.0,0.0
52.28476,-1.55544,45.49311882249686,2021,0.1222328244274809,0.149236641221374,0.0765267175572519,0.228455862564065,0.4375,0.002214572780671,0.0047709923664122
52.2882476,-1.5380635,45.54277647869551,2021,0.1222328244274809,0.149236641221374,0.0765267175572519,0.2163185331047916,0.4165048543689321,0.0149483662695298,0.0023854961832061
52.29062,-1.53807,39.82371139665597,2021,0.1222328244274809,0.074618320610687,0.0765267175572519,0.2013230583212377,0.4826923076923076,0.0276821597583886,0.0
52.28436,-1.53507,21.013388208267376,2021,0.0407442748091603,0.0373091603053435,0.0382633587786259,0.2075091810778996,0.3488805970149253,0.0238066573922142,-0.0023854961832061
52.28885,-1.56141,35.08796231101773,2021,0.0814885496183206,0.074618320610687,0.1147900763358778,0.2209385488344505,0.336180904522613,0.0033218591710066,0.0023854961832061
52.28749,-1.53441,33.0251346586463,2021,0.1222328244274809,0.074618320610687,0.0382633587786259,0.2097017309157039,0.3744725738396625,0.0166092958550331,0.0
52.28726,-1.56333,44.75635262332373,2021,0.1629770992366412,0.149236641221374,0.0382633587786259,0.2220739764290277,0.4222222222222222,0.0033218591710066,0.0
52.2821,-1.54798,49.03094446831112,2021,0.1629770992366412,0.149236641221374,0.0382633587786259,0.2239141521857562,0.6170731707317073,0.0016609295855033,0.0
52.28639,-1.56041,45.24213016259117,2021,0.1629770992366412,0.149236641221374,0.0382633587786259,0.2271638242667875,0.4341463414634147,0.0033218591710066,0.0
52.28485,-1.53145,29.877934117259592,2021,0.0814885496183206,0.074618320610687,0.0382633587786259,0.2053166312400954,0.3745331069609507,0.0298967325390597,-0.0023854961832061
52.28244,-1.55252,44.40354381115002,2021,0.1629770992366412,0.149236641221374,0.0382633587786259,0.2273987403208379,0.4114285714285713,0.0,0.0
52.28713,-1.53791,20.034212909404964,2021,0.0407442748091603,0.0373091603053435,0.0382633587786259,0.2181587088615202,0.3783269961977186,0.0038755023661744,-0.0023854961832061
52.2763825,-1.5284333,28.98951296577239,2021,0.0814885496183206,0.074618320610687,0.0382633587786259,0.222230587131728,0.4091463414634146,0.002214572780671,0.0023854961832061
52.29086,-1.58311,53.945610687022906,2021,0.1222328244274809,0.1119274809160305,0.0765267175572519,0.2287690839694656,1.0,0.0,0.0
52.28376,-1.55485,44.75949890508248,2021,0.1629770992366412,0.149236641221374,0.0382633587786259,0.2280251831316392,0.4210526315789473,0.0011072863903355,0.0
52.28743,-1.53793,44.00412615104336,2021,0.1222328244274809,0.149236641221374,0.0765267175572519,0.2191766784290721,0.3805084745762712,0.0038755023661744,0.0047709923664122
52.28752,-1.56476,37.1831286156112,2021,0.0814885496183206,0.074618320610687,0.1147900763358778,0.2227787245911791,0.4274509803921568,0.0033218591710066,0.0023854961832061
52.27628,-1.5356,48.51450569234848,2021,0.1629770992366412,0.149236641221374,0.0765267175572519,0.2204687167263496,0.4214285714285714,0.0011072863903355,0.0023854961832061
52.28903,-1.53794,38.63251335000324,2021,0.1222328244274809,0.074618320610687,0.0765267175572519,0.210798005834606,0.4570155902004454,0.0166092958550331,0.0
52.28683,-1.56127,43.51840668288614,2021,0.1629770992366412,0.149236641221374,0.0382633587786259,0.2247363583749328,0.362135922330097,0.0033218591710066,0.0
52.27645,-1.52028,33.90857226346979,2021,0.1222328244274809,0.1119274809160305,0.0382633587786259,0.2242273735911568,0.2948275862068965,0.0005536431951677,0.0
52.28683,-1.56086,44.15056610421868,2021,0.1222328244274809,0.149236641221374,0.0765267175572519,0.2251670378073587,0.3793478260869565,0.0033218591710066,0.0047709923664122
52.29064,-1.58028,53.945610687022906,2021,0.1222328244274809,0.1119274809160305,0.0765267175572519,0.2287690839694656,1.0,0.0,0.0
52.27903,-1.54334,33.178051808258566,2021,0.1222328244274809,0.074618320610687,0.0382633587786259,0.225832633293835,0.4133333333333334,0.0033218591710066,0.0
52.28525,-1.56258,48.38504438070557,2021,0.1222328244274809,0.149236641221374,0.0765267175572519,0.2263416180776109,0.5693548387096774,0.002214572780671,0.0047709923664122
52.29092,-1.58136,53.945610687022906,2021,0.1222328244274809,0.1119274809160305,0.0765267175572519,0.2287690839694656,1.0,0.0,0.0
52.28523,-1.53365,34.12604380875784,2021,0.0814885496183206,0.074618320610687,0.0765267175572519,0.206647822213048,0.3702702702702702,0.0321113053197308,0.0
52.28994,-1.54488,36.95489349296609,2021,0.0814885496183206,0.074618320610687,0.1147900763358778,0.225832633293835,0.4189189189189189,0.0016609295855033,0.0023854961832061
52.28768,-1.53979,19.91409023312608,2021,0.0407442748091603,0.0373091603053435,0.0382633587786259,0.2228570299425292,0.3724137931034483,0.002214572780671,-0.0023854961832061
52.29359,-1.53717,39.18088233730106,2021,0.1222328244274809,0.074618320610687,0.0765267175572519,0.2091144407805777,0.4472049689440993,0.0249139437825497,0.0
52.2824,-1.55,47.75847190698687,2021,0.1629770992366412,0.149236641221374,0.0382633587786259,0.2259892439965352,0.5599999999999999,0.0005536431951677,0.0
52.284399,-1.5315297,30.24243566483125,2021,0.0814885496183206,0.074618320610687,0.0382633587786259,0.2049642571590197,0.3759197324414716,0.0310040189293952,0.0
52.2895,-1.55855,35.62126648786079,2021,0.0814885496183206,0.074618320610687,0.1147900763358778,0.2230136406452295,0.3668965517241379,0.0011072863903355,0.0023854961832061
52.28718,-1.53541,44.51926015218046,2021,0.1222328244274809,0.149236641221374,0.0765267175572519,0.2089578300778774,0.3734279918864097,0.014394723074362,0.0047709923664122
52.28291,-1.53462,30.70058770664706,2021,0.1018606870229007,0.074618320610687,0.0382633587786259,0.2137736091859117,0.3513089005235602,0.0171629390502009,0.0
52.2913023,-1.5778892,42.3692956172267,2021,0.0814885496183206,0.074618320610687,0.0382633587786259,0.2287690839694656,1.0,0.0005536431951677,0.0
52.28776,-1.53862,44.22498626216548,2021,0.1222328244274809,0.149236641221374,0.0765267175572519,0.217532266050719,0.3884476534296029,0.0049827887565099,0.0047709923664122
52.28998,-1.57966,53.945610687022906,2021,0.1222328244274809,0.1119274809160305,0.0765267175572519,0.2287690839694656,1.0,0.0,0.0
52.28273,-1.54573,48.980024625920194,2021,0.1629770992366412,0.149236641221374,0.0382633587786259,0.2236400834560307,0.6130769230769231,0.002214572780671,0.0
52.28632,-1.53186,29.520771632223685,2021,0.0814885496183206,0.074618320610687,0.0382633587786259,0.2091927461319279,0.3769857433808553,0.0243603005873819,-0.0023854961832061
52.29629,-1.53701,38.42559676351342,2021,0.1222328244274809,0.074618320610687,0.0765267175572519,0.2276728090505635,0.4821428571428571,0.0011072863903355,0.0
52.28416929999999,-1.5321236,50.074618909309486,2021,0.1629770992366412,0.149236641221374,0.0765267175572519,0.2038679822401176,0.3747603833865814,0.0332185917100663,0.0023854961832061
52.28924,-1.56007,35.59985870614621,2021,0.0814885496183206,0.074618320610687,0.1147900763358778,0.2217999076993022,0.3579545454545454,0.0033218591710066,0.0023854961832061
52.27632,-1.53311,48.71887148825708,2021,0.1629770992366412,0.149236641221374,0.0765267175572519,0.2174931133750439,0.4264084507042254,0.0033218591710066,0.0023854961832061
52.2827,-1.55337,44.85453843469373,2021,0.1629770992366412,0.149236641221374,0.0382633587786259,0.2271638242667875,0.4317073170731708,0.0,0.0
52.2826,-1.5515,47.69266355882847,2021,0.1629770992366412,0.149236641221374,0.0382633587786259,0.2264590761046361,0.5559322033898305,0.0005536431951677,0.0
52.28536,-1.55769,44.19064274730773,2021,0.1629770992366412,0.149236641221374,0.0382633587786259,0.2285733205910902,0.4,0.0,0.0
52.2875,-1.53289,39.34943283391488,2021,0.1018606870229007,0.1119274809160305,0.0765267175572519,0.2100541049967795,0.3736051502145923,0.0199311550260398,0.0047709923664122
52.2721847,-1.5256998,33.194603617282475,2021,0.1222328244274809,0.074618320610687,0.0382633587786259,0.2251278851316836,0.4129032258064516,0.0038755023661744,0.0
52.28538,-1.55773,44.41965038089551,2021,0.1222328244274809,0.149236641221374,0.0765267175572519,0.2285733205910902,0.4,0.0,0.0047709923664122
52.28731,-1.53577,44.50961281202181,2021,0.1222328244274809,0.149236641221374,0.0765267175572519,0.2093885095103033,0.3721991701244813,0.014394723074362,0.0047709923664122
52.28721,-1.56292,44.82615072662596,2021,0.1629770992366412,0.149236641221374,0.0382633587786259,0.2224263505101034,0.4246913580246914,0.0033218591710066,0.0
52.28544,-1.55795,44.19064274730773,2021,0.1629770992366412,0.149236641221374,0.0382633587786259,0.2285733205910902,0.4,0.0,0.0
52.27638,-1.52843,42.610696171879255,2021,0.142604961832061,0.1305820610687022,0.0573950381679389,0.222230587131728,0.4091463414634146,0.002214572780671,0.0023854961832061
52.2812835,-1.5456867,33.06949691879256,2021,0.0814885496183206,0.074618320610687,0.0382633587786259,0.222739571915504,0.5764705882352941,0.0055364319516777,0.0023854961832061
52.27648,-1.52008,33.612488496228295,2021,0.1222328244274809,0.1119274809160305,0.0382633587786259,0.2246189003479076,0.281132075471698,0.0005536431951677,0.0
52.28924,-1.57167,45.48209263122816,2021,0.1629770992366412,0.149236641221374,0.0382633587786259,0.2283384045370398,0.4545454545454546,0.0005536431951677,0.0
52.28753,-1.56515,44.69780425642345,2021,0.1629770992366412,0.149236641221374,0.0382633587786259,0.2232485566992799,0.4198581560283688,0.0027682159758388,0.0
52.2869,-1.53339,32.49529782607572,2021,0.0814885496183206,0.074618320610687,0.0765267175572519,0.2050034098346948,0.3666107382550335,0.0171629390502009,0.0
52.28806,-1.53153,45.25896855542775,2021,0.1222328244274809,0.149236641221374,0.0765267175572519,0.2162402277534415,0.382258064516129,0.0171629390502009,0.0047709923664122
52.28944,-1.5567,37.31023762898549,2021,0.0814885496183206,0.074618320610687,0.1147900763358778,0.2267722975100367,0.4352941176470588,0.0011072863903355,0.0023854961832061
52.27635,-1.51873,34.54206561180578,2021,0.1222328244274809,0.1119274809160305,0.0382633587786259,0.2233268620506301,0.3194244604316546,0.0016609295855033,0.0
52.28675,-1.56105,43.80954608415313,2021,0.1222328244274809,0.149236641221374,0.0765267175572519,0.2248929690776331,0.3646464646464646,0.0033218591710066,0.0047709923664122
52.2883,-1.5307,39.6769100482855,2021,0.1018606870229007,0.1119274809160305,0.0765267175572519,0.2173756553480187,0.4117437722419929,0.0121801502936909,0.0047709923664122
52.2897243,-1.5500951,40.94225587620159,2021,0.1222328244274809,0.074618320610687,0.1147900763358778,0.2256368699154596,0.4227848101265823,0.0,0.0023854961832061
52.28397,-1.53666,42.45131090690359,2021,0.1629770992366412,0.149236641221374,0.0382633587786259,0.2149873421318391,0.3031700288184438,0.0088582911226843,0.0
52.28502,-1.53352,33.87394166307952,2021,0.0814885496183206,0.074618320610687,0.0765267175572519,0.2062171427806222,0.3695575221238938,0.0298967325390597,0.0
52.28648,-1.56386,45.25360384729108,2021,0.1222328244274809,0.149236641221374,0.0765267175572519,0.2231702513479298,0.4321678321678321,0.0033218591710066,0.0047709923664122
52.28589,-1.54948,46.03116422803161,2021,0.1222328244274809,0.149236641221374,0.0765267175572519,0.2275553510235383,0.467741935483871,0.0011072863903355,0.0047709923664122
52.28746,-1.56498,37.1831286156112,2021,0.0814885496183206,0.074618320610687,0.1147900763358778,0.2227787245911791,0.4274509803921568,0.0033218591710066,0.0023854961832061
52.28418,-1.53414,34.09650484553406,2021,0.1222328244274809,0.074618320610687,0.0382633587786259,0.2056690053211711,0.3666092943201377,0.0304503757342274,0.0
52.28478,-1.53391,31.82933837103593,2021,0.0814885496183206,0.074618320610687,0.0573950381679389,0.2055123946184708,0.3671232876712328,0.0293430893438919,0.0
52.28578,-1.5316,30.091778590115787,2021,0.0814885496183206,0.074618320610687,0.0382633587786259,0.2084879979697765,0.3658153241650295,0.0326649485148985,-0.0023854961832061
52.28803,-1.54452,43.77031530237184,2021,0.1222328244274809,0.149236641221374,0.0765267175572519,0.225362801185734,0.3670588235294117,0.002214572780671,0.0047709923664122
52.28794,-1.54571,44.693325337420426,2021,0.1222328244274809,0.149236641221374,0.0765267175572519,0.2274770456721881,0.409090909090909,0.0011072863903355,0.0047709923664122
52.27488,-1.52629,47.69107879197487,2021,0.1629770992366412,0.149236641221374,0.0765267175572519,0.2247755110506079,0.3742574257425742,0.0016609295855033,0.0023854961832061
52.2896,-1.55327,36.44418548113131,2021,0.0814885496183206,0.074618320610687,0.1147900763358778,0.2261850073749106,0.403030303030303,0.0,0.0023854961832061
52.28744,-1.56499,37.03370292708526,2021,0.0814885496183206,0.074618320610687,0.1147900763358778,0.2232485566992799,0.4198581560283688,0.0033218591710066,0.0023854961832061
52.28797,-1.53627,28.402957985717343,2021,0.0814885496183206,0.0652910305343511,0.0382633587786259,0.2094276621859783,0.402092050209205,0.0171629390502009,-0.0023854961832061
52.27643,-1.52409,34.65321340188802,2021,0.1222328244274809,0.1119274809160305,0.0382633587786259,0.220664480104725,0.3333333333333333,0.0005536431951677,0.0
52.292597,-1.5369774,51.47133401442832,2021,0.1629770992366412,0.149236641221374,0.0765267175572519,0.1988955924293831,0.4766216216216216,0.0287894461487241,0.0023854961832061
52.28252,-1.55003,47.72666083547253,2021,0.1629770992366412,0.149236641221374,0.0382633587786259,0.2255194118884343,0.5597560975609757,0.0005536431951677,0.0
52.28613,-1.54898,46.04803069551661,2021,0.1222328244274809,0.149236641221374,0.0765267175572519,0.2277902670775887,0.4679999999999999,0.0011072863903355,0.0047709923664122
52.28785,-1.53888,40.46250762593172,2021,0.1018606870229007,0.1305820610687022,0.0765267175572519,0.2174148080236937,0.4221428571428571,0.0038755023661744,0.0
52.29111,-1.57742,50.260516991272496,2021,0.0814885496183206,0.074618320610687,0.1147900763358778,0.2287690839694656,1.0,0.0005536431951677,0.0023854961832061
52.28772,-1.5655,36.97305451843935,2021,0.0814885496183206,0.074618320610687,0.1147900763358778,0.2231310986722547,0.417361111111111,0.0033218591710066,0.0023854961832061
52.27921,-1.54475,34.1030435155311,2021,0.1222328244274809,0.074618320610687,0.0382633587786259,0.226419923428961,0.4433333333333333,0.0055364319516777,0.0
52.28491,-1.55395,47.82346706798669,2021,0.1222328244274809,0.149236641221374,0.0765267175572519,0.2284167098883899,0.5444444444444445,0.0011072863903355,0.0047709923664122
52.28628,-1.56007,47.175357186935294,2021,0.1629770992366412,0.149236641221374,0.0382633587786259,0.2282992518613647,0.5166666666666667,0.0033218591710066,0.0
52.28959,-1.55357,36.38034289088659,2021,0.0814885496183206,0.074618320610687,0.1147900763358778,0.2263024654019358,0.4,0.0,0.0023854961832061
52.29134,-1.57801,54.00097500653966,2021,0.1222328244274809,0.1119274809160305,0.0765267175572519,0.2287690839694656,1.0,0.0005536431951677,0.0
52.277348,-1.518688,27.739263122592224,2021,0.0814885496183206,0.074618320610687,0.0382633587786259,0.2236792361317058,0.353076923076923,0.0016609295855033,0.0023854961832061
52.28775,-1.5641,36.981522654952,2021,0.0814885496183206,0.074618320610687,0.1147900763358778,0.2220739764290277,0.4222222222222222,0.0027682159758388,0.0023854961832061
52.28397,-1.53858,44.20942510447565,2021,0.1629770992366412,0.149236641221374,0.0382633587786259,0.2201163426452739,0.4086757990867579,0.0016609295855033,0.0
52.28535,-1.55051,45.779331972774784,2021,0.1222328244274809,0.149236641221374,0.0765267175572519,0.2270072135640872,0.4577777777777777,0.0011072863903355,0.0047709923664122
52.28765,-1.53256,33.529762393450426,2021,0.0814885496183206,0.074618320610687,0.0765267175572519,0.21028902105083,0.3855263157894737,0.0215920846115431,0.0
52.28968,-1.55093,36.477235459846696,2021,0.0814885496183206,0.074618320610687,0.1147900763358778,0.2257543279424848,0.4052631578947368,0.0,0.0023854961832061
52.28807,-1.54264,43.95186627516767,2021,0.1222328244274809,0.149236641221374,0.0765267175572519,0.2250887324560085,0.3706521739130434,0.0033218591710066,0.0047709923664122
52.28499,-1.55289,47.82346706798669,2021,0.1222328244274809,0.149236641221374,0.0765267175572519,0.2284167098883899,0.5444444444444445,0.0011072863903355,0.0047709923664122
52.28813,-1.54107,44.35196981656341,2021,0.1222328244274809,0.149236641221374,0.0765267175572519,0.2241490682398067,0.3678260869565217,0.0083046479275165,0.0047709923664122
52.28994,-1.57412,50.260516991272496,2021,0.0814885496183206,0.074618320610687,0.1147900763358778,0.2287690839694656,1.0,0.0005536431951677,0.0023854961832061
52.28411,-1.53582,43.42240907138182,2021,0.1629770992366412,0.149236641221374,0.0382633587786259,0.2110329218886564,0.3260089686098655,0.0149483662695298,0.0
52.2900115,-1.5445292,44.70498347004167,2021,0.142604961832061,0.1119274809160305,0.0956583969465648,0.2254019538614091,0.4117647058823529,0.0016609295855033,0.0023854961832061
52.28698,-1.53761,19.65090925813148,2021,0.0407442748091603,0.0373091603053435,0.0382633587786259,0.2111895325913567,0.3752834467120182,0.0033218591710066,-0.0023854961832061
52.28477,-1.54724,45.768907210456966,2021,0.1222328244274809,0.1243638676844783,0.0765267175572519,0.2236400834560307,0.5992307692307692,0.0005536431951677,0.0
52.28556,-1.53567,30.56120563629824,2021,0.0814885496183206,0.074618320610687,0.0573950381679389,0.2117768227264829,0.3355971896955504,0.0210384414163753,0.0
52.28604,-1.53626,25.867143235930723,2021,0.0814885496183206,0.0559637404580152,0.0382633587786259,0.214948189456164,0.3189655172413793,0.014394723074362,0.0
52.28459,-1.53544,26.6286694253166,2021,0.0814885496183206,0.0559637404580152,0.0382633587786259,0.2076266391049249,0.3402255639097745,0.0199311550260398,0.0
52.28693,-1.54914,43.08365410518583,2021,0.1222328244274809,0.1243638676844783,0.0765267175572519,0.2277902670775887,0.4679999999999999,0.0011072863903355,0.0
52.28128,-1.5466,30.96548928520477,2021,0.0814885496183206,0.0559637404580152,0.0382633587786259,0.222739571915504,0.5764705882352941,0.0055364319516777,0.0
52.28987,-1.54604,36.07858873619164,2021,0.0814885496183206,0.1119274809160305,0.0765267175572519,0.2262241600505857,0.4015625,0.0,0.0
52.29107,-1.54668,41.37955194227163,2021,0.1120467557251908,0.1212547709923664,0.0765267175572519,0.2234834727533304,0.4553030303030302,0.002214572780671,0.0
52.2854409,-1.5373244,42.48769862924669,2021,0.142604961832061,0.1119274809160305,0.0765267175572519,0.2184719302669208,0.4007692307692307,0.0038755023661744,0.0023854961832061
52.28748,-1.53651,26.579900249818245,2021,0.0814885496183206,0.0559637404580152,0.0382633587786259,0.209780036267054,0.3739957716701902,0.0116265070985232,0.0
52.28403,-1.53327,30.22460416779976,2021,0.0814885496183206,0.074618320610687,0.0382633587786259,0.2068435855914233,0.3689655172413792,0.031557662124563,0.0
52.28807,-1.5401,37.08327378647552,2021,0.0814885496183206,0.1119274809160305,0.0765267175572519,0.2225829612128037,0.4084967320261438,0.0099655775130199,0.0
52.28269,-1.54571,31.50387958775226,2021,0.0814885496183206,0.0559637404580152,0.0382633587786259,0.2236400834560307,0.6130769230769231,0.002214572780671,0.0
52.28336,-1.54443,45.0235605143508,2021,0.1222328244274809,0.1243638676844783,0.0765267175572519,0.2240316102127815,0.5575,0.002214572780671,0.0
52.28285,-1.54579,31.50387958775226,2021,0.0814885496183206,0.0559637404580152,0.0382633587786259,0.2236400834560307,0.6130769230769231,0.002214572780671,0.0
52.28325,-1.54678,46.24465566917719,2021,0.1222328244274809,0.1243638676844783,0.0765267175572519,0.2236400834560307,0.6130769230769231,0.002214572780671,0.0
52.2833039,-1.5488877,54.71892677940728,2021,0.1629770992366412,0.149236641221374,0.0956583969465648,0.2259892439965352,0.5985714285714285,0.0016609295855033,0.0023854961832061
52.2898457,-1.5466228,48.30422072438837,2021,0.1629770992366412,0.149236641221374,0.0765267175572519,0.2261850073749106,0.4169230769230769,0.0,0.0
52.28894,-1.53799,27.48981966699048,2021,0.0814885496183206,0.0373091603053435,0.0382633587786259,0.2116985173751327,0.4669014084507042,0.0166092958550331,0.0023854961832061
52.28823,-1.53807,26.57700107356814,2021,0.0814885496183206,0.0373091603053435,0.0382633587786259,0.2170624339426181,0.4209621993127148,0.0149483662695298,0.0023854961832061
52.28416,-1.53771,26.24114642069905,2021,0.0814885496183206,0.0559637404580152,0.0382633587786259,0.2174539606993688,0.3885017421602788,0.002214572780671,0.0
52.28125,-1.54696,30.910124965688,2021,0.0814885496183206,0.0559637404580152,0.0382633587786259,0.222739571915504,0.5764705882352941,0.0049827887565099,0.0
52.28686,-1.54923,43.08365410518583,2021,0.1222328244274809,0.1243638676844783,0.0765267175572519,0.2277902670775887,0.4679999999999999,0.0011072863903355,0.0
52.28164,-1.5455,30.562584293843663,2021,0.0814885496183206,0.0559637404580152,0.0382633587786259,0.2223480451587532,0.5693251533742332,0.0033218591710066,0.0
52.2844,-1.53586,25.99057865295038,2021,0.0814885496183206,0.0559637404580152,0.0382633587786259,0.2113852959697321,0.3249427917620137,0.0155020094646976,0.0
52.2789332,-1.5472643,57.42497154009418,2021,0.1629770992366412,0.149236641221374,0.0956583969465648,0.2239924575371064,0.7,0.007197361537181,0.0023854961832061
52.28359,-1.5432,46.79053596633757,2021,0.1222328244274809,0.1243638676844783,0.0765267175572519,0.2240316102127815,0.6388429752066116,0.0016609295855033,0.0
52.28974,-1.54664,41.74251588978278,2021,0.1222328244274809,0.1243638676844783,0.0765267175572519,0.2261850073749106,0.4169230769230769,0.0,0.0
52.2899,-1.54445,36.44162469141572,2021,0.0814885496183206,0.1119274809160305,0.0765267175572519,0.2254019538614091,0.4117647058823529,0.0016609295855033,0.0
52.28394,-1.53196,48.29699061761608,2021,0.1493956743002544,0.1368002544529261,0.0892811704834605,0.2046510357536191,0.3745874587458746,0.0332185917100663,-0.0023854961832061
52.28767,-1.53763,25.03177097014048,2021,0.0814885496183206,0.0373091603053435,0.0382633587786259,0.2147132734021135,0.3948571428571428,0.0060900751468454,0.0023854961832061
52.2861,-1.53629,25.98412873066333,2021,0.0814885496183206,0.0559637404580152,0.0382633587786259,0.2122466548345838,0.328537170263789,0.014394723074362,0.0
52.2853,-1.53458,31.46910233311988,2021,0.0814885496183206,0.074618320610687,0.0573950381679389,0.2084096926184264,0.3553606237816764,0.0271285165632208,0.0
52.28324,-1.5448,30.28278443292585,2021,0.0814885496183206,0.0559637404580152,0.0382633587786259,0.2240316102127815,0.5575,0.002214572780671,0.0
52.28437,-1.53618,25.75084396444638,2021,0.0814885496183206,0.0559637404580152,0.0382633587786259,0.2118159754021579,0.3234192037470726,0.0132874366840265,0.0
52.281418,-1.548171,44.96037725141884,2021,0.1222328244274809,0.1012677208287895,0.0765267175572519,0.2264590761046361,0.6068965517241379,0.0049827887565099,0.0071564885496183
52.286249,-1.548171,38.39002418732029,2021,0.1222328244274809,0.074618320610687,0.0765267175572519,0.227437892996513,0.4705882352941176,0.0011072863903355,0.0023854961832061
52.28129,-1.54557,30.673312932877216,2021,0.0814885496183206,0.0559637404580152,0.0382633587786259,0.2223480451587532,0.5693251533742332,0.0044291455613421,0.0
52.28437,-1.53638,25.332937941856752,2021,0.0814885496183206,0.0559637404580152,0.0382633587786259,0.2131471663751105,0.3121827411167513,0.0110728639033554,0.0
52.28963,-1.5346,49.23476256924763,2021,0.142604961832061,0.1305820610687022,0.0956583969465648,0.2033589974563416,0.4757911392405063,0.0243603005873819,0.0023854961832061
52.28128,-1.54569,30.96548928520477,2021,0.0814885496183206,0.0559637404580152,0.0382633587786259,0.222739571915504,0.5764705882352941,0.0055364319516777,0.0
52.28781,-1.53787,24.83915815445849,2021,0.0814885496183206,0.0373091603053435,0.0382633587786259,0.2159661590237159,0.3836477987421383,0.0060900751468454,0.0023854961832061
52.28303,-1.54554,40.08024019081061,2021,0.1059351145038167,0.0970038167938931,0.0612213740458015,0.2232485566992799,0.6021428571428571,0.002214572780671,0.0
52.28706,-1.53687,24.81173147710824,2021,0.0814885496183206,0.0373091603053435,0.0382633587786259,0.2109154638616312,0.3757847533632287,0.0094119343178521,0.0023854961832061
52.2836,-1.54297,46.79053596633757,2021,0.1222328244274809,0.1243638676844783,0.0765267175572519,0.2240316102127815,0.6388429752066116,0.0016609295855033,0.0
52.28554,-1.54724,43.60319989818031,2021,0.1222328244274809,0.1243638676844783,0.0765267175572519,0.2277511144019136,0.4884615384615385,0.0016609295855033,0.0
52.28898,-1.53803,27.48981966699048,2021,0.0814885496183206,0.0373091603053435,0.0382633587786259,0.2116985173751327,0.4669014084507042,0.0166092958550331,0.0023854961832061
52.28136,-1.54574,30.96548928520477,2021,0.0814885496183206,0.0559637404580152,0.0382633587786259,0.222739571915504,0.5764705882352941,0.0055364319516777,0.0
52.28399,-1.53982,26.93153954820894,2021,0.0814885496183206,0.0559637404580152,0.0382633587786259,0.2213692282668763,0.4203208556149732,0.0005536431951677,0.0
52.28694,-1.53705,25.3127954450572,2021,0.0814885496183206,0.0497455470737913,0.0382633587786259,0.2097017309157039,0.3618448637316562,0.0077510047323488,0.0
52.28434,-1.53665,25.284936032615125,2021,0.0814885496183206,0.0559637404580152,0.0382633587786259,0.2142434412940126,0.3109289617486339,0.0105192207081876,0.0
52.28778,-1.54773,41.5894722318921,2021,0.1222328244274809,0.1243638676844783,0.0765267175572519,0.2273204349694878,0.408108108108108,0.0,0.0
52.289,-1.53803,27.114426973006623,2021,0.0814885496183206,0.0373091603053435,0.0382633587786259,0.2097408835913789,0.4533613445378151,0.0166092958550331,0.0023854961832061
52.28879,-1.5466,42.26668654401456,2021,0.1222328244274809,0.1243638676844783,0.0765267175572519,0.2268114501857118,0.434,0.0011072863903355,0.0
52.28829,-1.54684,42.00467849941956,2021,0.1222328244274809,0.1243638676844783,0.0765267175572519,0.2274770456721881,0.4212121212121212,0.0011072863903355,0.0
52.28459,-1.54724,45.817898679943255,2021,0.1222328244274809,0.1243638676844783,0.0765267175572519,0.2236009307803556,0.6015267175572518,0.0005536431951677,0.0
52.28805,-1.53961,36.78053225837883,2021,0.0814885496183206,0.1119274809160305,0.0765267175572519,0.2227787245911791,0.4094594594594595,0.0066437183420132,0.0
52.2789466,-1.5471869,40.9889028378041,2021,0.0950699745547073,0.0870547073791348,0.0637722646310432,0.2239924575371064,0.7,0.007197361537181,0.0
52.2857,-1.53616,29.86124042570324,2021,0.0814885496183206,0.074618320610687,0.0573950381679389,0.2135778458075363,0.3259162303664921,0.0155020094646976,0.0
52.28673,-1.54981,43.06678763770081,2021,0.1222328244274809,0.1243638676844783,0.0765267175572519,0.2275553510235383,0.467741935483871,0.0011072863903355,0.0
52.2856,-1.53589,30.027333384253563,2021,0.0814885496183206,0.074618320610687,0.0573950381679389,0.2135778458075363,0.3259162303664921,0.0171629390502009,0.0
52.28544,-1.53655,25.52570340789819,2021,0.0814885496183206,0.0559637404580152,0.0382633587786259,0.214439204672388,0.3141274238227146,0.0121801502936909,0.0
52.28972,-1.53543,49.05219640838581,2021,0.142604961832061,0.1305820610687022,0.0956583969465648,0.2023801805644648,0.4745426829268292,0.0232530141970464,0.0023854961832061
52.28676,-1.54975,43.06678763770081,2021,0.1222328244274809,0.1243638676844783,0.0765267175572519,0.2275553510235383,0.467741935483871,0.0011072863903355,0.0
52.28835,-1.53805,26.34751964277194,2021,0.0814885496183206,0.0373091603053435,0.0382633587786259,0.2158095483210156,0.4127725856697819,0.0149483662695298,0.0023854961832061
52.28687,-1.53698,29.6646367219101,2021,0.0814885496183206,0.074618320610687,0.0573950381679389,0.2102107156994798,0.3612903225806452,0.007197361537181,0.0
52.28788,-1.53797,25.80885871754616,2021,0.0814885496183206,0.0373091603053435,0.0382633587786259,0.2172190446453183,0.420979020979021,0.007197361537181,0.0023854961832061
52.29147,-1.54715,42.04072896903848,2021,0.1120467557251908,0.1212547709923664,0.0765267175572519,0.2246580530235827,0.4823529411764705,0.002214572780671,0.0
52.28984,-1.54405,36.668571469453504,2021,0.0814885496183206,0.1119274809160305,0.0765267175572519,0.2254802592127593,0.4216867469879518,0.0016609295855033,0.0
52.28362,-1.54303,46.79053596633757,2021,0.1222328244274809,0.1243638676844783,0.0765267175572519,0.2240316102127815,0.6388429752066116,0.0016609295855033,0.0
52.28405,-1.53303,30.244388115531883,2021,0.0814885496183206,0.074618320610687,0.0382633587786259,0.2065303641860227,0.3704830053667263,0.031557662124563,0.0
52.28443,-1.53323,30.148766935372628,2021,0.0814885496183206,0.074618320610687,0.0382633587786259,0.2051600205373951,0.3682967959527825,0.031557662124563,0.0
52.28408,-1.53901,26.733280066307707,2021,0.0814885496183206,0.0559637404580152,0.0382633587786259,0.2201163426452739,0.4086757990867579,0.0016609295855033,0.0
52.28479,-1.53544,26.60954437358289,2021,0.0814885496183206,0.0559637404580152,0.0382633587786259,0.2079007078346504,0.3388571428571428,0.0199311550260398,0.0
52.28437,-1.53661,25.340300352131905,2021,0.0814885496183206,0.0559637404580152,0.0382633587786259,0.2142434412940126,0.3109289617486339,0.0110728639033554,0.0
52.28415,-1.53795,26.998960309253462,2021,0.0814885496183206,0.0559637404580152,0.0382633587786259,0.2208210908074253,0.4194029850746268,0.0016609295855033,0.0
52.28029,-1.53424,28.350511312955373,2021,0.0814885496183206,0.074618320610687,0.0382633587786259,0.2204687167263496,0.3741626794258373,0.0066437183420132,0.0
52.2919643,-1.53576,44.88487360717184,2021,0.1222328244274809,0.1305820610687022,0.0573950381679389,0.1948237141591752,0.4833930704898447,0.0420768828327507,0.0023854961832061
52.28416,-1.53212,48.215819475288896,2021,0.1493956743002544,0.1368002544529261,0.0892811704834605,0.2038679822401176,0.3747603833865814,0.0326649485148985,-0.0023854961832061
52.28554,-1.53538,30.845738327717065,2021,0.0814885496183206,0.074618320610687,0.0573950381679389,0.21028902105083,0.3462365591397849,0.0221457278067108,0.0
52.28836,-1.53621,28.418779193063003,2021,0.0814885496183206,0.0559637404580152,0.0382633587786259,0.2106805478075807,0.4176339285714285,0.0204847982212075,0.0
52.28573,-1.5473,43.60319989818031,2021,0.1222328244274809,0.1243638676844783,0.0765267175572519,0.2277511144019136,0.4884615384615385,0.0016609295855033,0.0
52.28138,-1.54705,30.96548928520477,2021,0.0814885496183206,0.0559637404580152,0.0382633587786259,0.222739571915504,0.5764705882352941,0.0055364319516777,0.0
52.28995,-1.54452,36.44162469141572,2021,0.0814885496183206,0.1119274809160305,0.0765267175572519,0.2254019538614091,0.4117647058823529,0.0016609295855033,0.0
52.28807,-1.53799,26.41077356320272,2021,0.0814885496183206,0.0373091603053435,0.0382633587786259,0.2164751438074919,0.4272131147540984,0.0121801502936909,0.0023854961832061
52.28888,-1.54656,42.26668654401456,2021,0.1222328244274809,0.1243638676844783,0.0765267175572519,0.2268114501857118,0.434,0.0011072863903355,0.0
52.2897651,-1.5354354,43.67092928922508,2021,0.1222328244274809,0.1305820610687022,0.0573950381679389,0.198347454969932,0.5001321003963012,0.0249139437825497,0.0023854961832061
52.28945,-1.5352,48.95620144375521,2021,0.142604961832061,0.1305820610687022,0.0956583969465648,0.2028500126725657,0.4768992248062015,0.0215920846115431,0.0023854961832061
52.28128,-1.5456,30.673312932877216,2021,0.0814885496183206,0.0559637404580152,0.0382633587786259,0.2223480451587532,0.5693251533742332,0.0044291455613421,0.0
52.28677,-1.53687,27.775273001239707,2021,0.0814885496183206,0.0652910305343511,0.0478291984732824,0.2108763111859561,0.3575221238938053,0.0077510047323488,0.0
52.28894,-1.53798,27.64615924200711,2021,0.0814885496183206,0.0373091603053435,0.0382633587786259,0.2127556396183597,0.4719298245614035,0.0166092958550331,0.0023854961832061
52.29191,-1.54761,42.08539918366576,2021,0.1120467557251908,0.1212547709923664,0.0765267175572519,0.2239141521857562,0.4859504132231405,0.002214572780671,0.0
52.28342,-1.54688,46.24465566917719,2021,0.1222328244274809,0.1243638676844783,0.0765267175572519,0.2236400834560307,0.6130769230769231,0.002214572780671,0.0
52.28671,-1.54984,43.06678763770081,2021,0.1222328244274809,0.1243638676844783,0.0765267175572519,0.2275553510235383,0.467741935483871,0.0011072863903355,0.0
52.28807,-1.53995,36.97254514744196,2021,0.0814885496183206,0.1119274809160305,0.0765267175572519,0.2225829612128037,0.4084967320261438,0.0088582911226843,0.0
52.2865,-1.5367,25.810898819644063,2021,0.0814885496183206,0.0559637404580152,0.0382633587786259,0.2131863190507856,0.3501272264631043,0.0077510047323488,0.0
52.28443,-1.53559,26.55203575050832,2021,0.0814885496183206,0.0559637404580152,0.0382633587786259,0.2099757996454294,0.3327695560253699,0.0199311550260398,0.0
52.2807,-1.5345,27.516051838477463,2021,0.0814885496183206,0.074618320610687,0.0382633587786259,0.2198422739155484,0.3473451327433628,0.0044291455613421,0.0
52.28698,-1.53696,24.72481646540576,2021,0.0814885496183206,0.0373091603053435,0.0382633587786259,0.2104847844292054,0.375054704595186,0.0088582911226843,0.0023854961832061
52.29001,-1.54453,36.44162469141572,2021,0.0814885496183206,0.1119274809160305,0.0765267175572519,0.2254019538614091,0.4117647058823529,0.0016609295855033,0.0
52.28294,-1.54552,31.235774541955653,2021,0.0814885496183206,0.0559637404580152,0.0382633587786259,0.2232485566992799,0.6021428571428571,0.002214572780671,0.0
52.28931,-1.54004,37.51255795033688,2021,0.0814885496183206,0.1119274809160305,0.0765267175572519,0.2180020981588199,0.424074074074074,0.0127337934888587,0.0
52.28606,-1.53626,29.7627546848618,2021,0.0814885496183206,0.074618320610687,0.0573950381679389,0.2122466548345838,0.328537170263789,0.014394723074362,0.0
52.2923339,-1.5382023,43.387946163056576,2021,0.1222328244274809,0.1305820610687022,0.0573950381679389,0.2016754324023134,0.4586309523809523,0.0287894461487241,0.0023854961832061
52.28869,-1.54655,41.896385757836455,2021,0.1222328244274809,0.1243638676844783,0.0765267175572519,0.2273595876451629,0.4166666666666667,0.0011072863903355,0.0
52.28379,-1.54127,29.09677008140379,2021,0.0814885496183206,0.0559637404580152,0.0382633587786259,0.2216041443209268,0.5175824175824176,0.0005536431951677,0.0
52.28949,-1.53501,49.05522323313711,2021,0.142604961832061,0.1305820610687022,0.0956583969465648,0.2028108599968906,0.4736842105263157,0.0232530141970464,0.0023854961832061
52.29037,-1.53552,50.043237494105874,2021,0.142604961832061,0.1305820610687022,0.0956583969465648,0.1920438741862449,0.4853820598006645,0.0359868076859052,0.0023854961832061
52.28623,-1.53647,29.811130999691315,2021,0.0814885496183206,0.074618320610687,0.0573950381679389,0.2112678379427069,0.3480725623582766,0.0110728639033554,0.0
52.283,-1.54587,46.24465566917719,2021,0.1222328244274809,0.1243638676844783,0.0765267175572519,0.2236400834560307,0.6130769230769231,0.002214572780671,0.0
52.28772,-1.5364,27.01666213491365,2021,0.0814885496183206,0.0559637404580152,0.0382633587786259,0.2094276621859783,0.3849056603773585,0.0138410798791943,0.0
52.28663,-1.53679,29.65239321146278,2021,0.0814885496183206,0.074618320610687,0.0573950381679389,0.2107588531589309,0.3571428571428571,0.0077510047323488,0.0
52.28714,-1.54876,42.548842596423846,2021,0.1222328244274809,0.1243638676844783,0.0765267175572519,0.2276336563748884,0.4448275862068965,0.0011072863903355,0.0
52.28418,-1.53214,48.27118379480567,2021,0.1493956743002544,0.1368002544529261,0.0892811704834605,0.2038679822401176,0.3747603833865814,0.0332185917100663,-0.0023854961832061
52.28451,-1.53545,26.6286694253166,2021,0.0814885496183206,0.0559637404580152,0.0382633587786259,0.2076266391049249,0.3402255639097745,0.0199311550260398,0.0
52.28579,-1.54732,43.54783557866354,2021,0.1222328244274809,0.1243638676844783,0.0765267175572519,0.2277511144019136,0.4884615384615385,0.0011072863903355,0.0
52.28709,-1.5489,42.22646891556113,2021,0.1222328244274809,0.1243638676844783,0.0765267175572519,0.2279860304559641,0.43,0.0011072863903355,0.0
52.28718,-1.53751,35.70490609221238,2021,0.0814885496183206,0.1119274809160305,0.0765267175572519,0.2122466548345838,0.3869249394673123,0.0049827887565099,0.0
52.28346,-1.54403,46.50042544579701,2021,0.1222328244274809,0.1243638676844783,0.0765267175572519,0.2225046558614535,0.630188679245283,0.0016609295855033,0.0
52.28037,-1.53437,27.922037167480298,2021,0.0814885496183206,0.074618320610687,0.0382633587786259,0.2200380372939238,0.3604545454545454,0.0055364319516777,0.0
52.28415,-1.5367,25.196086968248583,2021,0.0814885496183206,0.0559637404580152,0.0382633587786259,0.2147132734021135,0.3112676056338028,0.0094119343178521,0.0
52.28681,-1.54941,43.08365410518583,2021,0.1222328244274809,0.1243638676844783,0.0765267175572519,0.2277902670775887,0.4679999999999999,0.0011072863903355,0.0
52.28874,-1.53809,26.92742140480388,2021,0.0814885496183206,0.0373091603053435,0.0382633587786259,0.2151048001588643,0.4436578171091446,0.014394723074362,0.0023854961832061
52.28131,-1.54571,30.96548928520477,2021,0.0814885496183206,0.0559637404580152,0.0382633587786259,0.222739571915504,0.5764705882352941,0.0055364319516777,0.0
52.28612,-1.54787,42.625637618821216,2021,0.1222328244274809,0.1243638676844783,0.0765267175572519,0.2272421296181377,0.4538461538461538,0.0,0.0
52.28279,-1.5458,31.50387958775226,2021,0.0814885496183206,0.0559637404580152,0.0382633587786259,0.2236400834560307,0.6130769230769231,0.002214572780671,0.0
52.28321,-1.54669,46.24465566917719,2021,0.1222328244274809,0.1243638676844783,0.0765267175572519,0.2236400834560307,0.6130769230769231,0.002214572780671,0.0
52.28602,-1.53626,29.6457691901292,2021,0.0814885496183206,0.074618320610687,0.0573950381679389,0.214948189456164,0.3189655172413793,0.014394723074362,0.0
52.28366,-1.54227,29.938851427879133,2021,0.0814885496183206,0.0559637404580152,0.0382633587786259,0.2219565184020025,0.5497109826589595,0.0016609295855033,0.0
52.28818,-1.5401,37.249366745025846,2021,0.0814885496183206,0.1119274809160305,0.0765267175572519,0.2225829612128037,0.4084967320261438,0.0116265070985232,0.0
52.28895,-1.53801,27.48981966699048,2021,0.0814885496183206,0.0373091603053435,0.0382633587786259,0.2116985173751327,0.4669014084507042,0.0166092958550331,0.0023854961832061
52.28099,-1.5346,27.60892861388237,2021,0.0814885496183206,0.074618320610687,0.0382633587786259,0.2212517702398511,0.3518324607329843,0.0038755023661744,0.0
52.28901,-1.53802,27.114426973006623,2021,0.0814885496183206,0.0373091603053435,0.0382633587786259,0.2097408835913789,0.4533613445378151,0.0166092958550331,0.0023854961832061
52.28403,-1.53316,43.56906981665472,2021,0.1324188931297709,0.1212547709923664,0.0765267175572519,0.2068435855914233,0.3689655172413792,0.031557662124563,-0.0023854961832061
52.28529959999999,-1.5345806,43.51394966136416,2021,0.1303816793893129,0.1193893129770992,0.0841793893129771,0.2084096926184264,0.3553606237816764,0.0271285165632208,0.0
52.2851,-1.53592,26.07211602495515,2021,0.0814885496183206,0.0559637404580152,0.0382633587786259,0.2131080136994354,0.3261421319796954,0.0155020094646976,0.0
52.28409,-1.53262,48.23285609829389,2021,0.1493956743002544,0.1368002544529261,0.0892811704834605,0.2060996847535969,0.3715289982425308,0.0326649485148985,-0.0023854961832061
52.28532,-1.53666,25.42323475133096,2021,0.0814885496183206,0.0559637404580152,0.0382633587786259,0.2155354795912901,0.3129129129129129,0.0110728639033554,0.0
52.28616,-1.53637,29.51986540619631,2021,0.0814885496183206,0.074618320610687,0.0573950381679389,0.2137736091859117,0.3277777777777778,0.0116265070985232,0.0
52.28347,-1.54692,46.24465566917719,2021,0.1222328244274809,0.1243638676844783,0.0765267175572519,0.2236400834560307,0.6130769230769231,0.002214572780671,0.0
52.28368,-1.5431,46.51860751650776,2021,0.1222328244274809,0.1243638676844783,0.0765267175572519,0.2236792361317058,0.6276923076923077,0.0016609295855033,0.0
52.28621,-1.53646,26.03250504549284,2021,0.0814885496183206,0.0559637404580152,0.0382633587786259,0.2112678379427069,0.3480725623582766,0.0110728639033554,0.0
52.28862,-1.54005,37.92813525740885,2021,0.0814885496183206,0.1119274809160305,0.0765267175572519,0.2212126175641761,0.441711229946524,0.0116265070985232,0.0
52.2923727,-1.5481874,42.411634412011765,2021,0.1358142493638676,0.0994910941475826,0.0765267175572519,0.2239533048614313,0.4808333333333333,0.002214572780671,0.0023854961832061
52.28691,-1.53702,25.82388614444604,2021,0.0814885496183206,0.0559637404580152,0.0382633587786259,0.2097017309157039,0.3618448637316562,0.0066437183420132,0.0
52.28354,-1.54357,46.92147029893295,2021,0.1222328244274809,0.1243638676844783,0.0765267175572519,0.2234834727533304,0.6462686567164179,0.0016609295855033,0.0
52.28136,-1.54553,30.673312932877216,2021,0.0814885496183206,0.0559637404580152,0.0382633587786259,0.2223480451587532,0.5693251533742332,0.0044291455613421,0.0
52.28829,-1.53571,28.328026718878498,2021,0.0814885496183206,0.0559637404580152,0.0382633587786259,0.2105630897805555,0.4161862527716186,0.0199311550260398,0.0
52.28282,-1.54582,31.50387958775226,2021,0.0814885496183206,0.0559637404580152,0.0382633587786259,0.2236400834560307,0.6130769230769231,0.002214572780671,0.0
52.28724,-1.53689,24.83252731988212,2021,0.0814885496183206,0.0373091603053435,0.0382633587786259,0.2108763111859561,0.3742152466367713,0.0099655775130199,0.0023854961832061
52.28443,-1.5356,26.54589776504536,2021,0.0814885496183206,0.0559637404580152,0.0382633587786259,0.2100149523211045,0.3324152542372881,0.0199311550260398,0.0
52.28352,-1.54377,31.75964936437208,2021,0.0814885496183206,0.0559637404580152,0.0382633587786259,0.2225046558614535,0.630188679245283,0.0016609295855033,0.0
52.28436,-1.53586,25.99057865295038,2021,0.0814885496183206,0.0559637404580152,0.0382633587786259,0.2113852959697321,0.3249427917620137,0.0155020094646976,0.0
52.28377,-1.54315,46.51860751650776,2021,0.1222328244274809,0.1243638676844783,0.0765267175572519,0.2236792361317058,0.6276923076923077,0.0016609295855033,0.0
52.28143,-1.54555,30.673312932877216,2021,0.0814885496183206,0.0559637404580152,0.0382633587786259,0.2223480451587532,0.5693251533742332,0.0044291455613421,0.0
52.28182,-1.54551,30.562584293843663,2021,0.0814885496183206,0.0559637404580152,0.0382633587786259,0.2223480451587532,0.5693251533742332,0.0033218591710066,0.0
52.28795,-1.53915,36.339947669309616,2021,0.0814885496183206,0.1119274809160305,0.0765267175572519,0.2185502356182709,0.3972222222222222,0.0066437183420132,0.0
52.2834728,-1.5469188,41.50865058011867,2021,0.1222328244274809,0.074618320610687,0.0765267175572519,0.2236400834560307,0.6130769230769231,0.002214572780671,0.0023854961832061
52.28342,-1.5442,31.75964936437208,2021,0.0814885496183206,0.0559637404580152,0.0382633587786259,0.2225046558614535,0.630188679245283,0.0016609295855033,0.0
52.28594,-1.54749,43.43710693962998,2021,0.1222328244274809,0.1243638676844783,0.0765267175572519,0.2277511144019136,0.4884615384615385,0.0,0.0
52.28438,-1.53647,25.332937941856752,2021,0.0814885496183206,0.0559637404580152,0.0382633587786259,0.2131471663751105,0.3121827411167513,0.0110728639033554,0.0
52.28527,-1.54722,43.60319989818031,2021,0.1222328244274809,0.1243638676844783,0.0765267175572519,0.2277511144019136,0.4884615384615385,0.0016609295855033,0.0
52.28727,-1.53664,26.43322089294401,2021,0.0814885496183206,0.0559637404580152,0.0382633587786259,0.2097017309157039,0.3724210526315789,0.0105192207081876,0.0
52.2837661,-1.5431489,38.79596120607518,2021,0.0950699745547073,0.0870547073791348,0.0637722646310432,0.2236792361317058,0.6276923076923077,0.0016609295855033,0.0
52.28996,-1.54479,36.62092402731724,2021,0.0814885496183206,0.1119274809160305,0.0765267175572519,0.225832633293835,0.4189189189189189,0.0016609295855033,0.0
52.28661,-1.54955,43.06678763770081,2021,0.1222328244274809,0.1243638676844783,0.0765267175572519,0.2275553510235383,0.467741935483871,0.0011072863903355,0.0
52.28964,-1.54227,36.69069353609514,2021,0.0814885496183206,0.1119274809160305,0.0765267175572519,0.2230136406452295,0.4223776223776224,0.0027682159758388,0.0
52.28992,-1.545,36.01243292765189,2021,0.0814885496183206,0.1119274809160305,0.0765267175572519,0.2252453431587088,0.3954545454545454,0.0011072863903355,0.0
52.2918076,-1.5381524,43.37633164383078,2021,0.1222328244274809,0.1305820610687022,0.0573950381679389,0.1988955924293831,0.4616734143049933,0.0293430893438919,0.0023854961832061
52.28431,-1.53668,25.225212476523485,2021,0.0814885496183206,0.0559637404580152,0.0382633587786259,0.2150656474831892,0.3095375722543353,0.0099655775130199,0.0
52.28821,-1.53808,26.521636754051364,2021,0.0814885496183206,0.0373091603053435,0.0382633587786259,0.2170624339426181,0.4209621993127148,0.014394723074362,0.0023854961832061
52.28313,-1.54652,46.24465566917719,2021,0.1222328244274809,0.1243638676844783,0.0765267175572519,0.2236400834560307,0.6130769230769231,0.002214572780671,0.0
52.28995,-1.53547,49.97739346367992,2021,0.142604961832061,0.1305820610687022,0.0956583969465648,0.198347454969932,0.5001321003963012,0.0293430893438919,0.0023854961832061
52.28414,-1.53831,27.04461947200013,2021,0.0814885496183206,0.0559637404580152,0.0382633587786259,0.2206253274290499,0.4218446601941747,0.0016609295855033,0.0
52.28253,-1.54557,31.235774541955653,2021,0.0814885496183206,0.0559637404580152,0.0382633587786259,0.2232485566992799,0.6021428571428571,0.002214572780671,0.0
52.28903,-1.54001,37.213149351788,2021,0.0814885496183206,0.1119274809160305,0.0765267175572519,0.2177280294290943,0.4159420289855072,0.0116265070985232,0.0
52.28907,-1.54004,37.223959101193024,2021,0.0814885496183206,0.1119274809160305,0.0765267175572519,0.2177671821047694,0.4163636363636364,0.0116265070985232,0.0
52.28888,-1.54002,37.67339739004707,2021,0.0814885496183206,0.1119274809160305,0.0765267175572519,0.2196856632128481,0.4331858407079646,0.0116265070985232,0.0
52.2904,-1.53484,50.39067965891307,2021,0.142604961832061,0.1305820610687022,0.0956583969465648,0.1936099812132479,0.487962962962963,0.0382013804665762,0.0023854961832061
52.28389,-1.54707,46.22802453041534,2021,0.1222328244274809,0.1243638676844783,0.0765267175572519,0.223796694158731,0.6119047619047618,0.002214572780671,0.0
52.28312,-1.54515,39.83500736840991,2021,0.1059351145038167,0.0970038167938931,0.0612213740458015,0.2230136406452295,0.5917808219178082,0.002214572780671,0.0
52.28942,-1.53536,48.848046352856485,2021,0.142604961832061,0.1305820610687022,0.0956583969465648,0.2021061118347392,0.4733031674208144,0.0215920846115431,0.0023854961832061
52.2879016,-1.535144,43.33126106778708,2021,0.142604961832061,0.1119274809160305,0.0765267175572519,0.2083313872670762,0.4049603174603174,0.0155020094646976,0.0023854961832061
52.28638,-1.5366,29.822001890157534,2021,0.0814885496183206,0.074618320610687,0.0573950381679389,0.212364112861609,0.3493946731234866,0.0105192207081876,0.0
52.28421,-1.54717,46.11729589138179,2021,0.1222328244274809,0.1243638676844783,0.0765267175572519,0.223796694158731,0.6119047619047618,0.0011072863903355,0.0
52.28444,-1.53554,26.60754019376106,2021,0.0814885496183206,0.0559637404580152,0.0382633587786259,0.2080573185373507,0.3385057471264368,0.0199311550260398,0.0
52.28725,-1.54856,41.95031041177145,2021,0.1222328244274809,0.1243638676844783,0.0765267175572519,0.2275161983478632,0.41875,0.0011072863903355,0.0
52.28806,-1.54728,42.01089102057119,2021,0.1222328244274809,0.1243638676844783,0.0765267175572519,0.2278294197532638,0.4208333333333333,0.0011072863903355,0.0
52.29061,-1.54664,40.228675142552525,2021,0.1120467557251908,0.1212547709923664,0.0765267175572519,0.2245405949965574,0.4019047619047619,0.002214572780671,0.0
52.28996,-1.5466,40.18474086744156,2021,0.1120467557251908,0.1212547709923664,0.0765267175572519,0.2257543279424848,0.4027027027027027,0.0011072863903355,0.0
52.28139,-1.5455,30.562584293843663,2021,0.0814885496183206,0.0559637404580152,0.0382633587786259,0.2223480451587532,0.5693251533742332,0.0033218591710066,0.0
52.28793,-1.54751,41.90016238153763,2021,0.1222328244274809,0.1243638676844783,0.0765267175572519,0.2278294197532638,0.4208333333333333,0.0,0.0
52.28236,-1.53124,48.48373397511853,2021,0.1493956743002544,0.1368002544529261,0.0892811704834605,0.2126773342670096,0.416089108910891,0.0232530141970464,-0.0023854961832061
52.28851,-1.54663,42.00467849941956,2021,0.1222328244274809,0.1243638676844783,0.0765267175572519,0.2274770456721881,0.4212121212121212,0.0011072863903355,0.0
52.28588,-1.53633,27.70241824410652,2021,0.0814885496183206,0.0652910305343511,0.0478291984732824,0.2154571742399399,0.313134328358209,0.0149483662695298,0.0
52.28714,-1.53685,24.85137949302572,2021,0.0814885496183206,0.0373091603053435,0.0382633587786259,0.2107197004832558,0.3753880266075388,0.0099655775130199,0.0023854961832061
52.28301,-1.54622,46.24465566917719,2021,0.1222328244274809,0.1243638676844783,0.0765267175572519,0.2236400834560307,0.6130769230769231,0.002214572780671,0.0
52.28324,-1.54675,46.24465566917719,2021,0.1222328244274809,0.1243638676844783,0.0765267175572519,0.2236400834560307,0.6130769230769231,0.002214572780671,0.0
52.28524,-1.53659,25.533963390364512,2021,0.0814885496183206,0.0559637404580152,0.0382633587786259,0.2155354795912901,0.3129129129129129,0.0121801502936909,0.0
52.28407,-1.53203,48.2968091147678,2021,0.1493956743002544,0.1368002544529261,0.0892811704834605,0.2062562954562972,0.3770318021201413,0.0321113053197308,-0.0023854961832061
52.28831,-1.5362,28.363414873546223,2021,0.0814885496183206,0.0559637404580152,0.0382633587786259,0.2106805478075807,0.4176339285714285,0.0199311550260398,0.0
52.28361,-1.5429,32.049759884912646,2021,0.0814885496183206,0.0559637404580152,0.0382633587786259,0.2240316102127815,0.6388429752066116,0.0016609295855033,0.0
52.28753,-1.53743,24.777779336122528,2021,0.0814885496183206,0.0373091603053435,0.0382633587786259,0.2118942807535081,0.3855106888361045,0.0066437183420132,0.0023854961832061
52.2844,-1.53563,26.54589776504536,2021,0.0814885496183206,0.0559637404580152,0.0382633587786259,0.2100149523211045,0.3324152542372881,0.0199311550260398,0.0
52.28818,-1.53804,26.57686652175305,2021,0.0814885496183206,0.0373091603053435,0.0382633587786259,0.2164751438074919,0.4272131147540984,0.0138410798791943,0.0023854961832061
52.28862,-1.54656,42.00467849941956,2021,0.1222328244274809,0.1243638676844783,0.0765267175572519,0.2274770456721881,0.4212121212121212,0.0011072863903355,0.0
52.28663,-1.5496,43.06678763770081,2021,0.1222328244274809,0.1243638676844783,0.0765267175572519,0.2275553510235383,0.467741935483871,0.0011072863903355,0.0
52.28721,-1.5369,24.85319749829575,2021,0.0814885496183206,0.0373091603053435,0.0382633587786259,0.2109546165373063,0.3750561797752809,0.0099655775130199,0.0023854961832061
52.29117,-1.54673,41.37955194227163,2021,0.1120467557251908,0.1212547709923664,0.0765267175572519,0.2234834727533304,0.4553030303030302,0.002214572780671,0.0
52.28138,-1.54587,30.96548928520477,2021,0.0814885496183206,0.0559637404580152,0.0382633587786259,0.222739571915504,0.5764705882352941,0.0055364319516777,0.0
52.2812,-1.54693,30.910124965688,2021,0.0814885496183206,0.0559637404580152,0.0382633587786259,0.222739571915504,0.5764705882352941,0.0049827887565099,0.0
52.28441,-1.53562,26.54589776504536,2021,0.0814885496183206,0.0559637404580152,0.0382633587786259,0.2100149523211045,0.3324152542372881,0.0199311550260398,0.0
52.28767,-1.53839,35.9543627019503,2021,0.0814885496183206,0.1119274809160305,0.0765267175572519,0.2178846401317946,0.3858208955223881,0.0055364319516777,0.0
52.28739,-1.53718,24.5276784613948,2021,0.0814885496183206,0.0373091603053435,0.0382633587786259,0.2109546165373063,0.3727477477477477,0.007197361537181,0.0023854961832061
52.28406,-1.54712,46.11729589138179,2021,0.1222328244274809,0.1243638676844783,0.0765267175572519,0.223796694158731,0.6119047619047618,0.0011072863903355,0.0
52.2785643,-1.545145,41.83741892039453,2021,0.1222328244274809,0.074618320610687,0.0765267175572519,0.2256368699154596,0.6075,0.0055364319516777,0.0023854961832061
52.28036,-1.53431,28.032765806513847,2021,0.0814885496183206,0.074618320610687,0.0382633587786259,0.2200380372939238,0.3604545454545454,0.0066437183420132,0.0
52.28125,-1.5467,30.910124965688,2021,0.0814885496183206,0.0559637404580152,0.0382633587786259,0.222739571915504,0.5764705882352941,0.0049827887565099,0.0
52.29237,-1.54819,41.97270311430185,2021,0.1120467557251908,0.1212547709923664,0.0765267175572519,0.2239533048614313,0.4808333333333333,0.002214572780671,0.0
52.28597,-1.53628,25.867143235930723,2021,0.0814885496183206,0.0559637404580152,0.0382633587786259,0.214948189456164,0.3189655172413793,0.014394723074362,0.0
52.28296,-1.54551,31.235774541955653,2021,0.0814885496183206,0.0559637404580152,0.0382633587786259,0.2232485566992799,0.6021428571428571,0.002214572780671,0.0
52.2884,-1.53827,26.38400915650853,2021,0.0814885496183206,0.0373091603053435,0.0382633587786259,0.2160444643750661,0.4140127388535032,0.0149483662695298,0.0023854961832061
52.28968,-1.54256,36.64510467207342,2021,0.0814885496183206,0.1119274809160305,0.0765267175572519,0.2236009307803556,0.4217054263565892,0.002214572780671,0.0
52.2855,-1.55803,44.19058605320746,2022,0.1629770992366412,0.149236641221374,0.0382633587786259,0.2285719032385834,0.4,0.0,0.0
52.28688,-1.53362,32.80470608622416,2022,0.1222328244274809,0.074618320610687,0.0382633587786259,0.2042398010477266,0.370983606557377,0.0171629390502009,0.0
52.27925,-1.54465,34.1022894839975,2022,0.1222328244274809,0.074618320610687,0.0382633587786259,0.2264029151988799,0.4433333333333333,0.0055364319516777,0.0
52.290777,-1.533494,50.32572259628804,2022,0.1527910305343511,0.149236641221374,0.0669608778625954,0.1978905815133216,0.5097724230254351,0.0310040189293952,0.0023854961832061
52.27595,-1.51643,36.0563732232296,2022,0.1222328244274809,0.1119274809160305,0.0382633587786259,0.2249043416441755,0.3795918367346939,0.0027682159758388,0.0
52.28569,-1.53394,34.223673948543286,2022,0.1222328244274809,0.074618320610687,0.0382633587786259,0.2086172132733103,0.3648702594810379,0.0310040189293952,0.0
52.2760706,-1.5164124,28.347340536242164,2022,0.0814885496183206,0.074618320610687,0.0382633587786259,0.2247465970594698,0.3735294117647059,0.0027682159758388,0.0023854961832061
52.28398,-1.53755,43.32644827539529,2022,0.1629770992366412,0.149236641221374,0.0382633587786259,0.2168988039703604,0.3714765100671141,0.002214572780671,0.0
52.2913,-1.57789,54.00097500653966,2022,0.1222328244274809,0.1119274809160305,0.0765267175572519,0.2287690839694656,1.0,0.0005536431951677,0.0
52.28414,-1.53665,42.72570992432823,2022,0.1629770992366412,0.149236641221374,0.0382633587786259,0.2137833484224225,0.3125333333333334,0.0099655775130199,0.0
52.2843,-1.53489,21.11874672077519,2022,0.0407442748091603,0.0373091603053435,0.0382633587786259,0.2073552565956646,0.3488805970149253,0.0249139437825497,-0.0023854961832061
52.28377,-1.5404,44.886612124251336,2022,0.1629770992366412,0.149236641221374,0.0382633587786259,0.2223015559965312,0.4425925925925925,0.0,0.0
52.2866,-1.54848,46.08995231390744,2022,0.1222328244274809,0.149236641221374,0.0765267175572519,0.227428254999467,0.4705882352941176,0.0011072863903355,0.0047709923664122
52.29140349999999,-1.5782611,42.31393129770992,2022,0.0814885496183206,0.074618320610687,0.0382633587786259,0.2287690839694656,1.0,0.0,0.0
52.28624,-1.53316,33.76142869530913,2022,0.1222328244274809,0.074618320610687,0.0382633587786259,0.2062510445027245,0.3734875444839858,0.0254675869777175,0.0
52.2818,-1.53485,30.512188848368147,2022,0.1018606870229007,0.074618320610687,0.0382633587786259,0.2188311751330054,0.3649402390438247,0.0105192207081876,0.0
52.28959,-1.55339,36.44343144959771,2022,0.0814885496183206,0.074618320610687,0.1147900763358778,0.2261662983218213,0.403030303030303,0.0,0.0023854961832061
52.2851,-1.56291,48.3840437298358,2022,0.1222328244274809,0.149236641221374,0.0765267175572519,0.226324042906527,0.5693548387096774,0.002214572780671,0.0047709923664122
52.2762849,-1.5356019,32.910828047729865,2022,0.1222328244274809,0.074618320610687,0.0382633587786259,0.2204086209800626,0.4214285714285714,0.0011072863903355,0.0
52.28728,-1.53574,44.50439019149656,2022,0.1222328244274809,0.149236641221374,0.0765267175572519,0.2092481916121331,0.3721991701244813,0.014394723074362,0.0047709923664122
52.28541,-1.55786,44.19058605320746,2022,0.1629770992366412,0.149236641221374,0.0382633587786259,0.2285719032385834,0.4,0.0,0.0
52.28725,-1.53562,44.50385749721382,2022,0.1222328244274809,0.149236641221374,0.0765267175572519,0.2091693193197803,0.3723140495867769,0.014394723074362,0.0047709923664122
52.2899,-1.53796,39.84916692968286,2022,0.1222328244274809,0.074618320610687,0.0765267175572519,0.2073552565956646,0.4992481203007519,0.0215920846115431,0.0
52.28806,-1.56727,44.61647723444944,2022,0.1629770992366412,0.149236641221374,0.0382633587786259,0.2236423849665298,0.4253846153846153,0.0005536431951677,0.0
52.28694,-1.53704,39.2550011896706,2022,0.1018606870229007,0.1305820610687022,0.0765267175572519,0.2095636807815446,0.3618448637316562,0.0077510047323488,0.0
52.27543,-1.52666,48.54146077025055,2022,0.1629770992366412,0.149236641221374,0.0765267175572519,0.2241944910129998,0.4131578947368421,0.0016609295855033,0.0023854961832061
52.28681,-1.56078,44.14957679216895,2022,0.1222328244274809,0.149236641221374,0.0765267175572519,0.2251409585212341,0.3793478260869565,0.0033218591710066,0.0047709923664122
52.2948,-1.53725,36.27284492425187,2022,0.1222328244274809,0.074618320610687,0.0765267175572519,0.2145720713459511,0.3802898550724637,0.0077510047323488,0.0
52.27632,-1.5322,48.83965028938543,2022,0.1629770992366412,0.149236641221374,0.0765267175572519,0.2173326015783011,0.432280701754386,0.0033218591710066,0.0023854961832061
52.28503,-1.53542,20.42444461720072,2022,0.0407442748091603,0.0373091603053435,0.0382633587786259,0.207946798788311,0.3384615384615385,0.0199311550260398,-0.0023854961832061
52.28789,-1.54591,44.91729316168002,2022,0.1222328244274809,0.149236641221374,0.0765267175572519,0.227704308022702,0.4185185185185185,0.0011072863903355,0.0047709923664122
52.2875364,-1.541341,30.772895923826688,2022,0.0814885496183206,0.1119274809160305,0.0382633587786259,0.2235635126741769,0.3434108527131783,0.0016609295855033,-0.0023854961832061
52.27641,-1.52057,34.18652688559185,2022,0.1222328244274809,0.1119274809160305,0.0382633587786259,0.2232480235047655,0.3085714285714285,0.0005536431951677,0.0
52.28444,-1.53546,23.41496908770094,2022,0.0611164122137404,0.0466364503816793,0.0382633587786259,0.2074735650341938,0.3402255639097745,0.0199311550260398,-0.0023854961832061
52.28617,-1.55979,47.34882474929547,2022,0.1222328244274809,0.149236641221374,0.0765267175572519,0.2282958502153484,0.5166666666666667,0.0027682159758388,0.0047709923664122
52.28582,-1.53308,34.31000868856126,2022,0.1222328244274809,0.074618320610687,0.0382633587786259,0.2090115747350746,0.3603658536585366,0.0326649485148985,0.0
52.29094,-1.57684,54.00097500653966,2022,0.1222328244274809,0.1119274809160305,0.0765267175572519,0.2287690839694656,1.0,0.0005536431951677,0.0
52.28051,-1.53824,30.755305182860894,2022,0.1222328244274809,0.074618320610687,0.0382633587786259,0.2240367464282941,0.3233333333333333,0.0,0.0
52.28776,-1.56568,44.69081650958117,2022,0.1629770992366412,0.149236641221374,0.0382633587786259,0.2230902789200598,0.417361111111111,0.0033218591710066,0.0
52.28514,-1.53637,19.29840934464507,2022,0.0407442748091603,0.0373091603053435,0.0382633587786259,0.2142960183227161,0.3146408839779006,0.0116265070985232,-0.0023854961832061
52.2907119,-1.5829859,42.31393129770992,2022,0.0814885496183206,0.074618320610687,0.0382633587786259,0.2287690839694656,1.0,0.0,0.0
52.28552,-1.56332,47.86878600110349,2022,0.1222328244274809,0.149236641221374,0.0765267175572519,0.2261662983218213,0.546969696969697,0.002214572780671,0.0047709923664122
52.29034,-1.57535,50.260516991272496,2022,0.0814885496183206,0.074618320610687,0.1147900763358778,0.2287690839694656,1.0,0.0005536431951677,0.0023854961832061
52.28754,-1.53444,33.06065145789324,2022,0.1222328244274809,0.074618320610687,0.0382633587786259,0.209051010881251,0.3746887966804979,0.0171629390502009,0.0
52.2889352,-1.5379752,46.734199164664325,2022,0.1222328244274809,0.149236641221374,0.0765267175572519,0.2126397001833061,0.4719298245614035,0.0166092958550331,0.0023854961832061
52.28261,-1.55083,47.67459557394441,2022,0.1629770992366412,0.149236641221374,0.0382633587786259,0.2259691175909391,0.5563380281690141,0.0005536431951677,0.0
52.29016,-1.5435,36.3493531575026,2022,0.0814885496183206,0.074618320610687,0.1147900763358778,0.2247465970594698,0.394,0.0016609295855033,0.0023854961832061
52.27932,-1.54493,34.40012096252451,2022,0.1222328244274809,0.074618320610687,0.0382633587786259,0.226876148952997,0.4604166666666667,0.0044291455613421,0.0
52.2935,-1.53832,38.5995678719251,2022,0.1222328244274809,0.074618320610687,0.0765267175572519,0.2103918398512496,0.4484375,0.0182702254405364,0.0
52.28554,-1.55808,46.71319994841637,2022,0.1222328244274809,0.149236641221374,0.0765267175572519,0.2287296478232892,0.5,0.0,0.0047709923664122
52.29026,-1.58006,53.945610687022906,2022,0.1222328244274809,0.1119274809160305,0.0765267175572519,0.2287690839694656,1.0,0.0,0.0
52.2902,-1.54262,35.9027390045114,2022,0.0814885496183206,0.074618320610687,0.1147900763358778,0.223839565697412,0.373170731707317,0.002214572780671,0.0023854961832061
52.27963,-1.5455,37.231724972743024,2022,0.1222328244274809,0.074618320610687,0.0382633587786259,0.2237606934050591,0.5859504132231405,0.0060900751468454,0.0
52.28398,-1.53688,42.43799467846701,2022,0.1629770992366412,0.149236641221374,0.0382633587786259,0.2157157195850675,0.3015290519877676,0.0088582911226843,0.0
52.28613,-1.53312,32.51119316635098,2022,0.0950699745547073,0.074618320610687,0.0510178117048346,0.2085383409809574,0.3617821782178217,0.026574873368053,0.0023854961832061
52.286249,-1.570058,41.29826946485234,2022,0.1222328244274809,0.074618320610687,0.1147900763358778,0.2277831803150549,0.432,0.0005536431951677,0.0023854961832061
52.28788,-1.56659,37.56114520328437,2022,0.0814885496183206,0.074618320610687,0.1147900763358778,0.2241944910129998,0.446551724137931,0.002214572780671,0.0023854961832061
52.28245,-1.54654,49.13150731015187,2022,0.1629770992366412,0.149236641221374,0.0382633587786259,0.2240761825744705,0.6186440677966102,0.002214572780671,0.0
52.28702,-1.53692,34.77760127976739,2022,0.1018606870229007,0.1026001908396946,0.0573950381679389,0.2103524037050732,0.375054704595186,0.0094119343178521,-0.0023854961832061
52.28773,-1.53487,29.24401671325354,2022,0.0814885496183206,0.074618320610687,0.0382633587786259,0.2092876277583096,0.3865828092243187,0.0171629390502009,0.0
52.28842,-1.53515,34.37980962982318,2022,0.1222328244274809,0.074618320610687,0.0382633587786259,0.209051010881251,0.4219008264462809,0.0204847982212075,0.0
52.28960319999999,-1.5530564,40.51785893051374,2022,0.1222328244274809,0.074618320610687,0.1147900763358778,0.2261662983218213,0.403030303030303,0.0,0.0023854961832061
52.27956,-1.54404,33.54935089666377,2022,0.1222328244274809,0.074618320610687,0.0382633587786259,0.2252198308135869,0.4211111111111111,0.0055364319516777,0.0
52.28908,-1.53848,32.90951885229701,2022,0.1018606870229007,0.0559637404580152,0.0573950381679389,0.2098397338047796,0.4547974413646055,0.0160556526598654,0.0023854961832061
52.27458,-1.52582,47.58439320886171,2022,0.1629770992366412,0.149236641221374,0.0765267175572519,0.2236818211127062,0.3713178294573643,0.0016609295855033,0.0023854961832061
52.28942,-1.53777,39.36190891674142,2022,0.1222328244274809,0.074618320610687,0.0765267175572519,0.2089327024427217,0.4880566801619433,0.0182702254405364,0.0
52.2867355,-1.5244127,30.146306836576446,2022,0.0814885496183206,0.074618320610687,0.0382633587786259,0.2222226837041784,0.4719512195121951,0.002214572780671,0.0
52.28638,-1.53128,29.41069043139231,2022,0.0814885496183206,0.074618320610687,0.0382633587786259,0.2086566494194867,0.3806387225548902,0.0226993710018786,-0.0023854961832061
52.28506,-1.5523,47.95239391028844,2022,0.1222328244274809,0.149236641221374,0.0765267175572519,0.2284535948000542,0.55,0.0011072863903355,0.0047709923664122
52.28874,-1.56179,35.13047304468499,2022,0.0814885496183206,0.074618320610687,0.1147900763358778,0.2209607270265326,0.3380710659898477,0.0033218591710066,0.0023854961832061
52.28662,-1.56082,44.04053362948069,2022,0.1629770992366412,0.149236641221374,0.0382633587786259,0.2259296814447627,0.3833333333333333,0.0033218591710066,0.0
52.29084,-1.57659,50.260516991272496,2022,0.0814885496183206,0.074618320610687,0.1147900763358778,0.2287690839694656,1.0,0.0005536431951677,0.0023854961832061
52.28502,-1.55704,45.27156232975428,2022,0.1222328244274809,0.149236641221374,0.0765267175572519,0.2284535948000542,0.4375,0.0,0.0047709923664122
52.29121,-1.57794,50.260516991272496,2022,0.0814885496183206,0.074618320610687,0.1147900763358778,0.2287690839694656,1.0,0.0005536431951677,0.0023854961832061
52.2853,-1.53361,34.12011352925587,2022,0.0814885496183206,0.074618320610687,0.0765267175572519,0.2064876613797831,0.3702702702702702,0.0321113053197308,0.0
52.27633,-1.52121,34.083534805635686,2022,0.1222328244274809,0.1119274809160305,0.0382633587786259,0.2237606934050591,0.3007874015748031,0.0011072863903355,0.0
52.28727,-1.56382,44.75430596630396,2022,0.1629770992366412,0.149236641221374,0.0382633587786259,0.2220255029732962,0.4222222222222222,0.0033218591710066,0.0
52.272517,-1.526155,33.52784290004721,2022,0.1222328244274809,0.074618320610687,0.0382633587786259,0.2254564476906455,0.4369047619047618,0.0016609295855033,0.0
52.28958,-1.55344,36.37962854522318,2022,0.0814885496183206,0.074618320610687,0.1147900763358778,0.2262846067603506,0.4,0.0,0.0023854961832061
52.28249,-1.55023,46.96430270778273,2022,0.1629770992366412,0.149236641221374,0.0382633587786259,0.2254170115444691,0.5261904761904762,0.0005536431951677,0.0
52.28252,-1.55016,47.02978079477352,2022,0.1629770992366412,0.149236641221374,0.0382633587786259,0.224943777790352,0.5302083333333333,0.0005536431951677,0.0
52.28226,-1.54954,47.75734482827349,2022,0.1629770992366412,0.149236641221374,0.0382633587786259,0.2259691175909391,0.5599999999999999,0.0005536431951677,0.0
52.27635,-1.53088,48.93840255058449,2022,0.1629770992366412,0.149236641221374,0.0765267175572519,0.2175297823091833,0.4364285714285714,0.0033218591710066,0.0023854961832061
52.28653,-1.53332,32.25978009726494,2022,0.0950699745547073,0.074618320610687,0.0510178117048346,0.2083411602500753,0.3713163064833006,0.0221457278067108,0.0023854961832061
52.28131,-1.53498,31.789205311181234,2022,0.1222328244274809,0.074618320610687,0.0382633587786259,0.2215128330730026,0.3586956521739131,0.0033218591710066,0.0
52.29014,-1.58454,53.945610687022906,2022,0.1222328244274809,0.1119274809160305,0.0765267175572519,0.2287690839694656,1.0,0.0,0.0
52.28211,-1.54861,48.95651110177649,2022,0.1629770992366412,0.149236641221374,0.0382633587786259,0.2264423513450563,0.6068965517241379,0.0016609295855033,0.0
52.28538,-1.53146,30.08153147788007,2022,0.0814885496183206,0.074618320610687,0.0382633587786259,0.2055806300177252,0.3731833910034602,0.0321113053197308,-0.0023854961832061
52.29001,-1.57894,53.945610687022906,2022,0.1222328244274809,0.1119274809160305,0.0765267175572519,0.2287690839694656,1.0,0.0,0.0
52.28315,-1.55396,44.85403669190634,2022,0.1629770992366412,0.149236641221374,0.0382633587786259,0.227152201976232,0.4317073170731708,0.0,0.0
52.2859,-1.55897,47.18273179074513,2022,0.1222328244274809,0.149236641221374,0.0765267175572519,0.2282958502153484,0.5166666666666667,0.0011072863903355,0.0047709923664122
52.28726,-1.53566,44.50439019149656,2022,0.1222328244274809,0.149236641221374,0.0765267175572519,0.2092481916121331,0.3721991701244813,0.014394723074362,0.0047709923664122
52.28788,-1.56656,45.28061085213933,2022,0.1629770992366412,0.149236641221374,0.0382633587786259,0.2241944910129998,0.446551724137931,0.002214572780671,0.0
52.27509,-1.52648,48.18227939801346,2022,0.1629770992366412,0.149236641221374,0.0765267175572519,0.2249832139365284,0.3957446808510638,0.0016609295855033,0.0023854961832061
52.2936,-1.53702,39.090763616217,2022,0.1222328244274809,0.074618320610687,0.0765267175572519,0.2088143940041924,0.4435318275154004,0.0249139437825497,0.0
52.290809,-1.5830862,42.31393129770992,2022,0.0814885496183206,0.074618320610687,0.0382633587786259,0.2287690839694656,1.0,0.0,0.0
52.28253,-1.55049,47.02068574886195,2022,0.1629770992366412,0.149236641221374,0.0382633587786259,0.2249043416441755,0.5298969072164949,0.0005536431951677,0.0
52.28354,-1.54218,47.51953488368532,2022,0.1629770992366412,0.149236641221374,0.0382633587786259,0.2222621198503548,0.5536585365853658,0.0016609295855033,0.0
52.29226,-1.5382,39.5552328239335,2022,0.1222328244274809,0.074618320610687,0.0765267175572519,0.2003356225762602,0.4661428571428571,0.0287894461487241,0.0
52.2865,-1.53728,19.26408609638105,2022,0.0407442748091603,0.0373091603053435,0.0382633587786259,0.2135072953991875,0.3479057591623037,0.0044291455613421,-0.0023854961832061
52.28223,-1.5349,31.00834001503995,2022,0.1018606870229007,0.074618320610687,0.0382633587786259,0.2164255702162432,0.3637820512820512,0.0166092958550331,0.0
52.27637,-1.52971,48.87961640201749,2022,0.1629770992366412,0.149236641221374,0.0765267175572519,0.2177269630400654,0.4333333333333333,0.0033218591710066,0.0023854961832061
52.28729,-1.5341,37.367885685887074,2022,0.1018606870229007,0.1119274809160305,0.0573950381679389,0.2095636807815446,0.379957805907173,0.0204847982212075,0.0023854961832061
52.28774,-1.53234,39.82519745264616,2022,0.1018606870229007,0.1119274809160305,0.0765267175572519,0.210155222974191,0.3855263157894737,0.0221457278067108,0.0047709923664122
52.28969,-1.55026,36.86686961910882,2022,0.0814885496183206,0.074618320610687,0.1147900763358778,0.2256141922753513,0.4227848101265823,0.0,0.0023854961832061
52.29097,-1.58302,53.945610687022906,2022,0.1222328244274809,0.1119274809160305,0.0765267175572519,0.2287690839694656,1.0,0.0,0.0
52.28967,-1.55088,36.26558113419539,2022,0.0814885496183206,0.074618320610687,0.1147900763358778,0.225495883836822,0.3963414634146341,0.0,0.0023854961832061
52.28218,-1.54736,49.13150731015187,2022,0.1629770992366412,0.149236641221374,0.0382633587786259,0.2240761825744705,0.6186440677966102,0.002214572780671,0.0
52.29612,-1.53701,38.4252140783366,2022,0.1222328244274809,0.074618320610687,0.0765267175572519,0.2276648718765256,0.4821428571428571,0.0011072863903355,0.0
52.29117,-1.57778,57.97998264012746,2022,0.1629770992366412,0.149236641221374,0.0382633587786259,0.2287690839694656,1.0,0.0005536431951677,0.0
52.28574,-1.53636,23.324862871732023,2022,0.0611164122137404,0.0513000954198473,0.0430462786259541,0.2147692520768332,0.3139999999999999,0.0127337934888587,-0.0023854961832061
52.29023,-1.57507,54.00097500653966,2022,0.1222328244274809,0.1119274809160305,0.0765267175572519,0.2287690839694656,1.0,0.0005536431951677,0.0
52.28958,-1.55372,36.37962854522318,2022,0.0814885496183206,0.074618320610687,0.1147900763358778,0.2262846067603506,0.4,0.0,0.0023854961832061
52.28656,-1.56379,45.19454087424428,2022,0.1222328244274809,0.149236641221374,0.0765267175572519,0.2224987367274133,0.430817610062893,0.0033218591710066,0.0047709923664122
52.28726,-1.56413,44.75430596630396,2022,0.1629770992366412,0.149236641221374,0.0382633587786259,0.2220255029732962,0.4222222222222222,0.0033218591710066,0.0
52.28799,-1.54528,45.34892571396029,2022,0.1222328244274809,0.149236641221374,0.0765267175572519,0.2271916381224084,0.4384615384615385,0.0011072863903355,0.0047709923664122
52.29057,-1.58019,57.92461832061069,2022,0.1629770992366412,0.149236641221374,0.0382633587786259,0.2287690839694656,1.0,0.0,0.0
52.28695,-1.53701,34.36046092903472,2022,0.1018606870229007,0.1026001908396946,0.0573950381679389,0.2095636807815446,0.3618448637316562,0.0083046479275165,-0.0023854961832061
52.28565,-1.54992,46.375999693795976,2022,0.1222328244274809,0.149236641221374,0.0765267175572519,0.2273493827071142,0.4833333333333333,0.0011072863903355,0.0047709923664122
52.28665,-1.56084,44.26954126306848,2022,0.1222328244274809,0.149236641221374,0.0765267175572519,0.2259296814447627,0.3833333333333333,0.0033218591710066,0.0047709923664122
52.28679,-1.53738,19.524473721276596,2022,0.0407442748091603,0.0373091603053435,0.0382633587786259,0.2122847748677182,0.3673913043478261,0.0033218591710066,-0.0023854961832061
52.2851,-1.53618,19.723889884954403,2022,0.0407442748091603,0.0373091603053435,0.0382633587786259,0.2129946254988939,0.3261421319796954,0.0138410798791943,-0.0023854961832061
52.29631,-1.537,38.4252140783366,2022,0.1222328244274809,0.074618320610687,0.0765267175572519,0.2276648718765256,0.4821428571428571,0.0011072863903355,0.0
52.28997,-1.57908,53.945610687022906,2022,0.1222328244274809,0.1119274809160305,0.0765267175572519,0.2287690839694656,1.0,0.0,0.0
52.28475,-1.53377,31.96237254254349,2022,0.0814885496183206,0.074618320610687,0.0573950381679389,0.2060538637718424,0.3726148409893993,0.0293430893438919,0.0
52.28279,-1.55354,44.85403669190634,2022,0.1629770992366412,0.149236641221374,0.0382633587786259,0.227152201976232,0.4317073170731708,0.0,0.0
52.28309,-1.54473,47.35978770483671,2022,0.1629770992366412,0.149236641221374,0.0382633587786259,0.2235240765280005,0.5409090909090909,0.002214572780671,0.0
52.27645,-1.51993,33.32911835536716,2022,0.1222328244274809,0.1119274809160305,0.0382633587786259,0.2247860332056463,0.2683168316831683,0.0005536431951677,0.0
52.28211,-1.53491,30.676154097939285,2022,0.1018606870229007,0.074618320610687,0.0382633587786259,0.2164255702162432,0.3637820512820512,0.0132874366840265,0.0
52.28509,-1.5357,20.186254694442603,2022,0.0407442748091603,0.0373091603053435,0.0382633587786259,0.2125608278909532,0.3277227722772277,0.0182702254405364,-0.0023854961832061
52.28729,-1.53337,33.08816931821546,2022,0.0814885496183206,0.074618320610687,0.0765267175572519,0.2103524037050732,0.3749450549450549,0.019377511830872,0.0
52.2856,-1.56199,47.29346042977869,2022,0.1222328244274809,0.149236641221374,0.0765267175572519,0.2282958502153484,0.5166666666666667,0.002214572780671,0.0047709923664122
52.289077,-1.5384772,44.56147495916724,2022,0.1222328244274809,0.1305820610687022,0.0813096374045801,0.2098397338047796,0.4547974413646055,0.0160556526598654,0.0
52.28835,-1.56838,38.35154027373169,2022,0.0814885496183206,0.074618320610687,0.1147900763358778,0.2249832139365284,0.4875,0.0005536431951677,0.0023854961832061
52.28392,-1.53917,44.55819222197396,2022,0.1629770992366412,0.149236641221374,0.0382633587786259,0.2211184716112383,0.4276041666666667,0.0005536431951677,0.0
52.2883539,-1.5380516,45.43715810015888,2022,0.1222328244274809,0.149236641221374,0.0765267175572519,0.2157157195850675,0.4127725856697819,0.0149483662695298,0.0023854961832061
52.2913,-1.57814,54.00097500653966,2022,0.1222328244274809,0.1119274809160305,0.0765267175572519,0.2287690839694656,1.0,0.0005536431951677,0.0
52.2853,-1.53665,19.297165842929665,2022,0.0407442748091603,0.0373091603053435,0.0382633587786259,0.2154396665618325,0.3129129129129129,0.0116265070985232,-0.0023854961832061
52.28827,-1.53619,28.68810235730969,2022,0.0814885496183206,0.0652910305343511,0.0382633587786259,0.2092087554659567,0.4029106029106029,0.0199311550260398,-0.0023854961832061
52.28712,-1.53468,44.65790215085418,2022,0.1222328244274809,0.149236641221374,0.0765267175572519,0.2096819892200739,0.3761099365750528,0.0149483662695298,0.0047709923664122
52.28023,-1.54084,31.734482538316204,2022,0.1222328244274809,0.074618320610687,0.0382633587786259,0.2231297150662362,0.3685314685314685,0.0,0.0
52.28406,-1.53513,39.48729726758796,2022,0.1256281806615775,0.1150365776081424,0.0637722646310432,0.2085777771271338,0.3476284584980237,0.0226993710018786,-0.0047709923664122
52.28972,-1.5501,36.86686961910882,2022,0.0814885496183206,0.074618320610687,0.1147900763358778,0.2256141922753513,0.4227848101265823,0.0,0.0023854961832061
52.27902,-1.54565,38.440776939043495,2022,0.1222328244274809,0.074618320610687,0.0382633587786259,0.2225776090197662,0.6384105960264901,0.007197361537181,0.0
52.28486,-1.53346,31.817202134844912,2022,0.0814885496183206,0.074618320610687,0.0573950381679389,0.2055017577253724,0.3665517241379311,0.0293430893438919,0.0
52.28779,-1.5352,29.1668107981227,2022,0.0814885496183206,0.074618320610687,0.0382633587786259,0.209327063904486,0.3907563025210084,0.0155020094646976,0.0
52.28736,-1.53318,39.399734844756,2022,0.1018606870229007,0.1119274809160305,0.0765267175572519,0.2099186060971325,0.3736051502145923,0.0204847982212075,0.0047709923664122
52.28251,-1.55001,47.75734482827349,2022,0.1629770992366412,0.149236641221374,0.0382633587786259,0.2259691175909391,0.5599999999999999,0.0005536431951677,0.0
52.28549,-1.56326,47.81508307583922,2022,0.1222328244274809,0.149236641221374,0.0765267175572519,0.2259691175909391,0.5450704225352113,0.002214572780671,0.0047709923664122
52.28633,-1.56024,47.17518143522446,2022,0.1629770992366412,0.149236641221374,0.0382633587786259,0.2282958502153484,0.5166666666666667,0.0033218591710066,0.0
52.29599,-1.5374,37.72764337359174,2022,0.1222328244274809,0.074618320610687,0.0765267175572519,0.2263634790527034,0.4540983606557377,0.0011072863903355,0.0
52.28653,-1.56066,43.835463321973606,2022,0.1629770992366412,0.149236641221374,0.0382633587786259,0.2265606597835856,0.3732142857142856,0.0033218591710066,0.0
52.28097,-1.53633,30.92351137468855,2022,0.1222328244274809,0.074618320610687,0.0382633587786259,0.2230114066277069,0.3273972602739726,0.0011072863903355,0.0
52.28991,-1.5792,53.945610687022906,2022,0.1222328244274809,0.1119274809160305,0.0765267175572519,0.2287690839694656,1.0,0.0,0.0
52.29311,-1.53828,38.60692104738448,2022,0.1222328244274809,0.074618320610687,0.0765267175572519,0.2049890878250788,0.4552136752136752,0.019377511830872,0.0
52.27856,-1.54559,38.39548520026682,2022,0.1222328244274809,0.074618320610687,0.0382633587786259,0.2224987367274133,0.6366013071895426,0.007197361537181,0.0
52.27856,-1.54535,38.28475656123327,2022,0.1222328244274809,0.074618320610687,0.0382633587786259,0.2224987367274133,0.6366013071895426,0.0060900751468454,0.0
52.27642,-1.52697,48.471073296065406,2022,0.1629770992366412,0.149236641221374,0.0765267175572519,0.2221438114118255,0.4187878787878787,0.0005536431951677,0.0023854961832061
52.28726,-1.5356,44.50385749721382,2022,0.1222328244274809,0.149236641221374,0.0765267175572519,0.2091693193197803,0.3723140495867769,0.014394723074362,0.0047709923664122
52.28616,-1.54912,46.04769903503003,2022,0.1222328244274809,0.149236641221374,0.0765267175572519,0.2277831803150549,0.4679999999999999,0.0011072863903355,0.0047709923664122
52.29012,-1.54394,36.774590337995065,2022,0.0814885496183206,0.074618320610687,0.1147900763358778,0.2253775753982927,0.4117647058823529,0.0016609295855033,0.0023854961832061
52.28508,-1.53553,20.479808936717497,2022,0.0407442748091603,0.0373091603053435,0.0382633587786259,0.207946798788311,0.3384615384615385,0.0204847982212075,-0.0023854961832061
52.2812049,-1.5469286,33.01161604821317,2022,0.0814885496183206,0.074618320610687,0.0382633587786259,0.2226959174582955,0.5764705882352941,0.0049827887565099,0.0023854961832061
52.28985,-1.54662,36.18671494983725,2022,0.0814885496183206,0.0932729007633587,0.0956583969465648,0.2260874260294684,0.4044776119402985,0.0,0.0
52.28937,-1.55954,35.487323909043226,2022,0.0814885496183206,0.074618320610687,0.1147900763358778,0.2217494499500612,0.3579545454545454,0.002214572780671,0.0023854961832061
52.28909,-1.53767,39.02671801804351,2022,0.1222328244274809,0.074618320610687,0.0765267175572519,0.2070792035724296,0.4842592592592593,0.0166092958550331,0.0
52.27924,-1.54296,33.32789361859666,2022,0.1222328244274809,0.074618320610687,0.0382633587786259,0.2252198308135869,0.4211111111111111,0.0033218591710066,0.0
52.28705,-1.56206,44.91137480446207,2022,0.1629770992366412,0.149236641221374,0.0382633587786259,0.2222226837041784,0.4289156626506024,0.0033218591710066,0.0
52.27626,-1.53483,48.68718921348844,2022,0.1629770992366412,0.149236641221374,0.0765267175572519,0.2211579077574147,0.4229166666666667,0.002214572780671,0.0023854961832061
52.28742,-1.56498,37.18127471853235,2022,0.0814885496183206,0.074618320610687,0.1147900763358778,0.2227353536044719,0.4274509803921568,0.0033218591710066,0.0023854961832061
52.28616,-1.54906,46.04769903503003,2022,0.1222328244274809,0.149236641221374,0.0765267175572519,0.2277831803150549,0.4679999999999999,0.0011072863903355,0.0047709923664122
52.29125,-1.57803,57.97998264012746,2022,0.1629770992366412,0.149236641221374,0.0382633587786259,0.2287690839694656,1.0,0.0005536431951677,0.0
52.28534,-1.53664,19.297165842929665,2022,0.0407442748091603,0.0373091603053435,0.0382633587786259,0.2154396665618325,0.3129129129129129,0.0116265070985232,-0.0023854961832061
52.29302,-1.53706,31.78644199882717,2022,0.0814885496183206,0.074618320610687,0.0382633587786259,0.2016370154000823,0.4834080717488789,0.0260212301728853,0.0
52.28866,-1.56201,34.916646630768426,2022,0.0814885496183206,0.074618320610687,0.1147900763358778,0.2209607270265326,0.3258883248730965,0.0038755023661744,0.0023854961832061
52.28732,-1.5474,44.86425266666206,2022,0.1222328244274809,0.149236641221374,0.0765267175572519,0.2278226164612313,0.4208333333333333,0.0,0.0047709923664122
52.28273,-1.53471,30.73279209284899,2022,0.1018606870229007,0.074618320610687,0.0382633587786259,0.2135861676915404,0.353125,0.0171629390502009,0.0
52.2844,-1.53153,29.997407067485188,2022,0.0814885496183206,0.074618320610687,0.0382633587786259,0.2047919070941967,0.3759197324414716,0.0310040189293952,-0.0023854961832061
52.28816,-1.53979,45.41925126506372,2022,0.1222328244274809,0.149236641221374,0.0765267175572519,0.2225381728735898,0.4084967320261438,0.0105192207081876,0.0047709923664122
52.27607,-1.51742,34.96143041312839,2022,0.1222328244274809,0.1119274809160305,0.0382633587786259,0.2238001295512355,0.3325396825396825,0.0027682159758388,0.0
52.28236,-1.5312424,50.28232138620277,2022,0.1629770992366412,0.149236641221374,0.0765267175572519,0.2125608278909532,0.416089108910891,0.0232530141970464,0.0023854961832061
52.28545,-1.53294,34.09758609112312,2022,0.0814885496183206,0.074618320610687,0.0765267175572519,0.2071580758647824,0.362639405204461,0.0332185917100663,0.0
52.28788,-1.53469,33.56519132646266,2022,0.1222328244274809,0.074618320610687,0.0382633587786259,0.2078284903497817,0.4011695906432749,0.0171629390502009,0.0
52.28252,-1.55296,44.85403669190634,2022,0.1629770992366412,0.149236641221374,0.0382633587786259,0.227152201976232,0.4317073170731708,0.0,0.0
52.28471,-1.55646,45.37851579102749,2022,0.142604961832061,0.149236641221374,0.0573950381679389,0.2284535948000542,0.4375,0.002214572780671,0.0023854961832061
52.28707,-1.52483,28.83356869700953,2022,0.0814885496183206,0.074618320610687,0.0382633587786259,0.2244311078900584,0.4194444444444444,0.002214572780671,-0.0023854961832061
52.28768,-1.54006,20.02322479045754,2022,0.0407442748091603,0.0373091603053435,0.0382633587786259,0.2228142258968248,0.3724137931034483,0.0033218591710066,-0.0023854961832061
52.28619,-1.56407,47.0530535071202,2022,0.1222328244274809,0.149236641221374,0.0765267175572519,0.2252987031059398,0.5079545454545454,0.0033218591710066,0.0047709923664122
52.2888,-1.57006,36.56711755310209,2022,0.0814885496183206,0.074618320610687,0.1147900763358778,0.2276254357303491,0.4034482758620689,0.0005536431951677,0.0023854961832061
52.29122,-1.57793,50.260516991272496,2022,0.0814885496183206,0.074618320610687,0.1147900763358778,0.2287690839694656,1.0,0.0005536431951677,0.0023854961832061
52.28708,-1.53386,45.11471729762906,2022,0.1222328244274809,0.149236641221374,0.0765267175572519,0.2084594686886046,0.3842942345924453,0.0182702254405364,0.0047709923664122
52.28959,-1.55337,36.44343144959771,2022,0.0814885496183206,0.074618320610687,0.1147900763358778,0.2261662983218213,0.403030303030303,0.0,0.0023854961832061
52.28749,-1.53436,33.01996505974055,2022,0.1222328244274809,0.074618320610687,0.0382633587786259,0.2095636807815446,0.3744725738396625,0.0166092958550331,0.0
52.28793,-1.53475,33.68362650953136,2022,0.1222328244274809,0.074618320610687,0.0382633587786259,0.2086172132733103,0.3973684210526316,0.0188238686357042,0.0
52.2762555,-1.5348337,30.369759188043144,2022,0.0950699745547073,0.074618320610687,0.0382633587786259,0.2211579077574147,0.4229166666666667,0.002214572780671,0.0
52.2876,-1.56522,40.71711847746764,2022,0.1222328244274809,0.1119274809160305,0.0765267175572519,0.2232085873585891,0.4198581560283688,0.0027682159758388,0.0
52.2854,-1.55777,44.19058605320746,2022,0.1629770992366412,0.149236641221374,0.0382633587786259,0.2285719032385834,0.4,0.0,0.0
52.27856,-1.54514,37.771155757574746,2022,0.1222328244274809,0.074618320610687,0.0382633587786259,0.2256141922753513,0.6075,0.0055364319516777,0.0
52.28542,-1.5579,44.419593686795245,2022,0.1222328244274809,0.149236641221374,0.0765267175572519,0.2285719032385834,0.4,0.0,0.0047709923664122
52.28245,-1.55269,44.85403669190634,2022,0.1629770992366412,0.149236641221374,0.0382633587786259,0.227152201976232,0.4317073170731708,0.0,0.0
52.281384,-1.5470501,33.066980367729954,2022,0.0814885496183206,0.074618320610687,0.0382633587786259,0.2226959174582955,0.5764705882352941,0.0055364319516777,0.0023854961832061
52.28735,-1.53417,33.29678665732443,2022,0.1222328244274809,0.074618320610687,0.0382633587786259,0.2095636807815446,0.3744725738396625,0.019377511830872,0.0
52.286249,-1.533494,37.06169488132411,2022,0.1086513994910941,0.1072638358778625,0.0526121183206106,0.2056595023100781,0.3779513888888889,0.0243603005873819,0.0
52.28038,-1.53972,30.56458882940557,2022,0.1222328244274809,0.074618320610687,0.0382633587786259,0.2239973102821177,0.3148760330578512,0.0,0.0
52.28757,-1.56476,37.12591039901557,2022,0.0814885496183206,0.074618320610687,0.1147900763358778,0.2227353536044719,0.4274509803921568,0.0027682159758388,0.0023854961832061
52.28964,-1.57311,57.97998264012746,2022,0.1629770992366412,0.149236641221374,0.0382633587786259,0.2287690839694656,1.0,0.0005536431951677,0.0
52.28332,-1.54408,49.232936164126365,2022,0.1629770992366412,0.149236641221374,0.0382633587786259,0.2224593005812369,0.630188679245283,0.0016609295855033,0.0
52.28748,-1.56509,37.03202478171725,2022,0.0814885496183206,0.074618320610687,0.1147900763358778,0.2232085873585891,0.4198581560283688,0.0033218591710066,0.0023854961832061
52.28345,-1.53435,31.68203092895575,2022,0.1018606870229007,0.074618320610687,0.0382633587786259,0.210431275997426,0.3719565217391304,0.0238066573922142,0.0
52.2793,-1.52981,37.0559746726379,2022,0.1222328244274809,0.1119274809160305,0.0382633587786259,0.2137833484224225,0.4227882037533512,0.0077510047323488,0.0
52.28557,-1.53472,32.369923456155135,2022,0.1018606870229007,0.074618320610687,0.0478291984732824,0.2094059361968389,0.3477272727272728,0.026574873368053,0.0
52.28636,-1.56032,45.470633218686544,2022,0.1222328244274809,0.149236641221374,0.0765267175572519,0.227152201976232,0.4341463414634147,0.0033218591710066,0.0047709923664122
52.2883984,-1.5382739,45.47370639393409,2022,0.1222328244274809,0.149236641221374,0.0765267175572519,0.2159523364621261,0.4140127388535032,0.0149483662695298,0.0023854961832061
52.29004,-1.57979,53.945610687022906,2022,0.1222328244274809,0.1119274809160305,0.0765267175572519,0.2287690839694656,1.0,0.0,0.0
52.27619,-1.51641,36.30369791165815,2022,0.1222328244274809,0.1119274809160305,0.0382633587786259,0.2251803946674105,0.3901098901098901,0.0027682159758388,0.0
52.2899038,-1.579364,42.31393129770992,2022,0.0814885496183206,0.074618320610687,0.0382633587786259,0.2287690839694656,1.0,0.0,0.0
52.28766,-1.56437,37.06463557256888,2022,0.0814885496183206,0.074618320610687,0.1147900763358778,0.2229325343353541,0.4243243243243243,0.0027682159758388,0.0023854961832061
52.2840609,-1.5351349,32.321266733236826,2022,0.0916746183206106,0.0932729007633587,0.0478291984732824,0.2085777771271338,0.3476284584980237,0.0226993710018786,-0.0047709923664122
52.284,-1.53412,38.693862942919566,2022,0.1273258587786259,0.0979365458015267,0.0573950381679389,0.2066059698183124,0.3688969258589512,0.0304503757342274,-0.0023854961832061
52.28551,-1.5365,19.37611990583157,2022,0.0407442748091603,0.0373091603053435,0.0382633587786259,0.2140594014456575,0.3160326086956521,0.0121801502936909,-0.0023854961832061
52.28715,-1.53747,43.98272026806643,2022,0.1222328244274809,0.149236641221374,0.0765267175572519,0.2121270302830125,0.3869249394673123,0.0049827887565099,0.0047709923664122
52.2794,-1.54578,37.34245361177658,2022,0.1222328244274809,0.074618320610687,0.0382633587786259,0.2237606934050591,0.5859504132231405,0.007197361537181,0.0
52.29031,-1.53654,32.54543280876556,2022,0.0814885496183206,0.074618320610687,0.0382633587786259,0.1975356561977337,0.5010376134889754,0.0321113053197308,0.0
52.28683,-1.53357,30.698810863756208,2022,0.0814885496183206,0.074618320610687,0.0573950381679389,0.2042398010477266,0.370983606557377,0.0177165822453687,0.0
52.28372,-1.53421,32.254652265186664,2022,0.1018606870229007,0.074618320610687,0.0382633587786259,0.2083411602500753,0.3792563600782778,0.0287894461487241,0.0
52.28582,-1.55874,46.95372415715735,2022,0.1629770992366412,0.149236641221374,0.0382633587786259,0.2282958502153484,0.5166666666666667,0.0011072863903355,0.0
52.29414,-1.53713,38.782828032528734,2022,0.1222328244274809,0.074618320610687,0.0765267175572519,0.2096819892200739,0.4454935622317596,0.0210384414163753,0.0
52.27959,-1.54576,37.45318225081013,2022,0.1222328244274809,0.074618320610687,0.0382633587786259,0.2237606934050591,0.5859504132231405,0.0083046479275165,0.0
52.28443,-1.55604,45.2640119742336,2022,0.1629770992366412,0.149236641221374,0.0382633587786259,0.2284535948000542,0.4375,0.002214572780671,0.0
52.28238,-1.54998,47.75734482827349,2022,0.1629770992366412,0.149236641221374,0.0382633587786259,0.2259691175909391,0.5599999999999999,0.0005536431951677,0.0
52.28592,-1.56422,46.72733637163235,2022,0.1222328244274809,0.149236641221374,0.0765267175572519,0.2250620862288812,0.498936170212766,0.002214572780671,0.0047709923664122
52.28702,-1.53322,33.05487095431238,2022,0.0814885496183206,0.074618320610687,0.0765267175572519,0.2075918734727231,0.3783269961977186,0.019377511830872,0.0
52.28574,-1.56431,47.441998552263925,2022,0.1222328244274809,0.149236641221374,0.0765267175572519,0.2254564476906455,0.5297619047619048,0.002214572780671,0.0047709923664122
52.28652,-1.54854,46.08995231390744,2022,0.1222328244274809,0.149236641221374,0.0765267175572519,0.227428254999467,0.4705882352941176,0.0011072863903355,0.0047709923664122
52.28799,-1.53174,39.45334966932187,2022,0.1018606870229007,0.1119274809160305,0.0765267175572519,0.2157157195850675,0.3737499999999999,0.0188238686357042,0.0047709923664122
52.29009,-1.53802,40.16719798201072,2022,0.1222328244274809,0.074618320610687,0.0765267175572519,0.206566533672136,0.4951086956521739,0.0260212301728853,0.0
52.28791,-1.5347,33.56519132646266,2022,0.1222328244274809,0.074618320610687,0.0382633587786259,0.2078284903497817,0.4011695906432749,0.0171629390502009,0.0
52.2901428,-1.5845361,48.17748091603053,2022,0.1018606870229007,0.074618320610687,0.0765267175572519,0.2287690839694656,1.0,0.0,0.0
52.28492,-1.53438,33.51924705988251,2022,0.1222328244274809,0.074618320610687,0.0382633587786259,0.2064876613797831,0.3613309352517985,0.0254675869777175,0.0
52.27638,-1.52292,34.46332230992789,2022,0.1222328244274809,0.1119274809160305,0.0382633587786259,0.2223804282888841,0.3222222222222222,0.0005536431951677,0.0
52.2930159,-1.5370596,51.528808411040906,2022,0.142604961832061,0.1678912213740458,0.0765267175572519,0.2016370154000823,0.4834080717488789,0.0260212301728853,0.0047709923664122
52.28712,-1.53681,34.523023812823865,2022,0.1018606870229007,0.0994910941475826,0.0573950381679389,0.2104707121436025,0.3748898678414097,0.0099655775130199,-0.0023854961832061
52.28968,-1.55082,36.45224434627723,2022,0.0814885496183206,0.074618320610687,0.1147900763358778,0.2258113730062334,0.404054054054054,0.0,0.0023854961832061
52.28855,-1.53626,30.54963595683787,2022,0.0814885496183206,0.074618320610687,0.0382633587786259,0.2078679264959581,0.438715953307393,0.0199311550260398,0.0
52.29095,-1.58167,53.945610687022906,2022,0.1222328244274809,0.1119274809160305,0.0765267175572519,0.2287690839694656,1.0,0.0,0.0
52.28434,-1.55584,45.42090758634802,2022,0.1629770992366412,0.149236641221374,0.0382633587786259,0.2284141586538777,0.4444444444444445,0.002214572780671,0.0
52.29081,-1.58082,53.945610687022906,2022,0.1222328244274809,0.1119274809160305,0.0765267175572519,0.2287690839694656,1.0,0.0,0.0
52.28248,-1.55001,47.75734482827349,2022,0.1629770992366412,0.149236641221374,0.0382633587786259,0.2259691175909391,0.5599999999999999,0.0005536431951677,0.0
52.28806,-1.54344,43.895514307449766,2022,0.1222328244274809,0.149236641221374,0.0765267175572519,0.2250620862288812,0.3706521739130434,0.0027682159758388,0.0047709923664122
52.28629,-1.54861,46.08995231390744,2022,0.1222328244274809,0.149236641221374,0.0765267175572519,0.227428254999467,0.4705882352941176,0.0011072863903355,0.0047709923664122
52.28275,-1.55349,44.85403669190634,2022,0.1629770992366412,0.149236641221374,0.0382633587786259,0.227152201976232,0.4317073170731708,0.0,0.0
52.27627,-1.5342,48.45529285871773,2022,0.1629770992366412,0.149236641221374,0.0765267175572519,0.2187523028406526,0.4119047619047619,0.0033218591710066,0.0023854961832061
52.2863,-1.53189,29.515428415339716,2022,0.0814885496183206,0.074618320610687,0.0382633587786259,0.209051010881251,0.3769857433808553,0.0243603005873819,-0.0023854961832061
52.28668,-1.53731,19.329981376020967,2022,0.0407442748091603,0.0373091603053435,0.0382633587786259,0.2109439458977196,0.3552572706935123,0.0044291455613421,-0.0023854961832061
52.288495,-1.5306291,38.74338193943424,2022,0.1324188931297709,0.1026001908396946,0.0478291984732824,0.2176480907477126,0.4136029411764705,0.0121801502936909,0.0023854961832061
52.28323,-1.53446,30.880267323977268,2022,0.1018606870229007,0.074618320610687,0.0382633587786259,0.210983382043896,0.3461024498886414,0.0210384414163753,0.0
52.28579389999999,-1.5332444,49.9111537267292,2022,0.1629770992366412,0.149236641221374,0.0765267175572519,0.2090115747350746,0.3603658536585366,0.0326649485148985,0.0023854961832061
52.28214,-1.54747,49.13150731015187,2022,0.1629770992366412,0.149236641221374,0.0382633587786259,0.2240761825744705,0.6186440677966102,0.002214572780671,0.0
52.28655,-1.56064,44.26954126306848,2022,0.1222328244274809,0.149236641221374,0.0765267175572519,0.2259296814447627,0.3833333333333333,0.0033218591710066,0.0047709923664122
52.28951,-1.55518,36.32247667091674,2022,0.0814885496183206,0.074618320610687,0.1147900763358778,0.2269155850991734,0.3914893617021276,0.0011072863903355,0.0023854961832061
52.28714,-1.53329,32.94091996626965,2022,0.0814885496183206,0.074618320610687,0.0765267175572519,0.2096425530738974,0.3744725738396625,0.0182702254405364,0.0
52.28517,-1.55178,47.95239391028844,2022,0.1222328244274809,0.149236641221374,0.0765267175572519,0.2284535948000542,0.55,0.0011072863903355,0.0047709923664122
52.28138,-1.53471,31.533730608200795,2022,0.1222328244274809,0.074618320610687,0.0382633587786259,0.2208029824418269,0.345771144278607,0.0038755023661744,0.0
52.28755,-1.53444,33.06065145789324,2022,0.1222328244274809,0.074618320610687,0.0382633587786259,0.209051010881251,0.3746887966804979,0.0171629390502009,0.0
52.27921,-1.54481,34.45548528204129,2022,0.1222328244274809,0.074618320610687,0.0382633587786259,0.226876148952997,0.4604166666666667,0.0049827887565099,0.0
52.29094,-1.58286,53.945610687022906,2022,0.1222328244274809,0.1119274809160305,0.0765267175572519,0.2287690839694656,1.0,0.0,0.0
52.28741,-1.53865,20.014947329248216,2022,0.0407442748091603,0.0373091603053435,0.0382633587786259,0.2195804619103576,0.375,0.0038755023661744,-0.0023854961832061
52.28403,-1.53464,21.162358752836717,2022,0.0407442748091603,0.0373091603053435,0.0382633587786259,0.2085777771271338,0.3515810276679841,0.0243603005873819,-0.0023854961832061
52.28634,-1.56102,44.1289628327165,2022,0.1222328244274809,0.149236641221374,0.0765267175572519,0.2278620526074077,0.3739130434782608,0.0033218591710066,0.0047709923664122
52.29001,-1.57887,50.20515267175573,2022,0.0814885496183206,0.074618320610687,0.1147900763358778,0.2287690839694656,1.0,0.0,0.0023854961832061
52.28793,-1.5348,33.68362650953136,2022,0.1222328244274809,0.074618320610687,0.0382633587786259,0.2086172132733103,0.3973684210526316,0.0188238686357042,0.0
52.28974,-1.54926,36.51036534497171,2022,0.0814885496183206,0.074618320610687,0.1147900763358778,0.2261268621756448,0.406060606060606,0.0,0.0023854961832061
52.28796,-1.5668,37.51073521522038,2022,0.0814885496183206,0.074618320610687,0.1147900763358778,0.2240761825744705,0.4445378151260504,0.002214572780671,0.0023854961832061
52.28997,-1.57858,53.945610687022906,2022,0.1222328244274809,0.1119274809160305,0.0765267175572519,0.2287690839694656,1.0,0.0,0.0
52.28838,-1.53065,39.67351357737128,2022,0.1018606870229007,0.1119274809160305,0.0765267175572519,0.2172931654321247,0.4117437722419929,0.0121801502936909,0.0047709923664122
52.27593,-1.51663,36.0563732232296,2022,0.1222328244274809,0.1119274809160305,0.0382633587786259,0.2249043416441755,0.3795918367346939,0.0027682159758388,0.0
52.28658,-1.56075,44.26954126306848,2022,0.1222328244274809,0.149236641221374,0.0765267175572519,0.2259296814447627,0.3833333333333333,0.0033218591710066,0.0047709923664122
52.2878584,-1.5363235,45.00514685022616,2022,0.1222328244274809,0.149236641221374,0.0765267175572519,0.2088143940041924,0.4057259713701431,0.0149483662695298,0.0023854961832061
52.28766,-1.56534,40.77248279698443,2022,0.1222328244274809,0.1119274809160305,0.0765267175572519,0.2232085873585891,0.4198581560283688,0.0033218591710066,0.0
52.27444,-1.52549,47.31923021754275,2022,0.1629770992366412,0.149236641221374,0.0765267175572519,0.2219860668271198,0.3622093023255813,0.0016609295855033,0.0023854961832061
52.28754,-1.54134,19.236636381841954,2022,0.0407442748091603,0.0373091603053435,0.0382633587786259,0.2235635126741769,0.3434108527131783,0.0016609295855033,-0.0023854961832061
52.28726,-1.56445,44.83946554094062,2022,0.1629770992366412,0.149236641221374,0.0382633587786259,0.2229325343353541,0.4243243243243243,0.0033218591710066,0.0
52.28243,-1.53486,31.092412717288543,2022,0.1018606870229007,0.074618320610687,0.0382633587786259,0.2172537292859483,0.361168384879725,0.0177165822453687,0.0
52.27646,-1.52497,35.370561429460835,2022,0.1222328244274809,0.1119274809160305,0.0382633587786259,0.2219071945347669,0.3637931034482758,0.0005536431951677,0.0
52.28295,-1.55368,44.85403669190634,2022,0.1629770992366412,0.149236641221374,0.0382633587786259,0.227152201976232,0.4317073170731708,0.0,0.0
52.28727,-1.53421,45.12643519459016,2022,0.1222328244274809,0.149236641221374,0.0765267175572519,0.2100763506818382,0.3766233766233766,0.019377511830872,0.0047709923664122
52.29093,-1.58276,57.92461832061069,2022,0.1629770992366412,0.149236641221374,0.0382633587786259,0.2287690839694656,1.0,0.0,0.0
52.28959,-1.55341,36.44343144959771,2022,0.0814885496183206,0.074618320610687,0.1147900763358778,0.2261662983218213,0.403030303030303,0.0,0.0023854961832061
52.29353,-1.53805,38.62421955743226,2022,0.1222328244274809,0.074618320610687,0.0765267175572519,0.2104707121436025,0.4494407158836689,0.0182702254405364,0.0
52.28657,-1.52949,30.10168747657735,2022,0.0814885496183206,0.074618320610687,0.0382633587786259,0.2175297823091833,0.4197841726618705,0.0177165822453687,-0.0023854961832061
52.27424,-1.525,47.13567885315421,2022,0.1629770992366412,0.149236641221374,0.0765267175572519,0.2216705776577084,0.3544444444444444,0.0016609295855033,0.0023854961832061
52.28796939999999,-1.5362706,45.16975097682735,2022,0.1222328244274809,0.149236641221374,0.0765267175572519,0.2092876277583096,0.402092050209205,0.0171629390502009,0.0023854961832061
52.2896,-1.55306,36.44343144959771,2022,0.0814885496183206,0.074618320610687,0.1147900763358778,0.2261662983218213,0.403030303030303,0.0,0.0023854961832061
52.29019,-1.58442,53.945610687022906,2022,0.1222328244274809,0.1119274809160305,0.0765267175572519,0.2287690839694656,1.0,0.0,0.0
52.2885,-1.53063,39.728591863098366,2022,0.1018606870229007,0.1119274809160305,0.0765267175572519,0.2176480907477126,0.4136029411764705,0.0121801502936909,0.0047709923664122
52.28439,-1.55596,45.2640119742336,2022,0.1629770992366412,0.149236641221374,0.0382633587786259,0.2284535948000542,0.4375,0.002214572780671,0.0
52.28711,-1.54778,45.04275438958196,2022,0.1222328244274809,0.149236641221374,0.0765267175572519,0.227428254999467,0.4294117647058823,0.0,0.0047709923664122
52.2847851,-1.5325758,49.807307437518176,2022,0.1629770992366412,0.149236641221374,0.0765267175572519,0.2043975456324324,0.3715460526315789,0.0310040189293952,0.0023854961832061
52.28815,-1.56762,37.183918701093205,2022,0.0814885496183206,0.074618320610687,0.1147900763358778,0.2241156187206469,0.4372881355932203,0.0005536431951677,0.0023854961832061
52.28413,-1.53464,21.17941817464602,2022,0.0407442748091603,0.0373091603053435,0.0382633587786259,0.2067637144030181,0.3528130671506352,0.0249139437825497,-0.0023854961832061
52.28816,-1.53619,28.7800602608103,2022,0.0814885496183206,0.0652910305343511,0.0382633587786259,0.2093665000506624,0.4096436058700209,0.019377511830872,-0.0023854961832061
52.28731,-1.56472,44.90074036738731,2022,0.1629770992366412,0.149236641221374,0.0382633587786259,0.2227353536044719,0.4274509803921568,0.0033218591710066,0.0
52.2742,-1.52487,47.13567885315421,2022,0.1629770992366412,0.149236641221374,0.0765267175572519,0.2216705776577084,0.3544444444444444,0.0016609295855033,0.0023854961832061
52.28506,-1.53357,33.86790756448958,2022,0.0814885496183206,0.074618320610687,0.0765267175572519,0.2060538637718424,0.3695575221238938,0.0298967325390597,0.0
52.27472,-1.52606,47.64005632357605,2022,0.1629770992366412,0.149236641221374,0.0765267175572519,0.2250226500827048,0.371578947368421,0.0016609295855033,0.0023854961832061
52.29071,-1.58299,53.945610687022906,2022,0.1222328244274809,0.1119274809160305,0.0765267175572519,0.2287690839694656,1.0,0.0,0.0
52.27957,-1.5459,37.45318225081013,2022,0.1222328244274809,0.074618320610687,0.0382633587786259,0.2237606934050591,0.5859504132231405,0.0083046479275165,0.0
52.29139,-1.5783,53.945610687022906,2022,0.1222328244274809,0.1119274809160305,0.0765267175572519,0.2287690839694656,1.0,0.0,0.0
52.28969,-1.55079,36.45224434627723,2022,0.0814885496183206,0.074618320610687,0.1147900763358778,0.2258113730062334,0.404054054054054,0.0,0.0023854961832061
52.28459,-1.55636,45.2640119742336,2022,0.1629770992366412,0.149236641221374,0.0382633587786259,0.2284535948000542,0.4375,0.002214572780671,0.0
52.286249,-1.540875,33.57607642194236,2022,0.1059351145038167,0.0970038167938931,0.0612213740458015,0.2241156187206469,0.3120689655172414,0.0016609295855033,0.0
52.2902,-1.5387,40.064963694198056,2022,0.0814885496183206,0.074618320610687,0.1147900763358778,0.2064876613797831,0.4934900542495479,0.0254675869777175,0.0023854961832061
52.27633,-1.51851,34.826703200407216,2022,0.1222328244274809,0.1119274809160305,0.0382633587786259,0.2235635126741769,0.3318181818181818,0.0016609295855033,0.0
52.28821,-1.56298,36.73951679983996,2022,0.0814885496183206,0.074618320610687,0.1147900763358778,0.2219466306809433,0.4115606936416185,0.0027682159758388,0.0023854961832061
52.28594,-1.54932,46.04769903503003,2022,0.1222328244274809,0.149236641221374,0.0765267175572519,0.2277831803150549,0.4679999999999999,0.0011072863903355,0.0047709923664122
52.28724,-1.53434,29.04291392073558,2022,0.0814885496183206,0.074618320610687,0.0382633587786259,0.2101157868280146,0.3754880694143166,0.0171629390502009,0.0
52.27432,-1.52477,47.13567885315421,2022,0.1629770992366412,0.149236641221374,0.0765267175572519,0.2216705776577084,0.3544444444444444,0.0016609295855033,0.0023854961832061
52.27585,-1.51667,36.30618648277628,2022,0.1222328244274809,0.1119274809160305,0.0382633587786259,0.2250620862288812,0.3904255319148936,0.0027682159758388,0.0
52.28726,-1.53345,45.10152809684141,2022,0.1222328244274809,0.149236641221374,0.0765267175572519,0.2103524037050732,0.3749450549450549,0.019377511830872,0.0047709923664122
52.28904,-1.53767,39.02671801804351,2022,0.1222328244274809,0.074618320610687,0.0765267175572519,0.2070792035724296,0.4842592592592593,0.0166092958550331,0.0
52.2914,-1.57826,57.92461832061069,2022,0.1629770992366412,0.149236641221374,0.0382633587786259,0.2287690839694656,1.0,0.0,0.0
52.2758,-1.52685,48.46288447475816,2022,0.1629770992366412,0.149236641221374,0.0765267175572519,0.2238001295512355,0.4153225806451613,0.0005536431951677,0.0023854961832061
52.28699,-1.53323,33.05487095431238,2022,0.0814885496183206,0.074618320610687,0.0765267175572519,0.2075918734727231,0.3783269961977186,0.019377511830872,0.0
52.28511,-1.53628,22.379080731770223,2022,0.0611164122137404,0.0466364503816793,0.0382633587786259,0.2142960183227161,0.3146408839779006,0.0127337934888587,-0.0023854961832061
52.2863,-1.56011,47.40418906881224,2022,0.1222328244274809,0.149236641221374,0.0765267175572519,0.2282958502153484,0.5166666666666667,0.0033218591710066,0.0047709923664122
52.29021,-1.5418,36.28109913760273,2022,0.0814885496183206,0.074618320610687,0.1147900763358778,0.2227747897506484,0.377027027027027,0.0055364319516777,0.0023854961832061
52.28659,-1.53338,33.28444020586797,2022,0.1222328244274809,0.074618320610687,0.0382633587786259,0.2050679601174317,0.368581081081081,0.0221457278067108,0.0
52.28724,-1.53554,44.48246933778253,2022,0.1222328244274809,0.149236641221374,0.0765267175572519,0.2092087554659567,0.3712215320910973,0.014394723074362,0.0047709923664122
52.2854,-1.56318,47.81508307583922,2022,0.1222328244274809,0.149236641221374,0.0765267175572519,0.2259691175909391,0.5450704225352113,0.002214572780671,0.0047709923664122
52.28751,-1.53444,33.075329379257326,2022,0.1222328244274809,0.074618320610687,0.0382633587786259,0.2095636807815446,0.3744725738396625,0.0171629390502009,0.0
52.27645,-1.52624,36.079161076037366,2022,0.1222328244274809,0.1119274809160305,0.0382633587786259,0.2229719704815305,0.3938356164383562,0.0005536431951677,0.0
52.28674,-1.52441,29.90775721825584,2022,0.0814885496183206,0.074618320610687,0.0382633587786259,0.2222226837041784,0.4719512195121951,0.002214572780671,-0.0023854961832061
52.28526,-1.53365,34.12011352925587,2022,0.0814885496183206,0.074618320610687,0.0765267175572519,0.2064876613797831,0.3702702702702702,0.0321113053197308,0.0
52.27587,-1.51677,36.30618648277628,2022,0.1222328244274809,0.1119274809160305,0.0382633587786259,0.2250620862288812,0.3904255319148936,0.0027682159758388,0.0
52.28801,-1.53938,44.667986558474,2022,0.1222328244274809,0.149236641221374,0.0765267175572519,0.2177269630400654,0.4059040590405904,0.0055364319516777,0.0047709923664122
52.28211,-1.54772,49.08413975451851,2022,0.1629770992366412,0.149236641221374,0.0382633587786259,0.2238790018435884,0.6170731707317073,0.002214572780671,0.0
52.2931277,-1.5359592,43.73865442778949,2022,0.1629770992366412,0.1119274809160305,0.0382633587786259,0.2018341961309645,0.472809667673716,0.0287894461487241,0.0
52.28429,-1.53484,21.11874672077519,2022,0.0407442748091603,0.0373091603053435,0.0382633587786259,0.2073552565956646,0.3488805970149253,0.0249139437825497,-0.0023854961832061
52.28785,-1.53471,33.50982700694588,2022,0.1222328244274809,0.074618320610687,0.0382633587786259,0.2078284903497817,0.4011695906432749,0.0166092958550331,0.0
52.29134,-1.57799,50.260516991272496,2022,0.0814885496183206,0.074618320610687,0.1147900763358778,0.2287690839694656,1.0,0.0005536431951677,0.0023854961832061
52.28646,-1.56055,44.06447095556138,2022,0.1222328244274809,0.149236641221374,0.0765267175572519,0.2265606597835856,0.3732142857142856,0.0033218591710066,0.0047709923664122
52.29051,-1.58014,53.945610687022906,2022,0.1222328244274809,0.1119274809160305,0.0765267175572519,0.2287690839694656,1.0,0.0,0.0
52.2861809,-1.5318264,35.632836443686244,2022,0.1018606870229007,0.1119274809160305,0.0382633587786259,0.209051010881251,0.3769857433808553,0.0254675869777175,0.0
52.28821,-1.53106,33.00279230280096,2022,0.0814885496183206,0.074618320610687,0.0765267175572519,0.2154396665618325,0.3929663608562691,0.0127337934888587,0.0
52.28337,-1.53438,31.46303030782241,2022,0.1018606870229007,0.074618320610687,0.0382633587786259,0.210431275997426,0.3668112798264641,0.0226993710018786,0.0
52.2885,-1.56897,46.07100592258666,2022,0.1629770992366412,0.149236641221374,0.0382633587786259,0.2249832139365284,0.4875,0.0005536431951677,0.0
52.28621,-1.54867,46.08995231390744,2022,0.1222328244274809,0.149236641221374,0.0765267175572519,0.227428254999467,0.4705882352941176,0.0011072863903355,0.0047709923664122
52.28254,-1.55011,47.67118844774451,2022,0.1629770992366412,0.149236641221374,0.0382633587786259,0.2253775753982927,0.5576470588235294,0.0005536431951677,0.0
52.28644,-1.56319,45.25185199959271,2022,0.1222328244274809,0.149236641221374,0.0765267175572519,0.2231297150662362,0.4321678321678321,0.0033218591710066,0.0047709923664122
52.28426,-1.53476,21.17411104029197,2022,0.0407442748091603,0.0373091603053435,0.0382633587786259,0.2073552565956646,0.3488805970149253,0.0254675869777175,-0.0023854961832061
52.281047,-1.5446566,31.427943735221938,2022,0.0814885496183206,0.074618320610687,0.0382633587786259,0.2226170451659427,0.515483870967742,0.0027682159758388,0.0023854961832061
52.28726,-1.53821,20.0238125041712,2022,0.0407442748091603,0.0373091603053435,0.0382633587786259,0.219619898056534,0.3753363228699552,0.0038755023661744,-0.0023854961832061
52.28761,-1.54672,44.91729316168002,2022,0.1222328244274809,0.149236641221374,0.0765267175572519,0.227704308022702,0.4185185185185185,0.0011072863903355,0.0047709923664122
52.28689,-1.53364,28.730278605308136,2022,0.0814885496183206,0.074618320610687,0.0382633587786259,0.2042398010477266,0.370983606557377,0.0171629390502009,0.0
52.2874242,-1.5356918,44.2243469621416,2022,0.1222328244274809,0.149236641221374,0.0765267175572519,0.2093665000506624,0.3726513569937369,0.0138410798791943,0.0023854961832061
52.290212,-1.5418035,40.35552661851875,2022,0.1222328244274809,0.074618320610687,0.1147900763358778,0.2227747897506484,0.377027027027027,0.0055364319516777,0.0023854961832061
52.28959,-1.55343,36.44343144959771,2022,0.0814885496183206,0.074618320610687,0.1147900763358778,0.2261662983218213,0.403030303030303,0.0,0.0023854961832061
52.29094,-1.58259,50.20515267175573,2022,0.0814885496183206,0.074618320610687,0.1147900763358778,0.2287690839694656,1.0,0.0,0.0023854961832061
52.28819,-1.54012,45.52997990409728,2022,0.1222328244274809,0.149236641221374,0.0765267175572519,0.2225381728735898,0.4084967320261438,0.0116265070985232,0.0047709923664122
52.28787,-1.5663,45.391339491172886,2022,0.1629770992366412,0.149236641221374,0.0382633587786259,0.2241944910129998,0.446551724137931,0.0033218591710066,0.0
52.27646,-1.51919,34.29984931250897,2022,0.1222328244274809,0.1119274809160305,0.0382633587786259,0.223287459650942,0.3086330935251798,0.0016609295855033,0.0
52.29054,-1.57827,50.20515267175573,2022,0.0814885496183206,0.074618320610687,0.1147900763358778,0.2287690839694656,1.0,0.0,0.0023854961832061
52.28819,-1.5403,45.46344300629107,2022,0.1222328244274809,0.149236641221374,0.0765267175572519,0.2228930981891776,0.404861111111111,0.0116265070985232,0.0047709923664122
52.28784,-1.56382,36.97947599793221,2022,0.0814885496183206,0.074618320610687,0.1147900763358778,0.2220255029732962,0.4222222222222222,0.0027682159758388,0.0023854961832061
52.27586,-1.51665,36.30618648277628,2022,0.1222328244274809,0.1119274809160305,0.0382633587786259,0.2250620862288812,0.3904255319148936,0.0027682159758388,0.0
52.28658,-1.56061,44.26954126306848,2022,0.1222328244274809,0.149236641221374,0.0765267175572519,0.2259296814447627,0.3833333333333333,0.0033218591710066,0.0047709923664122
52.28757,-1.5382,44.01812892946429,2022,0.1222328244274809,0.149236641221374,0.0765267175572519,0.219619898056534,0.3753363228699552,0.0049827887565099,0.0047709923664122
52.2961,-1.53742,38.4252140783366,2022,0.1222328244274809,0.074618320610687,0.0765267175572519,0.2276648718765256,0.4821428571428571,0.0011072863903355,0.0
52.28793,-1.5667,45.23020086407534,2022,0.1629770992366412,0.149236641221374,0.0382633587786259,0.2240761825744705,0.4445378151260504,0.002214572780671,0.0
52.2902,-1.53805,40.11183366249395,2022,0.1222328244274809,0.074618320610687,0.0765267175572519,0.206566533672136,0.4951086956521739,0.0254675869777175,0.0
52.28455,-1.53545,20.44502633960933,2022,0.0407442748091603,0.0373091603053435,0.0382633587786259,0.2074735650341938,0.3402255639097745,0.0199311550260398,-0.0023854961832061
52.27632,-1.52168,34.02817048611891,2022,0.1222328244274809,0.1119274809160305,0.0382633587786259,0.2237606934050591,0.3007874015748031,0.0005536431951677,0.0
52.27517,-1.52654,48.18227939801346,2022,0.1629770992366412,0.149236641221374,0.0765267175572519,0.2249832139365284,0.3957446808510638,0.0016609295855033,0.0023854961832061
52.28442,-1.5352,20.937808923295577,2022,0.0407442748091603,0.0373091603053435,0.0382633587786259,0.2073158204494881,0.3482309124767225,0.0232530141970464,-0.0023854961832061
52.29015,-1.57997,53.945610687022906,2022,0.1222328244274809,0.1119274809160305,0.0765267175572519,0.2287690839694656,1.0,0.0,0.0
52.28573,-1.53308,32.13722791325888,2022,0.0814885496183206,0.074618320610687,0.0573950381679389,0.207946798788311,0.3616570327552987,0.0326649485148985,0.0
52.29081,-1.58309,53.945610687022906,2022,0.1222328244274809,0.1119274809160305,0.0765267175572519,0.2287690839694656,1.0,0.0,0.0
52.28486,-1.55428,47.82332816744103,2022,0.1222328244274809,0.149236641221374,0.0765267175572519,0.2284141586538777,0.5444444444444445,0.0011072863903355,0.0047709923664122
52.27593,-1.52691,48.46288447475816,2022,0.1629770992366412,0.149236641221374,0.0765267175572519,0.2238001295512355,0.4153225806451613,0.0005536431951677,0.0023854961832061
52.28947,-1.5725,36.52490727802222,2022,0.0814885496183206,0.074618320610687,0.1147900763358778,0.228532467092407,0.4,0.0005536431951677,0.0023854961832061
52.29114,-1.57753,57.97998264012746,2022,0.1629770992366412,0.149236641221374,0.0382633587786259,0.2287690839694656,1.0,0.0005536431951677,0.0
52.28646,-1.56076,44.06447095556138,2022,0.1222328244274809,0.149236641221374,0.0765267175572519,0.2265606597835856,0.3732142857142856,0.0033218591710066,0.0047709923664122
52.28525,-1.53662,19.297165842929665,2022,0.0407442748091603,0.0373091603053435,0.0382633587786259,0.2154396665618325,0.3129129129129129,0.0116265070985232,-0.0023854961832061
52.28805,-1.5349,33.728315314197964,2022,0.1222328244274809,0.074618320610687,0.0382633587786259,0.2086960855656632,0.4046653144016227,0.0177165822453687,0.0
52.29078,-1.57815,57.97998264012746,2022,0.1629770992366412,0.149236641221374,0.0382633587786259,0.2287690839694656,1.0,0.0005536431951677,0.0
52.28248,-1.55028,46.96430270778273,2022,0.1629770992366412,0.149236641221374,0.0382633587786259,0.2254170115444691,0.5261904761904762,0.0005536431951677,0.0
52.27598,-1.51715,35.89257278691038,2022,0.1222328244274809,0.1119274809160305,0.0382633587786259,0.2245494163285877,0.3728971962616822,0.0027682159758388,0.0
52.28782,-1.56596,37.00401752637397,2022,0.0814885496183206,0.074618320610687,0.1147900763358778,0.2229719704815305,0.419047619047619,0.0033218591710066,0.0023854961832061
52.28494,-1.55356,47.82332816744103,2022,0.1222328244274809,0.149236641221374,0.0765267175572519,0.2284141586538777,0.5444444444444445,0.0011072863903355,0.0047709923664122
52.28503,-1.53355,33.86790756448958,2022,0.0814885496183206,0.074618320610687,0.0765267175572519,0.2060538637718424,0.3695575221238938,0.0298967325390597,0.0
52.28474,-1.53544,20.42598947405665,2022,0.0407442748091603,0.0373091603053435,0.0382633587786259,0.2077496180574289,0.3388571428571428,0.0199311550260398,-0.0023854961832061
52.29131,-1.53673,32.59059774661114,2022,0.0814885496183206,0.074618320610687,0.0382633587786259,0.195997646496853,0.4790262172284644,0.0376477372714085,0.0
52.28964,-1.55163,35.996065075864344,2022,0.0814885496183206,0.074618320610687,0.1147900763358778,0.2254170115444691,0.3845238095238095,0.0,0.0023854961832061
52.27608,-1.51758,34.86206912900881,2022,0.1222328244274809,0.1119274809160305,0.0382633587786259,0.2239578741359412,0.3278688524590164,0.0027682159758388,0.0
52.2792974,-1.5298098,35.013388036674016,2022,0.1018606870229007,0.1119274809160305,0.0382633587786259,0.2143354544688925,0.4214484679665738,0.0077510047323488,0.0
52.28779,-1.53467,33.31518148528426,2022,0.1222328244274809,0.074618320610687,0.0382633587786259,0.2089721385888981,0.3870103092783504,0.0171629390502009,0.0
52.27968,-1.54216,32.61652178129712,2022,0.1222328244274809,0.074618320610687,0.0382633587786259,0.2244705440362348,0.3908256880733945,0.0033218591710066,0.0
52.2857262,-1.5330768,49.96642638654133,2022,0.142604961832061,0.1678912213740458,0.0765267175572519,0.207946798788311,0.3616570327552987,0.0326649485148985,0.0047709923664122
52.286249,-1.526155,29.469812742374856,2022,0.0814885496183206,0.074618320610687,0.0382633587786259,0.2231297150662362,0.4347517730496454,0.0033218591710066,0.0
52.27435,-1.52474,47.13567885315421,2022,0.1629770992366412,0.149236641221374,0.0765267175572519,0.2216705776577084,0.3544444444444444,0.0016609295855033,0.0023854961832061
52.2873121,-1.5357703,44.26584057317594,2022,0.1222328244274809,0.149236641221374,0.0765267175572519,0.2092481916121331,0.3721991701244813,0.014394723074362,0.0023854961832061
52.2909716,-1.5830234,42.31393129770992,2022,0.0814885496183206,0.074618320610687,0.0382633587786259,0.2287690839694656,1.0,0.0,0.0
52.28506,-1.53542,23.39438736529232,2022,0.0611164122137404,0.0466364503816793,0.0382633587786259,0.207946798788311,0.3384615384615385,0.0199311550260398,-0.0023854961832061
52.28678,-1.54828,46.08995231390744,2022,0.1222328244274809,0.149236641221374,0.0765267175572519,0.227428254999467,0.4705882352941176,0.0011072863903355,0.0047709923664122
52.28603,-1.53736,20.69377604706448,2022,0.0407442748091603,0.0373091603053435,0.0382633587786259,0.2183185052327119,0.4057251908396947,0.0044291455613421,-0.0023854961832061
52.27966,-1.5453,36.913327896960574,2022,0.1222328244274809,0.074618320610687,0.0382633587786259,0.2235240765280005,0.5748031496062992,0.0055364319516777,0.0
52.29134,-1.57822,53.945610687022906,2022,0.1222328244274809,0.1119274809160305,0.0765267175572519,0.2287690839694656,1.0,0.0,0.0
52.29141,-1.57826,50.20515267175573,2022,0.0814885496183206,0.074618320610687,0.1147900763358778,0.2287690839694656,1.0,0.0,0.0023854961832061
52.28603,-1.55937,47.11981711570768,2022,0.1629770992366412,0.149236641221374,0.0382633587786259,0.2282958502153484,0.5166666666666667,0.0027682159758388,0.0
52.28903,-1.53796,38.62656698487698,2022,0.1222328244274809,0.074618320610687,0.0765267175572519,0.2106678928744846,0.4570155902004454,0.0166092958550331,0.0
52.28755,-1.53914,19.904218690214663,2022,0.0407442748091603,0.0373091603053435,0.0382633587786259,0.2195804619103576,0.375,0.0027682159758388,-0.0023854961832061
52.28903,-1.53799,38.50131093601215,2022,0.1222328244274809,0.074618320610687,0.0765267175572519,0.209603116927721,0.4533613445378151,0.0166092958550331,0.0
52.2912,-1.53811,39.36360233811135,2022,0.1222328244274809,0.074618320610687,0.0765267175572519,0.1989159213139087,0.4598360655737704,0.0287894461487241,0.0
52.2858,-1.53649,19.49103010631783,2022,0.0407442748091603,0.0373091603053435,0.0382633587786259,0.2151241773924211,0.3146627565982404,0.0132874366840265,-0.0023854961832061
52.28248,-1.55215,47.65080553640177,2022,0.1629770992366412,0.149236641221374,0.0382633587786259,0.2264029151988799,0.5566666666666666,0.0,0.0
52.28264,-1.55111,47.69173377558403,2022,0.1629770992366412,0.149236641221374,0.0382633587786259,0.2264423513450563,0.5559322033898305,0.0005536431951677,0.0
52.28793,-1.53478,33.68362650953136,2022,0.1222328244274809,0.074618320610687,0.0382633587786259,0.2086172132733103,0.3973684210526316,0.0188238686357042,0.0
52.27919,-1.5457,37.34245361177658,2022,0.1222328244274809,0.074618320610687,0.0382633587786259,0.2237606934050591,0.5859504132231405,0.007197361537181,0.0
52.28217,-1.54919,47.97405672155951,2022,0.1629770992366412,0.149236641221374,0.0382633587786259,0.2259296814447627,0.5647887323943662,0.0016609295855033,0.0
52.27606,-1.52694,48.5666797274226,2022,0.1629770992366412,0.149236641221374,0.0765267175572519,0.2223804282888841,0.4226415094339623,0.0005536431951677,0.0023854961832061
52.27962,-1.54523,34.221902236546626,2022,0.1222328244274809,0.074618320610687,0.0382633587786259,0.2266395320759384,0.4481481481481482,0.0055364319516777,0.0
52.28483,-1.55438,47.82332816744103,2022,0.1222328244274809,0.149236641221374,0.0765267175572519,0.2284141586538777,0.5444444444444445,0.0011072863903355,0.0047709923664122
52.28807,-1.5438,43.824774383854646,2022,0.1222328244274809,0.149236641221374,0.0765267175572519,0.2253381392521163,0.3670588235294117,0.0027682159758388,0.0047709923664122
52.28581699999999,-1.5330837,49.9111537267292,2022,0.1629770992366412,0.149236641221374,0.0765267175572519,0.2090115747350746,0.3603658536585366,0.0326649485148985,0.0023854961832061
52.2852,-1.53652,19.288644895463086,2022,0.0407442748091603,0.0373091603053435,0.0382633587786259,0.2143354544688925,0.3141274238227146,0.0116265070985232,-0.0023854961832061
52.2871,-1.53666,44.09727692010927,2022,0.1222328244274809,0.149236641221374,0.0765267175572519,0.2096425530738974,0.3732067510548523,0.0099655775130199,0.0047709923664122
52.2894565,-1.5591778,39.56175138995926,2022,0.1222328244274809,0.074618320610687,0.1147900763358778,0.2217494499500612,0.3579545454545454,0.002214572780671,0.0023854961832061
52.28959,-1.55338,36.44343144959771,2022,0.0814885496183206,0.074618320610687,0.1147900763358778,0.2261662983218213,0.403030303030303,0.0,0.0023854961832061
52.28945,-1.55792,37.03260419418263,2022,0.0814885496183206,0.074618320610687,0.1147900763358778,0.2257325007138806,0.425,0.0011072863903355,0.0023854961832061
52.28699,-1.53319,33.05487095431238,2022,0.0814885496183206,0.074618320610687,0.0765267175572519,0.2075918734727231,0.3783269961977186,0.019377511830872,0.0
52.291387,-1.5783038,42.31393129770992,2022,0.0814885496183206,0.074618320610687,0.0382633587786259,0.2287690839694656,1.0,0.0,0.0
52.28946,-1.55918,35.487323909043226,2022,0.0814885496183206,0.074618320610687,0.1147900763358778,0.2217494499500612,0.3579545454545454,0.002214572780671,0.0023854961832061
52.28788,-1.56643,37.67187384231792,2022,0.0814885496183206,0.074618320610687,0.1147900763358778,0.2241944910129998,0.446551724137931,0.0033218591710066,0.0023854961832061
52.2896,-1.55258,36.27187397057539,2022,0.0814885496183206,0.074618320610687,0.1147900763358778,0.2262846067603506,0.3952380952380953,0.0,0.0023854961832061
52.2854,-1.5504,45.778748023542,2022,0.1222328244274809,0.149236641221374,0.0765267175572519,0.2269944573915263,0.4577777777777777,0.0011072863903355,0.0047709923664122
52.28855,-1.53521,34.627574114435106,2022,0.1222328244274809,0.074618320610687,0.0382633587786259,0.2081045433730167,0.4383858267716535,0.0199311550260398,0.0
52.28688,-1.52646,28.982610882182243,2022,0.0814885496183206,0.074618320610687,0.0382633587786259,0.2231691512124126,0.4185714285714286,0.0044291455613421,-0.0023854961832061
52.29116,-1.57764,50.260516991272496,2022,0.0814885496183206,0.074618320610687,0.1147900763358778,0.2287690839694656,1.0,0.0005536431951677,0.0023854961832061
52.28669,-1.56092,43.78083252257098,2022,0.1629770992366412,0.149236641221374,0.0382633587786259,0.2254564476906455,0.3726190476190476,0.0033218591710066,0.0
52.28422,-1.53473,21.18356955091705,2022,0.0407442748091603,0.0373091603053435,0.0382633587786259,0.2072369481571353,0.3495361781076067,0.0254675869777175,-0.0023854961832061
52.2902026,-1.5386973,44.250119814147645,2022,0.1222328244274809,0.074618320610687,0.1147900763358778,0.2064876613797831,0.4934900542495479,0.026574873368053,0.0023854961832061
52.28743,-1.56501,40.77248279698443,2022,0.1222328244274809,0.1119274809160305,0.0765267175572519,0.2232085873585891,0.4198581560283688,0.0033218591710066,0.0
52.28817,-1.54053,45.46344300629107,2022,0.1222328244274809,0.149236641221374,0.0765267175572519,0.2228930981891776,0.404861111111111,0.0116265070985232,0.0047709923664122
52.28713,-1.5351,44.65662079211975,2022,0.1222328244274809,0.149236641221374,0.0765267175572519,0.2099974783894853,0.3754838709677419,0.0149483662695298,0.0047709923664122
52.28458,-1.53426,33.87319573403259,2022,0.1222328244274809,0.074618320610687,0.0382633587786259,0.2061327360641953,0.3630088495575221,0.0287894461487241,0.0
52.28996540000001,-1.5785805,42.31393129770992,2022,0.0814885496183206,0.074618320610687,0.0382633587786259,0.2287690839694656,1.0,0.0,0.0
52.28342,-1.5436,49.232936164126365,2022,0.1629770992366412,0.149236641221374,0.0382633587786259,0.2224593005812369,0.630188679245283,0.0016609295855033,0.0
52.28762,-1.53478,29.10018897873371,2022,0.0814885496183206,0.074618320610687,0.0382633587786259,0.2092087554659567,0.3851464435146443,0.0160556526598654,0.0
52.29035,-1.58405,53.945610687022906,2022,0.1222328244274809,0.1119274809160305,0.0765267175572519,0.2287690839694656,1.0,0.0,0.0
52.28151,-1.53475,30.051456677251704,2022,0.1018606870229007,0.074618320610687,0.0382633587786259,0.2220649391194726,0.3588235294117646,0.0060900751468454,0.0
52.27642,-1.52703,48.58180193509896,2022,0.1629770992366412,0.149236641221374,0.0765267175572519,0.2221438114118255,0.4187878787878787,0.0016609295855033,0.0023854961832061
52.28554,-1.5501,45.778748023542,2022,0.1222328244274809,0.149236641221374,0.0765267175572519,0.2269944573915263,0.4577777777777777,0.0011072863903355,0.0047709923664122
52.280894,-1.5445862,31.64940101328904,2022,0.0814885496183206,0.074618320610687,0.0382633587786259,0.2226170451659427,0.515483870967742,0.0049827887565099,0.0023854961832061
52.2899,-1.57936,53.945610687022906,2022,0.1222328244274809,0.1119274809160305,0.0765267175572519,0.2287690839694656,1.0,0.0,0.0
52.28464,-1.55642,45.2640119742336,2022,0.1629770992366412,0.149236641221374,0.0382633587786259,0.2284535948000542,0.4375,0.002214572780671,0.0
52.29047,-1.58365,53.945610687022906,2022,0.1222328244274809,0.1119274809160305,0.0765267175572519,0.2287690839694656,1.0,0.0,0.0
52.28032,-1.54049,31.39054363665405,2022,0.1222328244274809,0.074618320610687,0.0382633587786259,0.2236423849665298,0.3523076923076923,0.0,0.0
52.28476,-1.55544,45.49301960782139,2022,0.1222328244274809,0.149236641221374,0.0765267175572519,0.2284535948000542,0.4375,0.002214572780671,0.0047709923664122
52.2882476,-1.5380635,45.53902195318719,2022,0.1222328244274809,0.149236641221374,0.0765267175572519,0.2162283894853611,0.4165048543689321,0.0149483662695298,0.0023854961832061
52.29062,-1.53807,39.814119681620646,2022,0.1222328244274809,0.074618320610687,0.0765267175572519,0.2011243454997888,0.4826923076923076,0.0276821597583886,0.0
52.28436,-1.53507,21.00801808174164,2022,0.0407442748091603,0.0373091603053435,0.0382633587786259,0.2073552565956646,0.3488805970149253,0.0238066573922142,-0.0023854961832061
52.28885,-1.56141,35.086056363626724,2022,0.0814885496183206,0.074618320610687,0.1147900763358778,0.2208818547341798,0.336180904522613,0.0033218591710066,0.0023854961832061
52.28749,-1.53441,33.01996505974055,2022,0.1222328244274809,0.074618320610687,0.0382633587786259,0.2095636807815446,0.3744725738396625,0.0166092958550331,0.0
52.28726,-1.56333,44.75430596630396,2022,0.1629770992366412,0.149236641221374,0.0382633587786259,0.2220255029732962,0.4222222222222222,0.0033218591710066,0.0
52.2821,-1.54798,49.02877543500173,2022,0.1629770992366412,0.149236641221374,0.0382633587786259,0.2238790018435884,0.6170731707317073,0.0016609295855033,0.0
52.28639,-1.56041,45.24162558509876,2022,0.1629770992366412,0.149236641221374,0.0382633587786259,0.227152201976232,0.4341463414634147,0.0033218591710066,0.0
52.28485,-1.53145,29.871574588912125,2022,0.0814885496183206,0.074618320610687,0.0382633587786259,0.2051468324097845,0.3745331069609507,0.0298967325390597,-0.0023854961832061
52.28244,-1.55252,44.40313561362807,2022,0.1629770992366412,0.149236641221374,0.0382633587786259,0.2273888188532906,0.4114285714285713,0.0,0.0
52.28713,-1.53791,20.031306582281864,2022,0.0407442748091603,0.0373091603053435,0.0382633587786259,0.2180818883556533,0.3783269961977186,0.0038755023661744,-0.0023854961832061
52.2763825,-1.5284333,28.98757608443275,2022,0.0814885496183206,0.074618320610687,0.0382633587786259,0.2221832475580019,0.4091463414634146,0.002214572780671,0.0023854961832061
52.29086,-1.58311,53.945610687022906,2022,0.1222328244274809,0.1119274809160305,0.0765267175572519,0.2287690839694656,1.0,0.0,0.0
52.28376,-1.55485,44.7592721286814,2022,0.1629770992366412,0.149236641221374,0.0382633587786259,0.2280197971921134,0.4210526315789473,0.0011072863903355,0.0
52.28743,-1.53793,44.00148350930596,2022,0.1222328244274809,0.149236641221374,0.0765267175572519,0.2191072281562404,0.3805084745762712,0.0038755023661744,0.0047709923664122
52.28752,-1.56476,37.18127471853235,2022,0.0814885496183206,0.074618320610687,0.1147900763358778,0.2227353536044719,0.4274509803921568,0.0033218591710066,0.0023854961832061
52.27628,-1.5356,48.51197308589781,2022,0.1629770992366412,0.149236641221374,0.0765267175572519,0.2204086209800626,0.4214285714285714,0.0011072863903355,0.0023854961832061
52.28903,-1.53794,38.62656698487698,2022,0.1222328244274809,0.074618320610687,0.0765267175572519,0.2106678928744846,0.4570155902004454,0.0166092958550331,0.0
52.28683,-1.56127,43.51734933791609,2022,0.1629770992366412,0.149236641221374,0.0382633587786259,0.2247071609132934,0.362135922330097,0.0033218591710066,0.0
52.27645,-1.52028,33.907602794355164,2022,0.1222328244274809,0.1119274809160305,0.0382633587786259,0.2241944910129998,0.2948275862068965,0.0005536431951677,0.0
52.28683,-1.56086,44.14957679216895,2022,0.1222328244274809,0.149236641221374,0.0765267175572519,0.2251409585212341,0.3793478260869565,0.0033218591710066,0.0047709923664122
52.29064,-1.58028,53.945610687022906,2022,0.1222328244274809,0.1119274809160305,0.0765267175572519,0.2287690839694656,1.0,0.0,0.0
52.27903,-1.54334,33.177173049704365,2022,0.1222328244274809,0.074618320610687,0.0382633587786259,0.2258113730062334,0.4133333333333334,0.0033218591710066,0.0
52.28525,-1.56258,48.3840437298358,2022,0.1222328244274809,0.149236641221374,0.0765267175572519,0.226324042906527,0.5693548387096774,0.002214572780671,0.0047709923664122
52.29092,-1.58136,53.945610687022906,2022,0.1222328244274809,0.1119274809160305,0.0765267175572519,0.2287690839694656,1.0,0.0,0.0
52.28523,-1.53365,34.12011352925587,2022,0.0814885496183206,0.074618320610687,0.0765267175572519,0.2064876613797831,0.3702702702702702,0.0321113053197308,0.0
52.28994,-1.54488,36.954002859296295,2022,0.0814885496183206,0.074618320610687,0.1147900763358778,0.2258113730062334,0.4189189189189189,0.0016609295855033,0.0023854961832061
52.28768,-1.53979,19.912496151423987,2022,0.0407442748091603,0.0373091603053435,0.0382633587786259,0.2228142258968248,0.3724137931034483,0.002214572780671,-0.0023854961832061
52.29359,-1.53717,39.17451851257998,2022,0.1222328244274809,0.074618320610687,0.0765267175572519,0.2089721385888981,0.4472049689440993,0.0249139437825497,0.0
52.2824,-1.55,47.75734482827349,2022,0.1629770992366412,0.149236641221374,0.0382633587786259,0.2259691175909391,0.5599999999999999,0.0005536431951677,0.0
52.284399,-1.5315297,30.2359566858058,2022,0.0814885496183206,0.074618320610687,0.0382633587786259,0.2047919070941967,0.3759197324414716,0.0310040189293952,0.0
52.2895,-1.55855,35.61973762392369,2022,0.0814885496183206,0.074618320610687,0.1147900763358778,0.2229719704815305,0.3668965517241379,0.0011072863903355,0.0023854961832061
52.28718,-1.53541,44.513903847684425,2022,0.1222328244274809,0.149236641221374,0.0765267175572519,0.2088143940041924,0.3734279918864097,0.014394723074362,0.0047709923664122
52.28291,-1.53462,30.696773573947876,2022,0.1018606870229007,0.074618320610687,0.0382633587786259,0.2136650399838932,0.3513089005235602,0.0171629390502009,0.0
52.2913023,-1.5778892,42.3692956172267,2022,0.0814885496183206,0.074618320610687,0.0382633587786259,0.2287690839694656,1.0,0.0005536431951677,0.0
52.28776,-1.53862,44.221826006119855,2022,0.1222328244274809,0.149236641221374,0.0765267175572519,0.2174509100168304,0.3884476534296029,0.0049827887565099,0.0047709923664122
52.28998,-1.57966,53.945610687022906,2022,0.1222328244274809,0.1119274809160305,0.0765267175572519,0.2287690839694656,1.0,0.0,0.0
52.28273,-1.54573,48.97774798710213,2022,0.1629770992366412,0.149236641221374,0.0382633587786259,0.2236029488203534,0.6130769230769231,0.002214572780671,0.0
52.28632,-1.53186,29.515428415339716,2022,0.0814885496183206,0.074618320610687,0.0382633587786259,0.209051010881251,0.3769857433808553,0.0243603005873819,-0.0023854961832061
52.29629,-1.53701,38.4252140783366,2022,0.1222328244274809,0.074618320610687,0.0765267175572519,0.2276648718765256,0.4821428571428571,0.0011072863903355,0.0
52.28416929999999,-1.5321236,50.06786245783397,2022,0.1629770992366412,0.149236641221374,0.0765267175572519,0.2036876950012567,0.3747603833865814,0.0332185917100663,0.0023854961832061
52.28924,-1.56007,35.59805254807678,2022,0.0814885496183206,0.074618320610687,0.1147900763358778,0.2217494499500612,0.3579545454545454,0.0033218591710066,0.0023854961832061
52.27632,-1.53311,48.71539031079877,2022,0.1629770992366412,0.149236641221374,0.0765267175572519,0.217411473870654,0.4264084507042254,0.0033218591710066,0.0023854961832061
52.2827,-1.55337,44.85403669190634,2022,0.1629770992366412,0.149236641221374,0.0382633587786259,0.227152201976232,0.4317073170731708,0.0,0.0
52.2826,-1.5515,47.69173377558403,2022,0.1629770992366412,0.149236641221374,0.0382633587786259,0.2264423513450563,0.5559322033898305,0.0005536431951677,0.0
52.28536,-1.55769,44.19058605320746,2022,0.1629770992366412,0.149236641221374,0.0382633587786259,0.2285719032385834,0.4,0.0,0.0
52.2875,-1.53289,39.34437052523922,2022,0.1018606870229007,0.1119274809160305,0.0765267175572519,0.2099186060971325,0.3736051502145923,0.0199311550260398,0.0047709923664122
52.2721847,-1.5256998,33.19351509055728,2022,0.1222328244274809,0.074618320610687,0.0382633587786259,0.2251015223750577,0.4129032258064516,0.0038755023661744,0.0
52.28538,-1.55773,44.419593686795245,2022,0.1222328244274809,0.149236641221374,0.0765267175572519,0.2285719032385834,0.4,0.0,0.0047709923664122
52.28731,-1.53577,44.50439019149656,2022,0.1222328244274809,0.149236641221374,0.0765267175572519,0.2092481916121331,0.3721991701244813,0.014394723074362,0.0047709923664122
52.28721,-1.56292,44.82420044957665,2022,0.1629770992366412,0.149236641221374,0.0382633587786259,0.2223804282888841,0.4246913580246914,0.0033218591710066,0.0
52.28544,-1.55795,44.19058605320746,2022,0.1629770992366412,0.149236641221374,0.0382633587786259,0.2285719032385834,0.4,0.0,0.0
52.27638,-1.52843,42.60875929053961,2022,0.142604961832061,0.1305820610687022,0.0573950381679389,0.2221832475580019,0.4091463414634146,0.002214572780671,0.0023854961832061
52.2812835,-1.5456867,33.066980367729954,2022,0.0814885496183206,0.074618320610687,0.0382633587786259,0.2226959174582955,0.5764705882352941,0.0055364319516777,0.0023854961832061
52.27648,-1.52008,33.611643754134256,2022,0.1222328244274809,0.1119274809160305,0.0382633587786259,0.2245888524747641,0.281132075471698,0.0005536431951677,0.0
52.28924,-1.57167,45.48195089597749,2022,0.1629770992366412,0.149236641221374,0.0382633587786259,0.2283352863615249,0.4545454545454546,0.0005536431951677,0.0
52.28753,-1.56515,44.69612611105544,2022,0.1629770992366412,0.149236641221374,0.0382633587786259,0.2232085873585891,0.4198581560283688,0.0027682159758388,0.0
52.2869,-1.53339,32.48898967995838,2022,0.0814885496183206,0.074618320610687,0.0765267175572519,0.2048313432403731,0.3666107382550335,0.0171629390502009,0.0
52.28806,-1.53153,45.25550107110151,2022,0.1222328244274809,0.149236641221374,0.0765267175572519,0.2161495171930083,0.382258064516129,0.0171629390502009,0.0047709923664122
52.28944,-1.5567,37.309608324472485,2022,0.0814885496183206,0.074618320610687,0.1147900763358778,0.2267578405144677,0.4352941176470588,0.0011072863903355,0.0023854961832061
52.27635,-1.51873,34.54080700277977,2022,0.1222328244274809,0.1119274809160305,0.0382633587786259,0.223287459650942,0.3194244604316546,0.0016609295855033,0.0
52.28675,-1.56105,43.80852275564324,2022,0.1222328244274809,0.149236641221374,0.0765267175572519,0.2248649054979991,0.3646464646464646,0.0033218591710066,0.0047709923664122
52.2883,-1.5307,39.67351357737128,2022,0.1018606870229007,0.1119274809160305,0.0765267175572519,0.2172931654321247,0.4117437722419929,0.0121801502936909,0.0047709923664122
52.2897243,-1.5500951,40.94129710002485,2022,0.1222328244274809,0.074618320610687,0.1147900763358778,0.2256141922753513,0.4227848101265823,0.0,0.0023854961832061
52.28397,-1.53666,42.44828582734932,2022,0.1629770992366412,0.149236641221374,0.0382633587786259,0.2148875605153625,0.3031700288184438,0.0088582911226843,0.0
52.28502,-1.53352,33.86790756448958,2022,0.0814885496183206,0.074618320610687,0.0765267175572519,0.2060538637718424,0.3695575221238938,0.0298967325390597,0.0
52.28648,-1.56386,45.25185199959271,2022,0.1222328244274809,0.149236641221374,0.0765267175572519,0.2231297150662362,0.4321678321678321,0.0033218591710066,0.0047709923664122
52.28589,-1.54948,46.03075319580464,2022,0.1222328244274809,0.149236641221374,0.0765267175572519,0.2275465634379963,0.467741935483871,0.0011072863903355,0.0047709923664122
52.28746,-1.56498,37.18127471853235,2022,0.0814885496183206,0.074618320610687,0.1147900763358778,0.2227353536044719,0.4274509803921568,0.0033218591710066,0.0023854961832061
52.28418,-1.53414,34.090373393226805,2022,0.1222328244274809,0.074618320610687,0.0382633587786259,0.2055017577253724,0.3666092943201377,0.0304503757342274,0.0
52.28478,-1.53391,31.823156694864487,2022,0.0814885496183206,0.074618320610687,0.0573950381679389,0.2053440131406667,0.3671232876712328,0.0293430893438919,0.0
52.28578,-1.5316,30.08640704131257,2022,0.0814885496183206,0.074618320610687,0.0382633587786259,0.2083411602500753,0.3658153241650295,0.0326649485148985,-0.0023854961832061
52.28803,-1.54452,43.76941006433787,2022,0.1222328244274809,0.149236641221374,0.0765267175572519,0.2253381392521163,0.3670588235294117,0.002214572780671,0.0047709923664122
52.28794,-1.54571,44.6929426522436,2022,0.1222328244274809,0.149236641221374,0.0765267175572519,0.2274676911456434,0.409090909090909,0.0011072863903355,0.0047709923664122
52.27488,-1.52629,47.68999666438574,2022,0.1629770992366412,0.149236641221374,0.0765267175572519,0.2247465970594698,0.3742574257425742,0.0016609295855033,0.0023854961832061
52.2896,-1.55327,36.44343144959771,2022,0.0814885496183206,0.074618320610687,0.1147900763358778,0.2261662983218213,0.403030303030303,0.0,0.0023854961832061
52.28744,-1.56499,37.03202478171725,2022,0.0814885496183206,0.074618320610687,0.1147900763358778,0.2232085873585891,0.4198581560283688,0.0033218591710066,0.0023854961832061
52.28797,-1.53627,28.39732731270522,2022,0.0814885496183206,0.0652910305343511,0.0382633587786259,0.2092876277583096,0.402092050209205,0.0171629390502009,-0.0023854961832061
52.27643,-1.52409,34.65125745542868,2022,0.1222328244274809,0.1119274809160305,0.0382633587786259,0.2206058017109448,0.3333333333333333,0.0005536431951677,0.0
52.292597,-1.5369774,51.461025261054495,2022,0.1629770992366412,0.149236641221374,0.0765267175572519,0.1986793044368501,0.4766216216216216,0.0287894461487241,0.0023854961832061
52.28252,-1.55003,47.72534383843716,2022,0.1629770992366412,0.149236641221374,0.0382633587786259,0.225495883836822,0.5597560975609757,0.0005536431951677,0.0
52.28613,-1.54898,46.04769903503003,2022,0.1222328244274809,0.149236641221374,0.0765267175572519,0.2277831803150549,0.4679999999999999,0.0011072863903355,0.0047709923664122
52.28785,-1.53888,40.45903733955836,2022,0.1018606870229007,0.1305820610687022,0.0765267175572519,0.2173326015783011,0.4221428571428571,0.0038755023661744,0.0
52.29111,-1.57742,50.260516991272496,2022,0.0814885496183206,0.074618320610687,0.1147900763358778,0.2287690839694656,1.0,0.0005536431951677,0.0023854961832061
52.28772,-1.5655,36.97135086072621,2022,0.0814885496183206,0.074618320610687,0.1147900763358778,0.2230902789200598,0.417361111111111,0.0033218591710066,0.0023854961832061
52.27921,-1.54475,34.1022894839975,2022,0.1222328244274809,0.074618320610687,0.0382633587786259,0.2264029151988799,0.4433333333333333,0.0055364319516777,0.0
52.28491,-1.55395,47.82332816744103,2022,0.1222328244274809,0.149236641221374,0.0765267175572519,0.2284141586538777,0.5444444444444445,0.0011072863903355,0.0047709923664122
52.28628,-1.56007,47.17518143522446,2022,0.1629770992366412,0.149236641221374,0.0382633587786259,0.2282958502153484,0.5166666666666667,0.0033218591710066,0.0
52.28959,-1.55357,36.37962854522318,2022,0.0814885496183206,0.074618320610687,0.1147900763358778,0.2262846067603506,0.4,0.0,0.0023854961832061
52.29134,-1.57801,54.00097500653966,2022,0.1222328244274809,0.1119274809160305,0.0765267175572519,0.2287690839694656,1.0,0.0005536431951677,0.0
52.277348,-1.518688,27.737961992991007,2022,0.0814885496183206,0.074618320610687,0.0382633587786259,0.2236423849665298,0.353076923076923,0.0016609295855033,0.0023854961832061
52.28775,-1.5641,36.97947599793221,2022,0.0814885496183206,0.074618320610687,0.1147900763358778,0.2220255029732962,0.4222222222222222,0.0027682159758388,0.0023854961832061
52.28397,-1.53858,44.2068648739818,2022,0.1629770992366412,0.149236641221374,0.0382633587786259,0.2200536956644747,0.4086757990867579,0.0016609295855033,0.0
52.28535,-1.55051,45.778748023542,2022,0.1222328244274809,0.149236641221374,0.0765267175572519,0.2269944573915263,0.4577777777777777,0.0011072863903355,0.0047709923664122
52.28765,-1.53256,33.52460412549579,2022,0.0814885496183206,0.074618320610687,0.0765267175572519,0.210155222974191,0.3855263157894737,0.0215920846115431,0.0
52.28968,-1.55093,36.47635088268748,2022,0.0814885496183206,0.074618320610687,0.1147900763358778,0.2257325007138806,0.4052631578947368,0.0,0.0023854961832061
52.28807,-1.54264,43.95087862696654,2022,0.1222328244274809,0.149236641221374,0.0765267175572519,0.2250620862288812,0.3706521739130434,0.0033218591710066,0.0047709923664122
52.28499,-1.55289,47.82332816744103,2022,0.1222328244274809,0.149236641221374,0.0765267175572519,0.2284141586538777,0.5444444444444445,0.0011072863903355,0.0047709923664122
52.28813,-1.54107,44.3507394559891,2022,0.1222328244274809,0.149236641221374,0.0765267175572519,0.2241156187206469,0.3678260869565217,0.0083046479275165,0.0047709923664122
52.28994,-1.57412,50.260516991272496,2022,0.0814885496183206,0.074618320610687,0.1147900763358778,0.2287690839694656,1.0,0.0005536431951677,0.0023854961832061
52.28411,-1.53582,43.418222720544094,2022,0.1629770992366412,0.149236641221374,0.0382633587786259,0.2109045097515432,0.3260089686098655,0.0149483662695298,0.0
52.2900115,-1.5445292,44.70397965097217,2022,0.142604961832061,0.1119274809160305,0.0956583969465648,0.2253775753982927,0.4117647058823529,0.0016609295855033,0.0023854961832061
52.28698,-1.53761,19.64613271590464,2022,0.0407442748091603,0.0373091603053435,0.0382633587786259,0.2110622543362489,0.3752834467120182,0.0033218591710066,-0.0023854961832061
52.28477,-1.54724,45.76668198882676,2022,0.1222328244274809,0.1243638676844783,0.0765267175572519,0.2236029488203534,0.5992307692307692,0.0005536431951677,0.0
52.28556,-1.53567,30.557076911681303,2022,0.0814885496183206,0.074618320610687,0.0573950381679389,0.2116537965288953,0.3355971896955504,0.0210384414163753,0.0
52.28604,-1.53626,25.863951504708155,2022,0.0814885496183206,0.0559637404580152,0.0382633587786259,0.2148481243691861,0.3189655172413793,0.014394723074362,0.0
52.28459,-1.53544,26.62346145411315,2022,0.0814885496183206,0.0559637404580152,0.0382633587786259,0.2074735650341938,0.3402255639097745,0.0199311550260398,0.0
52.28693,-1.54914,43.08332244469924,2022,0.1222328244274809,0.1243638676844783,0.0765267175572519,0.2277831803150549,0.4679999999999999,0.0011072863903355,0.0
52.28128,-1.5466,30.96297273414217,2022,0.0814885496183206,0.0559637404580152,0.0382633587786259,0.2226959174582955,0.5764705882352941,0.0055364319516777,0.0
52.28987,-1.54604,36.07784883389083,2022,0.0814885496183206,0.1119274809160305,0.0765267175572519,0.2262057344679977,0.4015625,0.0,0.0
52.29107,-1.54668,41.37780956506501,2022,0.1120467557251908,0.1212547709923664,0.0765267175572519,0.2234452042356477,0.4553030303030302,0.002214572780671,0.0
52.2854409,-1.5373244,42.48471078474616,2022,0.142604961832061,0.1119274809160305,0.0765267175572519,0.2183973775250647,0.4007692307692307,0.0038755023661744,0.0023854961832061
52.28748,-1.53651,26.57475843652661,2022,0.0814885496183206,0.0559637404580152,0.0382633587786259,0.2096425530738974,0.3739957716701902,0.0116265070985232,0.0
52.28403,-1.53327,30.218747080751108,2022,0.0814885496183206,0.074618320610687,0.0382633587786259,0.2066848421106653,0.3689655172413792,0.031557662124563,0.0
52.28807,-1.5401,37.08144419745535,2022,0.0814885496183206,0.1119274809160305,0.0765267175572519,0.2225381728735898,0.4084967320261438,0.0099655775130199,0.0
52.28269,-1.54571,31.50160294893419,2022,0.0814885496183206,0.0559637404580152,0.0382633587786259,0.2236029488203534,0.6130769230769231,0.002214572780671,0.0
52.28336,-1.54443,45.02164829321629,2022,0.1222328244274809,0.1243638676844783,0.0765267175572519,0.2239973102821177,0.5575,0.002214572780671,0.0
52.28285,-1.54579,31.50160294893419,2022,0.0814885496183206,0.0559637404580152,0.0382633587786259,0.2236029488203534,0.6130769230769231,0.002214572780671,0.0
52.28325,-1.54678,46.24237903035912,2022,0.1222328244274809,0.1243638676844783,0.0765267175572519,0.2236029488203534,0.6130769230769231,0.002214572780671,0.0
52.2833039,-1.5488877,54.71772207027232,2022,0.1629770992366412,0.149236641221374,0.0956583969465648,0.2259691175909391,0.5985714285714285,0.0016609295855033,0.0023854961832061
52.2898457,-1.5466228,48.30344070079035,2022,0.1629770992366412,0.149236641221374,0.0765267175572519,0.2261662983218213,0.4169230769230769,0.0,0.0
52.28894,-1.53799,27.484049085942207,2022,0.0814885496183206,0.0373091603053435,0.0382633587786259,0.2115749242365425,0.4669014084507042,0.0166092958550331,0.0023854961832061
52.28823,-1.53807,26.573433095634,2022,0.0814885496183206,0.0373091603053435,0.0382633587786259,0.2169776762627133,0.4209621993127148,0.0149483662695298,0.0023854961832061
52.28416,-1.53771,26.23796369885223,2022,0.0814885496183206,0.0559637404580152,0.0382633587786259,0.2173720377244775,0.3885017421602788,0.002214572780671,0.0
52.28125,-1.54696,30.907608414625383,2022,0.0814885496183206,0.0559637404580152,0.0382633587786259,0.2226959174582955,0.5764705882352941,0.0049827887565099,0.0
52.28686,-1.54923,43.08332244469924,2022,0.1222328244274809,0.1243638676844783,0.0765267175572519,0.2277831803150549,0.4679999999999999,0.0011072863903355,0.0
52.28164,-1.5455,30.559937548902425,2022,0.0814885496183206,0.0559637404580152,0.0382633587786259,0.2223015559965312,0.5693251533742332,0.0033218591710066,0.0
52.2844,-1.53586,25.986488893643887,2022,0.0814885496183206,0.0559637404580152,0.0382633587786259,0.211259435067131,0.3249427917620137,0.0155020094646976,0.0
52.2789332,-1.5472643,57.42255070201262,2022,0.1629770992366412,0.149236641221374,0.0956583969465648,0.2239578741359412,0.7,0.007197361537181,0.0023854961832061
52.28359,-1.5432,46.78834473936211,2022,0.1222328244274809,0.1243638676844783,0.0765267175572519,0.2239973102821177,0.6388429752066116,0.0016609295855033,0.0
52.28974,-1.54664,41.74173586618474,2022,0.1222328244274809,0.1243638676844783,0.0765267175572519,0.2261662983218213,0.4169230769230769,0.0,0.0
52.2899,-1.54445,36.440620872346216,2022,0.0814885496183206,0.1119274809160305,0.0765267175572519,0.2253775753982927,0.4117647058823529,0.0016609295855033,0.0
52.28394,-1.53196,48.29044965274061,2022,0.1493956743002544,0.1368002544529261,0.0892811704834605,0.2044764179247852,0.3745874587458746,0.0332185917100663,-0.0023854961832061
52.28767,-1.53763,25.027752670494746,2022,0.0814885496183206,0.0373091603053435,0.0382633587786259,0.2146115074921275,0.3948571428571428,0.0060900751468454,0.0023854961832061
52.2861,-1.53629,25.98019861949659,2022,0.0814885496183206,0.0559637404580152,0.0382633587786259,0.2121270302830125,0.328537170263789,0.014394723074362,0.0
52.2853,-1.53458,31.46386415190228,2022,0.0814885496183206,0.074618320610687,0.0573950381679389,0.2082622879577224,0.3553606237816764,0.0271285165632208,0.0
52.28324,-1.5448,30.280872211791355,2022,0.0814885496183206,0.0559637404580152,0.0382633587786259,0.2239973102821177,0.5575,0.002214572780671,0.0
52.28437,-1.53618,25.746874228940385,2022,0.0814885496183206,0.0559637404580152,0.0382633587786259,0.2116932326750717,0.3234192037470726,0.0132874366840265,0.0
52.281418,-1.548171,44.9593622315271,2022,0.1222328244274809,0.1012677208287895,0.0765267175572519,0.2264423513450563,0.6068965517241379,0.0049827887565099,0.0071564885496183
52.286249,-1.548171,38.38957063451812,2022,0.1222328244274809,0.074618320610687,0.0765267175572519,0.227428254999467,0.4705882352941176,0.0011072863903355,0.0023854961832061
52.28129,-1.54557,30.670666187935996,2022,0.0814885496183206,0.0559637404580152,0.0382633587786259,0.2223015559965312,0.5693251533742332,0.0044291455613421,0.0
52.28437,-1.53638,25.32940700739104,2022,0.0814885496183206,0.0559637404580152,0.0382633587786259,0.2130340616450704,0.3121827411167513,0.0110728639033554,0.0
52.28963,-1.5346,49.2260093275922,2022,0.142604961832061,0.1305820610687022,0.0956583969465648,0.2031750251009631,0.4757911392405063,0.0243603005873819,0.0023854961832061
52.28128,-1.54569,30.96297273414217,2022,0.0814885496183206,0.0559637404580152,0.0382633587786259,0.2226959174582955,0.5764705882352941,0.0055364319516777,0.0
52.28781,-1.53787,24.835601936791505,2022,0.0814885496183206,0.0373091603053435,0.0382633587786259,0.2158734641697733,0.3836477987421383,0.0060900751468454,0.0023854961832061
52.28303,-1.54554,40.07783346551044,2022,0.1059351145038167,0.0970038167938931,0.0612213740458015,0.2232085873585891,0.6021428571428571,0.002214572780671,0.0
52.28706,-1.53687,24.806873987613116,2022,0.0814885496183206,0.0373091603053435,0.0382633587786259,0.2107862013130139,0.3757847533632287,0.0094119343178521,0.0023854961832061
52.2836,-1.54297,46.78834473936211,2022,0.1222328244274809,0.1243638676844783,0.0765267175572519,0.2239973102821177,0.6388429752066116,0.0016609295855033,0.0
52.28554,-1.54724,43.6028398906436,2022,0.1222328244274809,0.1243638676844783,0.0765267175572519,0.2277437441688784,0.4884615384615385,0.0016609295855033,0.0
52.28898,-1.53803,27.484049085942207,2022,0.0814885496183206,0.0373091603053435,0.0382633587786259,0.2115749242365425,0.4669014084507042,0.0166092958550331,0.0023854961832061
52.28136,-1.54574,30.96297273414217,2022,0.0814885496183206,0.0559637404580152,0.0382633587786259,0.2226959174582955,0.5764705882352941,0.0055364319516777,0.0
52.28399,-1.53982,26.92928764035557,2022,0.0814885496183206,0.0559637404580152,0.0382633587786259,0.2213156523421205,0.4203208556149732,0.0005536431951677,0.0
52.28694,-1.53705,25.3078001718589,2022,0.0814885496183206,0.0497455470737913,0.0382633587786259,0.2095636807815446,0.3618448637316562,0.0077510047323488,0.0
52.28434,-1.53665,25.28166606871538,2022,0.0814885496183206,0.0559637404580152,0.0382633587786259,0.2141382737380104,0.3109289617486339,0.0105192207081876,0.0
52.28778,-1.54773,41.58904419143506,2022,0.1222328244274809,0.1243638676844783,0.0765267175572519,0.2273099465609377,0.408108108108108,0.0,0.0
52.289,-1.53803,27.108181165019783,2022,0.0814885496183206,0.0373091603053435,0.0382633587786259,0.209603116927721,0.4533613445378151,0.0166092958550331,0.0023854961832061
52.28879,-1.5466,42.26607141302662,2022,0.1222328244274809,0.1243638676844783,0.0765267175572519,0.2267972766606441,0.434,0.0011072863903355,0.0
52.28829,-1.54684,42.004284475422686,2022,0.1222328244274809,0.1243638676844783,0.0765267175572519,0.2274676911456434,0.4212121212121212,0.0011072863903355,0.0
52.28459,-1.54724,45.81564788088456,2022,0.1222328244274809,0.1243638676844783,0.0765267175572519,0.2235635126741769,0.6015267175572518,0.0005536431951677,0.0
52.28805,-1.53961,36.7787563923015,2022,0.0814885496183206,0.1119274809160305,0.0765267175572519,0.2227353536044719,0.4094594594594595,0.0066437183420132,0.0
52.2789466,-1.5471869,40.986481999722535,2022,0.0950699745547073,0.0870547073791348,0.0637722646310432,0.2239578741359412,0.7,0.007197361537181,0.0
52.2857,-1.53616,29.857655785379045,2022,0.0814885496183206,0.074618320610687,0.0573950381679389,0.2134678592530111,0.3259162303664921,0.0155020094646976,0.0
52.28673,-1.54981,43.06637660547385,2022,0.1222328244274809,0.1243638676844783,0.0765267175572519,0.2275465634379963,0.467741935483871,0.0011072863903355,0.0
52.2856,-1.53589,30.023748743929374,2022,0.0814885496183206,0.074618320610687,0.0573950381679389,0.2134678592530111,0.3259162303664921,0.0171629390502009,0.0
52.28544,-1.53655,25.522444329483672,2022,0.0814885496183206,0.0559637404580152,0.0382633587786259,0.2143354544688925,0.3141274238227146,0.0121801502936909,0.0
52.28972,-1.53543,49.04312983774462,2022,0.142604961832061,0.1305820610687022,0.0956583969465648,0.2021891214465523,0.4745426829268292,0.0232530141970464,0.0023854961832061
52.28676,-1.54975,43.06637660547385,2022,0.1222328244274809,0.1243638676844783,0.0765267175572519,0.2275465634379963,0.467741935483871,0.0011072863903355,0.0
52.28835,-1.53805,26.3436466497772,2022,0.0814885496183206,0.0373091603053435,0.0382633587786259,0.2157157195850675,0.4127725856697819,0.0149483662695298,0.0023854961832061
52.28687,-1.53698,29.659782243853368,2022,0.0814885496183206,0.074618320610687,0.0573950381679389,0.2100763506818382,0.3612903225806452,0.007197361537181,0.0
52.28788,-1.53797,25.80533833108914,2022,0.0814885496183206,0.0373091603053435,0.0382633587786259,0.217135420847419,0.420979020979021,0.007197361537181,0.0023854961832061
52.29147,-1.54715,42.03929327432281,2022,0.1120467557251908,0.1212547709923664,0.0765267175572519,0.2246282886209405,0.4823529411764705,0.002214572780671,0.0
52.28984,-1.54405,36.6675673691234,2022,0.0814885496183206,0.1119274809160305,0.0765267175572519,0.2254564476906455,0.4216867469879518,0.0016609295855033,0.0
52.28362,-1.54303,46.78834473936211,2022,0.1222328244274809,0.1243638676844783,0.0765267175572519,0.2239973102821177,0.6388429752066116,0.0016609295855033,0.0
52.28405,-1.53303,30.238422922545897,2022,0.0814885496183206,0.074618320610687,0.0382633587786259,0.2063693529412538,0.3704830053667263,0.031557662124563,0.0
52.28443,-1.53323,30.142471538345667,2022,0.0814885496183206,0.074618320610687,0.0382633587786259,0.2049890878250788,0.3682967959527825,0.031557662124563,0.0
52.28408,-1.53901,26.730719835813865,2022,0.0814885496183206,0.0559637404580152,0.0382633587786259,0.2200536956644747,0.4086757990867579,0.0016609295855033,0.0
52.28479,-1.53544,26.60442458856047,2022,0.0814885496183206,0.0559637404580152,0.0382633587786259,0.2077496180574289,0.3388571428571428,0.0199311550260398,0.0
52.28437,-1.53661,25.33703038823216,2022,0.0814885496183206,0.0559637404580152,0.0382633587786259,0.2141382737380104,0.3109289617486339,0.0110728639033554,0.0
52.28415,-1.53795,26.99654687525216,2022,0.0814885496183206,0.0559637404580152,0.0382633587786259,0.2207635462956505,0.4194029850746268,0.0016609295855033,0.0
52.28029,-1.53424,28.348262754410094,2022,0.0814885496183206,0.074618320610687,0.0382633587786259,0.2204086209800626,0.3741626794258373,0.0066437183420132,0.0
52.2919643,-1.53576,44.87299330765895,2022,0.1222328244274809,0.1305820610687022,0.0573950381679389,0.1945779452345015,0.4833930704898447,0.0420768828327507,0.0023854961832061
52.28416,-1.53212,48.20906302381336,2022,0.1493956743002544,0.1368002544529261,0.0892811704834605,0.2036876950012567,0.3747603833865814,0.0326649485148985,-0.0023854961832061
52.28554,-1.53538,30.84110574914957,2022,0.0814885496183206,0.074618320610687,0.0573950381679389,0.210155222974191,0.3462365591397849,0.0221457278067108,0.0
52.28836,-1.53621,28.41330971832392,2022,0.0814885496183206,0.0559637404580152,0.0382633587786259,0.2105495844359553,0.4176339285714285,0.0204847982212075,0.0
52.28573,-1.5473,43.6028398906436,2022,0.1222328244274809,0.1243638676844783,0.0765267175572519,0.2277437441688784,0.4884615384615385,0.0016609295855033,0.0
52.28138,-1.54705,30.96297273414217,2022,0.0814885496183206,0.0559637404580152,0.0382633587786259,0.2226959174582955,0.5764705882352941,0.0055364319516777,0.0
52.28995,-1.54452,36.440620872346216,2022,0.0814885496183206,0.1119274809160305,0.0765267175572519,0.2253775753982927,0.4117647058823529,0.0016609295855033,0.0
52.28807,-1.53799,26.406970950485835,2022,0.0814885496183206,0.0373091603053435,0.0382633587786259,0.2163861340700668,0.4272131147540984,0.0121801502936909,0.0023854961832061
52.28888,-1.54656,42.26607141302662,2022,0.1222328244274809,0.1243638676844783,0.0765267175572519,0.2267972766606441,0.434,0.0011072863903355,0.0
52.2897651,-1.5354354,43.65991355064934,2022,0.1222328244274809,0.1305820610687022,0.0573950381679389,0.1981271983903801,0.5001321003963012,0.0249139437825497,0.0023854961832061
52.28945,-1.5352,48.94725207346758,2022,0.142604961832061,0.1305820610687022,0.0956583969465648,0.2026623552006695,0.4768992248062015,0.0215920846115431,0.0023854961832061
52.28128,-1.5456,30.670666187935996,2022,0.0814885496183206,0.0559637404580152,0.0382633587786259,0.2223015559965312,0.5693251533742332,0.0044291455613421,0.0
52.28677,-1.53687,27.77064144444997,2022,0.0814885496183206,0.0652910305343511,0.0478291984732824,0.2107467651668375,0.3575221238938053,0.0077510047323488,0.0
52.28894,-1.53798,27.640687714282645,2022,0.0814885496183206,0.0373091603053435,0.0382633587786259,0.2126397001833061,0.4719298245614035,0.0166092958550331,0.0023854961832061
52.29191,-1.54761,42.083691051335634,2022,0.1120467557251908,0.1212547709923664,0.0765267175572519,0.2238790018435884,0.4859504132231405,0.002214572780671,0.0
52.28342,-1.54688,46.24237903035912,2022,0.1222328244274809,0.1243638676844783,0.0765267175572519,0.2236029488203534,0.6130769230769231,0.002214572780671,0.0
52.28671,-1.54984,43.06637660547385,2022,0.1222328244274809,0.1243638676844783,0.0765267175572519,0.2275465634379963,0.467741935483871,0.0011072863903355,0.0
52.28807,-1.53995,36.97071555842179,2022,0.0814885496183206,0.1119274809160305,0.0765267175572519,0.2225381728735898,0.4084967320261438,0.0088582911226843,0.0
52.2865,-1.5367,25.806948640175232,2022,0.0814885496183206,0.0559637404580152,0.0382633587786259,0.2130734977912468,0.3501272264631043,0.0077510047323488,0.0
52.28443,-1.53559,26.54750789357,2022,0.0814885496183206,0.0559637404580152,0.0382633587786259,0.2098397338047796,0.3327695560253699,0.0199311550260398,0.0
52.2807,-1.5345,27.51380690262205,2022,0.0814885496183206,0.074618320610687,0.0382633587786259,0.2197776426412397,0.3473451327433628,0.0044291455613421,0.0
52.28698,-1.53696,24.719851464067403,2022,0.0814885496183206,0.0373091603053435,0.0382633587786259,0.2103524037050732,0.375054704595186,0.0088582911226843,0.0023854961832061
52.29001,-1.54453,36.440620872346216,2022,0.0814885496183206,0.1119274809160305,0.0765267175572519,0.2253775753982927,0.4117647058823529,0.0016609295855033,0.0
52.28294,-1.54552,31.23336781665548,2022,0.0814885496183206,0.0559637404580152,0.0382633587786259,0.2232085873585891,0.6021428571428571,0.002214572780671,0.0
52.28931,-1.54004,37.50925210685119,2022,0.0814885496183206,0.1119274809160305,0.0765267175572519,0.2179241437709476,0.424074074074074,0.0127337934888587,0.0
52.28606,-1.53626,29.758824573695065,2022,0.0814885496183206,0.074618320610687,0.0573950381679389,0.2121270302830125,0.328537170263789,0.014394723074362,0.0
52.2923339,-1.5382023,43.37894958551284,2022,0.1222328244274809,0.1305820610687022,0.0573950381679389,0.2014792708153766,0.4586309523809523,0.0287894461487241,0.0023854961832061
52.28869,-1.54655,41.895960552084425,2022,0.1222328244274809,0.1243638676844783,0.0765267175572519,0.2273493827071142,0.4166666666666667,0.0011072863903355,0.0
52.28379,-1.54127,29.094085117346303,2022,0.0814885496183206,0.0559637404580152,0.0382633587786259,0.2215522692191791,0.5175824175824176,0.0005536431951677,0.0
52.28949,-1.53501,49.04632076744459,2022,0.142604961832061,0.1305820610687022,0.0956583969465648,0.2026229190544931,0.4736842105263157,0.0232530141970464,0.0023854961832061
52.29037,-1.53552,50.030331411796105,2022,0.142604961832061,0.1305820610687022,0.0956583969465648,0.191777978855975,0.4853820598006645,0.0359868076859052,0.0023854961832061
52.28623,-1.53647,29.806720526513278,2022,0.0814885496183206,0.074618320610687,0.0573950381679389,0.2111411266286018,0.3480725623582766,0.0110728639033554,0.0
52.283,-1.54587,46.24237903035912,2022,0.1222328244274809,0.1243638676844783,0.0765267175572519,0.2236029488203534,0.6130769230769231,0.002214572780671,0.0
52.28772,-1.5364,27.011272130527907,2022,0.0814885496183206,0.0559637404580152,0.0382633587786259,0.2092876277583096,0.3849056603773585,0.0138410798791943,0.0
52.28663,-1.53679,29.6477361960834,2022,0.0814885496183206,0.074618320610687,0.0573950381679389,0.2106284567283082,0.3571428571428571,0.0077510047323488,0.0
52.28714,-1.54876,42.5484769194771,2022,0.1222328244274809,0.1243638676844783,0.0765267175572519,0.2276254357303491,0.4448275862068965,0.0011072863903355,0.0
52.28418,-1.53214,48.26442734333015,2022,0.1493956743002544,0.1368002544529261,0.0892811704834605,0.2036876950012567,0.3747603833865814,0.0332185917100663,-0.0023854961832061
52.28451,-1.53545,26.62346145411315,2022,0.0814885496183206,0.0559637404580152,0.0382633587786259,0.2074735650341938,0.3402255639097745,0.0199311550260398,0.0
52.28579,-1.54732,43.54747557112681,2022,0.1222328244274809,0.1243638676844783,0.0765267175572519,0.2277437441688784,0.4884615384615385,0.0011072863903355,0.0
52.28709,-1.5489,42.22622513092997,2022,0.1222328244274809,0.1243638676844783,0.0765267175572519,0.227980361045937,0.43,0.0011072863903355,0.0
52.28718,-1.53751,35.70027751997483,2022,0.0814885496183206,0.1119274809160305,0.0765267175572519,0.2121270302830125,0.3869249394673123,0.0049827887565099,0.0
52.28346,-1.54403,46.49756720738336,2022,0.1222328244274809,0.1243638676844783,0.0765267175572519,0.2224593005812369,0.630188679245283,0.0016609295855033,0.0
52.28037,-1.53437,27.919758592935334,2022,0.0814885496183206,0.074618320610687,0.0382633587786259,0.2199748233721219,0.3604545454545454,0.0055364319516777,0.0
52.28415,-1.5367,25.192919325134945,2022,0.0814885496183206,0.0559637404580152,0.0382633587786259,0.2146115074921275,0.3112676056338028,0.0094119343178521,0.0
52.28681,-1.54941,43.08332244469924,2022,0.1222328244274809,0.1243638676844783,0.0765267175572519,0.2277831803150549,0.4679999999999999,0.0011072863903355,0.0
52.28874,-1.53809,26.923032244559668,2022,0.0814885496183206,0.0373091603053435,0.0382633587786259,0.2150058689538918,0.4436578171091446,0.014394723074362,0.0023854961832061
52.28131,-1.54571,30.96297273414217,2022,0.0814885496183206,0.0559637404580152,0.0382633587786259,0.2226959174582955,0.5764705882352941,0.0055364319516777,0.0
52.28612,-1.54787,42.62513587603381,2022,0.1222328244274809,0.1243638676844783,0.0765267175572519,0.2272310742685848,0.4538461538461538,0.0,0.0
52.28279,-1.5458,31.50160294893419,2022,0.0814885496183206,0.0559637404580152,0.0382633587786259,0.2236029488203534,0.6130769230769231,0.002214572780671,0.0
52.28321,-1.54669,46.24237903035912,2022,0.1222328244274809,0.1243638676844783,0.0765267175572519,0.2236029488203534,0.6130769230769231,0.002214572780671,0.0
52.28602,-1.53626,29.642577458906626,2022,0.0814885496183206,0.074618320610687,0.0573950381679389,0.2148481243691861,0.3189655172413793,0.014394723074362,0.0
52.28366,-1.54227,29.93614004072648,2022,0.0814885496183206,0.0559637404580152,0.0382633587786259,0.2219071945347669,0.5497109826589595,0.0016609295855033,0.0
52.28818,-1.5401,37.24753715600567,2022,0.0814885496183206,0.1119274809160305,0.0765267175572519,0.2225381728735898,0.4084967320261438,0.0116265070985232,0.0
52.28895,-1.53801,27.484049085942207,2022,0.0814885496183206,0.0373091603053435,0.0382633587786259,0.2115749242365425,0.4669014084507042,0.0166092958550331,0.0023854961832061
52.28099,-1.5346,27.60701371870087,2022,0.0814885496183206,0.074618320610687,0.0382633587786259,0.2211973439035912,0.3518324607329843,0.0038755023661744,0.0
52.28901,-1.53802,27.108181165019783,2022,0.0814885496183206,0.0373091603053435,0.0382633587786259,0.209603116927721,0.4533613445378151,0.0166092958550331,0.0023854961832061
52.28403,-1.53316,43.563212729606064,2022,0.1324188931297709,0.1212547709923664,0.0765267175572519,0.2066848421106653,0.3689655172413792,0.031557662124563,-0.0023854961832061
52.28529959999999,-1.5345806,43.50871148014656,2022,0.1303816793893129,0.1193893129770992,0.0841793893129771,0.2082622879577224,0.3553606237816764,0.0271285165632208,0.0
52.2851,-1.53592,26.06841795800855,2022,0.0814885496183206,0.0559637404580152,0.0382633587786259,0.2129946254988939,0.3261421319796954,0.0155020094646976,0.0
52.28409,-1.53262,48.22675821438388,2022,0.1493956743002544,0.1368002544529261,0.0892811704834605,0.2059355553333131,0.3715289982425308,0.0326649485148985,-0.0023854961832061
52.28532,-1.53666,25.420236637916705,2022,0.0814885496183206,0.0559637404580152,0.0382633587786259,0.2154396665618325,0.3129129129129129,0.0110728639033554,0.0
52.28616,-1.53637,29.516306749019037,2022,0.0814885496183206,0.074618320610687,0.0573950381679389,0.2136650399838932,0.3277777777777778,0.0116265070985232,0.0
52.28347,-1.54692,46.24237903035912,2022,0.1222328244274809,0.1243638676844783,0.0765267175572519,0.2236029488203534,0.6130769230769231,0.002214572780671,0.0
52.28368,-1.5431,46.516294397216704,2022,0.1222328244274809,0.1243638676844783,0.0765267175572519,0.2236423849665298,0.6276923076923077,0.0016609295855033,0.0
52.28621,-1.53646,26.028094572314806,2022,0.0814885496183206,0.0559637404580152,0.0382633587786259,0.2111411266286018,0.3480725623582766,0.0110728639033554,0.0
52.28862,-1.54005,37.92571866380538,2022,0.0814885496183206,0.1119274809160305,0.0765267175572519,0.2211579077574147,0.441711229946524,0.0116265070985232,0.0
52.2923727,-1.5481874,42.40995789659914,2022,0.1358142493638676,0.0994910941475826,0.0765267175572519,0.2239184379897648,0.4808333333333333,0.002214572780671,0.0023854961832061
52.28691,-1.53702,25.818890871247746,2022,0.0814885496183206,0.0559637404580152,0.0382633587786259,0.2095636807815446,0.3618448637316562,0.0066437183420132,0.0
52.28354,-1.54357,46.91899712458121,2022,0.1222328244274809,0.1243638676844783,0.0765267175572519,0.2234452042356477,0.6462686567164179,0.0016609295855033,0.0
52.28136,-1.54553,30.670666187935996,2022,0.0814885496183206,0.0559637404580152,0.0382633587786259,0.2223015559965312,0.5693251533742332,0.0044291455613421,0.0
52.28829,-1.53571,28.322540810432063,2022,0.0814885496183206,0.0559637404580152,0.0382633587786259,0.210431275997426,0.4161862527716186,0.0199311550260398,0.0
52.28282,-1.54582,31.50160294893419,2022,0.0814885496183206,0.0559637404580152,0.0382633587786259,0.2236029488203534,0.6130769230769231,0.002214572780671,0.0
52.28724,-1.53689,24.82767951033259,2022,0.0814885496183206,0.0373091603053435,0.0382633587786259,0.2107467651668375,0.3742152466367713,0.0099655775130199,0.0023854961832061
52.28443,-1.5356,26.541384151935965,2022,0.0814885496183206,0.0559637404580152,0.0382633587786259,0.209879169950956,0.3324152542372881,0.0199311550260398,0.0
52.28352,-1.54377,31.75679112595843,2022,0.0814885496183206,0.0559637404580152,0.0382633587786259,0.2224593005812369,0.630188679245283,0.0016609295855033,0.0
52.28436,-1.53586,25.986488893643887,2022,0.0814885496183206,0.0559637404580152,0.0382633587786259,0.211259435067131,0.3249427917620137,0.0155020094646976,0.0
52.28377,-1.54315,46.516294397216704,2022,0.1222328244274809,0.1243638676844783,0.0765267175572519,0.2236423849665298,0.6276923076923077,0.0016609295855033,0.0
52.28143,-1.54555,30.670666187935996,2022,0.0814885496183206,0.0559637404580152,0.0382633587786259,0.2223015559965312,0.5693251533742332,0.0044291455613421,0.0
52.28182,-1.54551,30.559937548902425,2022,0.0814885496183206,0.0559637404580152,0.0382633587786259,0.2223015559965312,0.5693251533742332,0.0033218591710066,0.0
52.28795,-1.53915,36.337008788886834,2022,0.0814885496183206,0.1119274809160305,0.0765267175572519,0.2184762498174176,0.3972222222222222,0.0066437183420132,0.0
52.2834728,-1.5469188,41.5063739413006,2022,0.1222328244274809,0.074618320610687,0.0765267175572519,0.2236029488203534,0.6130769230769231,0.002214572780671,0.0023854961832061
52.28342,-1.5442,31.75679112595843,2022,0.0814885496183206,0.0559637404580152,0.0382633587786259,0.2224593005812369,0.630188679245283,0.0016609295855033,0.0
52.28594,-1.54749,43.43674693209326,2022,0.1222328244274809,0.1243638676844783,0.0765267175572519,0.2277437441688784,0.4884615384615385,0.0,0.0
52.28438,-1.53647,25.32940700739104,2022,0.0814885496183206,0.0559637404580152,0.0382633587786259,0.2130340616450704,0.3121827411167513,0.0110728639033554,0.0
52.28527,-1.54722,43.6028398906436,2022,0.1222328244274809,0.1243638676844783,0.0765267175572519,0.2277437441688784,0.4884615384615385,0.0016609295855033,0.0
52.28727,-1.53664,26.428079615316054,2022,0.0814885496183206,0.0559637404580152,0.0382633587786259,0.2095636807815446,0.3724210526315789,0.0105192207081876,0.0
52.2837661,-1.5431489,38.79364808678414,2022,0.0950699745547073,0.0870547073791348,0.0637722646310432,0.2236423849665298,0.6276923076923077,0.0016609295855033,0.0
52.28996,-1.54479,36.62003339364745,2022,0.0814885496183206,0.1119274809160305,0.0765267175572519,0.2258113730062334,0.4189189189189189,0.0016609295855033,0.0
52.28661,-1.54955,43.06637660547385,2022,0.1222328244274809,0.1243638676844783,0.0765267175572519,0.2275465634379963,0.467741935483871,0.0011072863903355,0.0
52.28964,-1.54227,36.68893348162842,2022,0.0814885496183206,0.1119274809160305,0.0765267175572519,0.2229719704815305,0.4223776223776224,0.0027682159758388,0.0
52.28992,-1.545,36.01142403036752,2022,0.0814885496183206,0.1119274809160305,0.0765267175572519,0.2252198308135869,0.3954545454545454,0.0011072863903355,0.0
52.2918076,-1.5381524,43.3663462022322,2022,0.1222328244274809,0.1305820610687022,0.0573950381679389,0.1986793044368501,0.4616734143049933,0.0293430893438919,0.0023854961832061
52.28431,-1.53668,25.222141409545664,2022,0.0814885496183206,0.0559637404580152,0.0382633587786259,0.2149664328077154,0.3095375722543353,0.0099655775130199,0.0
52.28821,-1.53808,26.518068776117225,2022,0.0814885496183206,0.0373091603053435,0.0382633587786259,0.2169776762627133,0.4209621993127148,0.014394723074362,0.0023854961832061
52.28313,-1.54652,46.24237903035912,2022,0.1222328244274809,0.1243638676844783,0.0765267175572519,0.2236029488203534,0.6130769230769231,0.002214572780671,0.0
52.28995,-1.53547,49.96637772510418,2022,0.142604961832061,0.1305820610687022,0.0956583969465648,0.1981271983903801,0.5001321003963012,0.0293430893438919,0.0023854961832061
52.28414,-1.53831,27.042132197239894,2022,0.0814885496183206,0.0559637404580152,0.0382633587786259,0.2205663655647683,0.4218446601941747,0.0016609295855033,0.0
52.28253,-1.54557,31.23336781665548,2022,0.0814885496183206,0.0559637404580152,0.0382633587786259,0.2232085873585891,0.6021428571428571,0.002214572780671,0.0
52.28903,-1.54001,37.209824366055166,2022,0.0814885496183206,0.1119274809160305,0.0765267175572519,0.2176480907477126,0.4159420289855072,0.0116265070985232,0.0
52.28907,-1.54004,37.22064254786728,2022,0.0814885496183206,0.1119274809160305,0.0765267175572519,0.217687526893889,0.4163636363636364,0.0116265070985232,0.0
52.28888,-1.54002,37.67054853659435,2022,0.0814885496183206,0.1119274809160305,0.0765267175572519,0.219619898056534,0.4331858407079646,0.0116265070985232,0.0
52.2904,-1.53484,50.37825824401644,2022,0.142604961832061,0.1305820610687022,0.0956583969465648,0.1933554247030322,0.487962962962963,0.0382013804665762,0.0023854961832061
52.28389,-1.54707,46.225821627154936,2022,0.1222328244274809,0.1243638676844783,0.0765267175572519,0.2237606934050591,0.6119047619047618,0.002214572780671,0.0
52.28312,-1.54515,39.83254140803759,2022,0.1059351145038167,0.0970038167938931,0.0612213740458015,0.2229719704815305,0.5917808219178082,0.002214572780671,0.0
52.28942,-1.53536,48.83890954704892,2022,0.142604961832061,0.1305820610687022,0.0956583969465648,0.2019130684233173,0.4733031674208144,0.0215920846115431,0.0023854961832061
52.2879016,-1.535144,43.325268805106845,2022,0.142604961832061,0.1119274809160305,0.0765267175572519,0.2081834156653696,0.4049603174603174,0.0155020094646976,0.0023854961832061
52.28638,-1.5366,29.817851984973103,2022,0.0814885496183206,0.074618320610687,0.0573950381679389,0.2122453387215418,0.3493946731234866,0.0105192207081876,0.0
52.28421,-1.54717,46.11509298812138,2022,0.1222328244274809,0.1243638676844783,0.0765267175572519,0.2237606934050591,0.6119047619047618,0.0011072863903355,0.0
52.28444,-1.53554,26.602464100526447,2022,0.0814885496183206,0.0559637404580152,0.0382633587786259,0.2079073626421346,0.3385057471264368,0.0199311550260398,0.0
52.28725,-1.54856,41.94993056129962,2022,0.1222328244274809,0.1243638676844783,0.0765267175572519,0.2275071272918199,0.41875,0.0011072863903355,0.0
52.28806,-1.54728,42.01060471536483,2022,0.1222328244274809,0.1243638676844783,0.0765267175572519,0.2278226164612313,0.4208333333333333,0.0011072863903355,0.0
52.29061,-1.54664,40.22744471859351,2022,0.1120467557251908,0.1212547709923664,0.0765267175572519,0.2245099801824112,0.4019047619047619,0.002214572780671,0.0
52.28996,-1.5466,40.18386187904642,2022,0.1120467557251908,0.1212547709923664,0.0765267175572519,0.2257325007138806,0.4027027027027027,0.0011072863903355,0.0
52.28139,-1.5455,30.559937548902425,2022,0.0814885496183206,0.0559637404580152,0.0382633587786259,0.2223015559965312,0.5693251533742332,0.0033218591710066,0.0
52.28793,-1.54751,41.89987607633128,2022,0.1222328244274809,0.1243638676844783,0.0765267175572519,0.2278226164612313,0.4208333333333333,0.0,0.0
52.28236,-1.53124,48.47888627169896,2022,0.1493956743002544,0.1368002544529261,0.0892811704834605,0.2125608278909532,0.416089108910891,0.0232530141970464,-0.0023854961832061
52.28851,-1.54663,42.004284475422686,2022,0.1222328244274809,0.1243638676844783,0.0765267175572519,0.2274676911456434,0.4212121212121212,0.0011072863903355,0.0
52.28588,-1.53633,27.699400256374798,2022,0.0814885496183206,0.0652910305343511,0.0478291984732824,0.2153607942694797,0.313134328358209,0.0149483662695298,0.0
52.28714,-1.53685,24.84647392600569,2022,0.0814885496183206,0.0373091603053435,0.0382633587786259,0.2105890205821317,0.3753880266075388,0.0099655775130199,0.0023854961832061
52.28301,-1.54622,46.24237903035912,2022,0.1222328244274809,0.1243638676844783,0.0765267175572519,0.2236029488203534,0.6130769230769231,0.002214572780671,0.0
52.28324,-1.54675,46.24237903035912,2022,0.1222328244274809,0.1243638676844783,0.0765267175572519,0.2236029488203534,0.6130769230769231,0.002214572780671,0.0
52.28524,-1.53659,25.53096527695026,2022,0.0814885496183206,0.0559637404580152,0.0382633587786259,0.2154396665618325,0.3129129129129129,0.0121801502936909,0.0
52.28407,-1.53203,48.29066366461433,2022,0.1493956743002544,0.1368002544529261,0.0892811704834605,0.2060932999180188,0.3770318021201413,0.0321113053197308,-0.0023854961832061
52.28831,-1.5362,28.35794539880714,2022,0.0814885496183206,0.0559637404580152,0.0382633587786259,0.2105495844359553,0.4176339285714285,0.0199311550260398,0.0
52.28361,-1.5429,32.04756865793718,2022,0.0814885496183206,0.0559637404580152,0.0382633587786259,0.2239973102821177,0.6388429752066116,0.0016609295855033,0.0
52.28753,-1.53743,24.773069328977314,2022,0.0814885496183206,0.0373091603053435,0.0382633587786259,0.2117721049674246,0.3855106888361045,0.0066437183420132,0.0023854961832061
52.2844,-1.53563,26.541384151935965,2022,0.0814885496183206,0.0559637404580152,0.0382633587786259,0.209879169950956,0.3324152542372881,0.0199311550260398,0.0
52.28818,-1.53804,26.57306390903617,2022,0.0814885496183206,0.0373091603053435,0.0382633587786259,0.2163861340700668,0.4272131147540984,0.0138410798791943,0.0023854961832061
52.28862,-1.54656,42.004284475422686,2022,0.1222328244274809,0.1243638676844783,0.0765267175572519,0.2274676911456434,0.4212121212121212,0.0011072863903355,0.0
52.28663,-1.5496,43.06637660547385,2022,0.1222328244274809,0.1243638676844783,0.0765267175572519,0.2275465634379963,0.467741935483871,0.0011072863903355,0.0
52.28721,-1.5369,24.84836005826484,2022,0.0814885496183206,0.0373091603053435,0.0382633587786259,0.2108256374591903,0.3750561797752809,0.0099655775130199,0.0023854961832061
52.29117,-1.54673,41.37780956506501,2022,0.1120467557251908,0.1212547709923664,0.0765267175572519,0.2234452042356477,0.4553030303030302,0.002214572780671,0.0
52.28138,-1.54587,30.96297273414217,2022,0.0814885496183206,0.0559637404580152,0.0382633587786259,0.2226959174582955,0.5764705882352941,0.0055364319516777,0.0
52.2812,-1.54693,30.907608414625383,2022,0.0814885496183206,0.0559637404580152,0.0382633587786259,0.2226959174582955,0.5764705882352941,0.0049827887565099,0.0
52.28441,-1.53562,26.541384151935965,2022,0.0814885496183206,0.0559637404580152,0.0382633587786259,0.209879169950956,0.3324152542372881,0.0199311550260398,0.0
52.28767,-1.53839,35.95132224812362,2022,0.0814885496183206,0.1119274809160305,0.0765267175572519,0.2178058353324183,0.3858208955223881,0.0055364319516777,0.0
52.28739,-1.53718,24.52287079530736,2022,0.0814885496183206,0.0373091603053435,0.0382633587786259,0.2108256374591903,0.3727477477477477,0.007197361537181,0.0023854961832061
52.28406,-1.54712,46.11509298812138,2022,0.1222328244274809,0.1243638676844783,0.0765267175572519,0.2237606934050591,0.6119047619047618,0.0011072863903355,0.0
52.2785643,-1.545145,41.83604125375796,2022,0.1222328244274809,0.074618320610687,0.0765267175572519,0.2256141922753513,0.6075,0.0055364319516777,0.0023854961832061
52.28036,-1.53431,28.030487231968905,2022,0.0814885496183206,0.074618320610687,0.0382633587786259,0.2199748233721219,0.3604545454545454,0.0066437183420132,0.0
52.28125,-1.5467,30.907608414625383,2022,0.0814885496183206,0.0559637404580152,0.0382633587786259,0.2226959174582955,0.5764705882352941,0.0049827887565099,0.0
52.29237,-1.54819,41.971026598889225,2022,0.1120467557251908,0.1212547709923664,0.0765267175572519,0.2239184379897648,0.4808333333333333,0.002214572780671,0.0
52.28597,-1.53628,25.863951504708155,2022,0.0814885496183206,0.0559637404580152,0.0382633587786259,0.2148481243691861,0.3189655172413793,0.014394723074362,0.0
52.28296,-1.54551,31.23336781665548,2022,0.0814885496183206,0.0559637404580152,0.0382633587786259,0.2232085873585891,0.6021428571428571,0.002214572780671,0.0
52.2884,-1.53827,26.38019494355241,2022,0.0814885496183206,0.0373091603053435,0.0382633587786259,0.2159523364621261,0.4140127388535032,0.0149483662695298,0.0023854961832061
52.28968,-1.54256,36.64352673023147,2022,0.0814885496183206,0.1119274809160305,0.0765267175572519,0.2235635126741769,0.4217054263565892,0.002214572780671,0.0
52.2855,-1.55803,44.19040524915164,2023,0.16297709923664122,0.14923664122137403,0.03826335877862595,0.22856738313718786,0.4,0.0,0.0
52.28688,-1.53362,32.783845655263235,2023,0.1222328244274809,0.07461832061068702,0.03826335877862595,0.20367750043410898,0.37098360655737705,0.017162939050200943,0.0
52.27925,-1.54465,34.09988479005502,2023,0.1222328244274809,0.07461832061068702,0.03826335877862595,0.2263486739821322,0.44333333333333336,0.005536431951677724,0.0
52.290777,-1.533494,50.28963846346948,2023,0.15279103053435114,0.14923664122137403,0.06696087786259541,0.19718273363476424,0.5097724230254351,0.031004018929395253,0.002385496183206107
52.27595,-1.51643,36.053010267791244,2023,0.1222328244274809,0.11192748091603053,0.03826335877862595,0.224815747656821,0.3795918367346939,0.002768215975838862,0.0
52.28569,-1.53394,34.206818607727,2023,0.1222328244274809,0.07461832061068702,0.03826335877862595,0.20815525891067582,0.3648702594810379,0.031004018929395253,0.0
52.2760706,-1.5164124,28.34389621897869,2023,0.08148854961832061,0.07461832061068702,0.03826335877862595,0.22465438699099877,0.3735294117647059,0.002768215975838862,0.002385496183206107
52.28398,-1.53755,43.31634002421584,2023,0.16297709923664122,0.14923664122137403,0.03826335877862595,0.21662669386634287,0.3714765100671141,0.0022145727806710896,0.0
52.2913,-1.57789,54.00097500653966,2023,0.1222328244274809,0.11192748091603053,0.0765267175572519,0.22876908396946563,1.0,0.0005536431951677724,0.0
52.28414,-1.53665,42.714973538421226,2023,0.16297709923664122,0.14923664122137403,0.03826335877862595,0.21343982071635387,0.3125333333333334,0.009965577513019902,0.0
52.2843,-1.53489,21.101620764961204,2023,0.040744274809160305,0.03730916030534351,0.03826335877862595,0.20686437358409798,0.34888059701492535,0.024913943782549755,-0.002385496183206107
52.28377,-1.5404,44.88005027631417,2023,0.16297709923664122,0.14923664122137403,0.03826335877862595,0.22215329667075423,0.44259259259259254,0.0,0.0
52.2866,-1.54848,46.08850588146083,2023,0.1222328244274809,0.14923664122137403,0.0765267175572519,0.22739751830997668,0.47058823529411764,0.0011072863903355448,0.004770992366412214
52.29140349999999,-1.5782611,42.313931297709914,2023,0.08148854961832061,0.07461832061068702,0.03826335877862595,0.22876908396946563,1.0,0.0,0.0
52.28624,-1.53316,33.74214943336744,2023,0.1222328244274809,0.07461832061068702,0.03826335877862595,0.2057348489233424,0.3734875444839858,0.02546758697771753,0.0
52.2818,-1.53485,30.503875031273658,2023,0.10186068702290076,0.07461832061068702,0.03826335877862595,0.2186033620226652,0.3649402390438247,0.010519220708187674,0.0
52.28959,-1.55339,36.44102675565523,2023,0.08148854961832061,0.07461832061068702,0.11479007633587784,0.22610663298339884,0.403030303030303,0.0,0.002385496183206107
52.2851,-1.56291,48.380852538250465,2023,0.1222328244274809,0.14923664122137403,0.0765267175572519,0.2262679936492211,0.5693548387096774,0.0022145727806710896,0.004770992366412214
52.2762849,-1.5356019,32.90275127226463,2023,0.1222328244274809,0.07461832061068702,0.03826335877862595,0.22021696868088747,0.42142857142857143,0.0011072863903355448,0.0
52.28728,-1.53574,44.48773464941203,2023,0.1222328244274809,0.14923664122137403,0.0765267175572519,0.20880070157396474,0.37219917012448134,0.01439472307436208,0.004770992366412214
52.28541,-1.55786,44.19040524915164,2023,0.16297709923664122,0.14923664122137403,0.03826335877862595,0.22856738313718786,0.4,0.0,0.0
52.28725,-1.53562,44.48712949849759,2023,0.1222328244274809,0.14923664122137403,0.0765267175572519,0.20872002124105363,0.3723140495867769,0.01439472307436208,0.004770992366412214
52.2899,-1.53796,39.82465968760164,2023,0.1222328244274809,0.07461832061068702,0.0765267175572519,0.20686437358409798,0.4992481203007519,0.021592084611543123,0.0
52.28806,-1.56727,44.61147800230586,2023,0.16297709923664122,0.14923664122137403,0.03826335877862595,0.22352486233024318,0.42538461538461536,0.0005536431951677724,0.0
52.28694,-1.53704,39.23907068455814,2023,0.10186068702290076,0.13058206106870227,0.0765267175572519,0.20912342290560923,0.3618448637316562,0.007751004732348813,0.0
52.27543,-1.52666,48.53712813411279,2023,0.16297709923664122,0.14923664122137403,0.0765267175572519,0.22408962466062096,0.4131578947368421,0.001660929585503317,0.002385496183206107
52.28681,-1.56078,44.14642176139479,2023,0.1222328244274809,0.14923664122137403,0.0765267175572519,0.22505778865555437,0.37934782608695655,0.003321859171006634,0.004770992366412214
52.2948,-1.53725,36.260468493578315,2023,0.1222328244274809,0.07461832061068702,0.0765267175572519,0.214246624045465,0.3802898550724637,0.007751004732348813,0.0
52.27632,-1.5322,48.82831736428624,2023,0.16297709923664122,0.14923664122137403,0.0765267175572519,0.21707043569735401,0.432280701754386,0.003321859171006634,0.002385496183206107
52.28503,-1.53542,20.408289079412484,2023,0.040744274809160305,0.03730916030534351,0.03826335877862595,0.20746947608093136,0.3384615384615385,0.019931155026039805,-0.002385496183206107
52.28789,-1.54591,44.91627161876461,2023,0.1222328244274809,0.14923664122137403,0.0765267175572519,0.22767989947516556,0.4185185185185185,0.0011072863903355448,0.004770992366412214
52.2875364,-1.541341,30.76879797887767,2023,0.08148854961832061,0.11192748091603053,0.03826335877862595,0.22344418199733207,0.3434108527131783,0.001660929585503317,-0.002385496183206107
52.27641,-1.52057,34.182621517986014,2023,0.1222328244274809,0.11192748091603053,0.03826335877862595,0.2231214606656876,0.30857142857142855,0.0005536431951677724,0.0
52.28444,-1.53546,23.398360264001315,2023,0.06111641221374045,0.046636450381679385,0.03826335877862595,0.2069853940834647,0.3402255639097745,0.019931155026039805,-0.002385496183206107
52.28617,-1.55979,47.3482642567224,2023,0.1222328244274809,0.14923664122137403,0.0765267175572519,0.22828500197199894,0.5166666666666667,0.002768215975838862,0.004770992366412214
52.28582,-1.53308,34.29368720877667,2023,0.1222328244274809,0.07461832061068702,0.03826335877862595,0.20855866057523142,0.3603658536585366,0.03266494851489857,0.0
52.29094,-1.57684,54.00097500653966,2023,0.1222328244274809,0.11192748091603053,0.0765267175572519,0.22876908396946563,1.0,0.0005536431951677724,0.0
52.28051,-1.53824,30.751797584177883,2023,0.1222328244274809,0.07461832061068702,0.03826335877862595,0.22392826399479873,0.32333333333333336,0.0,0.0
52.28776,-1.56568,44.68538334770361,2023,0.16297709923664122,0.14923664122137403,0.03826335877862595,0.22296009999986538,0.41736111111111107,0.003321859171006634,0.0
52.28514,-1.53637,19.28797033279592,2023,0.040744274809160305,0.03730916030534351,0.03826335877862595,0.21396424288027607,0.3146408839779006,0.011626507098523219,-0.002385496183206107
52.2907119,-1.5829859,42.313931297709914,2023,0.08148854961832061,0.07461832061068702,0.03826335877862595,0.22876908396946563,1.0,0.0,0.0
52.28552,-1.56332,47.86552248789583,2023,0.1222328244274809,0.14923664122137403,0.0765267175572519,0.22610663298339884,0.546969696969697,0.0022145727806710896,0.004770992366412214
52.29034,-1.57535,50.260516991272496,2023,0.08148854961832061,0.07461832061068702,0.11479007633587784,0.22876908396946563,1.0,0.0005536431951677724,0.002385496183206107
52.28754,-1.53444,33.04371514436518,2023,0.1222328244274809,0.07461832061068702,0.03826335877862595,0.20859900074168697,0.3746887966804979,0.017162939050200943,0.0
52.2889352,-1.5379752,46.716749828676605,2023,0.1222328244274809,0.14923664122137403,0.0765267175572519,0.2122699558891427,0.47192982456140353,0.016609295855033172,0.002385496183206107
52.28261,-1.55083,47.67102469384186,2023,0.16297709923664122,0.14923664122137403,0.03826335877862595,0.22590493215112106,0.5563380281690141,0.0005536431951677724,0.0
52.29016,-1.5435,36.34572008080484,2023,0.08148854961832061,0.07461832061068702,0.11479007633587784,0.22465438699099877,0.394,0.001660929585503317,0.002385496183206107
52.27932,-1.54493,34.39812307770764,2023,0.1222328244274809,0.07461832061068702,0.03826335877862595,0.22683275597959887,0.4604166666666667,0.004429145561342179,0.0
52.2935,-1.53832,38.580676390648364,2023,0.1222328244274809,0.07461832061068702,0.0765267175572519,0.20997056640117592,0.4484375,0.018270225440536487,0.0
52.28554,-1.55808,46.713154747402406,2023,0.1222328244274809,0.14923664122137403,0.0765267175572519,0.2287287438030101,0.5,0.0,0.004770992366412214
52.29026,-1.58006,53.945610687022906,2023,0.1222328244274809,0.11192748091603053,0.0765267175572519,0.22876908396946563,1.0,0.0,0.0
52.2902,-1.54262,35.89852208064839,2023,0.08148854961832061,0.07461832061068702,0.11479007633587784,0.22372656316252096,0.37317073170731707,0.0022145727806710896,0.002385496183206107
52.27963,-1.5455,37.22499764233033,2023,0.1222328244274809,0.07461832061068702,0.03826335877862595,0.22364588282960984,0.5859504132231405,0.006090075146845495,0.0
52.28398,-1.53688,42.42897200316371,2023,0.16297709923664122,0.14923664122137403,0.03826335877862595,0.21541648887267614,0.30152905198776764,0.008858291122684358,0.0
52.28613,-1.53312,32.49441506911072,2023,0.09506997455470736,0.07461832061068702,0.0510178117048346,0.2080745785777647,0.36178217821782177,0.026574873368053073,0.002385496183206107
52.286249,-1.570058,41.297293122950876,2023,0.1222328244274809,0.07461832061068702,0.11479007633587784,0.2277605798080767,0.43200000000000005,0.0005536431951677724,0.002385496183206107
52.28788,-1.56659,37.55646237823848,2023,0.08148854961832061,0.07461832061068702,0.11479007633587784,0.22408962466062096,0.44655172413793104,0.0022145727806710896,0.002385496183206107
52.28245,-1.54654,49.12485203543594,2023,0.16297709923664122,0.14923664122137403,0.03826335877862595,0.2239686041612543,0.6186440677966102,0.0022145727806710896,0.0
52.28702,-1.53692,34.761767315124395,2023,0.10186068702290076,0.10260019083969465,0.05739503816793892,0.20993022623472035,0.37505470459518603,0.00941193431785213,-0.002385496183206107
52.28773,-1.53487,29.22675246551794,2023,0.08148854961832061,0.07461832061068702,0.03826335877862595,0.2088410417404203,0.3865828092243187,0.017162939050200943,0.0
52.28842,-1.53515,34.36073928467876,2023,0.1222328244274809,0.07461832061068702,0.03826335877862595,0.20859900074168697,0.42190082644628096,0.02048479822120758,0.0
52.28960319999999,-1.5530564,40.51545423657126,2023,0.1222328244274809,0.07461832061068702,0.11479007633587784,0.22610663298339884,0.403030303030303,0.0,0.002385496183206107
52.27956,-1.54404,33.54592465980587,2023,0.1222328244274809,0.07461832061068702,0.03826335877862595,0.22513846898846548,0.4211111111111111,0.005536431951677724,0.0
52.28908,-1.53848,32.88978383902233,2023,0.10186068702290076,0.05596374045801526,0.05739503816793892,0.20940580407079812,0.45479744136460554,0.0160556526598654,0.002385496183206107
52.27458,-1.52582,47.58006295172469,2023,0.16297709923664122,0.14923664122137403,0.0765267175572519,0.22356520249669873,0.37131782945736436,0.001660929585503317,0.002385496183206107
52.28942,-1.53777,39.33971589598904,2023,0.1222328244274809,0.07461832061068702,0.0765267175572519,0.2084779802423203,0.4880566801619433,0.018270225440536487,0.0
52.2867355,-1.5244127,30.13922438892136,2023,0.08148854961832061,0.07461832061068702,0.03826335877862595,0.22207261633784312,0.47195121951219515,0.0022145727806710896,0.0
52.28638,-1.53128,29.393141070057556,2023,0.08148854961832061,0.07461832061068702,0.03826335877862595,0.2081955990771314,0.38063872255489023,0.022699371001878667,-0.002385496183206107
52.28506,-1.5523,47.951996141365626,2023,0.1222328244274809,0.14923664122137403,0.0765267175572519,0.22844636263782117,0.55,0.0011072863903355448,0.004770992366412214
52.28874,-1.56179,35.12442170731605,2023,0.08148854961832061,0.07461832061068702,0.11479007633587784,0.22078173101126528,0.3380710659898477,0.003321859171006634,0.002385496183206107
52.28662,-1.56082,44.038038533510296,2023,0.16297709923664122,0.14923664122137403,0.03826335877862595,0.2258645919846655,0.3833333333333333,0.003321859171006634,0.0
52.29084,-1.57659,50.260516991272496,2023,0.08148854961832061,0.07461832061068702,0.11479007633587784,0.22876908396946563,1.0,0.0005536431951677724,0.002385496183206107
52.28502,-1.55704,45.27124592265658,2023,0.1222328244274809,0.14923664122137403,0.0765267175572519,0.22844636263782117,0.4375,0.0,0.004770992366412214
52.29121,-1.57794,50.260516991272496,2023,0.08148854961832061,0.07461832061068702,0.11479007633587784,0.22876908396946563,1.0,0.0005536431951677724,0.002385496183206107
52.2853,-1.53361,34.1012011806867,2023,0.08148854961832061,0.07461832061068702,0.0765267175572519,0.20597688992207575,0.37027027027027026,0.0321113053197308,0.0
52.27633,-1.52121,34.080081448169416,2023,0.1222328244274809,0.11192748091603053,0.03826335877862595,0.22364588282960984,0.30078740157480316,0.0011072863903355448,0.0
52.28727,-1.56382,44.747778939888654,2023,0.16297709923664122,0.14923664122137403,0.03826335877862595,0.2218709155055653,0.4222222222222222,0.003321859171006634,0.0
52.272517,-1.526155,33.52452514562281,2023,0.1222328244274809,0.07461832061068702,0.03826335877862595,0.2253805099871988,0.43690476190476185,0.001660929585503317,0.0
52.28958,-1.55344,36.377350414119775,2023,0.08148854961832061,0.07461832061068702,0.11479007633587784,0.2262276534827655,0.4,0.0,0.002385496183206107
52.28249,-1.55023,46.96025936946286,2023,0.16297709923664122,0.14923664122137403,0.03826335877862595,0.22534016982074326,0.5261904761904762,0.0005536431951677724,0.0
52.28252,-1.55016,47.02513139964421,2023,0.16297709923664122,0.14923664122137403,0.03826335877862595,0.22485608782327657,0.5302083333333333,0.0005536431951677724,0.0
52.28226,-1.54954,47.753750443643675,2023,0.16297709923664122,0.14923664122137403,0.03826335877862595,0.22590493215112106,0.5599999999999999,0.0005536431951677724,0.0
52.27635,-1.53088,48.927158152634064,2023,0.16297709923664122,0.14923664122137403,0.0765267175572519,0.2172721365296318,0.4364285714285714,0.003321859171006634,0.002385496183206107
52.28653,-1.53332,32.24239200426549,2023,0.09506997455470736,0.07461832061068702,0.0510178117048346,0.20787287774548693,0.3713163064833006,0.022145727806710896,0.002385496183206107
52.28131,-1.53498,31.78323877733899,2023,0.1222328244274809,0.07461832061068702,0.03826335877862595,0.22134649334164308,0.3586956521739131,0.003321859171006634,0.0
52.29014,-1.58454,53.945610687022906,2023,0.1222328244274809,0.11192748091603053,0.0765267175572519,0.22876908396946563,1.0,0.0,0.0
52.28211,-1.54861,48.95327408571495,2023,0.16297709923664122,0.14923664122137403,0.03826335877862595,0.22638901414858775,0.6068965517241379,0.001660929585503317,0.0
52.28538,-1.53146,30.06169439510598,2023,0.08148854961832061,0.07461832061068702,0.03826335877862595,0.20504906609359794,0.3731833910034602,0.0321113053197308,-0.002385496183206107
52.29001,-1.57894,53.945610687022906,2023,0.1222328244274809,0.11192748091603053,0.0765267175572519,0.22876908396946563,1.0,0.0,0.0
52.28315,-1.55396,44.85243657601228,2023,0.16297709923664122,0.14923664122137403,0.03826335877862595,0.2271151371447878,0.4317073170731708,0.0,0.0
52.2859,-1.55897,47.18217129817207,2023,0.1222328244274809,0.14923664122137403,0.0765267175572519,0.22828500197199894,0.5166666666666667,0.0011072863903355448,0.004770992366412214
52.28726,-1.53566,44.48773464941203,2023,0.1222328244274809,0.14923664122137403,0.0765267175572519,0.20880070157396474,0.37219917012448134,0.01439472307436208,0.004770992366412214
52.28788,-1.56656,45.27592802709344,2023,0.16297709923664122,0.14923664122137403,0.03826335877862595,0.22408962466062096,0.44655172413793104,0.0022145727806710896,0.0
52.27509,-1.52648,48.17884489033174,2023,0.16297709923664122,0.14923664122137403,0.0765267175572519,0.22489642798973214,0.3957446808510638,0.001660929585503317,0.002385496183206107
52.2936,-1.53702,39.07047495083145,2023,0.1222328244274809,0.07461832061068702,0.0765267175572519,0.2083569597429536,0.44353182751540043,0.024913943782549755,0.0
52.290809,-1.5830862,42.313931297709914,2023,0.08148854961832061,0.07461832061068702,0.03826335877862595,0.22876908396946563,1.0,0.0,0.0
52.28253,-1.55049,47.015991180872234,2023,0.16297709923664122,0.14923664122137403,0.03826335877862595,0.224815747656821,0.5298969072164949,0.0005536431951677724,0.0
52.28354,-1.54218,47.51127632769636,2023,0.16297709923664122,0.14923664122137403,0.03826335877862595,0.2221129565042987,0.5536585365853658,0.001660929585503317,0.0
52.29226,-1.5382,39.524849696774304,2023,0.1222328244274809,0.07461832061068702,0.0765267175572519,0.19968382395500878,0.4661428571428571,0.02878944614872416,0.0
52.2865,-1.53728,19.251914409940674,2023,0.040744274809160305,0.03730916030534351,0.03826335877862595,0.21315743955116495,0.3479057591623037,0.004429145561342179,-0.002385496183206107
52.28223,-1.5349,30.998046498236693,2023,0.10186068702290076,0.07461832061068702,0.03826335877862595,0.21614261186887618,0.36378205128205127,0.016609295855033172,0.0
52.27637,-1.52971,48.86864762263073,2023,0.16297709923664122,0.14923664122137403,0.0765267175572519,0.21747383736190956,0.4333333333333333,0.003321859171006634,0.002385496183206107
52.28729,-1.5341,37.351157744229695,2023,0.10186068702290076,0.11192748091603053,0.05739503816793892,0.20912342290560923,0.379957805907173,0.02048479822120758,0.002385496183206107
52.28774,-1.53234,39.8087471383669,2023,0.10186068702290076,0.11192748091603053,0.0765267175572519,0.20972852540244255,0.3855263157894737,0.022145727806710896,0.004770992366412214
52.28969,-1.55026,36.863811970772325,2023,0.08148854961832061,0.07461832061068702,0.11479007633587784,0.22554187065302103,0.4227848101265823,0.0,0.002385496183206107
52.29097,-1.58302,53.945610687022906,2023,0.1222328244274809,0.11192748091603053,0.0765267175572519,0.22876908396946563,1.0,0.0,0.0
52.28967,-1.55088,36.26260723821619,2023,0.08148854961832061,0.07461832061068702,0.11479007633587784,0.22542085015365437,0.39634146341463417,0.0,0.002385496183206107
52.28218,-1.54736,49.12485203543594,2023,0.16297709923664122,0.14923664122137403,0.03826335877862595,0.2239686041612543,0.6186440677966102,0.0022145727806710896,0.0
52.29612,-1.53701,38.42399365095977,2023,0.1222328244274809,0.07461832061068702,0.0765267175572519,0.22763955930871002,0.4821428571428571,0.0011072863903355448,0.0
52.29117,-1.57778,57.97998264012746,2023,0.16297709923664122,0.14923664122137403,0.03826335877862595,0.22876908396946563,1.0,0.0005536431951677724,0.0
52.28574,-1.53636,23.314785757680585,2023,0.06111641221374045,0.05130009541984733,0.04304627862595419,0.2144483248777428,0.31399999999999995,0.012733793488858764,-0.002385496183206107
52.29023,-1.57507,54.00097500653966,2023,0.1222328244274809,0.11192748091603053,0.0765267175572519,0.22876908396946563,1.0,0.0005536431951677724,0.0
52.28958,-1.55372,36.377350414119775,2023,0.08148854961832061,0.07461832061068702,0.11479007633587784,0.2262276534827655,0.4,0.0,0.002385496183206107
52.28656,-1.56379,45.18834833533224,2023,0.1222328244274809,0.14923664122137403,0.0765267175572519,0.222354997503032,0.43081761006289304,0.003321859171006634,0.004770992366412214
52.28726,-1.56413,44.747778939888654,2023,0.16297709923664122,0.14923664122137403,0.03826335877862595,0.2218709155055653,0.4222222222222222,0.003321859171006634,0.0
52.28799,-1.54528,45.34734020147074,2023,0.1222328244274809,0.14923664122137403,0.0765267175572519,0.22715547731124333,0.4384615384615385,0.0011072863903355448,0.004770992366412214
52.29057,-1.58019,57.92461832061069,2023,0.16297709923664122,0.14923664122137403,0.03826335877862595,0.22876908396946563,1.0,0.0,0.0
52.28695,-1.53701,34.34453042392225,2023,0.10186068702290076,0.10260019083969465,0.05739503816793892,0.20912342290560923,0.3618448637316562,0.008304647927516586,-0.002385496183206107
52.28565,-1.54992,46.37442669851029,2023,0.1222328244274809,0.14923664122137403,0.0765267175572519,0.22731683797706556,0.4833333333333333,0.0011072863903355448,0.004770992366412214
52.28665,-1.56084,44.26704616709808,2023,0.1222328244274809,0.14923664122137403,0.0765267175572519,0.2258645919846655,0.3833333333333333,0.003321859171006634,0.004770992366412214
52.28679,-1.53738,19.510590721155253,2023,0.040744274809160305,0.03730916030534351,0.03826335877862595,0.21190689439104266,0.3673913043478261,0.003321859171006634,-0.002385496183206107
52.2851,-1.53618,19.7120963209069,2023,0.040744274809160305,0.03730916030534351,0.03826335877862595,0.2126330173872427,0.32614213197969544,0.013841079879194309,-0.002385496183206107
52.29631,-1.537,38.42399365095977,2023,0.1222328244274809,0.07461832061068702,0.0765267175572519,0.22763955930871002,0.4821428571428571,0.0011072863903355448,0.0
52.28997,-1.57908,53.945610687022906,2023,0.1222328244274809,0.11192748091603053,0.0765267175572519,0.22876908396946563,1.0,0.0,0.0
52.28475,-1.53377,31.94296990348412,2023,0.08148854961832061,0.07461832061068702,0.05739503816793892,0.2055331480910646,0.3726148409893993,0.029343089343891935,0.0
52.28279,-1.55354,44.85243657601228,2023,0.16297709923664122,0.14923664122137403,0.03826335877862595,0.2271151371447878,0.4317073170731708,0.0,0.0
52.28309,-1.54473,47.353284100765,2023,0.16297709923664122,0.14923664122137403,0.03826335877862595,0.2234038418308765,0.5409090909090909,0.0022145727806710896,0.0
52.27645,-1.51993,33.32666846041072,2023,0.1222328244274809,0.11192748091603053,0.03826335877862595,0.22469472715745434,0.2683168316831683,0.0005536431951677724,0.0
52.28211,-1.53491,30.66586058113603,2023,0.10186068702290076,0.07461832061068702,0.03826335877862595,0.21614261186887618,0.36378205128205127,0.013287436684026536,0.0
52.28509,-1.5357,20.17407807832449,2023,0.040744274809160305,0.03730916030534351,0.03826335877862595,0.21218927555623157,0.32772277227722774,0.018270225440536487,-0.002385496183206107
52.28729,-1.53337,33.07233998273366,2023,0.08148854961832061,0.07461832061068702,0.0765267175572519,0.20993022623472035,0.3749450549450549,0.019377511830872034,0.0
52.2856,-1.56199,47.29289993720563,2023,0.1222328244274809,0.14923664122137403,0.0765267175572519,0.22828500197199894,0.5166666666666667,0.0022145727806710896,0.004770992366412214
52.289077,-1.5384772,44.54173994589256,2023,0.1222328244274809,0.13058206106870227,0.08130963740458014,0.20940580407079812,0.45479744136460554,0.0160556526598654,0.0
52.28835,-1.56838,38.34730945882538,2023,0.08148854961832061,0.07461832061068702,0.11479007633587784,0.22489642798973214,0.4875,0.0005536431951677724,0.002385496183206107
52.28392,-1.53917,44.5506929029147,2023,0.16297709923664122,0.14923664122137403,0.03826335877862595,0.2209430916770875,0.4276041666666667,0.0005536431951677724,0.0
52.2883539,-1.5380516,45.42480667667231,2023,0.1222328244274809,0.14923664122137403,0.0765267175572519,0.21541648887267614,0.4127725856697819,0.014948366269529853,0.002385496183206107
52.2913,-1.57814,54.00097500653966,2023,0.1222328244274809,0.11192748091603053,0.0765267175572519,0.22876908396946563,1.0,0.0005536431951677724,0.0
52.2853,-1.53665,19.287604511811708,2023,0.040744274809160305,0.03730916030534351,0.03826335877862595,0.21513410770748725,0.31291291291291295,0.011626507098523219,-0.002385496183206107
52.28827,-1.53619,28.67003608526663,2023,0.08148854961832061,0.06529103053435113,0.03826335877862595,0.2087603614075092,0.40291060291060293,0.019931155026039805,-0.002385496183206107
52.28712,-1.53468,44.64144561797766,2023,0.1222328244274809,0.14923664122137403,0.0765267175572519,0.2092444434049759,0.3761099365750528,0.014948366269529853,0.004770992366412214
52.28023,-1.54084,31.7297183514452,2023,0.1222328244274809,0.07461832061068702,0.03826335877862595,0.22300044016632092,0.3685314685314685,0.0,0.0
52.28406,-1.53513,39.471206992972455,2023,0.12562818066157758,0.11503657760814247,0.06377226463104325,0.20811491874422028,0.3476284584980237,0.022699371001878667,-0.004770992366412214
52.28972,-1.5501,36.863811970772325,2023,0.08148854961832061,0.07461832061068702,0.11479007633587784,0.22554187065302103,0.4227848101265823,0.0,0.002385496183206107
52.27902,-1.54565,38.43171590187757,2023,0.1222328244274809,0.07461832061068702,0.03826335877862595,0.22243567783594312,0.6384105960264901,0.00719736153718104,0.0
52.28486,-1.53346,31.79765129351868,2023,0.08148854961832061,0.07461832061068702,0.05739503816793892,0.20496838576068682,0.3665517241379311,0.029343089343891935,0.0
52.28779,-1.5352,29.14939549317407,2023,0.08148854961832061,0.07461832061068702,0.03826335877862595,0.20888138190687586,0.39075630252100846,0.015502009464697626,0.0
52.28736,-1.53318,39.383590555737754,2023,0.10186068702290076,0.11192748091603053,0.0765267175572519,0.20948648440370923,0.3736051502145923,0.02048479822120758,0.004770992366412214
52.28251,-1.55001,47.753750443643675,2023,0.16297709923664122,0.14923664122137403,0.03826335877862595,0.22590493215112106,0.5599999999999999,0.0005536431951677724,0.0
52.28549,-1.56326,47.81158451735899,2023,0.1222328244274809,0.14923664122137403,0.0765267175572519,0.22590493215112106,0.5450704225352113,0.0022145727806710896,0.004770992366412214
52.28633,-1.56024,47.174620942651394,2023,0.16297709923664122,0.14923664122137403,0.03826335877862595,0.22828500197199894,0.5166666666666667,0.003321859171006634,0.0
52.29599,-1.5374,37.72513923741856,2023,0.1222328244274809,0.07461832061068702,0.0765267175572519,0.22630833381567664,0.4540983606557377,0.0011072863903355448,0.0
52.28653,-1.56066,43.83357391959022,2023,0.16297709923664122,0.14923664122137403,0.03826335877862595,0.2265100346479544,0.37321428571428567,0.003321859171006634,0.0
52.28097,-1.53633,30.919190157754322,2023,0.1222328244274809,0.07461832061068702,0.03826335877862595,0.22287941966695426,0.32739726027397265,0.0011072863903355448,0.0
52.28991,-1.5792,53.945610687022906,2023,0.1222328244274809,0.11192748091603053,0.0765267175572519,0.22876908396946563,1.0,0.0,0.0
52.29311,-1.53828,38.58210624704259,2023,0.1222328244274809,0.07461832061068702,0.0765267175572519,0.20444396359676456,0.4552136752136752,0.019377511830872034,0.0
52.27856,-1.54559,38.38633474245326,2023,0.1222328244274809,0.07461832061068702,0.03826335877862595,0.222354997503032,0.6366013071895426,0.00719736153718104,0.0
52.27856,-1.54535,38.275606103419705,2023,0.1222328244274809,0.07461832061068702,0.03826335877862595,0.222354997503032,0.6366013071895426,0.006090075146845495,0.0
52.27642,-1.52697,48.46471293811611,2023,0.16297709923664122,0.14923664122137403,0.0765267175572519,0.221991936004932,0.41878787878787876,0.0005536431951677724,0.002385496183206107
52.28726,-1.5356,44.48712949849759,2023,0.1222328244274809,0.14923664122137403,0.0765267175572519,0.20872002124105363,0.3723140495867769,0.01439472307436208,0.004770992366412214
52.28616,-1.54912,46.04664133130345,2023,0.1222328244274809,0.14923664122137403,0.0765267175572519,0.2277605798080767,0.46799999999999997,0.0011072863903355448,0.004770992366412214
52.29012,-1.54394,36.77138904265369,2023,0.08148854961832061,0.07461832061068702,0.11479007633587784,0.2252998296542877,0.4117647058823529,0.001660929585503317,0.002385496183206107
52.28508,-1.53553,20.46365339892926,2023,0.040744274809160305,0.03730916030534351,0.03826335877862595,0.20746947608093136,0.3384615384615385,0.02048479822120758,-0.002385496183206107
52.2812049,-1.5469286,33.003590475241054,2023,0.08148854961832061,0.07461832061068702,0.03826335877862595,0.2225566983353098,0.5764705882352941,0.004982788756509951,0.002385496183206107
52.28985,-1.54662,36.18422848928445,2023,0.08148854961832061,0.09327290076335877,0.09565839694656487,0.22602595265048772,0.4044776119402985,0.0,0.0
52.28937,-1.55954,35.481563861651104,2023,0.08148854961832061,0.07461832061068702,0.11479007633587784,0.22158853434037643,0.3579545454545454,0.0022145727806710896,0.002385496183206107
52.28909,-1.53767,39.00264010755358,2023,0.1222328244274809,0.07461832061068702,0.0765267175572519,0.2065819924189091,0.4842592592592593,0.016609295855033172,0.0
52.27924,-1.54296,33.32446738173876,2023,0.1222328244274809,0.07461832061068702,0.03826335877862595,0.22513846898846548,0.4211111111111111,0.003321859171006634,0.0
52.28705,-1.56206,44.90493818007468,2023,0.16297709923664122,0.14923664122137403,0.03826335877862595,0.22207261633784312,0.42891566265060244,0.003321859171006634,0.0
52.27626,-1.53483,48.679810336297614,2023,0.16297709923664122,0.14923664122137403,0.0765267175572519,0.22098343184354308,0.4229166666666667,0.0022145727806710896,0.002385496183206107
52.28742,-1.56498,37.17536242590685,2023,0.08148854961832061,0.07461832061068702,0.11479007633587784,0.22259703850176535,0.42745098039215684,0.003321859171006634,0.002385496183206107
52.28616,-1.54906,46.04664133130345,2023,0.1222328244274809,0.14923664122137403,0.0765267175572519,0.2277605798080767,0.46799999999999997,0.0011072863903355448,0.004770992366412214
52.29125,-1.57803,57.97998264012746,2023,0.16297709923664122,0.14923664122137403,0.03826335877862595,0.22876908396946563,1.0,0.0005536431951677724,0.0
52.28534,-1.53664,19.287604511811708,2023,0.040744274809160305,0.03730916030534351,0.03826335877862595,0.21513410770748725,0.31291291291291295,0.011626507098523219,-0.002385496183206107
52.29302,-1.53706,31.75637566267025,2023,0.08148854961832061,0.07461832061068702,0.03826335877862595,0.2010150494480422,0.48340807174887895,0.0260212301728853,0.0
52.28866,-1.56201,34.910813359610984,2023,0.08148854961832061,0.07461832061068702,0.11479007633587784,0.22078173101126528,0.3258883248730965,0.0038755023661744066,0.002385496183206107
52.28732,-1.5474,44.86333960618013,2023,0.1222328244274809,0.14923664122137403,0.0765267175572519,0.22780091997453225,0.4208333333333333,0.0,0.004770992366412214
52.28273,-1.53471,30.720501654647904,2023,0.10186068702290076,0.07461832061068702,0.03826335877862595,0.21323811988407604,0.353125,0.017162939050200943,0.0
52.2844,-1.53153,29.976744852548936,2023,0.08148854961832061,0.07461832061068702,0.03826335877862595,0.2042422627644868,0.3759197324414716,0.031004018929395253,-0.002385496183206107
52.28816,-1.53979,45.41341649365431,2023,0.1222328244274809,0.14923664122137403,0.0765267175572519,0.22239533766948757,0.4084967320261438,0.010519220708187674,0.004770992366412214
52.27607,-1.51742,34.957642568158846,2023,0.1222328244274809,0.11192748091603053,0.03826335877862595,0.22368622299606541,0.3325396825396825,0.002768215975838862,0.0
52.28236,-1.5312424,50.266861498215974,2023,0.16297709923664122,0.14923664122137403,0.0765267175572519,0.21218927555623157,0.41608910891089107,0.023253014197046437,0.002385496183206107
52.28545,-1.53294,34.079620822101006,2023,0.08148854961832061,0.07461832061068702,0.0765267175572519,0.2066626727518202,0.362639405204461,0.033218591710066345,0.0
52.28788,-1.53469,33.54593379131664,2023,0.1222328244274809,0.07461832061068702,0.03826335877862595,0.2073484555815647,0.4011695906432749,0.017162939050200943,0.0
52.28252,-1.55296,44.85243657601228,2023,0.16297709923664122,0.14923664122137403,0.03826335877862595,0.2271151371447878,0.4317073170731708,0.0,0.0
52.28471,-1.55646,45.3781993839298,2023,0.14260496183206106,0.14923664122137403,0.05739503816793892,0.22844636263782117,0.4375,0.0022145727806710896,0.002385496183206107
52.28707,-1.52483,28.829397647888328,2023,0.08148854961832061,0.07461832061068702,0.03826335877862595,0.22433166565935433,0.41944444444444445,0.0022145727806710896,-0.002385496183206107
52.28768,-1.54006,20.018141079177532,2023,0.040744274809160305,0.03730916030534351,0.03826335877862595,0.22267771883467646,0.3724137931034483,0.003321859171006634,-0.002385496183206107
52.28619,-1.56407,47.04901253647249,2023,0.1222328244274809,0.14923664122137403,0.0765267175572519,0.22521914932137657,0.5079545454545454,0.003321859171006634,0.004770992366412214
52.2888,-1.57006,36.56605984937551,2023,0.08148854961832061,0.07461832061068702,0.11479007633587784,0.22759921914225445,0.40344827586206894,0.0005536431951677724,0.002385496183206107
52.29122,-1.57793,50.260516991272496,2023,0.08148854961832061,0.07461832061068702,0.11479007633587784,0.22876908396946563,1.0,0.0005536431951677724,0.002385496183206107
52.28708,-1.53386,45.09682569389605,2023,0.1222328244274809,0.14923664122137403,0.0765267175572519,0.20799389824485362,0.3842942345924453,0.018270225440536487,0.004770992366412214
52.28959,-1.55337,36.44102675565523,2023,0.08148854961832061,0.07461832061068702,0.11479007633587784,0.22610663298339884,0.403030303030303,0.0,0.002385496183206107
52.28749,-1.53436,33.00347860974507,2023,0.1222328244274809,0.07461832061068702,0.03826335877862595,0.20912342290560923,0.3744725738396625,0.016609295855033172,0.0
52.28793,-1.53475,33.66526990196351,2023,0.1222328244274809,0.07461832061068702,0.03826335877862595,0.20815525891067582,0.3973684210526316,0.01882386863570426,0.0
52.2762555,-1.5348337,30.362380310852323,2023,0.09506997455470736,0.07461832061068702,0.03826335877862595,0.22098343184354308,0.4229166666666667,0.0022145727806710896,0.0
52.2876,-1.56522,40.71176667741521,2023,0.1222328244274809,0.11192748091603053,0.0765267175572519,0.22308112049923204,0.4198581560283688,0.002768215975838862,0.0
52.2854,-1.55777,44.19040524915164,2023,0.16297709923664122,0.14923664122137403,0.03826335877862595,0.22856738313718786,0.4,0.0,0.0
52.27856,-1.54514,37.76676221901818,2023,0.1222328244274809,0.07461832061068702,0.03826335877862595,0.22554187065302103,0.6075,0.005536431951677724,0.0
52.28542,-1.5579,44.41941288273942,2023,0.1222328244274809,0.14923664122137403,0.0765267175572519,0.22856738313718786,0.4,0.0,0.004770992366412214
52.28245,-1.55269,44.85243657601228,2023,0.16297709923664122,0.14923664122137403,0.03826335877862595,0.2271151371447878,0.4317073170731708,0.0,0.0
52.281384,-1.5470501,33.05895479475784,2023,0.08148854961832061,0.07461832061068702,0.03826335877862595,0.2225566983353098,0.5764705882352941,0.005536431951677724,0.002385496183206107
52.28735,-1.53417,33.28030020732896,2023,0.1222328244274809,0.07461832061068702,0.03826335877862595,0.20912342290560923,0.3744725738396625,0.019377511830872034,0.0
52.286249,-1.533494,37.041672684127406,2023,0.10865139949109416,0.10726383587786258,0.05261211832061068,0.20512974642650902,0.3779513888888889,0.02436030058738198,0.0
52.28038,-1.53972,30.561144512142093,2023,0.1222328244274809,0.07461832061068702,0.03826335877862595,0.2238879238283432,0.3148760330578512,0.0,0.0
52.28757,-1.56476,37.11999810639007,2023,0.08148854961832061,0.07461832061068702,0.11479007633587784,0.22259703850176535,0.42745098039215684,0.002768215975838862,0.002385496183206107
52.28964,-1.57311,57.97998264012746,2023,0.16297709923664122,0.14923664122137403,0.03826335877862595,0.22876908396946563,1.0,0.0005536431951677724,0.0
52.28332,-1.54408,49.22382091059493,2023,0.16297709923664122,0.14923664122137403,0.03826335877862595,0.22231465733657646,0.630188679245283,0.001660929585503317,0.0
52.28748,-1.56509,37.02667298166482,2023,0.08148854961832061,0.07461832061068702,0.11479007633587784,0.22308112049923204,0.4198581560283688,0.003321859171006634,0.002385496183206107
52.28345,-1.53435,31.666395013860566,2023,0.10186068702290076,0.07461832061068702,0.03826335877862595,0.21001090656763147,0.3719565217391304,0.02380665739221421,0.0
52.2793,-1.52981,37.04145072645908,2023,0.1222328244274809,0.11192748091603053,0.03826335877862595,0.21343982071635387,0.42278820375335124,0.007751004732348813,0.0
52.28557,-1.53472,32.35448874810311,2023,0.10186068702290076,0.07461832061068702,0.04782919847328244,0.20896206223978697,0.3477272727272728,0.026574873368053073,0.0
52.28636,-1.56032,45.469024062589696,2023,0.1222328244274809,0.14923664122137403,0.0765267175572519,0.2271151371447878,0.4341463414634147,0.003321859171006634,0.004770992366412214
52.2883984,-1.5382739,45.46154242680251,2023,0.1222328244274809,0.14923664122137403,0.0765267175572519,0.21565852987140952,0.4140127388535032,0.014948366269529853,0.002385496183206107
52.29004,-1.57979,53.945610687022906,2023,0.1222328244274809,0.11192748091603053,0.0765267175572519,0.22876908396946563,1.0,0.0,0.0
52.27619,-1.51641,36.300488639667236,2023,0.1222328244274809,0.11192748091603053,0.03826335877862595,0.2250981288220099,0.39010989010989017,0.002768215975838862,0.0
52.2899038,-1.579364,42.313931297709914,2023,0.08148854961832061,0.07461832061068702,0.03826335877862595,0.22876908396946563,1.0,0.0,0.0
52.28766,-1.56437,37.058958325215954,2023,0.08148854961832061,0.07461832061068702,0.11479007633587784,0.22279873933404315,0.4243243243243243,0.002768215975838862,0.002385496183206107
52.2840609,-1.5351349,32.30517645862131,2023,0.09167461832061068,0.09327290076335877,0.04782919847328244,0.20811491874422028,0.3476284584980237,0.022699371001878667,-0.004770992366412213
52.284,-1.53412,38.67512078795365,2023,0.12732585877862596,0.09793654580152672,0.05739503816793892,0.2060979104214424,0.3688969258589512,0.03045037573422748,-0.002385496183206107
52.28551,-1.5365,19.36546330004174,2023,0.040744274809160305,0.03730916030534351,0.03826335877862595,0.21372220188154276,0.31603260869565214,0.01218015029369099,-0.002385496183206107
52.28715,-1.53747,43.96795921481336,2023,0.1222328244274809,0.14923664122137403,0.0765267175572519,0.21174553372522043,0.3869249394673123,0.004982788756509951,0.004770992366412214
52.2794,-1.54578,37.33572628136388,2023,0.1222328244274809,0.07461832061068702,0.03826335877862595,0.22364588282960984,0.5859504132231405,0.00719736153718104,0.0
52.29031,-1.53654,32.50955931424012,2023,0.08148854961832061,0.07461832061068702,0.03826335877862595,0.1968196721366642,0.5010376134889754,0.0321113053197308,0.0
52.28683,-1.53357,30.677950432795274,2023,0.08148854961832061,0.07461832061068702,0.05739503816793892,0.20367750043410898,0.37098360655737705,0.017716582245368716,0.0
52.28372,-1.53421,32.23689235336881,2023,0.10186068702290076,0.07461832061068702,0.03826335877862595,0.20787287774548693,0.37925636007827784,0.02878944614872416,0.0
52.28582,-1.55874,46.95316366458429,2023,0.16297709923664122,0.14923664122137403,0.03826335877862595,0.22828500197199894,0.5166666666666667,0.0011072863903355448,0.0
52.29414,-1.53713,38.76333564814797,2023,0.1222328244274809,0.07461832061068702,0.0765267175572519,0.2092444434049759,0.4454935622317596,0.02103844141637535,0.0
52.27959,-1.54576,37.44645492039744,2023,0.1222328244274809,0.07461832061068702,0.03826335877862595,0.22364588282960984,0.5859504132231405,0.008304647927516586,0.0
52.28443,-1.55604,45.263695567135905,2023,0.16297709923664122,0.14923664122137403,0.03826335877862595,0.22844636263782117,0.4375,0.0022145727806710896,0.0
52.28238,-1.54998,47.753750443643675,2023,0.16297709923664122,0.14923664122137403,0.03826335877862595,0.22590493215112106,0.5599999999999999,0.0005536431951677724,0.0
52.28592,-1.56422,46.723096516523235,2023,0.1222328244274809,0.14923664122137403,0.0765267175572519,0.22497710832264325,0.498936170212766,0.0022145727806710896,0.004770992366412214
52.28702,-1.53322,33.03650473395335,2023,0.08148854961832061,0.07461832061068702,0.0765267175572519,0.20710641458283136,0.37832699619771865,0.019377511830872034,0.0
52.28574,-1.56431,47.437975662021806,2023,0.1222328244274809,0.14923664122137403,0.0765267175572519,0.2253805099871988,0.5297619047619048,0.0022145727806710896,0.004770992366412214
52.28652,-1.54854,46.08850588146083,2023,0.1222328244274809,0.14923664122137403,0.0765267175572519,0.22739751830997668,0.47058823529411764,0.0011072863903355448,0.004770992366412214
52.28799,-1.53174,39.44216592144624,2023,0.10186068702290076,0.11192748091603053,0.0765267175572519,0.21541648887267614,0.37374999999999997,0.01882386863570426,0.004770992366412214
52.29009,-1.53802,40.14199876065078,2023,0.1222328244274809,0.07461832061068702,0.0765267175572519,0.20605757025498686,0.4951086956521739,0.0260212301728853,0.0
52.28791,-1.5347,33.54593379131664,2023,0.1222328244274809,0.07461832061068702,0.03826335877862595,0.2073484555815647,0.4011695906432749,0.017162939050200943,0.0
52.2901428,-1.5845361,48.17748091603053,2023,0.10186068702290076,0.07461832061068702,0.0765267175572519,0.22876908396946563,1.0,0.0,0.0
52.28492,-1.53438,33.50079130703118,2023,0.1222328244274809,0.07461832061068702,0.03826335877862595,0.20597688992207575,0.36133093525179855,0.02546758697771753,0.0
52.27638,-1.52292,34.45860332407085,2023,0.1222328244274809,0.11192748091603053,0.03826335877862595,0.22223397700366535,0.32222222222222224,0.0005536431951677724,0.0
52.2930159,-1.5370596,51.498742074883985,2023,0.14260496183206106,0.1678912213740458,0.0765267175572519,0.2010150494480422,0.48340807174887895,0.0260212301728853,0.004770992366412214
52.28712,-1.53681,34.50729847963014,2023,0.10186068702290076,0.09949109414758268,0.05739503816793892,0.21005124673408704,0.3748898678414097,0.009965577513019902,-0.002385496183206107
52.28968,-1.55082,36.44950479833677,2023,0.08148854961832061,0.07461832061068702,0.11479007633587784,0.22574357148529883,0.40405405405405403,0.0,0.002385496183206107
52.28855,-1.53626,30.52861572655383,2023,0.08148854961832061,0.07461832061068702,0.03826335877862595,0.20738879574802024,0.43871595330739305,0.019931155026039805,0.0
52.29095,-1.58167,53.945610687022906,2023,0.1222328244274809,0.11192748091603053,0.0765267175572519,0.22876908396946563,1.0,0.0,0.0
52.28434,-1.55584,45.42054597823637,2023,0.16297709923664122,0.14923664122137403,0.03826335877862595,0.2284060224713656,0.4444444444444445,0.0022145727806710896,0.0
52.29081,-1.58082,53.945610687022906,2023,0.1222328244274809,0.11192748091603053,0.0765267175572519,0.22876908396946563,1.0,0.0,0.0
52.28248,-1.55001,47.753750443643675,2023,0.16297709923664122,0.14923664122137403,0.03826335877862595,0.22590493215112106,0.5599999999999999,0.0005536431951677724,0.0
52.28806,-1.54344,43.89236458288159,2023,0.1222328244274809,0.14923664122137403,0.0765267175572519,0.22497710832264325,0.37065217391304345,0.002768215975838862,0.004770992366412214
52.28629,-1.54861,46.08850588146083,2023,0.1222328244274809,0.14923664122137403,0.0765267175572519,0.22739751830997668,0.47058823529411764,0.0011072863903355448,0.004770992366412214
52.28275,-1.55349,44.85243657601228,2023,0.16297709923664122,0.14923664122137403,0.03826335877862595,0.2271151371447878,0.4317073170731708,0.0,0.0
52.27627,-1.5342,48.44583465416881,2023,0.16297709923664122,0.14923664122137403,0.0765267175572519,0.21852268168975408,0.4119047619047619,0.003321859171006634,0.002385496183206107
52.2863,-1.53189,29.498388277491788,2023,0.08148854961832061,0.07461832061068702,0.03826335877862595,0.20859900074168697,0.37698574338085533,0.02436030058738198,-0.002385496183206107
52.28668,-1.53731,19.3154649540999,2023,0.040744274809160305,0.03730916030534351,0.03826335877862595,0.2105353287315537,0.3552572706935123,0.004429145561342179,-0.002385496183206107
52.288495,-1.5306291,38.73283780584772,2023,0.13241889312977098,0.10260019083969465,0.04782919847328244,0.21739315702899847,0.41360294117647056,0.01218015029369099,0.002385496183206107
52.28323,-1.53446,30.866156272112942,2023,0.10186068702290076,0.07461832061068702,0.03826335877862595,0.21057566889800927,0.3461024498886414,0.02103844141637535,0.0
52.28579389999999,-1.5332444,49.89483224694461,2023,0.16297709923664122,0.14923664122137403,0.0765267175572519,0.20855866057523142,0.3603658536585366,0.03266494851489857,0.002385496183206107
52.28214,-1.54747,49.12485203543594,2023,0.16297709923664122,0.14923664122137403,0.03826335877862595,0.2239686041612543,0.6186440677966102,0.0022145727806710896,0.0
52.28655,-1.56064,44.26704616709808,2023,0.1222328244274809,0.14923664122137403,0.0765267175572519,0.2258645919846655,0.3833333333333333,0.003321859171006634,0.004770992366412214
52.28951,-1.55518,36.32081327360314,2023,0.08148854961832061,0.07461832061068702,0.11479007633587784,0.22687309614605441,0.39148936170212767,0.0011072863903355448,0.002385496183206107
52.28714,-1.53329,32.92450122243432,2023,0.08148854961832061,0.07461832061068702,0.0765267175572519,0.20920410323852034,0.3744725738396625,0.018270225440536487,0.0
52.28517,-1.55178,47.951996141365626,2023,0.1222328244274809,0.14923664122137403,0.0765267175572519,0.22844636263782117,0.55,0.0011072863903355448,0.004770992366412214
52.28138,-1.53471,31.527416408848218,2023,0.1222328244274809,0.07461832061068702,0.03826335877862595,0.22062037034544307,0.345771144278607,0.0038755023661744066,0.0
52.28755,-1.53444,33.04371514436518,2023,0.1222328244274809,0.07461832061068702,0.03826335877862595,0.20859900074168697,0.3746887966804979,0.017162939050200943,0.0
52.27921,-1.54481,34.453487397224414,2023,0.1222328244274809,0.07461832061068702,0.03826335877862595,0.22683275597959887,0.4604166666666667,0.004982788756509951,0.0
52.29094,-1.58286,53.945610687022906,2023,0.1222328244274809,0.11192748091603053,0.0765267175572519,0.22876908396946563,1.0,0.0,0.0
52.28741,-1.53865,20.00704845205934,2023,0.040744274809160305,0.03730916030534351,0.03826335877862595,0.21936982518532078,0.375,0.0038755023661744066,-0.002385496183206107
52.28403,-1.53464,21.146085530243763,2023,0.040744274809160305,0.03730916030534351,0.03826335877862595,0.20811491874422028,0.35158102766798416,0.02436030058738198,-0.002385496183206107
52.28634,-1.56102,44.12818537527646,2023,0.1222328244274809,0.14923664122137403,0.0765267175572519,0.22784126014098782,0.3739130434782608,0.003321859171006634,0.004770992366412214
52.29001,-1.57887,50.20515267175573,2023,0.08148854961832061,0.07461832061068702,0.11479007633587784,0.22876908396946563,1.0,0.0,0.002385496183206107
52.28793,-1.5348,33.66526990196351,2023,0.1222328244274809,0.07461832061068702,0.03826335877862595,0.20815525891067582,0.3973684210526316,0.01882386863570426,0.0
52.28974,-1.54926,36.5079058619214,2023,0.08148854961832061,0.07461832061068702,0.11479007633587784,0.2260662928169433,0.40606060606060607,0.0,0.002385496183206107
52.28796,-1.5668,37.5059529479438,2023,0.08148854961832061,0.07461832061068702,0.11479007633587784,0.2239686041612543,0.44453781512605045,0.0022145727806710896,0.002385496183206107
52.28997,-1.57858,53.945610687022906,2023,0.1222328244274809,0.11192748091603053,0.0765267175572519,0.22876908396946563,1.0,0.0,0.0
52.28838,-1.53065,39.66268183802186,2023,0.10186068702290076,0.11192748091603053,0.0765267175572519,0.21703009553089847,0.4117437722419929,0.01218015029369099,0.004770992366412214
52.27593,-1.51663,36.053010267791244,2023,0.1222328244274809,0.11192748091603053,0.03826335877862595,0.224815747656821,0.3795918367346939,0.002768215975838862,0.0
52.28658,-1.56075,44.26704616709808,2023,0.1222328244274809,0.14923664122137403,0.0765267175572519,0.2258645919846655,0.3833333333333333,0.003321859171006634,0.004770992366412214
52.2878584,-1.5363235,44.986587554228244,2023,0.1222328244274809,0.14923664122137403,0.0765267175572519,0.2083569597429536,0.40572597137014316,0.014948366269529853,0.002385496183206107
52.28766,-1.56534,40.76713099693198,2023,0.1222328244274809,0.11192748091603053,0.0765267175572519,0.22308112049923204,0.4198581560283688,0.003321859171006634,0.0
52.27444,-1.52549,47.313598171203786,2023,0.16297709923664122,0.14923664122137403,0.0765267175572519,0.22183057533910977,0.36220930232558135,0.001660929585503317,0.002385496183206107
52.28754,-1.54134,19.232538436892938,2023,0.040744274809160305,0.03730916030534351,0.03826335877862595,0.22344418199733207,0.3434108527131783,0.001660929585503317,-0.002385496183206107
52.28726,-1.56445,44.833788293587695,2023,0.16297709923664122,0.14923664122137403,0.03826335877862595,0.22279873933404315,0.4243243243243243,0.003321859171006634,0.0
52.28243,-1.53486,31.08287881380049,2023,0.10186068702290076,0.07461832061068702,0.03826335877862595,0.2169897553644429,0.361168384879725,0.017716582245368716,0.0
52.27646,-1.52497,35.364838981093946,2023,0.1222328244274809,0.11192748091603053,0.03826335877862595,0.22174989500619866,0.36379310344827587,0.0005536431951677724,0.0
52.28295,-1.55368,44.85243657601228,2023,0.16297709923664122,0.14923664122137403,0.03826335877862595,0.2271151371447878,0.4317073170731708,0.0,0.0
52.28727,-1.53421,45.110296671529255,2023,0.1222328244274809,0.14923664122137403,0.0765267175572519,0.20964784506953144,0.3766233766233766,0.019377511830872034,0.004770992366412214
52.29093,-1.58276,57.92461832061069,2023,0.16297709923664122,0.14923664122137403,0.03826335877862595,0.22876908396946563,1.0,0.0,0.0
52.28959,-1.55341,36.44102675565523,2023,0.08148854961832061,0.07461832061068702,0.11479007633587784,0.22610663298339884,0.403030303030303,0.0,0.002385496183206107
52.29353,-1.53805,38.605367074038156,2023,0.1222328244274809,0.07461832061068702,0.0765267175572519,0.21005124673408704,0.44944071588366896,0.018270225440536487,0.0
52.28657,-1.52949,30.090871914536464,2023,0.08148854961832061,0.07461832061068702,0.03826335877862595,0.2172721365296318,0.4197841726618705,0.017716582245368716,-0.002385496183206107
52.27424,-1.525,47.129911203773375,2023,0.16297709923664122,0.14923664122137403,0.0765267175572519,0.2215078540074653,0.35444444444444445,0.001660929585503317,0.002385496183206107
52.28796939999999,-1.5362706,45.15179410807457,2023,0.1222328244274809,0.14923664122137403,0.0765267175572519,0.2088410417404203,0.402092050209205,0.017162939050200943,0.002385496183206107
52.2896,-1.55306,36.44102675565523,2023,0.08148854961832061,0.07461832061068702,0.11479007633587784,0.22610663298339884,0.403030303030303,0.0,0.002385496183206107
52.29019,-1.58442,53.945610687022906,2023,0.1222328244274809,0.11192748091603053,0.0765267175572519,0.22876908396946563,1.0,0.0,0.0
52.2885,-1.53063,39.71804772951184,2023,0.10186068702290076,0.11192748091603053,0.0765267175572519,0.21739315702899847,0.41360294117647056,0.01218015029369099,0.004770992366412214
52.28439,-1.55596,45.263695567135905,2023,0.16297709923664122,0.14923664122137403,0.03826335877862595,0.22844636263782117,0.4375,0.0022145727806710896,0.0
52.28711,-1.54778,45.04143451997443,2023,0.1222328244274809,0.14923664122137403,0.0765267175572519,0.22739751830997668,0.4294117647058823,0.0,0.004770992366412214
52.2847851,-1.5325758,49.786549734246464,2023,0.16297709923664122,0.14923664122137403,0.0765267175572519,0.20383886109993118,0.3715460526315789,0.031004018929395253,0.002385496183206107
52.28815,-1.56762,37.17925395645291,2023,0.08148854961832061,0.07461832061068702,0.11479007633587784,0.22400894432770985,0.43728813559322033,0.0005536431951677724,0.002385496183206107
52.28413,-1.53464,21.161620755302557,2023,0.040744274809160305,0.03730916030534351,0.03826335877862595,0.20625927108726466,0.3528130671506352,0.024913943782549755,-0.002385496183206107
52.28816,-1.53619,28.761840215365748,2023,0.08148854961832061,0.06529103053435113,0.03826335877862595,0.20892172207333143,0.40964360587002097,0.019377511830872034,-0.002385496183206107
52.28731,-1.56472,44.89482807476181,2023,0.16297709923664122,0.14923664122137403,0.03826335877862595,0.22259703850176535,0.42745098039215684,0.003321859171006634,0.0
52.2742,-1.52487,47.129911203773375,2023,0.16297709923664122,0.14923664122137403,0.0765267175572519,0.2215078540074653,0.35444444444444445,0.001660929585503317,0.002385496183206107
52.28506,-1.53357,33.84866412481764,2023,0.08148854961832061,0.07461832061068702,0.0765267175572519,0.2055331480910646,0.3695575221238938,0.029896732539059705,0.0
52.27472,-1.52606,47.63686513199074,2023,0.16297709923664122,0.14923664122137403,0.0765267175572519,0.22493676815618768,0.371578947368421,0.001660929585503317,0.002385496183206107
52.29071,-1.58299,53.945610687022906,2023,0.1222328244274809,0.11192748091603053,0.0765267175572519,0.22876908396946563,1.0,0.0,0.0
52.27957,-1.5459,37.44645492039744,2023,0.1222328244274809,0.07461832061068702,0.03826335877862595,0.22364588282960984,0.5859504132231405,0.008304647927516586,0.0
52.29139,-1.5783,53.945610687022906,2023,0.1222328244274809,0.11192748091603053,0.0765267175572519,0.22876908396946563,1.0,0.0,0.0
52.28969,-1.55079,36.44950479833677,2023,0.08148854961832061,0.07461832061068702,0.11479007633587784,0.22574357148529883,0.40405405405405403,0.0,0.002385496183206107
52.28459,-1.55636,45.263695567135905,2023,0.16297709923664122,0.14923664122137403,0.03826335877862595,0.22844636263782117,0.4375,0.0022145727806710896,0.0
52.286249,-1.540875,33.57274744519725,2023,0.10593511450381679,0.09700381679389312,0.061221374045801524,0.22400894432770985,0.3120689655172414,0.001660929585503317,0.0
52.2902,-1.5387,40.03975763076075,2023,0.08148854961832061,0.07461832061068702,0.11479007633587784,0.20597688992207575,0.49349005424954795,0.02546758697771753,0.002385496183206107
52.27633,-1.51851,34.82274359158464,2023,0.1222328244274809,0.11192748091603053,0.03826335877862595,0.22344418199733207,0.33181818181818185,0.001660929585503317,0.0
52.28821,-1.56298,36.733080175452564,2023,0.08148854961832061,0.07461832061068702,0.11479007633587784,0.2217902351726542,0.4115606936416185,0.002768215975838862,0.002385496183206107
52.28594,-1.54932,46.04664133130345,2023,0.1222328244274809,0.14923664122137403,0.0765267175572519,0.2277605798080767,0.46799999999999997,0.0011072863903355448,0.004770992366412214
52.28724,-1.53434,29.02685799110869,2023,0.08148854961832061,0.07461832061068702,0.03826335877862595,0.209688185235987,0.37548806941431667,0.017162939050200943,0.0
52.27432,-1.52477,47.129911203773375,2023,0.16297709923664122,0.14923664122137403,0.0765267175572519,0.2215078540074653,0.35444444444444445,0.001660929585503317,0.002385496183206107
52.27585,-1.51667,36.30286872835189,2023,0.1222328244274809,0.11192748091603053,0.03826335877862595,0.22497710832264325,0.3904255319148936,0.002768215975838862,0.0
52.28726,-1.53345,45.08569876135961,2023,0.1222328244274809,0.14923664122137403,0.0765267175572519,0.20993022623472035,0.3749450549450549,0.019377511830872034,0.004770992366412214
52.28904,-1.53767,39.00264010755358,2023,0.1222328244274809,0.07461832061068702,0.0765267175572519,0.2065819924189091,0.4842592592592593,0.016609295855033172,0.0
52.2914,-1.57826,57.92461832061069,2023,0.16297709923664122,0.14923664122137403,0.03826335877862595,0.22876908396946563,1.0,0.0,0.0
52.2758,-1.52685,48.4581536783136,2023,0.16297709923664122,0.14923664122137403,0.0765267175572519,0.22368622299606541,0.4153225806451613,0.0005536431951677724,0.002385496183206107
52.28699,-1.53323,33.03650473395335,2023,0.08148854961832061,0.07461832061068702,0.0765267175572519,0.20710641458283136,0.37832699619771865,0.019377511830872034,0.0
52.28511,-1.53628,22.368641719921072,2023,0.06111641221374045,0.046636450381679385,0.03826335877862595,0.21396424288027607,0.3146408839779006,0.012733793488858764,-0.002385496183206107
52.2863,-1.56011,47.40362857623918,2023,0.1222328244274809,0.14923664122137403,0.0765267175572519,0.22828500197199894,0.5166666666666667,0.003321859171006634,0.004770992366412214
52.29021,-1.5418,36.27591836841391,2023,0.08148854961832061,0.07461832061068702,0.11479007633587784,0.2226373786682209,0.377027027027027,0.005536431951677724,0.002385496183206107
52.28659,-1.53338,33.264414599082784,2023,0.1222328244274809,0.07461832061068702,0.03826335877862595,0.20452464392967568,0.36858108108108106,0.022145727806710896,0.0
52.28724,-1.53554,44.465823984846786,2023,0.1222328244274809,0.14923664122137403,0.0765267175572519,0.2087603614075092,0.3712215320910973,0.01439472307436208,0.004770992366412214
52.2854,-1.56318,47.81158451735899,2023,0.1222328244274809,0.14923664122137403,0.0765267175572519,0.22590493215112106,0.5450704225352113,0.0022145727806710896,0.004770992366412214
52.28751,-1.53444,33.05884292926186,2023,0.1222328244274809,0.07461832061068702,0.03826335877862595,0.20912342290560923,0.3744725738396625,0.017162939050200943,0.0
52.27645,-1.52624,36.073927355894,2023,0.1222328244274809,0.11192748091603053,0.03826335877862595,0.22283907950049872,0.3938356164383562,0.0005536431951677724,0.0
52.28674,-1.52441,29.900674770600748,2023,0.08148854961832061,0.07461832061068702,0.03826335877862595,0.22207261633784312,0.47195121951219515,0.0022145727806710896,-0.002385496183206107
52.28526,-1.53365,34.1012011806867,2023,0.08148854961832061,0.07461832061068702,0.0765267175572519,0.20597688992207575,0.37027027027027026,0.0321113053197308,0.0
52.27587,-1.51677,36.30286872835189,2023,0.1222328244274809,0.11192748091603053,0.03826335877862595,0.22497710832264325,0.3904255319148936,0.002768215975838862,0.0
52.28801,-1.53938,44.65771208445291,2023,0.1222328244274809,0.14923664122137403,0.0765267175572519,0.21747383736190956,0.4059040590405904,0.005536431951677724,0.004770992366412214
52.28211,-1.54772,49.07722245593393,2023,0.16297709923664122,0.14923664122137403,0.03826335877862595,0.22376690332897653,0.6170731707317073,0.0022145727806710896,0.0
52.2931277,-1.5359592,43.70946099104451,2023,0.16297709923664122,0.11192748091603053,0.03826335877862595,0.20121675028031996,0.472809667673716,0.02878944614872416,0.0
52.28429,-1.53484,21.101620764961204,2023,0.040744274809160305,0.03730916030534351,0.03826335877862595,0.20686437358409798,0.34888059701492535,0.024913943782549755,-0.002385496183206107
52.28785,-1.53471,33.490569471799866,2023,0.1222328244274809,0.07461832061068702,0.03826335877862595,0.2073484555815647,0.4011695906432749,0.016609295855033172,0.0
52.29134,-1.57799,50.260516991272496,2023,0.08148854961832061,0.07461832061068702,0.11479007633587784,0.22876908396946563,1.0,0.0005536431951677724,0.002385496183206107
52.28646,-1.56055,44.062581553178006,2023,0.1222328244274809,0.14923664122137403,0.0765267175572519,0.2265100346479544,0.37321428571428567,0.003321859171006634,0.004770992366412214
52.29051,-1.58014,53.945610687022906,2023,0.1222328244274809,0.11192748091603053,0.0765267175572519,0.22876908396946563,1.0,0.0,0.0
52.2861809,-1.5318264,35.61579630583832,2023,0.10186068702290076,0.11192748091603053,0.03826335877862595,0.20859900074168697,0.37698574338085533,0.02546758697771753,0.0
52.28821,-1.53106,32.99078486769902,2023,0.08148854961832061,0.07461832061068702,0.0765267175572519,0.21513410770748725,0.3929663608562691,0.012733793488858764,0.0
52.28337,-1.53438,31.447610682968126,2023,0.10186068702290076,0.07461832061068702,0.03826335877862595,0.21001090656763147,0.36681127982646416,0.022699371001878667,0.0
52.2885,-1.56897,46.06677510768034,2023,0.16297709923664122,0.14923664122137403,0.03826335877862595,0.22489642798973214,0.4875,0.0005536431951677724,0.0
52.28621,-1.54867,46.08850588146083,2023,0.1222328244274809,0.14923664122137403,0.0765267175572519,0.22739751830997668,0.47058823529411764,0.0011072863903355448,0.004770992366412214
52.28254,-1.55011,47.66685297919647,2023,0.16297709923664122,0.14923664122137403,0.03826335877862595,0.2252998296542877,0.5576470588235294,0.0005536431951677724,0.0
52.28644,-1.56319,45.2462651542677,2023,0.1222328244274809,0.14923664122137403,0.0765267175572519,0.22300044016632092,0.43216783216783217,0.003321859171006634,0.004770992366412214
52.28426,-1.53476,21.156985084477988,2023,0.040744274809160305,0.03730916030534351,0.03826335877862595,0.20686437358409798,0.34888059701492535,0.02546758697771753,-0.002385496183206107
52.281047,-1.5446566,31.420674012404408,2023,0.08148854961832061,0.07461832061068702,0.03826335877862595,0.2224760180023987,0.515483870967742,0.002768215975838862,0.002385496183206107
52.28726,-1.53821,20.015940473952266,2023,0.040744274809160305,0.03730916030534351,0.03826335877862595,0.21941016535177632,0.3753363228699552,0.0038755023661744066,-0.002385496183206107
52.28761,-1.54672,44.91627161876461,2023,0.1222328244274809,0.14923664122137403,0.0765267175572519,0.22767989947516556,0.4185185185185185,0.0011072863903355448,0.004770992366412214
52.28689,-1.53364,28.7094181743472,2023,0.08148854961832061,0.07461832061068702,0.03826335877862595,0.20367750043410898,0.37098360655737705,0.017162939050200943,0.0
52.2874242,-1.5356918,44.20777225046026,2023,0.1222328244274809,0.14923664122137403,0.0765267175572519,0.20892172207333143,0.37265135699373697,0.013841079879194309,0.002385496183206107
52.290212,-1.5418035,40.35034584932994,2023,0.1222328244274809,0.07461832061068702,0.11479007633587784,0.2226373786682209,0.377027027027027,0.005536431951677724,0.002385496183206107
52.28959,-1.55343,36.44102675565523,2023,0.08148854961832061,0.07461832061068702,0.11479007633587784,0.22610663298339884,0.403030303030303,0.0,0.002385496183206107
52.29094,-1.58259,50.20515267175573,2023,0.08148854961832061,0.07461832061068702,0.11479007633587784,0.22876908396946563,1.0,0.0,0.002385496183206107
52.28819,-1.54012,45.52414513268787,2023,0.1222328244274809,0.14923664122137403,0.0765267175572519,0.22239533766948757,0.4084967320261438,0.011626507098523219,0.004770992366412214
52.28787,-1.5663,45.386656666126996,2023,0.16297709923664122,0.14923664122137403,0.03826335877862595,0.22408962466062096,0.44655172413793104,0.003321859171006634,0.0
52.27646,-1.51919,34.29597106551151,2023,0.1222328244274809,0.11192748091603053,0.03826335877862595,0.22316180083214315,0.30863309352517987,0.001660929585503317,0.0
52.29054,-1.57827,50.20515267175573,2023,0.08148854961832061,0.07461832061068702,0.11479007633587784,0.22876908396946563,1.0,0.0,0.002385496183206107
52.28819,-1.5403,45.457989566736416,2023,0.1222328244274809,0.14923664122137403,0.0765267175572519,0.2227583991675876,0.40486111111111106,0.011626507098523219,0.004770992366412214
52.28784,-1.56382,36.972948971516914,2023,0.08148854961832061,0.07461832061068702,0.11479007633587784,0.2218709155055653,0.4222222222222222,0.002768215975838862,0.002385496183206107
52.27586,-1.51665,36.30286872835189,2023,0.1222328244274809,0.11192748091603053,0.03826335877862595,0.22497710832264325,0.3904255319148936,0.002768215975838862,0.0
52.28658,-1.56061,44.26704616709808,2023,0.1222328244274809,0.14923664122137403,0.0765267175572519,0.2258645919846655,0.3833333333333333,0.003321859171006634,0.004770992366412214
52.28757,-1.5382,44.01025689924536,2023,0.1222328244274809,0.14923664122137403,0.0765267175572519,0.21941016535177632,0.3753363228699552,0.004982788756509951,0.004770992366412214
52.2961,-1.53742,38.42399365095977,2023,0.1222328244274809,0.07461832061068702,0.0765267175572519,0.22763955930871002,0.4821428571428571,0.0011072863903355448,0.0
52.28793,-1.5667,45.225418596798754,2023,0.16297709923664122,0.14923664122137403,0.03826335877862595,0.2239686041612543,0.44453781512605045,0.0022145727806710896,0.0
52.2902,-1.53805,40.08663444113401,2023,0.1222328244274809,0.07461832061068702,0.0765267175572519,0.20605757025498686,0.4951086956521739,0.02546758697771753,0.0
52.28455,-1.53545,20.428417515909715,2023,0.040744274809160305,0.03730916030534351,0.03826335877862595,0.2069853940834647,0.3402255639097745,0.019931155026039805,-0.002385496183206107
52.27632,-1.52168,34.02471712865264,2023,0.1222328244274809,0.11192748091603053,0.03826335877862595,0.22364588282960984,0.30078740157480316,0.0005536431951677724,0.0
52.27517,-1.52654,48.17884489033174,2023,0.16297709923664122,0.14923664122137403,0.0765267175572519,0.22489642798973214,0.3957446808510638,0.001660929585503317,0.002385496183206107
52.28442,-1.5352,20.920683378611187,2023,0.040744274809160305,0.03730916030534351,0.03826335877862595,0.20682403341764244,0.34823091247672255,0.023253014197046437,-0.002385496183206107
52.29015,-1.57997,53.945610687022906,2023,0.1222328244274809,0.11192748091603053,0.0765267175572519,0.22876908396946563,1.0,0.0,0.0
52.28573,-1.53308,32.11996520185711,2023,0.08148854961832061,0.07461832061068702,0.05739503816793892,0.20746947608093136,0.3616570327552987,0.03266494851489857,0.0
52.29081,-1.58309,53.945610687022906,2023,0.1222328244274809,0.11192748091603053,0.0765267175572519,0.22876908396946563,1.0,0.0,0.0
52.28486,-1.55428,47.822885197504256,2023,0.1222328244274809,0.14923664122137403,0.0765267175572519,0.2284060224713656,0.5444444444444445,0.0011072863903355448,0.004770992366412214
52.27593,-1.52691,48.4581536783136,2023,0.16297709923664122,0.14923664122137403,0.0765267175572519,0.22368622299606541,0.4153225806451613,0.0005536431951677724,0.002385496183206107
52.28947,-1.5725,36.524690313155226,2023,0.08148854961832061,0.07461832061068702,0.11479007633587784,0.22852704297073229,0.4,0.0005536431951677724,0.002385496183206107
52.29114,-1.57753,57.97998264012746,2023,0.16297709923664122,0.14923664122137403,0.03826335877862595,0.22876908396946563,1.0,0.0005536431951677724,0.0
52.28646,-1.56076,44.062581553178006,2023,0.1222328244274809,0.14923664122137403,0.0765267175572519,0.2265100346479544,0.37321428571428567,0.003321859171006634,0.004770992366412214
52.28525,-1.53662,19.287604511811708,2023,0.040744274809160305,0.03730916030534351,0.03826335877862595,0.21513410770748725,0.31291291291291295,0.011626507098523219,-0.002385496183206107
52.28805,-1.5349,33.70969478858859,2023,0.1222328244274809,0.07461832061068702,0.03826335877862595,0.20823593924358694,0.40466531440162273,0.017716582245368716,0.0
52.29078,-1.57815,57.97998264012746,2023,0.16297709923664122,0.14923664122137403,0.03826335877862595,0.22876908396946563,1.0,0.0005536431951677724,0.0
52.28248,-1.55028,46.96025936946286,2023,0.16297709923664122,0.14923664122137403,0.03826335877862595,0.22534016982074326,0.5261904761904762,0.0005536431951677724,0.0
52.27598,-1.51715,35.88896574599666,2023,0.1222328244274809,0.11192748091603053,0.03826335877862595,0.224452686158721,0.3728971962616822,0.002768215975838862,0.0
52.28782,-1.56596,36.99844876145453,2023,0.08148854961832061,0.07461832061068702,0.11479007633587784,0.22283907950049872,0.41904761904761906,0.003321859171006634,0.002385496183206107
52.28494,-1.55356,47.822885197504256,2023,0.1222328244274809,0.14923664122137403,0.0765267175572519,0.2284060224713656,0.5444444444444445,0.0011072863903355448,0.004770992366412214
52.28503,-1.53355,33.84866412481764,2023,0.08148854961832061,0.07461832061068702,0.0765267175572519,0.2055331480910646,0.3695575221238938,0.029896732539059705,0.0
52.28474,-1.53544,20.409661886307862,2023,0.040744274809160305,0.03730916030534351,0.03826335877862595,0.20726777524865359,0.33885714285714286,0.019931155026039805,-0.002385496183206107
52.29131,-1.53673,32.55461134025717,2023,0.08148854961832061,0.07461832061068702,0.03826335877862595,0.19524640564489748,0.47902621722846445,0.03764773727140852,0.0
52.28964,-1.55163,35.99311032863059,2023,0.08148854961832061,0.07461832061068702,0.11479007633587784,0.22534016982074326,0.3845238095238095,0.0,0.002385496183206107
52.27608,-1.51758,34.858453047892304,2023,0.1222328244274809,0.11192748091603053,0.03826335877862595,0.22384758366188764,0.3278688524590164,0.002768215975838862,0.0
52.2792974,-1.5298098,34.999443511277654,2023,0.10186068702290076,0.11192748091603053,0.03826335877862595,0.21400458304673164,0.42144846796657387,0.007751004732348813,0.0
52.28779,-1.53467,33.29761825385973,2023,0.1222328244274809,0.07461832061068702,0.03826335877862595,0.20851832040877585,0.38701030927835045,0.017162939050200943,0.0
52.27968,-1.54216,32.61267065490803,2023,0.1222328244274809,0.07461832061068702,0.03826335877862595,0.22437200582580988,0.3908256880733945,0.003321859171006634,0.0
52.2857262,-1.5330768,49.949163675139566,2023,0.14260496183206106,0.1678912213740458,0.0765267175572519,0.20746947608093136,0.3616570327552987,0.03266494851489857,0.004770992366412214
52.286249,-1.526155,29.464192493179965,2023,0.08148854961832061,0.07461832061068702,0.03826335877862595,0.22300044016632092,0.4347517730496454,0.003321859171006634,0.0
52.27435,-1.52474,47.129911203773375,2023,0.16297709923664122,0.14923664122137403,0.0765267175572519,0.2215078540074653,0.35444444444444445,0.001660929585503317,0.002385496183206107
52.2873121,-1.5357703,44.24918503109142,2023,0.1222328244274809,0.14923664122137403,0.0765267175572519,0.20880070157396474,0.37219917012448134,0.01439472307436208,0.002385496183206107
52.2909716,-1.5830234,42.313931297709914,2023,0.08148854961832061,0.07461832061068702,0.03826335877862595,0.22876908396946563,1.0,0.0,0.0
52.28506,-1.53542,23.378231827504088,2023,0.06111641221374045,0.046636450381679385,0.03826335877862595,0.20746947608093136,0.3384615384615385,0.019931155026039805,-0.002385496183206107
52.28678,-1.54828,46.08850588146083,2023,0.1222328244274809,0.14923664122137403,0.0765267175572519,0.22739751830997668,0.47058823529411764,0.0011072863903355448,0.004770992366412214
52.28603,-1.53736,20.68405627635726,2023,0.040744274809160305,0.03730916030534351,0.03826335877862595,0.21807893985874294,0.4057251908396947,0.004429145561342179,-0.002385496183206107
52.27966,-1.5453,36.90641676870069,2023,0.1222328244274809,0.07461832061068702,0.03826335877862595,0.2234038418308765,0.5748031496062992,0.005536431951677724,0.0
52.29134,-1.57822,53.945610687022906,2023,0.1222328244274809,0.11192748091603053,0.0765267175572519,0.22876908396946563,1.0,0.0,0.0
52.29141,-1.57826,50.20515267175573,2023,0.08148854961832061,0.07461832061068702,0.11479007633587784,0.22876908396946563,1.0,0.0,0.002385496183206107
52.28603,-1.55937,47.11925662313462,2023,0.16297709923664122,0.14923664122137403,0.03826335877862595,0.22828500197199894,0.5166666666666667,0.002768215975838862,0.0
52.28903,-1.53796,38.60760333738785,2023,0.1222328244274809,0.07461832061068702,0.0765267175572519,0.2102529475663648,0.4570155902004454,0.016609295855033172,0.0
52.28755,-1.53914,19.89631981302578,2023,0.040744274809160305,0.03730916030534351,0.03826335877862595,0.21936982518532078,0.375,0.002768215975838862,-0.002385496183206107
52.28903,-1.53799,38.48139233053933,2023,0.1222328244274809,0.07461832061068702,0.0765267175572519,0.20916376307206477,0.4533613445378151,0.016609295855033172,0.0
52.2912,-1.53811,39.332133762695015,2023,0.1222328244274809,0.07461832061068702,0.0765267175572519,0.19823157796260873,0.45983606557377044,0.02878944614872416,0.0
52.2858,-1.53649,19.48118773796626,2023,0.040744274809160305,0.03730916030534351,0.03826335877862595,0.2148113863758428,0.31466275659824045,0.013287436684026536,-0.002385496183206107
52.28248,-1.55215,47.64778610866948,2023,0.16297709923664122,0.14923664122137403,0.03826335877862595,0.2263486739821322,0.5566666666666666,0.0,0.0
52.28264,-1.55111,47.68876858906849,2023,0.16297709923664122,0.14923664122137403,0.03826335877862595,0.22638901414858775,0.5559322033898305,0.0005536431951677724,0.0
52.28793,-1.53478,33.66526990196351,2023,0.1222328244274809,0.07461832061068702,0.03826335877862595,0.20815525891067582,0.3973684210526316,0.01882386863570426,0.0
52.27919,-1.5457,37.33572628136388,2023,0.1222328244274809,0.07461832061068702,0.03826335877862595,0.22364588282960984,0.5859504132231405,0.00719736153718104,0.0
52.28217,-1.54919,47.970380542193446,2023,0.16297709923664122,0.14923664122137403,0.03826335877862595,0.2258645919846655,0.5647887323943662,0.001660929585503317,0.0
52.27606,-1.52694,48.56049008819826,2023,0.16297709923664122,0.14923664122137403,0.0765267175572519,0.22223397700366535,0.4226415094339623,0.0005536431951677724,0.002385496183206107
52.27962,-1.54523,34.21971450747113,2023,0.1222328244274809,0.07461832061068702,0.03826335877862595,0.22659071498086553,0.4481481481481482,0.005536431951677724,0.0
52.28483,-1.55438,47.822885197504256,2023,0.1222328244274809,0.14923664122137403,0.0765267175572519,0.2284060224713656,0.5444444444444445,0.0011072863903355448,0.004770992366412214
52.28807,-1.5438,43.82188747485975,2023,0.1222328244274809,0.14923664122137403,0.0765267175572519,0.22525948948783214,0.36705882352941177,0.002768215975838862,0.004770992366412214
52.28581699999999,-1.5330837,49.89483224694461,2023,0.16297709923664122,0.14923664122137403,0.0765267175572519,0.20855866057523142,0.3603658536585366,0.03266494851489857,0.002385496183206107
52.2852,-1.53652,19.27825131671709,2023,0.040744274809160305,0.03730916030534351,0.03826335877862595,0.21400458304673164,0.31412742382271464,0.011626507098523219,-0.002385496183206107
52.2871,-1.53666,44.080913676253104,2023,0.1222328244274809,0.14923664122137403,0.0765267175572519,0.20920410323852034,0.37320675105485235,0.009965577513019902,0.004770992366412214
52.2894565,-1.5591778,39.55599134256713,2023,0.1222328244274809,0.07461832061068702,0.11479007633587784,0.22158853434037643,0.3579545454545454,0.0022145727806710896,0.002385496183206107
52.28959,-1.55338,36.44102675565523,2023,0.08148854961832061,0.07461832061068702,0.11479007633587784,0.22610663298339884,0.403030303030303,0.0,0.002385496183206107
52.28945,-1.55792,37.02964578781919,2023,0.08148854961832061,0.07461832061068702,0.11479007633587784,0.22566289115238772,0.425,0.0011072863903355448,0.002385496183206107
52.28699,-1.53319,33.03650473395335,2023,0.08148854961832061,0.07461832061068702,0.0765267175572519,0.20710641458283136,0.37832699619771865,0.019377511830872034,0.0
52.291387,-1.5783038,42.313931297709914,2023,0.08148854961832061,0.07461832061068702,0.03826335877862595,0.22876908396946563,1.0,0.0,0.0
52.28946,-1.55918,35.481563861651104,2023,0.08148854961832061,0.07461832061068702,0.11479007633587784,0.22158853434037643,0.3579545454545454,0.0022145727806710896,0.002385496183206107
52.28788,-1.56643,37.66719101727203,2023,0.08148854961832061,0.07461832061068702,0.11479007633587784,0.22408962466062096,0.44655172413793104,0.003321859171006634,0.002385496183206107
52.2896,-1.55258,36.26962296008037,2023,0.08148854961832061,0.07461832061068702,0.11479007633587784,0.2262276534827655,0.3952380952380953,0.0,0.002385496183206107
52.2854,-1.5504,45.77688574176699,2023,0.1222328244274809,0.14923664122137403,0.0765267175572519,0.22695377647896553,0.45777777777777773,0.0011072863903355448,0.004770992366412214
52.28855,-1.53521,34.60680748733495,2023,0.1222328244274809,0.07461832061068702,0.03826335877862595,0.2076308367467536,0.4383858267716535,0.019931155026039805,0.0
52.28688,-1.52646,28.97723764393461,2023,0.08148854961832061,0.07461832061068702,0.03826335877862595,0.2230407803327765,0.4185714285714286,0.004429145561342179,-0.002385496183206107
52.29116,-1.57764,50.260516991272496,2023,0.08148854961832061,0.07461832061068702,0.11479007633587784,0.22876908396946563,1.0,0.0005536431951677724,0.002385496183206107
52.28669,-1.56092,43.77800293909731,2023,0.16297709923664122,0.14923664122137403,0.03826335877862595,0.2253805099871988,0.3726190476190476,0.003321859171006634,0.0
52.28422,-1.53473,21.166316617402963,2023,0.040744274809160305,0.03730916030534351,0.03826335877862595,0.20674335308473132,0.3495361781076067,0.02546758697771753,-0.002385496183206107
52.2902026,-1.5386973,44.22491375071033,2023,0.1222328244274809,0.07461832061068702,0.11479007633587784,0.20597688992207575,0.49349005424954795,0.026574873368053073,0.002385496183206107
52.28743,-1.56501,40.76713099693198,2023,0.1222328244274809,0.11192748091603053,0.0765267175572519,0.22308112049923204,0.4198581560283688,0.003321859171006634,0.0
52.28817,-1.54053,45.457989566736416,2023,0.1222328244274809,0.14923664122137403,0.0765267175572519,0.2227583991675876,0.40486111111111106,0.011626507098523219,0.004770992366412214
52.28713,-1.5351,44.640463208508955,2023,0.1222328244274809,0.14923664122137403,0.0765267175572519,0.20956716473662035,0.37548387096774194,0.014948366269529853,0.004770992366412214
52.28458,-1.53426,33.85435892748232,2023,0.1222328244274809,0.07461832061068702,0.03826335877862595,0.20561382842397574,0.36300884955752216,0.02878944614872416,0.0
52.28996540000001,-1.5785805,42.313931297709914,2023,0.08148854961832061,0.07461832061068702,0.03826335877862595,0.22876908396946563,1.0,0.0,0.0
52.28342,-1.5436,49.22382091059493,2023,0.16297709923664122,0.14923664122137403,0.03826335877862595,0.22231465733657646,0.630188679245283,0.001660929585503317,0.0
52.28762,-1.53478,29.082919241043292,2023,0.08148854961832061,0.07461832061068702,0.03826335877862595,0.2087603614075092,0.38514644351464433,0.0160556526598654,0.0
52.29035,-1.58405,53.945610687022906,2023,0.1222328244274809,0.11192748091603053,0.0765267175572519,0.22876908396946563,1.0,0.0,0.0
52.28151,-1.53475,30.04594215354902,2023,0.10186068702290076,0.07461832061068702,0.03826335877862595,0.22191125567202089,0.35882352941176465,0.006090075146845495,0.0
52.27642,-1.52703,48.57544157714966,2023,0.16297709923664122,0.14923664122137403,0.0765267175572519,0.221991936004932,0.41878787878787876,0.001660929585503317,0.002385496183206107
52.28554,-1.5501,45.77688574176699,2023,0.1222328244274809,0.14923664122137403,0.0765267175572519,0.22695377647896553,0.45777777777777773,0.0011072863903355448,0.004770992366412214
52.280894,-1.5445862,31.642131290471514,2023,0.08148854961832061,0.07461832061068702,0.03826335877862595,0.2224760180023987,0.515483870967742,0.004982788756509951,0.002385496183206107
52.2899,-1.57936,53.945610687022906,2023,0.1222328244274809,0.11192748091603053,0.0765267175572519,0.22876908396946563,1.0,0.0,0.0
52.28464,-1.55642,45.263695567135905,2023,0.16297709923664122,0.14923664122137403,0.03826335877862595,0.22844636263782117,0.4375,0.0022145727806710896,0.0
52.29047,-1.58365,53.945610687022906,2023,0.1222328244274809,0.11192748091603053,0.0765267175572519,0.22876908396946563,1.0,0.0,0.0
52.28032,-1.54049,31.38640322377565,2023,0.1222328244274809,0.07461832061068702,0.03826335877862595,0.22352486233024318,0.3523076923076923,0.0,0.0
52.28476,-1.55544,45.49270320072369,2023,0.1222328244274809,0.14923664122137403,0.0765267175572519,0.22844636263782117,0.4375,0.0022145727806710896,0.004770992366412214
52.2882476,-1.5380635,45.52704833624357,2023,0.1222328244274809,0.14923664122137403,0.0765267175572519,0.2159409110365984,0.4165048543689321,0.014948366269529853,0.002385496183206107
52.29062,-1.53807,39.78353059082586,2023,0.1222328244274809,0.07461832061068702,0.0765267175572519,0.20049062728411993,0.48269230769230764,0.027682159758388617,0.0
52.28436,-1.53507,20.99089212592765,2023,0.040744274809160305,0.03730916030534351,0.03826335877862595,0.20686437358409798,0.34888059701492535,0.02380665739221421,-0.002385496183206107
52.28885,-1.56141,35.07997807652384,2023,0.08148854961832061,0.07461832061068702,0.11479007633587784,0.22070105067835416,0.33618090452261307,0.003321859171006634,0.002385496183206107
52.28749,-1.53441,33.00347860974507,2023,0.1222328244274809,0.07461832061068702,0.03826335877862595,0.20912342290560923,0.3744725738396625,0.016609295855033172,0.0
52.28726,-1.56333,44.747778939888654,2023,0.16297709923664122,0.14923664122137403,0.03826335877862595,0.2218709155055653,0.4222222222222222,0.003321859171006634,0.0
52.2821,-1.54798,49.02185813641715,2023,0.16297709923664122,0.14923664122137403,0.03826335877862595,0.22376690332897653,0.6170731707317073,0.001660929585503317,0.0
52.28639,-1.56041,45.24001642900191,2023,0.16297709923664122,0.14923664122137403,0.03826335877862595,0.2271151371447878,0.4341463414634147,0.003321859171006634,0.0
52.28485,-1.53145,29.851293316030663,2023,0.08148854961832061,0.07461832061068702,0.03826335877862595,0.2046053242625868,0.37453310696095077,0.029896732539059705,-0.002385496183206107
52.28244,-1.55252,44.401833824426134,2023,0.16297709923664122,0.14923664122137403,0.03826335877862595,0.22735717814352113,0.41142857142857137,0.0,0.0
52.28713,-1.53791,20.022037968283176,2023,0.040744274809160305,0.03730916030534351,0.03826335877862595,0.2178368988600096,0.37832699619771865,0.0038755023661744066,-0.002385496183206107
52.2763825,-1.5284333,28.981399145382852,2023,0.08148854961832061,0.07461832061068702,0.03826335877862595,0.22203227617138757,0.40914634146341466,0.0022145727806710896,0.002385496183206107
52.29086,-1.58311,53.945610687022906,2023,0.1222328244274809,0.11192748091603053,0.0765267175572519,0.22876908396946563,1.0,0.0,0.0
52.28376,-1.55485,44.758548912458096,2023,0.16297709923664122,0.14923664122137403,0.03826335877862595,0.22800262080681005,0.42105263157894735,0.0011072863903355448,0.0
52.28743,-1.53793,43.99305581855973,2023,0.1222328244274809,0.14923664122137403,0.0765267175572519,0.2188857431878541,0.3805084745762712,0.0038755023661744066,0.004770992366412214
52.28752,-1.56476,37.17536242590685,2023,0.08148854961832061,0.07461832061068702,0.11479007633587784,0.22259703850176535,0.42745098039215684,0.003321859171006634,0.002385496183206107
52.27628,-1.5356,48.503896310432566,2023,0.16297709923664122,0.14923664122137403,0.0765267175572519,0.22021696868088747,0.42142857142857143,0.0011072863903355448,0.002385496183206107
52.28903,-1.53794,38.60760333738785,2023,0.1222328244274809,0.07461832061068702,0.0765267175572519,0.2102529475663648,0.4570155902004454,0.016609295855033172,0.0
52.28683,-1.56127,43.51397734227494,2023,0.16297709923664122,0.14923664122137403,0.03826335877862595,0.22461404682454322,0.36213592233009706,0.003321859171006634,0.0
52.27645,-1.52028,33.90451104500055,2023,0.1222328244274809,0.11192748091603053,0.03826335877862595,0.22408962466062096,0.29482758620689653,0.0005536431951677724,0.0
52.28683,-1.56086,44.14642176139479,2023,0.1222328244274809,0.14923664122137403,0.0765267175572519,0.22505778865555437,0.37934782608695655,0.003321859171006634,0.004770992366412214
52.29064,-1.58028,53.945610687022906,2023,0.1222328244274809,0.11192748091603053,0.0765267175572519,0.22876908396946563,1.0,0.0,0.0
52.27903,-1.54334,33.17437058683907,2023,0.1222328244274809,0.07461832061068702,0.03826335877862595,0.22574357148529883,0.4133333333333334,0.003321859171006634,0.0
52.28525,-1.56258,48.380852538250465,2023,0.1222328244274809,0.14923664122137403,0.0765267175572519,0.2262679936492211,0.5693548387096774,0.0022145727806710896,0.004770992366412214
52.29092,-1.58136,53.945610687022906,2023,0.1222328244274809,0.11192748091603053,0.0765267175572519,0.22876908396946563,1.0,0.0,0.0
52.28523,-1.53365,34.1012011806867,2023,0.08148854961832061,0.07461832061068702,0.0765267175572519,0.20597688992207575,0.37027027027027026,0.0321113053197308,0.0
52.28994,-1.54488,36.951162525311204,2023,0.08148854961832061,0.07461832061068702,0.11479007633587784,0.22574357148529883,0.41891891891891897,0.001660929585503317,0.002385496183206107
52.28768,-1.53979,19.90741244014398,2023,0.040744274809160305,0.03730916030534351,0.03826335877862595,0.22267771883467646,0.3724137931034483,0.0022145727806710896,-0.002385496183206107
52.29359,-1.53717,39.154223538065196,2023,0.1222328244274809,0.07461832061068702,0.0765267175572519,0.20851832040877585,0.44720496894409933,0.024913943782549755,0.0
52.2824,-1.55,47.753750443643675,2023,0.16297709923664122,0.14923664122137403,0.03826335877862595,0.22590493215112106,0.5599999999999999,0.0005536431951677724,0.0
52.284399,-1.5315297,30.215294470869548,2023,0.08148854961832061,0.07461832061068702,0.03826335877862595,0.2042422627644868,0.3759197324414716,0.031004018929395253,0.0
52.2895,-1.55855,35.61486189965411,2023,0.08148854961832061,0.07461832061068702,0.11479007633587784,0.22283907950049872,0.36689655172413793,0.0011072863903355448,0.002385496183206107
52.28718,-1.53541,44.49682197192498,2023,0.1222328244274809,0.14923664122137403,0.0765267175572519,0.2083569597429536,0.37342799188640974,0.01439472307436208,0.004770992366412214
52.28291,-1.53462,30.684609862764944,2023,0.10186068702290076,0.07461832061068702,0.03826335877862595,0.21331880021698715,0.35130890052356023,0.017162939050200943,0.0
52.2913023,-1.5778892,42.3692956172267,2023,0.08148854961832061,0.07461832061068702,0.03826335877862595,0.22876908396946563,1.0,0.0005536431951677724,0.0
52.28776,-1.53862,44.211747583360356,2023,0.1222328244274809,0.14923664122137403,0.0765267175572519,0.21719145619672067,0.3884476534296029,0.004982788756509951,0.004770992366412214
52.28998,-1.57966,53.945610687022906,2023,0.1222328244274809,0.11192748091603053,0.0765267175572519,0.22876908396946563,1.0,0.0,0.0
52.28273,-1.54573,48.97048752208036,2023,0.16297709923664122,0.14923664122137403,0.03826335877862595,0.22348452216378764,0.6130769230769231,0.0022145727806710896,0.0
52.28632,-1.53186,29.498388277491788,2023,0.08148854961832061,0.07461832061068702,0.03826335877862595,0.20859900074168697,0.37698574338085533,0.02436030058738198,-0.002385496183206107
52.29629,-1.53701,38.42399365095977,2023,0.1222328244274809,0.07461832061068702,0.0765267175572519,0.22763955930871002,0.4821428571428571,0.0011072863903355448,0.0
52.28416929999999,-1.5321236,50.046315351099224,2023,0.16297709923664122,0.14923664122137403,0.0765267175572519,0.20311273810373118,0.37476038338658146,0.033218591710066345,0.002385496183206107
52.28924,-1.56007,35.59229250068466,2023,0.08148854961832061,0.07461832061068702,0.11479007633587784,0.22158853434037643,0.3579545454545454,0.003321859171006634,0.002385496183206107
52.27632,-1.53311,48.70428843246387,2023,0.16297709923664122,0.14923664122137403,0.0765267175572519,0.21715111603026513,0.4264084507042254,0.003321859171006634,0.002385496183206107
52.2827,-1.55337,44.85243657601228,2023,0.16297709923664122,0.14923664122137403,0.03826335877862595,0.2271151371447878,0.4317073170731708,0.0,0.0
52.2826,-1.5515,47.68876858906849,2023,0.16297709923664122,0.14923664122137403,0.03826335877862595,0.22638901414858775,0.5559322033898305,0.0005536431951677724,0.0
52.28536,-1.55769,44.19040524915164,2023,0.16297709923664122,0.14923664122137403,0.03826335877862595,0.22856738313718786,0.4,0.0,0.0
52.2875,-1.53289,39.32822623622098,2023,0.10186068702290076,0.11192748091603053,0.0765267175572519,0.20948648440370923,0.3736051502145923,0.019931155026039805,0.004770992366412214
52.2721847,-1.5256998,33.190043652685425,2023,0.1222328244274809,0.07461832061068702,0.03826335877862595,0.2250174484890988,0.4129032258064516,0.0038755023661744066,0.0
52.28538,-1.55773,44.41941288273942,2023,0.1222328244274809,0.14923664122137403,0.0765267175572519,0.22856738313718786,0.4,0.0,0.004770992366412214
52.28731,-1.53577,44.48773464941203,2023,0.1222328244274809,0.14923664122137403,0.0765267175572519,0.20880070157396474,0.37219917012448134,0.01439472307436208,0.004770992366412214
52.28721,-1.56292,44.81798079005625,2023,0.16297709923664122,0.14923664122137403,0.03826335877862595,0.22223397700366535,0.4246913580246914,0.003321859171006634,0.0
52.28544,-1.55795,44.19040524915164,2023,0.16297709923664122,0.14923664122137403,0.03826335877862595,0.22856738313718786,0.4,0.0,0.0
52.27638,-1.52843,42.60258235148972,2023,0.14260496183206106,0.13058206106870227,0.05739503816793892,0.22203227617138757,0.40914634146341466,0.0022145727806710896,0.002385496183206107
52.2812835,-1.5456867,33.05895479475784,2023,0.08148854961832061,0.07461832061068702,0.03826335877862595,0.2225566983353098,0.5764705882352941,0.005536431951677724,0.002385496183206107
52.27648,-1.52008,33.608949773702456,2023,0.1222328244274809,0.11192748091603053,0.03826335877862595,0.22449302632517656,0.28113207547169805,0.0005536431951677724,0.0
52.28924,-1.57167,45.48149888583792,2023,0.16297709923664122,0.14923664122137403,0.03826335877862595,0.22832534213845448,0.4545454545454546,0.0005536431951677724,0.0
52.28753,-1.56515,44.690774311003,2023,0.16297709923664122,0.14923664122137403,0.03826335877862595,0.22308112049923204,0.4198581560283688,0.002768215975838862,0.0
52.2869,-1.53339,32.46887227096331,2023,0.08148854961832061,0.07461832061068702,0.0765267175572519,0.20428260293094233,0.36661073825503354,0.017162939050200943,0.0
52.28806,-1.53153,45.24444286175166,2023,0.1222328244274809,0.14923664122137403,0.0765267175572519,0.2158602307036873,0.382258064516129,0.017162939050200943,0.004770992366412214
52.28944,-1.5567,37.30760139945282,2023,0.08148854961832061,0.07461832061068702,0.11479007633587784,0.2267117354802322,0.4352941176470588,0.0011072863903355448,0.002385496183206107
52.27635,-1.51873,34.536793152740444,2023,0.1222328244274809,0.11192748091603053,0.03826335877862595,0.22316180083214315,0.3194244604316546,0.001660929585503317,0.0
52.28675,-1.56105,43.80525924243559,2023,0.1222328244274809,0.14923664122137403,0.0765267175572519,0.22477540749036545,0.3646464646464646,0.003321859171006634,0.004770992366412214
52.2883,-1.5307,39.66268183802186,2023,0.10186068702290076,0.11192748091603053,0.0765267175572519,0.21703009553089847,0.4117437722419929,0.01218015029369099,0.004770992366412214
52.2897243,-1.5500951,40.938239451688354,2023,0.1222328244274809,0.07461832061068702,0.11479007633587784,0.22554187065302103,0.4227848101265823,0.0,0.002385496183206107
52.28397,-1.53666,42.438638498085844,2023,0.16297709923664122,0.14923664122137403,0.03826335877862595,0.21456934537710945,0.3031700288184438,0.008858291122684358,0.0
52.28502,-1.53352,33.84866412481764,2023,0.08148854961832061,0.07461832061068702,0.0765267175572519,0.2055331480910646,0.3695575221238938,0.029896732539059705,0.0
52.28648,-1.56386,45.2462651542677,2023,0.1222328244274809,0.14923664122137403,0.0765267175572519,0.22300044016632092,0.43216783216783217,0.003321859171006634,0.004770992366412214
52.28589,-1.54948,46.029442366399905,2023,0.1222328244274809,0.14923664122137403,0.0765267175572519,0.22751853880934333,0.467741935483871,0.0011072863903355448,0.004770992366412214
52.28746,-1.56498,37.17536242590685,2023,0.08148854961832061,0.07461832061068702,0.11479007633587784,0.22259703850176535,0.42745098039215684,0.003321859171006634,0.002385496183206107
52.28418,-1.53414,34.07081948126845,2023,0.1222328244274809,0.07461832061068702,0.03826335877862595,0.20496838576068682,0.3666092943201377,0.03045037573422748,0.0
52.28478,-1.53391,31.803442613182987,2023,0.08148854961832061,0.07461832061068702,0.05739503816793892,0.20480702509486456,0.3671232876712328,0.029343089343891935,0.0
52.28578,-1.5316,30.069276549690887,2023,0.08148854961832061,0.07461832061068702,0.03826335877862595,0.20787287774548693,0.3658153241650295,0.03266494851489857,-0.002385496183206107
52.28803,-1.54452,43.766523155342966,2023,0.1222328244274809,0.14923664122137403,0.0765267175572519,0.22525948948783214,0.36705882352941177,0.0022145727806710896,0.004770992366412214
52.28794,-1.54571,44.69172222486677,2023,0.1222328244274809,0.14923664122137403,0.0765267175572519,0.22743785847643225,0.40909090909090906,0.0011072863903355448,0.004770992366412214
52.27488,-1.52629,47.68654563410038,2023,0.16297709923664122,0.14923664122137403,0.0765267175572519,0.22465438699099877,0.37425742574257426,0.001660929585503317,0.002385496183206107
52.2896,-1.55327,36.44102675565523,2023,0.08148854961832061,0.07461832061068702,0.11479007633587784,0.22610663298339884,0.403030303030303,0.0,0.002385496183206107
52.28744,-1.56499,37.02667298166482,2023,0.08148854961832061,0.07461832061068702,0.11479007633587784,0.22308112049923204,0.4198581560283688,0.003321859171006634,0.002385496183206107
52.28797,-1.53627,28.37937044395243,2023,0.08148854961832061,0.06529103053435113,0.03826335877862595,0.2088410417404203,0.402092050209205,0.017162939050200943,-0.002385496183206107
52.27643,-1.52409,34.64501971550269,2023,0.1222328244274809,0.11192748091603053,0.03826335877862595,0.22041866951316524,0.3333333333333333,0.0005536431951677724,0.0
52.292597,-1.5369774,51.42814945190337,2023,0.16297709923664122,0.14923664122137403,0.0765267175572519,0.1979895369638754,0.47662162162162164,0.02878944614872416,0.002385496183206107
52.28252,-1.55003,47.7211437822696,2023,0.16297709923664122,0.14923664122137403,0.03826335877862595,0.22542085015365437,0.5597560975609757,0.0005536431951677724,0.0
52.28613,-1.54898,46.04664133130345,2023,0.1222328244274809,0.14923664122137403,0.0765267175572519,0.2277605798080767,0.46799999999999997,0.0011072863903355448,0.004770992366412214
52.28785,-1.53888,40.44797019415552,2023,0.10186068702290076,0.13058206106870227,0.0765267175572519,0.21707043569735401,0.42214285714285715,0.0038755023661744066,0.0
52.29111,-1.57742,50.260516991272496,2023,0.08148854961832061,0.07461832061068702,0.11479007633587784,0.22876908396946563,1.0,0.0005536431951677724,0.002385496183206107
52.28772,-1.5655,36.96591769884864,2023,0.08148854961832061,0.07461832061068702,0.11479007633587784,0.22296009999986538,0.41736111111111107,0.003321859171006634,0.002385496183206107
52.27921,-1.54475,34.09988479005502,2023,0.1222328244274809,0.07461832061068702,0.03826335877862595,0.2263486739821322,0.44333333333333336,0.005536431951677724,0.0
52.28491,-1.55395,47.822885197504256,2023,0.1222328244274809,0.14923664122137403,0.0765267175572519,0.2284060224713656,0.5444444444444445,0.0011072863903355448,0.004770992366412214
52.28628,-1.56007,47.174620942651394,2023,0.16297709923664122,0.14923664122137403,0.03826335877862595,0.22828500197199894,0.5166666666666667,0.003321859171006634,0.0
52.28959,-1.55357,36.377350414119775,2023,0.08148854961832061,0.07461832061068702,0.11479007633587784,0.2262276534827655,0.4,0.0,0.002385496183206107
52.29134,-1.57801,54.00097500653966,2023,0.1222328244274809,0.11192748091603053,0.0765267175572519,0.22876908396946563,1.0,0.0005536431951677724,0.0
52.277348,-1.518688,27.733812539909813,2023,0.08148854961832061,0.07461832061068702,0.03826335877862595,0.22352486233024318,0.35307692307692307,0.001660929585503317,0.002385496183206107
52.28775,-1.5641,36.972948971516914,2023,0.08148854961832061,0.07461832061068702,0.11479007633587784,0.2218709155055653,0.4222222222222222,0.002768215975838862,0.002385496183206107
52.28397,-1.53858,44.19870000224161,2023,0.16297709923664122,0.14923664122137403,0.03826335877862595,0.21985390718278747,0.40867579908675794,0.001660929585503317,0.0
52.28535,-1.55051,45.77688574176699,2023,0.1222328244274809,0.14923664122137403,0.0765267175572519,0.22695377647896553,0.45777777777777773,0.0011072863903355448,0.004770992366412214
52.28765,-1.53256,33.50815381121654,2023,0.08148854961832061,0.07461832061068702,0.0765267175572519,0.20972852540244255,0.3855263157894737,0.021592084611543123,0.0
52.28968,-1.55093,36.473529863616456,2023,0.08148854961832061,0.07461832061068702,0.11479007633587784,0.22566289115238772,0.4052631578947368,0.0,0.002385496183206107
52.28807,-1.54264,43.94772890239837,2023,0.1222328244274809,0.14923664122137403,0.0765267175572519,0.22497710832264325,0.37065217391304345,0.003321859171006634,0.004770992366412214
52.28499,-1.55289,47.822885197504256,2023,0.1222328244274809,0.14923664122137403,0.0765267175572519,0.2284060224713656,0.5444444444444445,0.0011072863903355448,0.004770992366412214
52.28813,-1.54107,44.346815693535845,2023,0.1222328244274809,0.14923664122137403,0.0765267175572519,0.22400894432770985,0.3678260869565217,0.008304647927516586,0.004770992366412214
52.28994,-1.57412,50.260516991272496,2023,0.08148854961832061,0.07461832061068702,0.11479007633587784,0.22876908396946563,1.0,0.0005536431951677724,0.002385496183206107
52.28411,-1.53582,43.40487196258241,2023,0.16297709923664122,0.14923664122137403,0.03826335877862595,0.21049498856509816,0.3260089686098655,0.014948366269529853,0.0
52.2900115,-1.5445292,44.70077835563078,2023,0.14260496183206106,0.11192748091603053,0.09565839694656487,0.2252998296542877,0.4117647058823529,0.001660929585503317,0.002385496183206107
52.28698,-1.53761,19.63089976920807,2023,0.040744274809160305,0.03730916030534351,0.03826335877862595,0.2106563492309204,0.3752834467120182,0.003321859171006634,-0.002385496183206107
52.28477,-1.54724,45.75958549917563,2023,0.1222328244274809,0.12436386768447835,0.0765267175572519,0.22348452216378764,0.5992307692307692,0.0005536431951677724,0.0
52.28556,-1.53567,30.543909930415825,2023,0.08148854961832061,0.07461832061068702,0.05739503816793892,0.21126145172775376,0.3355971896955504,0.02103844141637535,0.0
52.28604,-1.53626,25.853772703961862,2023,0.08148854961832061,0.05596374045801526,0.03826335877862595,0.21452900521065388,0.3189655172413793,0.01439472307436208,0.0
52.28459,-1.53544,26.606852630413535,2023,0.08148854961832061,0.05596374045801526,0.03826335877862595,0.2069853940834647,0.3402255639097745,0.019931155026039805,0.0
52.28693,-1.54914,43.08226474097266,2023,0.1222328244274809,0.12436386768447835,0.0765267175572519,0.2277605798080767,0.46799999999999997,0.0011072863903355448,0.0
52.28128,-1.5466,30.954947161170054,2023,0.08148854961832061,0.05596374045801526,0.03826335877862595,0.2225566983353098,0.5764705882352941,0.005536431951677724,0.0
52.28987,-1.54604,36.075489199709146,2023,0.08148854961832061,0.11192748091603053,0.0765267175572519,0.2261469731498544,0.4015625,0.0,0.0
52.29107,-1.54668,41.37225292223569,2023,0.11204675572519084,0.12125477099236641,0.0765267175572519,0.22332316149796538,0.45530303030303027,0.0022145727806710896,0.0
52.2854409,-1.5373244,42.47518220238407,2023,0.14260496183206106,0.11192748091603053,0.0765267175572519,0.21815962019165405,0.40076923076923077,0.0038755023661744066,0.002385496183206107
52.28748,-1.53651,26.55836059807456,2023,0.08148854961832061,0.05596374045801526,0.03826335877862595,0.20920410323852034,0.37399577167019027,0.011626507098523219,0.0
52.28403,-1.53327,30.20006815139753,2023,0.08148854961832061,0.07461832061068702,0.03826335877862595,0.20617859075435352,0.36896551724137927,0.03155766212456303,0.0
52.28807,-1.5401,37.07560942604594,2023,0.08148854961832061,0.11192748091603053,0.0765267175572519,0.22239533766948757,0.4084967320261438,0.009965577513019902,0.0
52.28269,-1.54571,31.49434248391243,2023,0.08148854961832061,0.05596374045801526,0.03826335877862595,0.22348452216378764,0.6130769230769231,0.0022145727806710896,0.0
52.28336,-1.54443,45.01554999841836,2023,0.1222328244274809,0.12436386768447835,0.0765267175572519,0.2238879238283432,0.5575,0.0022145727806710896,0.0
52.28285,-1.54579,31.49434248391243,2023,0.08148854961832061,0.05596374045801526,0.03826335877862595,0.22348452216378764,0.6130769230769231,0.0022145727806710896,0.0
52.28325,-1.54678,46.23511856533736,2023,0.1222328244274809,0.12436386768447835,0.0765267175572519,0.22348452216378764,0.6130769230769231,0.0022145727806710896,0.0
52.2833039,-1.5488877,54.713880113231774,2023,0.16297709923664122,0.14923664122137403,0.09565839694656487,0.22590493215112106,0.5985714285714285,0.001660929585503317,0.002385496183206107
52.2898457,-1.5466228,48.30095311514227,2023,0.16297709923664122,0.14923664122137403,0.0765267175572519,0.22610663298339884,0.41692307692307695,0.0,0.0
52.28894,-1.53799,27.465646034248753,2023,0.08148854961832061,0.03730916030534351,0.03826335877862595,0.21118077139484262,0.4669014084507042,0.016609295855033172,0.002385496183206107
52.28823,-1.53807,26.562054400522744,2023,0.08148854961832061,0.03730916030534351,0.03826335877862595,0.21670737419925398,0.4209621993127148,0.014948366269529853,0.002385496183206107
52.28416,-1.53771,26.227813630049273,2023,0.08148854961832061,0.05596374045801526,0.03826335877862595,0.21711077586380956,0.3885017421602788,0.0022145727806710896,0.0
52.28125,-1.54696,30.899582841653274,2023,0.08148854961832061,0.05596374045801526,0.03826335877862595,0.2225566983353098,0.5764705882352941,0.004982788756509951,0.0
52.28686,-1.54923,43.08226474097266,2023,0.1222328244274809,0.12436386768447835,0.0765267175572519,0.2277605798080767,0.46799999999999997,0.0011072863903355448,0.0
52.28164,-1.5455,30.551496772563713,2023,0.08148854961832061,0.05596374045801526,0.03826335877862595,0.22215329667075423,0.5693251533742332,0.003321859171006634,0.0
52.2844,-1.53586,25.973446177268954,2023,0.08148854961832061,0.05596374045801526,0.03826335877862595,0.2108580500631982,0.3249427917620137,0.015502009464697626,0.0
52.2789332,-1.5472643,57.41483036882886,2023,0.16297709923664122,0.14923664122137403,0.09565839694656487,0.22384758366188764,0.7,0.00719736153718104,0.002385496183206107
52.28359,-1.5432,46.78135666260445,2023,0.1222328244274809,0.12436386768447835,0.0765267175572519,0.2238879238283432,0.6388429752066116,0.001660929585503317,0.0
52.28974,-1.54664,41.73924828053667,2023,0.1222328244274809,0.12436386768447835,0.0765267175572519,0.22610663298339884,0.41692307692307695,0.0,0.0
52.2899,-1.54445,36.43741957700484,2023,0.08148854961832061,0.11192748091603053,0.0765267175572519,0.2252998296542877,0.4117647058823529,0.001660929585503317,0.0
52.28394,-1.53196,48.26958975774539,2023,0.14939567430025444,0.13680025445292618,0.08928117048346054,0.2039195414328423,0.3745874587458746,0.033218591710066345,-0.002385496183206107
52.28767,-1.53763,25.014937847259144,2023,0.08148854961832061,0.03730916030534351,0.03826335877862595,0.21428696421192056,0.39485714285714285,0.006090075146845495,0.002385496183206107
52.2861,-1.53629,25.967665039540357,2023,0.08148854961832061,0.05596374045801526,0.03826335877862595,0.21174553372522043,0.328537170263789,0.01439472307436208,0.0
52.2853,-1.53458,31.44715898496656,2023,0.08148854961832061,0.07461832061068702,0.05739503816793892,0.20779219741257582,0.3553606237816764,0.027128516563220843,0.0
52.28324,-1.5448,30.274773916993425,2023,0.08148854961832061,0.05596374045801526,0.03826335877862595,0.2238879238283432,0.5575,0.0022145727806710896,0.0
52.28437,-1.53618,25.734214282374317,2023,0.08148854961832061,0.05596374045801526,0.03826335877862595,0.2113017918942093,0.3234192037470726,0.013287436684026536,0.0
52.281418,-1.548171,44.95612521546556,2023,0.1222328244274809,0.10126772082878954,0.0765267175572519,0.22638901414858775,0.6068965517241379,0.004982788756509951,0.0071564885496183195
52.286249,-1.548171,38.388124202071516,2023,0.1222328244274809,0.07461832061068702,0.0765267175572519,0.22739751830997668,0.47058823529411764,0.0011072863903355448,0.002385496183206107
52.28129,-1.54557,30.662225411597266,2023,0.08148854961832061,0.05596374045801526,0.03826335877862595,0.22215329667075423,0.5693251533742332,0.004429145561342179,0.0
52.28437,-1.53638,25.318146448193374,2023,0.08148854961832061,0.05596374045801526,0.03826335877862595,0.21267335755369823,0.3121827411167513,0.011072863903355448,0.0
52.28963,-1.5346,49.19809422557336,2023,0.14260496183206106,0.13058206106870227,0.09565839694656487,0.20258831593980892,0.4757911392405063,0.02436030058738198,0.002385496183206107
52.28128,-1.54569,30.954947161170054,2023,0.08148854961832061,0.05596374045801526,0.03826335877862595,0.2225566983353098,0.5764705882352941,0.005536431951677724,0.0
52.28781,-1.53787,24.82426074653505,2023,0.08148854961832061,0.03730916030534351,0.03826335877862595,0.2155778495384984,0.38364779874213834,0.006090075146845495,0.002385496183206107
52.28303,-1.54554,40.070158139622016,2023,0.10593511450381679,0.09700381679389312,0.061221374045801524,0.22308112049923204,0.6021428571428571,0.0022145727806710896,0.0
52.28706,-1.53687,24.791382890697296,2023,0.08148854961832061,0.03730916030534351,0.03826335877862595,0.21037396806573147,0.3757847533632287,0.00941193431785213,0.002385496183206107
52.2836,-1.54297,46.78135666260445,2023,0.1222328244274809,0.12436386768447835,0.0765267175572519,0.2238879238283432,0.6388429752066116,0.001660929585503317,0.0
52.28554,-1.54724,43.6016917848891,2023,0.1222328244274809,0.12436386768447835,0.0765267175572519,0.22772023964162116,0.4884615384615385,0.001660929585503317,0.0
52.28898,-1.53803,27.465646034248753,2023,0.08148854961832061,0.03730916030534351,0.03826335877862595,0.21118077139484262,0.4669014084507042,0.016609295855033172,0.002385496183206107
52.28136,-1.54574,30.954947161170054,2023,0.08148854961832061,0.05596374045801526,0.03826335877862595,0.2225566983353098,0.5764705882352941,0.005536431951677724,0.0
52.28399,-1.53982,26.922106045246174,2023,0.08148854961832061,0.05596374045801526,0.03826335877862595,0.22114479250936528,0.42032085561497323,0.0005536431951677724,0.0
52.28694,-1.53705,25.291869666746436,2023,0.08148854961832061,0.04974554707379134,0.03826335877862595,0.20912342290560923,0.3618448637316562,0.007751004732348813,0.0
52.28434,-1.53665,25.271237774895503,2023,0.08148854961832061,0.05596374045801526,0.03826335877862595,0.21380288221445387,0.3109289617486339,0.010519220708187674,0.0
52.28778,-1.54773,41.587679120813576,2023,0.1222328244274809,0.12436386768447835,0.0765267175572519,0.22727649781061002,0.40810810810810805,0.0,0.0
52.289,-1.53803,27.088262559546965,2023,0.08148854961832061,0.03730916030534351,0.03826335877862595,0.20916376307206477,0.4533613445378151,0.016609295855033172,0.002385496183206107
52.28879,-1.5466,42.26410968902092,2023,0.1222328244274809,0.12436386768447835,0.0765267175572519,0.22675207564668776,0.434,0.0011072863903355448,0.0
52.28829,-1.54684,42.003027887234694,2023,0.1222328244274809,0.12436386768447835,0.0765267175572519,0.22743785847643225,0.4212121212121212,0.0011072863903355448,0.0
52.28459,-1.54724,45.808469821849926,2023,0.1222328244274809,0.12436386768447835,0.0765267175572519,0.22344418199733207,0.6015267175572518,0.0005536431951677724,0.0
52.28805,-1.53961,36.77309294958256,2023,0.08148854961832061,0.11192748091603053,0.0765267175572519,0.22259703850176535,0.4094594594594595,0.006643718342013268,0.0
52.2789466,-1.5471869,40.97876166653879,2023,0.09506997455470736,0.08705470737913484,0.06377226463104325,0.22384758366188764,0.7,0.00719736153718104,0.0
52.2857,-1.53616,29.84622395197497,2023,0.08148854961832061,0.07461832061068702,0.05739503816793892,0.21311709938470938,0.32591623036649214,0.015502009464697626,0.0
52.28673,-1.54981,43.06506577606912,2023,0.1222328244274809,0.12436386768447835,0.0765267175572519,0.22751853880934333,0.467741935483871,0.0011072863903355448,0.0
52.2856,-1.53589,30.012316910525307,2023,0.08148854961832061,0.07461832061068702,0.05739503816793892,0.21311709938470938,0.32591623036649214,0.017162939050200943,0.0
52.28544,-1.53655,25.51205075073768,2023,0.08148854961832061,0.05596374045801526,0.03826335877862595,0.21400458304673164,0.31412742382271464,0.01218015029369099,0.0
52.28972,-1.53543,49.01421549327974,2023,0.14260496183206106,0.13058206106870227,0.09565839694656487,0.20157981177842,0.4745426829268292,0.023253014197046437,0.002385496183206107
52.28676,-1.54975,43.06506577606912,2023,0.1222328244274809,0.12436386768447835,0.0765267175572519,0.22751853880934333,0.467741935483871,0.0011072863903355448,0.0
52.28835,-1.53805,26.331295226290635,2023,0.08148854961832061,0.03730916030534351,0.03826335877862595,0.21541648887267614,0.4127725856697819,0.014948366269529853,0.002385496183206107
52.28687,-1.53698,29.644300750763573,2023,0.08148854961832061,0.07461832061068702,0.05739503816793892,0.20964784506953144,0.3612903225806452,0.00719736153718104,0.0
52.28788,-1.53797,25.794111410713587,2023,0.08148854961832061,0.03730916030534351,0.03826335877862595,0.2168687348650762,0.420979020979021,0.00719736153718104,0.002385496183206107
52.29147,-1.54715,42.034714677497334,2023,0.11204675572519084,0.12125477099236641,0.0765267175572519,0.2245333664916321,0.48235294117647054,0.0022145727806710896,0.0
52.28984,-1.54405,36.66436517680939,2023,0.08148854961832061,0.11192748091603053,0.0765267175572519,0.2253805099871988,0.42168674698795183,0.001660929585503317,0.0
52.28362,-1.54303,46.78135666260445,2023,0.1222328244274809,0.12436386768447835,0.0765267175572519,0.2238879238283432,0.6388429752066116,0.001660929585503317,0.0
52.28405,-1.53303,30.219399230830224,2023,0.08148854961832061,0.07461832061068702,0.03826335877862595,0.20585586942270906,0.3704830053667263,0.03155766212456303,0.0
52.28443,-1.53323,30.12239478767723,2023,0.08148854961832061,0.07461832061068702,0.03826335877862595,0.20444396359676456,0.3682967959527825,0.03155766212456303,0.0
52.28408,-1.53901,26.722554964073673,2023,0.08148854961832061,0.05596374045801526,0.03826335877862595,0.21985390718278747,0.40867579908675794,0.001660929585503317,0.0
52.28479,-1.53544,26.588097000811683,2023,0.08148854961832061,0.05596374045801526,0.03826335877862595,0.20726777524865359,0.33885714285714286,0.019931155026039805,0.0
52.28437,-1.53661,25.326602094412287,2023,0.08148854961832061,0.05596374045801526,0.03826335877862595,0.21380288221445387,0.3109289617486339,0.011072863903355448,0.0
52.28415,-1.53795,26.98885015453838,2023,0.08148854961832061,0.05596374045801526,0.03826335877862595,0.2205800301789875,0.41940298507462687,0.001660929585503317,0.0
52.28029,-1.53424,28.341091840632338,2023,0.08148854961832061,0.07461832061068702,0.03826335877862595,0.22021696868088747,0.3741626794258373,0.006643718342013268,0.0
52.2919643,-1.53576,44.83510565574988,2023,0.1222328244274809,0.13058206106870227,0.05739503816793892,0.1937941596524974,0.4833930704898447,0.0420768828327507,0.002385496183206107
52.28416,-1.53212,48.18751591707862,2023,0.14939567430025444,0.13680025445292618,0.08928117048346054,0.20311273810373118,0.37476038338658146,0.03266494851489857,-0.002385496183206107
52.28554,-1.53538,30.82633191924601,2023,0.08148854961832061,0.07461832061068702,0.05739503816793892,0.20972852540244255,0.3462365591397849,0.022145727806710896,0.0
52.28836,-1.53621,28.39586692954448,2023,0.08148854961832061,0.05596374045801526,0.03826335877862595,0.21013192706699815,0.41763392857142856,0.02048479822120758,0.0
52.28573,-1.5473,43.6016917848891,2023,0.1222328244274809,0.12436386768447835,0.0765267175572519,0.22772023964162116,0.4884615384615385,0.001660929585503317,0.0
52.28138,-1.54705,30.954947161170054,2023,0.08148854961832061,0.05596374045801526,0.03826335877862595,0.2225566983353098,0.5764705882352941,0.005536431951677724,0.0
52.28995,-1.54452,36.43741957700484,2023,0.08148854961832061,0.11192748091603053,0.0765267175572519,0.2252998296542877,0.4117647058823529,0.001660929585503317,0.0
52.28807,-1.53799,26.394843977861477,2023,0.08148854961832061,0.03730916030534351,0.03826335877862595,0.21610227170242063,0.4272131147540984,0.01218015029369099,0.002385496183206107
52.28888,-1.54656,42.26410968902092,2023,0.1222328244274809,0.12436386768447835,0.0765267175572519,0.22675207564668776,0.434,0.0011072863903355448,0.0
52.2897651,-1.5354354,43.62478308375955,2023,0.1222328244274809,0.13058206106870227,0.05739503816793892,0.19742477463349759,0.5001321003963012,0.024913943782549755,0.002385496183206107
52.28945,-1.5352,48.91871149451204,2023,0.14260496183206106,0.13058206106870227,0.09565839694656487,0.20206389377588668,0.4768992248062015,0.021592084611543123,0.002385496183206107
52.28128,-1.5456,30.662225411597266,2023,0.08148854961832061,0.05596374045801526,0.03826335877862595,0.22215329667075423,0.5693251533742332,0.004429145561342179,0.0
52.28677,-1.53687,27.75587087311415,2023,0.08148854961832061,0.06529103053435113,0.04782919847328244,0.21033362789927593,0.35752212389380533,0.007751004732348813,0.0
52.28894,-1.53798,27.623238378294936,2023,0.08148854961832061,0.03730916030534351,0.03826335877862595,0.2122699558891427,0.47192982456140353,0.016609295855033172,0.002385496183206107
52.29191,-1.54761,42.078243619385894,2023,0.11204675572519084,0.12125477099236641,0.0765267175572519,0.22376690332897653,0.4859504132231405,0.0022145727806710896,0.0
52.28342,-1.54688,46.23511856533736,2023,0.1222328244274809,0.12436386768447835,0.0765267175572519,0.22348452216378764,0.6130769230769231,0.0022145727806710896,0.0
52.28671,-1.54984,43.06506577606912,2023,0.1222328244274809,0.12436386768447835,0.0765267175572519,0.22751853880934333,0.467741935483871,0.0011072863903355448,0.0
52.28807,-1.53995,36.96488078701239,2023,0.08148854961832061,0.11192748091603053,0.0765267175572519,0.22239533766948757,0.4084967320261438,0.008858291122684358,0.0
52.2865,-1.5367,25.794351060077926,2023,0.08148854961832061,0.05596374045801526,0.03826335877862595,0.21271369772015383,0.35012722646310435,0.007751004732348813,0.0
52.28443,-1.53559,26.53306803307768,2023,0.08148854961832061,0.05596374045801526,0.03826335877862595,0.20940580407079812,0.33276955602536995,0.019931155026039805,0.0
52.2807,-1.5345,27.50664754202213,2023,0.08148854961832061,0.07461832061068702,0.03826335877862595,0.21957152601759855,0.34734513274336287,0.004429145561342179,0.0
52.28698,-1.53696,24.704017499424413,2023,0.08148854961832061,0.03730916030534351,0.03826335877862595,0.20993022623472035,0.37505470459518603,0.008858291122684358,0.002385496183206107
52.29001,-1.54453,36.43741957700484,2023,0.08148854961832061,0.11192748091603053,0.0765267175572519,0.2252998296542877,0.4117647058823529,0.001660929585503317,0.0
52.28294,-1.54552,31.225692490767052,2023,0.08148854961832061,0.05596374045801526,0.03826335877862595,0.22308112049923204,0.6021428571428571,0.0022145727806710896,0.0
52.28931,-1.54004,37.49870938887375,2023,0.08148854961832061,0.11192748091603053,0.0765267175572519,0.21767553819418736,0.42407407407407405,0.012733793488858764,0.0
52.28606,-1.53626,29.74629099373882,2023,0.08148854961832061,0.07461832061068702,0.05739503816793892,0.21174553372522043,0.328537170263789,0.01439472307436208,0.0
52.2923339,-1.5382023,43.35025845714693,2023,0.1222328244274809,0.13058206106870227,0.05739503816793892,0.20085368878221996,0.45863095238095236,0.02878944614872416,0.002385496183206107
52.28869,-1.54655,41.894604521665734,2023,0.1222328244274809,0.12436386768447835,0.0765267175572519,0.22731683797706556,0.4166666666666667,0.0011072863903355448,0.0
52.28379,-1.54127,29.085522455816747,2023,0.08148854961832061,0.05596374045801526,0.03826335877862595,0.22138683350809865,0.5175824175824176,0.0005536431951677724,0.0
52.28949,-1.53501,49.0179297726785,2023,0.14260496183206106,0.13058206106870227,0.09565839694656487,0.20202355360943114,0.47368421052631576,0.023253014197046437,0.002385496183206107
52.29037,-1.53552,49.989172419673764,2023,0.14260496183206106,0.13058206106870227,0.09565839694656487,0.19093000783415284,0.4853820598006645,0.0359868076859052,0.002385496183206107
52.28623,-1.53647,29.792655016435678,2023,0.08148854961832061,0.07461832061068702,0.05739503816793892,0.2107370295638315,0.34807256235827666,0.011072863903355448,0.0
52.283,-1.54587,46.23511856533736,2023,0.1222328244274809,0.12436386768447835,0.0765267175572519,0.22348452216378764,0.6130769230769231,0.0022145727806710896,0.0
52.28772,-1.5364,26.99408278191481,2023,0.08148854961832061,0.05596374045801526,0.03826335877862595,0.2088410417404203,0.3849056603773585,0.013841079879194309,0.0
52.28663,-1.53679,29.632884434354867,2023,0.08148854961832061,0.07461832061068702,0.05739503816793892,0.21021260739990927,0.3571428571428571,0.007751004732348813,0.0
52.28714,-1.54876,42.547310733317026,2023,0.1222328244274809,0.12436386768447835,0.0765267175572519,0.22759921914225445,0.44482758620689655,0.0011072863903355448,0.0
52.28418,-1.53214,48.242880236595404,2023,0.14939567430025444,0.13680025445292618,0.08928117048346054,0.20311273810373118,0.37476038338658146,0.033218591710066345,-0.002385496183206107
52.28451,-1.53545,26.606852630413535,2023,0.08148854961832061,0.05596374045801526,0.03826335877862595,0.2069853940834647,0.3402255639097745,0.019931155026039805,0.0
52.28579,-1.54732,43.54632746537232,2023,0.1222328244274809,0.12436386768447835,0.0765267175572519,0.22772023964162116,0.4884615384615385,0.0011072863903355448,0.0
52.28709,-1.5489,42.22544767348991,2023,0.1222328244274809,0.12436386768447835,0.0765267175572519,0.22796228064035448,0.43,0.0011072863903355448,0.0
52.28718,-1.53751,35.685516466721765,2023,0.08148854961832061,0.11192748091603053,0.0765267175572519,0.21174553372522043,0.3869249394673123,0.004982788756509951,0.0
52.28346,-1.54403,46.48845195385192,2023,0.1222328244274809,0.12436386768447835,0.0765267175572519,0.22231465733657646,0.630188679245283,0.001660929585503317,0.0
52.28037,-1.53437,27.912491954656215,2023,0.08148854961832061,0.07461832061068702,0.03826335877862595,0.21977322684987632,0.36045454545454547,0.005536431951677724,0.0
52.28415,-1.5367,25.182817344159485,2023,0.08148854961832061,0.05596374045801526,0.03826335877862595,0.21428696421192056,0.3112676056338028,0.00941193431785213,0.0
52.28681,-1.54941,43.08226474097266,2023,0.1222328244274809,0.12436386768447835,0.0765267175572519,0.2277605798080767,0.46799999999999997,0.0011072863903355448,0.0
52.28874,-1.53809,26.909034703897923,2023,0.08148854961832061,0.03730916030534351,0.03826335877862595,0.2146903658764761,0.4436578171091446,0.01439472307436208,0.002385496183206107
52.28131,-1.54571,30.954947161170054,2023,0.08148854961832061,0.05596374045801526,0.03826335877862595,0.2225566983353098,0.5764705882352941,0.005536431951677724,0.0
52.28612,-1.54787,42.62353576013976,2023,0.1222328244274809,0.12436386768447835,0.0765267175572519,0.2271958174776989,0.45384615384615384,0.0,0.0
52.28279,-1.5458,31.49434248391243,2023,0.08148854961832061,0.05596374045801526,0.03826335877862595,0.22348452216378764,0.6130769230769231,0.0022145727806710896,0.0
52.28321,-1.54669,46.23511856533736,2023,0.1222328244274809,0.12436386768447835,0.0765267175572519,0.22348452216378764,0.6130769230769231,0.0022145727806710896,0.0
52.28602,-1.53626,29.63239865816034,2023,0.08148854961832061,0.07461832061068702,0.05739503816793892,0.21452900521065388,0.3189655172413793,0.01439472307436208,0.0
52.28366,-1.54227,29.927493112884374,2023,0.08148854961832061,0.05596374045801526,0.03826335877862595,0.22174989500619866,0.5497109826589595,0.001660929585503317,0.0
52.28818,-1.5401,37.241702384596266,2023,0.08148854961832061,0.11192748091603053,0.0765267175572519,0.22239533766948757,0.4084967320261438,0.011626507098523219,0.0
52.28895,-1.53801,27.465646034248753,2023,0.08148854961832061,0.03730916030534351,0.03826335877862595,0.21118077139484262,0.4669014084507042,0.016609295855033172,0.002385496183206107
52.28099,-1.5346,27.600906896057186,2023,0.08148854961832061,0.07461832061068702,0.03826335877862595,0.22102377200999862,0.3518324607329843,0.0038755023661744066,0.0
52.28901,-1.53802,27.088262559546965,2023,0.08148854961832061,0.03730916030534351,0.03826335877862595,0.20916376307206477,0.4533613445378151,0.016609295855033172,0.002385496183206107
52.28403,-1.53316,43.54453380025249,2023,0.13241889312977098,0.12125477099236641,0.0765267175572519,0.20617859075435352,0.36896551724137927,0.03155766212456303,-0.002385496183206107
52.28529959999999,-1.5345806,43.49200631321084,2023,0.13038167938931297,0.11938931297709923,0.0841793893129771,0.20779219741257582,0.3553606237816764,0.027128516563220843,0.0
52.2851,-1.53592,26.056624393961048,2023,0.08148854961832061,0.05596374045801526,0.03826335877862595,0.2126330173872427,0.32614213197969544,0.015502009464697626,0.0
52.28409,-1.53262,48.20731135593441,2023,0.14939567430025444,0.13680025445292618,0.08928117048346054,0.20541212759169794,0.3715289982425308,0.03266494851489857,-0.002385496183206107
52.28532,-1.53666,25.410675306798748,2023,0.08148854961832061,0.05596374045801526,0.03826335877862595,0.21513410770748725,0.31291291291291295,0.011072863903355448,0.0
52.28616,-1.53637,29.504957778881558,2023,0.08148854961832061,0.07461832061068702,0.05739503816793892,0.21331880021698715,0.3277777777777778,0.011626507098523219,0.0
52.28347,-1.54692,46.23511856533736,2023,0.1222328244274809,0.12436386768447835,0.0765267175572519,0.22348452216378764,0.6130769230769231,0.0022145727806710896,0.0
52.28368,-1.5431,46.50891759173902,2023,0.1222328244274809,0.12436386768447835,0.0765267175572519,0.22352486233024318,0.6276923076923077,0.001660929585503317,0.0
52.28621,-1.53646,26.0140290622372,2023,0.08148854961832061,0.05596374045801526,0.03826335877862595,0.2107370295638315,0.34807256235827666,0.011072863903355448,0.0
52.28862,-1.54005,37.918011866754156,2023,0.08148854961832061,0.11192748091603053,0.0765267175572519,0.22098343184354308,0.44171122994652406,0.011626507098523219,0.0
52.2923727,-1.5481874,42.404611294663304,2023,0.13581424936386766,0.09949109414758268,0.0765267175572519,0.22380724349543207,0.48083333333333333,0.0022145727806710896,0.002385496183206107
52.28691,-1.53702,25.802960366135274,2023,0.08148854961832061,0.05596374045801526,0.03826335877862595,0.20912342290560923,0.3618448637316562,0.006643718342013268,0.0
52.28354,-1.54357,46.91110988496682,2023,0.1222328244274809,0.12436386768447835,0.0765267175572519,0.22332316149796538,0.6462686567164179,0.001660929585503317,0.0
52.28136,-1.54553,30.662225411597266,2023,0.08148854961832061,0.05596374045801526,0.03826335877862595,0.22215329667075423,0.5693251533742332,0.004429145561342179,0.0
52.28829,-1.53571,28.305045612655466,2023,0.08148854961832061,0.05596374045801526,0.03826335877862595,0.21001090656763147,0.41618625277161864,0.019931155026039805,0.0
52.28282,-1.54582,31.49434248391243,2023,0.08148854961832061,0.05596374045801526,0.03826335877862595,0.22348452216378764,0.6130769230769231,0.0022145727806710896,0.0
52.28724,-1.53689,24.81221928388505,2023,0.08148854961832061,0.03730916030534351,0.03826335877862595,0.21033362789927593,0.3742152466367713,0.009965577513019902,0.002385496183206107
52.28443,-1.5356,26.526989716664808,2023,0.08148854961832061,0.05596374045801526,0.03826335877862595,0.20944614423725366,0.3324152542372881,0.019931155026039805,0.0
52.28352,-1.54377,31.747675872426996,2023,0.08148854961832061,0.05596374045801526,0.03826335877862595,0.22231465733657646,0.630188679245283,0.001660929585503317,0.0
52.28436,-1.53586,25.973446177268954,2023,0.08148854961832061,0.05596374045801526,0.03826335877862595,0.2108580500631982,0.3249427917620137,0.015502009464697626,0.0
52.28377,-1.54315,46.50891759173902,2023,0.1222328244274809,0.12436386768447835,0.0765267175572519,0.22352486233024318,0.6276923076923077,0.001660929585503317,0.0
52.28143,-1.54555,30.662225411597266,2023,0.08148854961832061,0.05596374045801526,0.03826335877862595,0.22215329667075423,0.5693251533742332,0.004429145561342179,0.0
52.28182,-1.54551,30.551496772563713,2023,0.08148854961832061,0.05596374045801526,0.03826335877862595,0.22215329667075423,0.5693251533742332,0.003321859171006634,0.0
52.28795,-1.53915,36.32763635864297,2023,0.08148854961832061,0.11192748091603053,0.0765267175572519,0.21824030052456517,0.39722222222222225,0.006643718342013268,0.0
52.2834728,-1.5469188,41.499113476278836,2023,0.1222328244274809,0.07461832061068702,0.0765267175572519,0.22348452216378764,0.6130769230769231,0.0022145727806710896,0.002385496183206107
52.28342,-1.5442,31.747675872426996,2023,0.08148854961832061,0.05596374045801526,0.03826335877862595,0.22231465733657646,0.630188679245283,0.001660929585503317,0.0
52.28594,-1.54749,43.43559882633877,2023,0.1222328244274809,0.12436386768447835,0.0765267175572519,0.22772023964162116,0.4884615384615385,0.0,0.0
52.28438,-1.53647,25.318146448193374,2023,0.08148854961832061,0.05596374045801526,0.03826335877862595,0.21267335755369823,0.3121827411167513,0.011072863903355448,0.0
52.28527,-1.54722,43.6016917848891,2023,0.1222328244274809,0.12436386768447835,0.0765267175572519,0.22772023964162116,0.4884615384615385,0.001660929585503317,0.0
52.28727,-1.53664,26.411683485157532,2023,0.08148854961832061,0.05596374045801526,0.03826335877862595,0.20912342290560923,0.37242105263157893,0.010519220708187674,0.0
52.2837661,-1.5431489,38.78627128130645,2023,0.09506997455470736,0.08705470737913484,0.06377226463104325,0.22352486233024318,0.6276923076923077,0.001660929585503317,0.0
52.28996,-1.54479,36.61719305966235,2023,0.08148854961832061,0.11192748091603053,0.0765267175572519,0.22574357148529883,0.41891891891891897,0.001660929585503317,0.0
52.28661,-1.54955,43.06506577606912,2023,0.1222328244274809,0.12436386768447835,0.0765267175572519,0.22751853880934333,0.467741935483871,0.0011072863903355448,0.0
52.28964,-1.54227,36.68332046396806,2023,0.08148854961832061,0.11192748091603053,0.0765267175572519,0.22283907950049872,0.42237762237762244,0.002768215975838862,0.0
52.28992,-1.545,36.00820654001045,2023,0.08148854961832061,0.11192748091603053,0.0765267175572519,0.22513846898846548,0.3954545454545454,0.0011072863903355448,0.0
52.2918076,-1.5381524,43.33450147179971,2023,0.1222328244274809,0.13058206106870227,0.05739503816793892,0.1979895369638754,0.4616734143049933,0.029343089343891935,0.002385496183206107
52.28431,-1.53668,25.21234742105921,2023,0.08148854961832061,0.05596374045801526,0.03826335877862595,0.21465002571002056,0.3095375722543353,0.009965577513019902,0.0
52.28821,-1.53808,26.506690081005967,2023,0.08148854961832061,0.03730916030534351,0.03826335877862595,0.21670737419925398,0.4209621993127148,0.01439472307436208,0.002385496183206107
52.28313,-1.54652,46.23511856533736,2023,0.1222328244274809,0.12436386768447835,0.0765267175572519,0.22348452216378764,0.6130769230769231,0.0022145727806710896,0.0
52.28995,-1.53547,49.93124725821438,2023,0.14260496183206106,0.13058206106870227,0.09565839694656487,0.19742477463349759,0.5001321003963012,0.029343089343891935,0.002385496183206107
52.28414,-1.53831,27.03419998978879,2023,0.08148854961832061,0.05596374045801526,0.03826335877862595,0.2203783293467097,0.4218446601941747,0.001660929585503317,0.0
52.28253,-1.54557,31.225692490767052,2023,0.08148854961832061,0.05596374045801526,0.03826335877862595,0.22308112049923204,0.6021428571428571,0.0022145727806710896,0.0
52.28903,-1.54001,37.199220601233286,2023,0.08148854961832061,0.11192748091603053,0.0765267175572519,0.21739315702899847,0.41594202898550725,0.011626507098523219,0.0
52.28907,-1.54004,37.2100656749688,2023,0.08148854961832061,0.11192748091603053,0.0765267175572519,0.21743349719545402,0.4163636363636364,0.011626507098523219,0.0
52.28888,-1.54002,37.6614632127909,2023,0.08148854961832061,0.11192748091603053,0.0765267175572519,0.21941016535177632,0.4331858407079646,0.011626507098523219,0.0
52.2904,-1.53484,50.338644912440856,2023,0.14260496183206106,0.13058206106870227,0.09565839694656487,0.19254361449237514,0.487962962962963,0.03820138046657629,0.002385496183206107
52.28389,-1.54707,46.21879631337149,2023,0.1222328244274809,0.12436386768447835,0.0765267175572519,0.22364588282960984,0.6119047619047618,0.0022145727806710896,0.0
52.28312,-1.54515,39.82467717463955,2023,0.10593511450381679,0.09700381679389312,0.061221374045801524,0.22283907950049872,0.5917808219178082,0.0022145727806710896,0.0
52.28942,-1.53536,48.809771214499136,2023,0.14260496183206106,0.13058206106870227,0.09565839694656487,0.2012974306132311,0.47330316742081446,0.021592084611543123,0.002385496183206107
52.2879016,-1.535144,43.30615878499924,2023,0.14260496183206106,0.11192748091603053,0.0765267175572519,0.2077115170796647,0.40496031746031746,0.015502009464697626,0.002385496183206107
52.28638,-1.5366,29.804617456423333,2023,0.08148854961832061,0.07461832061068702,0.05739503816793892,0.2118665542245871,0.34939467312348665,0.010519220708187674,0.0
52.28421,-1.54717,46.10806767433794,2023,0.1222328244274809,0.12436386768447835,0.0765267175572519,0.22364588282960984,0.6119047619047618,0.0011072863903355448,0.0
52.28444,-1.53554,26.586275850952244,2023,0.08148854961832061,0.05596374045801526,0.03826335877862595,0.2074291359144758,0.3385057471264368,0.019931155026039805,0.0
52.28725,-1.54856,41.9487191741256,2023,0.1222328244274809,0.12436386768447835,0.0765267175572519,0.2274781986428878,0.41875,0.0011072863903355448,0.0
52.28806,-1.54728,42.0096916548829,2023,0.1222328244274809,0.12436386768447835,0.0765267175572519,0.22780091997453225,0.4208333333333333,0.0011072863903355448,0.0
52.29061,-1.54664,40.223520753999075,2023,0.11204675572519084,0.12125477099236641,0.0765267175572519,0.22441234599226545,0.4019047619047619,0.0022145727806710896,0.0
52.28996,-1.5466,40.18105868319171,2023,0.11204675572519084,0.12125477099236641,0.0765267175572519,0.22566289115238772,0.4027027027027027,0.0011072863903355448,0.0
52.28139,-1.5455,30.551496772563713,2023,0.08148854961832061,0.05596374045801526,0.03826335877862595,0.22215329667075423,0.5693251533742332,0.003321859171006634,0.0
52.28793,-1.54751,41.89896301584935,2023,0.1222328244274809,0.12436386768447835,0.0765267175572519,0.22780091997453225,0.4208333333333333,0.0,0.0
52.28236,-1.53124,48.46342638371215,2023,0.14939567430025444,0.13680025445292618,0.08928117048346054,0.21218927555623157,0.41608910891089107,0.023253014197046437,-0.002385496183206107
52.28851,-1.54663,42.003027887234694,2023,0.1222328244274809,0.12436386768447835,0.0765267175572519,0.22743785847643225,0.4212121212121212,0.0011072863903355448,0.0
52.28588,-1.53633,27.689775543755278,2023,0.08148854961832061,0.06529103053435113,0.04782919847328244,0.21505342737457614,0.313134328358209,0.014948366269529853,0.0
52.28714,-1.53685,24.830829504291454,2023,0.08148854961832061,0.03730916030534351,0.03826335877862595,0.2101722672334537,0.3753880266075388,0.009965577513019902,0.002385496183206107
52.28301,-1.54622,46.23511856533736,2023,0.1222328244274809,0.12436386768447835,0.0765267175572519,0.22348452216378764,0.6130769230769231,0.0022145727806710896,0.0
52.28324,-1.54675,46.23511856533736,2023,0.1222328244274809,0.12436386768447835,0.0765267175572519,0.22348452216378764,0.6130769230769231,0.0022145727806710896,0.0
52.28524,-1.53659,25.5214039458323,2023,0.08148854961832061,0.05596374045801526,0.03826335877862595,0.21513410770748725,0.31291291291291295,0.01218015029369099,0.0
52.28407,-1.53203,48.27106511190224,2023,0.14939567430025444,0.13680025445292618,0.08928117048346054,0.20557348825752017,0.37703180212014137,0.0321113053197308,-0.002385496183206107
52.28831,-1.5362,28.340502610027695,2023,0.08148854961832061,0.05596374045801526,0.03826335877862595,0.21013192706699815,0.41763392857142856,0.019931155026039805,0.0
52.28361,-1.5429,32.04058058117951,2023,0.08148854961832061,0.05596374045801526,0.03826335877862595,0.2238879238283432,0.6388429752066116,0.001660929585503317,0.0
52.28753,-1.53743,24.758048570366537,2023,0.08148854961832061,0.03730916030534351,0.03826335877862595,0.21138247222712042,0.3855106888361045,0.006643718342013268,0.002385496183206107
52.2844,-1.53563,26.526989716664808,2023,0.08148854961832061,0.05596374045801526,0.03826335877862595,0.20944614423725366,0.3324152542372881,0.019931155026039805,0.0
52.28818,-1.53804,26.560936936411807,2023,0.08148854961832061,0.03730916030534351,0.03826335877862595,0.21610227170242063,0.4272131147540984,0.013841079879194309,0.002385496183206107
52.28862,-1.54656,42.003027887234694,2023,0.1222328244274809,0.12436386768447835,0.0765267175572519,0.22743785847643225,0.4212121212121212,0.0011072863903355448,0.0
52.28663,-1.5496,43.06506577606912,2023,0.1222328244274809,0.12436386768447835,0.0765267175572519,0.22751853880934333,0.467741935483871,0.0011072863903355448,0.0
52.28721,-1.5369,24.83293290141386,2023,0.08148854961832061,0.03730916030534351,0.03826335877862595,0.21041430823218704,0.3750561797752809,0.009965577513019902,0.002385496183206107
52.29117,-1.54673,41.37225292223569,2023,0.11204675572519084,0.12125477099236641,0.0765267175572519,0.22332316149796538,0.45530303030303027,0.0022145727806710896,0.0
52.28138,-1.54587,30.954947161170054,2023,0.08148854961832061,0.05596374045801526,0.03826335877862595,0.2225566983353098,0.5764705882352941,0.005536431951677724,0.0
52.2812,-1.54693,30.899582841653274,2023,0.08148854961832061,0.05596374045801526,0.03826335877862595,0.2225566983353098,0.5764705882352941,0.004982788756509951,0.0
52.28441,-1.53562,26.526989716664808,2023,0.08148854961832061,0.05596374045801526,0.03826335877862595,0.20944614423725366,0.3324152542372881,0.019931155026039805,0.0
52.28767,-1.53839,35.941625888523774,2023,0.08148854961832061,0.11192748091603053,0.0765267175572519,0.21755451769482068,0.3858208955223881,0.005536431951677724,0.0
52.28739,-1.53718,24.50753859101253,2023,0.08148854961832061,0.03730916030534351,0.03826335877862595,0.21041430823218704,0.37274774774774777,0.00719736153718104,0.002385496183206107
52.28406,-1.54712,46.10806767433794,2023,0.1222328244274809,0.12436386768447835,0.0765267175572519,0.22364588282960984,0.6119047619047618,0.0011072863903355448,0.0
52.2785643,-1.545145,41.83164771520139,2023,0.1222328244274809,0.07461832061068702,0.0765267175572519,0.22554187065302103,0.6075,0.005536431951677724,0.002385496183206107
52.28036,-1.53431,28.023220593689768,2023,0.08148854961832061,0.07461832061068702,0.03826335877862595,0.21977322684987632,0.36045454545454547,0.006643718342013268,0.0
52.28125,-1.5467,30.899582841653274,2023,0.08148854961832061,0.05596374045801526,0.03826335877862595,0.2225566983353098,0.5764705882352941,0.004982788756509951,0.0
52.29237,-1.54819,41.965679996953384,2023,0.11204675572519084,0.12125477099236641,0.0765267175572519,0.22380724349543207,0.48083333333333333,0.0022145727806710896,0.0
52.28597,-1.53628,25.853772703961862,2023,0.08148854961832061,0.05596374045801526,0.03826335877862595,0.21452900521065388,0.3189655172413793,0.01439472307436208,0.0
52.28296,-1.54551,31.225692490767052,2023,0.08148854961832061,0.05596374045801526,0.03826335877862595,0.22308112049923204,0.6021428571428571,0.0022145727806710896,0.0
52.2884,-1.53827,26.36803097642083,2023,0.08148854961832061,0.03730916030534351,0.03826335877862595,0.21565852987140952,0.4140127388535032,0.014948366269529853,0.002385496183206107
52.28968,-1.54256,36.63849449083584,2023,0.08148854961832061,0.11192748091603053,0.0765267175572519,0.22344418199733207,0.4217054263565892,0.0022145727806710896,0.0
