Latitude,Longitude,q1,q2,q3,q4,feedback date list,responseList,dateList
52.2855,-1.55803,3.0,4.0,4.0,1.0,2024-02-22T22:42:06.016Z,"The route was busy with the public, but there was a lot of cars which made me feel unsafe at times.",2024-02-22T22:42:06.016Z
52.28688,-1.53362,3.0,3.0,2.0,1.0,2024-02-17T12:43:29.355Z,"There was a long, isolated road with a lack of lighting on the route.",2024-02-17T12:43:29.355Z
52.27925,-1.54465,3.0,3.0,2.0,1.0,2024-02-17T12:43:29.355Z,"There was a long, isolated road with a lack of lighting on the route.",2024-02-17T12:43:29.355Z
52.290777,-1.533494,3.5,3.75,4.0,1.75,2024-02-17T12:46:14.436Z; 2024-02-22T22:12:14.045Z; 2024-02-22T22:15:29.969Z; 2024-02-22T22:18:23.88Z,"The route was busy with the public as there were many shops nearby. I think the parade would have been a safer choice.; The route was well lit, busy, with lots of public spaces.; This route was very well-lit, with lots of access to shops if needed. Many people were walking around even though it's dark.; The route had lots of public spaces available so I felt at ease.",2024-02-17T12:46:14.436Z; 2024-02-22T22:12:14.045Z; 2024-02-22T22:15:29.969Z; 2024-02-22T22:18:23.88Z
52.27595,-1.51643,3.0,3.0,3.0,1.0,2024-02-23T14:21:02.709Z,"Well-lit street, was quite busy with other members of public.",2024-02-23T14:21:02.709Z
52.28569,-1.53394,3.0,3.0,2.0,1.0,2024-02-17T12:43:29.355Z,"There was a long, isolated road with a lack of lighting on the route.",2024-02-17T12:43:29.355Z
52.2760706,-1.5164124,2.0,2.0,2.0,1.0,2024-02-18T11:07:37.513Z; 2024-02-18T11:07:37.513Z,"On route there was a road which had no street lighting and felt very unsafe. It was residential, but there was no access to public spaces.",2024-02-18T11:07:37.513Z
52.28398,-1.53755,3.0,4.0,4.0,1.0,2024-02-22T22:42:06.016Z,"The route was busy with the public, but there was a lot of cars which made me feel unsafe at times.",2024-02-22T22:42:06.016Z
52.2913,-1.57789,2.5,3.0,3.0,2.0,2024-02-22T22:42:06.016Z; 2024-02-23T15:20:43.152Z,"The route was busy with the public, but there was a lot of cars which made me feel unsafe at times.; The route was isolated as it was far away from shops and any public spaces. The hospital was nearby which made me feel more safe but overall would have preferred a more busy route.",2024-02-22T22:42:06.016Z; 2024-02-23T15:20:43.152Z
52.28414,-1.53665,3.0,4.0,4.0,1.0,2024-02-22T22:42:06.016Z,"The route was busy with the public, but there was a lot of cars which made me feel unsafe at times.",2024-02-22T22:42:06.016Z
52.2843,-1.53489,1.0,1.0,1.0,1.0,2024-02-22T22:46:58.42Z,"This route was terrible - had to go through dark, unlit roads.; This route was terrible - had to go through dark, unlit roads.; This route was terrible - had to go through dark, unlit roads.",2024-02-22T22:46:58.42Z; 2024-02-22T22:46:58.42Z; 2024-02-22T22:46:58.42Z
52.28377,-1.5404,3.0,4.0,4.0,1.0,2024-02-22T22:42:06.016Z,"The route was busy with the public, but there was a lot of cars which made me feel unsafe at times.",2024-02-22T22:42:06.016Z
52.2866,-1.54848,4.0,3.0,4.0,2.0,2024-02-23T14:40:59.31Z,The walk through the park is nice and busy in the daytime. Felt very safe and was a scenic route.,2024-02-23T14:40:59.31Z
52.29140349999999,-1.5782611,3.0,2.0,2.0,1.0,2024-02-22T22:41:33.731Z,Walking near the park at night meant there was little lighting and no access to public spaces.,2024-02-22T22:41:33.731Z
52.28624,-1.53316,3.0,3.0,2.0,1.0,2024-02-17T12:43:29.355Z,"There was a long, isolated road with a lack of lighting on the route.",2024-02-17T12:43:29.355Z
52.2818,-1.53485,3.0,3.0,2.0,1.0,2024-02-17T12:43:29.355Z,"There was a long, isolated road with a lack of lighting on the route.",2024-02-17T12:43:29.355Z
52.28959,-1.55339,2.0,2.0,2.0,3.0,2024-02-23T15:20:43.152Z,The route was isolated as it was far away from shops and any public spaces. The hospital was nearby which made me feel more safe but overall would have preferred a more busy route.,2024-02-23T15:20:43.152Z
52.2851,-1.56291,4.0,3.0,4.0,2.0,2024-02-23T14:40:59.31Z,The walk through the park is nice and busy in the daytime. Felt very safe and was a scenic route.,2024-02-23T14:40:59.31Z
52.2762849,-1.5356019,2.0,3.0,2.0,1.0,2024-02-23T14:22:25.332Z,I hated the walk alongside the cemetery - was creepy and made me feel unsafe. I would have preferred a route with more people around,2024-02-23T14:22:25.332Z
52.28728,-1.53574,4.0,3.0,4.0,2.0,2024-02-23T14:40:59.31Z,The walk through the park is nice and busy in the daytime. Felt very safe and was a scenic route.,2024-02-23T14:40:59.31Z
52.28541,-1.55786,3.0,4.0,4.0,1.0,2024-02-22T22:42:06.016Z,"The route was busy with the public, but there was a lot of cars which made me feel unsafe at times.",2024-02-22T22:42:06.016Z
52.28725,-1.53562,4.0,3.0,4.0,2.0,2024-02-23T14:40:59.31Z,The walk through the park is nice and busy in the daytime. Felt very safe and was a scenic route.,2024-02-23T14:40:59.31Z
52.2899,-1.53796,2.0,3.0,2.0,2.0,2024-02-22T22:19:36.302Z,"The route was fairly well-lit, but it was quite far from  the main high street so I felt less safe.",2024-02-22T22:19:36.302Z
52.28806,-1.56727,3.0,4.0,4.0,1.0,2024-02-22T22:42:06.016Z,"The route was busy with the public, but there was a lot of cars which made me feel unsafe at times.",2024-02-22T22:42:06.016Z
52.28694,-1.53704,4.0,3.0,4.0,2.0,2024-02-23T14:40:59.31Z,The walk through the park is nice and busy in the daytime. Felt very safe and was a scenic route.,2024-02-23T14:40:59.31Z
52.27543,-1.52666,4.0,4.0,4.0,2.0,2024-02-23T14:23:39.297Z,The route felt fairly safe with some access to public spaces.,2024-02-23T14:23:39.297Z
52.28681,-1.56078,4.0,3.0,4.0,2.0,2024-02-23T14:40:59.31Z,The walk through the park is nice and busy in the daytime. Felt very safe and was a scenic route.,2024-02-23T14:40:59.31Z
52.2948,-1.53725,2.0,3.0,2.0,2.0,2024-02-22T22:19:36.302Z,"The route was fairly well-lit, but it was quite far from  the main high street so I felt less safe.",2024-02-22T22:19:36.302Z
52.27632,-1.5322,4.0,4.0,4.0,2.0,2024-02-23T14:23:39.297Z,The route felt fairly safe with some access to public spaces.,2024-02-23T14:23:39.297Z
52.28503,-1.53542,1.0,1.0,1.0,1.0,2024-02-22T22:46:58.42Z,"This route was terrible - had to go through dark, unlit roads.; This route was terrible - had to go through dark, unlit roads.; This route was terrible - had to go through dark, unlit roads.",2024-02-22T22:46:58.42Z; 2024-02-22T22:46:58.42Z; 2024-02-22T22:46:58.42Z
52.28789,-1.54591,4.0,3.0,4.0,2.0,2024-02-23T14:40:59.31Z,The walk through the park is nice and busy in the daytime. Felt very safe and was a scenic route.,2024-02-23T14:40:59.31Z
52.2875364,-1.541341,2.0,2.0,3.0,1.0,2024-02-22T22:45:22.974Z,The route was poorly lit and there were lots of drunk people around,2024-02-22T22:45:22.974Z
52.27641,-1.52057,3.0,3.0,3.0,1.0,2024-02-23T14:21:02.709Z,"Well-lit street, was quite busy with other members of public.",2024-02-23T14:21:02.709Z
52.28444,-1.53546,1.0,1.0,1.0,1.0,2024-02-22T22:46:58.42Z,"This route was terrible - had to go through dark, unlit roads.; This route was terrible - had to go through dark, unlit roads.; This route was terrible - had to go through dark, unlit roads.",2024-02-22T22:46:58.42Z; 2024-02-22T22:46:58.42Z; 2024-02-22T22:46:58.42Z
52.28617,-1.55979,4.0,3.0,4.0,2.0,2024-02-23T14:40:59.31Z,The walk through the park is nice and busy in the daytime. Felt very safe and was a scenic route.,2024-02-23T14:40:59.31Z
52.28582,-1.53308,3.0,3.0,2.0,1.0,2024-02-17T12:43:29.355Z,"There was a long, isolated road with a lack of lighting on the route.",2024-02-17T12:43:29.355Z
52.29094,-1.57684,2.5,3.0,3.0,2.0,2024-02-22T22:42:06.016Z; 2024-02-23T15:20:43.152Z,"The route was busy with the public, but there was a lot of cars which made me feel unsafe at times.; The route was isolated as it was far away from shops and any public spaces. The hospital was nearby which made me feel more safe but overall would have preferred a more busy route.",2024-02-22T22:42:06.016Z; 2024-02-23T15:20:43.152Z
52.28051,-1.53824,3.0,3.0,2.0,1.0,2024-02-17T12:43:29.355Z,"There was a long, isolated road with a lack of lighting on the route.",2024-02-17T12:43:29.355Z
52.28776,-1.56568,3.0,4.0,4.0,1.0,2024-02-22T22:42:06.016Z,"The route was busy with the public, but there was a lot of cars which made me feel unsafe at times.",2024-02-22T22:42:06.016Z
52.28514,-1.53637,1.0,1.0,1.0,1.0,2024-02-22T22:46:58.42Z,"This route was terrible - had to go through dark, unlit roads.; This route was terrible - had to go through dark, unlit roads.; This route was terrible - had to go through dark, unlit roads.",2024-02-22T22:46:58.42Z; 2024-02-22T22:46:58.42Z; 2024-02-22T22:46:58.42Z
52.2907119,-1.5829859,3.0,2.0,2.0,1.0,2024-02-22T22:41:33.731Z,Walking near the park at night meant there was little lighting and no access to public spaces.,2024-02-22T22:41:33.731Z
52.28552,-1.56332,4.0,3.0,4.0,2.0,2024-02-23T14:40:59.31Z,The walk through the park is nice and busy in the daytime. Felt very safe and was a scenic route.,2024-02-23T14:40:59.31Z
52.29034,-1.57535,2.0,2.0,2.0,3.0,2024-02-23T15:20:43.152Z,The route was isolated as it was far away from shops and any public spaces. The hospital was nearby which made me feel more safe but overall would have preferred a more busy route.,2024-02-23T15:20:43.152Z
52.28754,-1.53444,3.0,3.0,2.0,1.0,2024-02-17T12:43:29.355Z,"There was a long, isolated road with a lack of lighting on the route.",2024-02-17T12:43:29.355Z
52.2889352,-1.5379752,3.0,3.0,4.0,2.0,2024-02-23T14:51:25.554Z,"Very well-lit route, the greenery was busy with the public during the afternoons.",2024-02-23T14:51:25.554Z
52.28261,-1.55083,3.0,4.0,4.0,1.0,2024-02-22T22:42:06.016Z,"The route was busy with the public, but there was a lot of cars which made me feel unsafe at times.",2024-02-22T22:42:06.016Z
52.29016,-1.5435,2.0,2.0,2.0,3.0,2024-02-23T15:20:43.152Z,The route was isolated as it was far away from shops and any public spaces. The hospital was nearby which made me feel more safe but overall would have preferred a more busy route.,2024-02-23T15:20:43.152Z
52.27932,-1.54493,3.0,3.0,2.0,1.0,2024-02-17T12:43:29.355Z,"There was a long, isolated road with a lack of lighting on the route.",2024-02-17T12:43:29.355Z
52.2935,-1.53832,2.0,3.0,2.0,2.0,2024-02-22T22:19:36.302Z,"The route was fairly well-lit, but it was quite far from  the main high street so I felt less safe.",2024-02-22T22:19:36.302Z
52.28554,-1.55808,4.0,3.0,4.0,2.0,2024-02-23T14:40:59.31Z,The walk through the park is nice and busy in the daytime. Felt very safe and was a scenic route.,2024-02-23T14:40:59.31Z
52.29026,-1.58006,2.5,3.0,3.0,2.0,2024-02-22T22:42:06.016Z; 2024-02-23T15:20:43.152Z,"The route was busy with the public, but there was a lot of cars which made me feel unsafe at times.; The route was isolated as it was far away from shops and any public spaces. The hospital was nearby which made me feel more safe but overall would have preferred a more busy route.",2024-02-22T22:42:06.016Z; 2024-02-23T15:20:43.152Z
52.2902,-1.54262,2.0,2.0,2.0,3.0,2024-02-23T15:20:43.152Z,The route was isolated as it was far away from shops and any public spaces. The hospital was nearby which made me feel more safe but overall would have preferred a more busy route.,2024-02-23T15:20:43.152Z
52.27963,-1.5455,3.0,3.0,2.0,1.0,2024-02-17T12:43:29.355Z,"There was a long, isolated road with a lack of lighting on the route.",2024-02-17T12:43:29.355Z
52.28398,-1.53688,3.0,4.0,4.0,1.0,2024-02-22T22:42:06.016Z,"The route was busy with the public, but there was a lot of cars which made me feel unsafe at times.",2024-02-22T22:42:06.016Z
52.28613,-1.53312,2.3333333333333335,2.3333333333333335,2.0,1.3333333333333333,2024-02-17T12:41:36.942Z; 2024-02-17T12:43:29.355Z; 2024-02-22T22:15:08.809Z,"The route included backstreets which were isolated and there was no lighting in the evening. I felt unsafe on the route.; There was a long, isolated road with a lack of lighting on the route.; There was little lighting when we walked through the park, felt very unsafe.",2024-02-17T12:41:36.942Z; 2024-02-17T12:43:29.355Z; 2024-02-22T22:15:08.809Z
52.286249,-1.570058,3.0,3.0,2.0,3.0,2024-02-23T15:18:39.203Z,"The route was residential, making me feel at ease.",2024-02-23T15:18:39.203Z
52.28788,-1.56659,2.0,2.0,2.0,3.0,2024-02-23T15:20:43.152Z,The route was isolated as it was far away from shops and any public spaces. The hospital was nearby which made me feel more safe but overall would have preferred a more busy route.,2024-02-23T15:20:43.152Z
52.28245,-1.54654,3.0,4.0,4.0,1.0,2024-02-22T22:42:06.016Z,"The route was busy with the public, but there was a lot of cars which made me feel unsafe at times.",2024-02-22T22:42:06.016Z
52.28702,-1.53692,4.0,3.0,4.0,2.0,2024-02-23T14:40:59.31Z,The walk through the park is nice and busy in the daytime. Felt very safe and was a scenic route.,2024-02-23T14:40:59.31Z
52.28773,-1.53487,2.0,2.0,2.0,1.0,2024-02-22T22:15:08.809Z,"There was little lighting when we walked through the park, felt very unsafe.",2024-02-22T22:15:08.809Z
52.28842,-1.53515,3.0,3.0,2.0,1.0,2024-02-17T12:43:29.355Z,"There was a long, isolated road with a lack of lighting on the route.",2024-02-17T12:43:29.355Z
52.28960319999999,-1.5530564,3.0,3.0,2.0,3.0,2024-02-23T15:18:39.203Z,"The route was residential, making me feel at ease.",2024-02-23T15:18:39.203Z
52.27956,-1.54404,3.0,3.0,2.0,1.0,2024-02-17T12:43:29.355Z,"There was a long, isolated road with a lack of lighting on the route.",2024-02-17T12:43:29.355Z
52.28908,-1.53848,2.0,3.0,2.0,2.0,2024-02-22T22:19:36.302Z,"The route was fairly well-lit, but it was quite far from  the main high street so I felt less safe.",2024-02-22T22:19:36.302Z
52.27458,-1.52582,4.0,4.0,4.0,2.0,2024-02-23T14:23:39.297Z,The route felt fairly safe with some access to public spaces.,2024-02-23T14:23:39.297Z
52.28942,-1.53777,2.0,3.0,2.0,2.0,2024-02-22T22:19:36.302Z,"The route was fairly well-lit, but it was quite far from  the main high street so I felt less safe.",2024-02-22T22:19:36.302Z
52.2867355,-1.5244127,2.0,2.0,2.0,1.0,2024-02-23T14:32:55.396Z,Very poorly lit route. Felt unsafe and was far away from the public and main roads.,2024-02-23T14:32:55.396Z
52.28638,-1.53128,2.0,2.0,2.0,1.0,2024-02-23T14:33:54.01Z,"Not well lit, round back streets, feels unsafe especially at night",2024-02-23T14:33:54.01Z
52.28506,-1.5523,4.0,3.0,4.0,2.0,2024-02-23T14:40:59.31Z,The walk through the park is nice and busy in the daytime. Felt very safe and was a scenic route.,2024-02-23T14:40:59.31Z
52.28874,-1.56179,2.0,2.0,2.0,3.0,2024-02-23T15:20:43.152Z,The route was isolated as it was far away from shops and any public spaces. The hospital was nearby which made me feel more safe but overall would have preferred a more busy route.,2024-02-23T15:20:43.152Z
52.28662,-1.56082,3.0,4.0,4.0,1.0,2024-02-22T22:42:06.016Z,"The route was busy with the public, but there was a lot of cars which made me feel unsafe at times.",2024-02-22T22:42:06.016Z
52.29084,-1.57659,2.0,2.0,2.0,3.0,2024-02-23T15:20:43.152Z,The route was isolated as it was far away from shops and any public spaces. The hospital was nearby which made me feel more safe but overall would have preferred a more busy route.,2024-02-23T15:20:43.152Z
52.28502,-1.55704,4.0,3.0,4.0,2.0,2024-02-23T14:40:59.31Z,The walk through the park is nice and busy in the daytime. Felt very safe and was a scenic route.,2024-02-23T14:40:59.31Z
52.29121,-1.57794,2.0,2.0,2.0,3.0,2024-02-23T15:20:43.152Z,The route was isolated as it was far away from shops and any public spaces. The hospital was nearby which made me feel more safe but overall would have preferred a more busy route.,2024-02-23T15:20:43.152Z
52.2853,-1.53361,2.0,2.0,2.0,2.0,2024-02-17T12:41:36.942Z,The route included backstreets which were isolated and there was no lighting in the evening. I felt unsafe on the route.,2024-02-17T12:41:36.942Z
52.27633,-1.52121,3.0,3.0,3.0,1.0,2024-02-23T14:21:02.709Z,"Well-lit street, was quite busy with other members of public.",2024-02-23T14:21:02.709Z
52.28727,-1.56382,3.0,4.0,4.0,1.0,2024-02-22T22:42:06.016Z,"The route was busy with the public, but there was a lot of cars which made me feel unsafe at times.",2024-02-22T22:42:06.016Z
52.272517,-1.526155,2.0,3.0,2.0,1.0,2024-02-23T14:22:25.332Z,I hated the walk alongside the cemetery - was creepy and made me feel unsafe. I would have preferred a route with more people around,2024-02-23T14:22:25.332Z
52.28958,-1.55344,2.0,2.0,2.0,3.0,2024-02-23T15:20:43.152Z,The route was isolated as it was far away from shops and any public spaces. The hospital was nearby which made me feel more safe but overall would have preferred a more busy route.,2024-02-23T15:20:43.152Z
52.28249,-1.55023,3.0,4.0,4.0,1.0,2024-02-22T22:42:06.016Z,"The route was busy with the public, but there was a lot of cars which made me feel unsafe at times.",2024-02-22T22:42:06.016Z
52.28252,-1.55016,3.0,4.0,4.0,1.0,2024-02-22T22:42:06.016Z,"The route was busy with the public, but there was a lot of cars which made me feel unsafe at times.",2024-02-22T22:42:06.016Z
52.28226,-1.54954,3.0,4.0,4.0,1.0,2024-02-22T22:42:06.016Z,"The route was busy with the public, but there was a lot of cars which made me feel unsafe at times.",2024-02-22T22:42:06.016Z
52.27635,-1.53088,4.0,4.0,4.0,2.0,2024-02-23T14:23:39.297Z,The route felt fairly safe with some access to public spaces.,2024-02-23T14:23:39.297Z
52.28653,-1.53332,2.3333333333333335,2.3333333333333335,2.0,1.3333333333333333,2024-02-17T12:41:36.942Z; 2024-02-17T12:43:29.355Z; 2024-02-22T22:15:08.809Z,"The route included backstreets which were isolated and there was no lighting in the evening. I felt unsafe on the route.; There was a long, isolated road with a lack of lighting on the route.; There was little lighting when we walked through the park, felt very unsafe.",2024-02-17T12:41:36.942Z; 2024-02-17T12:43:29.355Z; 2024-02-22T22:15:08.809Z
52.28131,-1.53498,3.0,3.0,2.0,1.0,2024-02-17T12:43:29.355Z,"There was a long, isolated road with a lack of lighting on the route.",2024-02-17T12:43:29.355Z
52.29014,-1.58454,2.5,3.0,3.0,2.0,2024-02-22T22:42:06.016Z; 2024-02-23T15:20:43.152Z,"The route was busy with the public, but there was a lot of cars which made me feel unsafe at times.; The route was isolated as it was far away from shops and any public spaces. The hospital was nearby which made me feel more safe but overall would have preferred a more busy route.",2024-02-22T22:42:06.016Z; 2024-02-23T15:20:43.152Z
52.28211,-1.54861,3.0,4.0,4.0,1.0,2024-02-22T22:42:06.016Z,"The route was busy with the public, but there was a lot of cars which made me feel unsafe at times.",2024-02-22T22:42:06.016Z
52.28538,-1.53146,2.0,2.0,2.0,1.0,2024-02-23T14:33:54.01Z,"Not well lit, round back streets, feels unsafe especially at night",2024-02-23T14:33:54.01Z
52.29001,-1.57894,2.5,3.0,3.0,2.0,2024-02-22T22:42:06.016Z; 2024-02-23T15:20:43.152Z,"The route was busy with the public, but there was a lot of cars which made me feel unsafe at times.; The route was isolated as it was far away from shops and any public spaces. The hospital was nearby which made me feel more safe but overall would have preferred a more busy route.",2024-02-22T22:42:06.016Z; 2024-02-23T15:20:43.152Z
52.28315,-1.55396,3.0,4.0,4.0,1.0,2024-02-22T22:42:06.016Z,"The route was busy with the public, but there was a lot of cars which made me feel unsafe at times.",2024-02-22T22:42:06.016Z
52.2859,-1.55897,4.0,3.0,4.0,2.0,2024-02-23T14:40:59.31Z,The walk through the park is nice and busy in the daytime. Felt very safe and was a scenic route.,2024-02-23T14:40:59.31Z
52.28726,-1.53566,4.0,3.0,4.0,2.0,2024-02-23T14:40:59.31Z,The walk through the park is nice and busy in the daytime. Felt very safe and was a scenic route.,2024-02-23T14:40:59.31Z
52.28788,-1.56656,3.0,4.0,4.0,1.0,2024-02-22T22:42:06.016Z,"The route was busy with the public, but there was a lot of cars which made me feel unsafe at times.",2024-02-22T22:42:06.016Z
52.27509,-1.52648,4.0,4.0,4.0,2.0,2024-02-23T14:23:39.297Z,The route felt fairly safe with some access to public spaces.,2024-02-23T14:23:39.297Z
52.2936,-1.53702,2.0,3.0,2.0,2.0,2024-02-22T22:19:36.302Z,"The route was fairly well-lit, but it was quite far from  the main high street so I felt less safe.",2024-02-22T22:19:36.302Z
52.290809,-1.5830862,3.0,2.0,2.0,1.0,2024-02-22T22:41:33.731Z,Walking near the park at night meant there was little lighting and no access to public spaces.,2024-02-22T22:41:33.731Z
52.28253,-1.55049,3.0,4.0,4.0,1.0,2024-02-22T22:42:06.016Z,"The route was busy with the public, but there was a lot of cars which made me feel unsafe at times.",2024-02-22T22:42:06.016Z
52.28354,-1.54218,3.0,4.0,4.0,1.0,2024-02-22T22:42:06.016Z,"The route was busy with the public, but there was a lot of cars which made me feel unsafe at times.",2024-02-22T22:42:06.016Z
52.29226,-1.5382,2.0,3.0,2.0,2.0,2024-02-22T22:19:36.302Z,"The route was fairly well-lit, but it was quite far from  the main high street so I felt less safe.",2024-02-22T22:19:36.302Z
52.2865,-1.53728,1.0,1.0,1.0,1.0,2024-02-22T22:46:58.42Z,"This route was terrible - had to go through dark, unlit roads.; This route was terrible - had to go through dark, unlit roads.; This route was terrible - had to go through dark, unlit roads.",2024-02-22T22:46:58.42Z; 2024-02-22T22:46:58.42Z; 2024-02-22T22:46:58.42Z
52.28223,-1.5349,3.0,3.0,2.0,1.0,2024-02-17T12:43:29.355Z,"There was a long, isolated road with a lack of lighting on the route.",2024-02-17T12:43:29.355Z
52.27637,-1.52971,4.0,4.0,4.0,2.0,2024-02-23T14:23:39.297Z,The route felt fairly safe with some access to public spaces.,2024-02-23T14:23:39.297Z
52.28729,-1.5341,3.0,2.5,3.0,1.5,2024-02-22T22:15:08.809Z; 2024-02-23T14:40:59.31Z,"There was little lighting when we walked through the park, felt very unsafe.; The walk through the park is nice and busy in the daytime. Felt very safe and was a scenic route.",2024-02-22T22:15:08.809Z; 2024-02-23T14:40:59.31Z
52.28774,-1.53234,3.0,2.5,3.0,2.0,2024-02-17T12:41:36.942Z; 2024-02-23T14:40:59.31Z,The route included backstreets which were isolated and there was no lighting in the evening. I felt unsafe on the route.; The walk through the park is nice and busy in the daytime. Felt very safe and was a scenic route.,2024-02-17T12:41:36.942Z; 2024-02-23T14:40:59.31Z
52.28969,-1.55026,2.0,2.0,2.0,3.0,2024-02-23T15:20:43.152Z,The route was isolated as it was far away from shops and any public spaces. The hospital was nearby which made me feel more safe but overall would have preferred a more busy route.,2024-02-23T15:20:43.152Z
52.29097,-1.58302,2.5,3.0,3.0,2.0,2024-02-22T22:42:06.016Z; 2024-02-23T15:20:43.152Z,"The route was busy with the public, but there was a lot of cars which made me feel unsafe at times.; The route was isolated as it was far away from shops and any public spaces. The hospital was nearby which made me feel more safe but overall would have preferred a more busy route.",2024-02-22T22:42:06.016Z; 2024-02-23T15:20:43.152Z
52.28967,-1.55088,2.0,2.0,2.0,3.0,2024-02-23T15:20:43.152Z,The route was isolated as it was far away from shops and any public spaces. The hospital was nearby which made me feel more safe but overall would have preferred a more busy route.,2024-02-23T15:20:43.152Z
52.28218,-1.54736,3.0,4.0,4.0,1.0,2024-02-22T22:42:06.016Z,"The route was busy with the public, but there was a lot of cars which made me feel unsafe at times.",2024-02-22T22:42:06.016Z
52.29612,-1.53701,2.0,3.0,2.0,2.0,2024-02-22T22:19:36.302Z,"The route was fairly well-lit, but it was quite far from  the main high street so I felt less safe.",2024-02-22T22:19:36.302Z
52.29117,-1.57778,3.0,4.0,4.0,1.0,2024-02-22T22:42:06.016Z,"The route was busy with the public, but there was a lot of cars which made me feel unsafe at times.",2024-02-22T22:42:06.016Z
52.28574,-1.53636,1.0,1.0,1.0,1.0,2024-02-22T22:46:58.42Z,"This route was terrible - had to go through dark, unlit roads.; This route was terrible - had to go through dark, unlit roads.; This route was terrible - had to go through dark, unlit roads.",2024-02-22T22:46:58.42Z; 2024-02-22T22:46:58.42Z; 2024-02-22T22:46:58.42Z
52.29023,-1.57507,2.5,3.0,3.0,2.0,2024-02-22T22:42:06.016Z; 2024-02-23T15:20:43.152Z,"The route was busy with the public, but there was a lot of cars which made me feel unsafe at times.; The route was isolated as it was far away from shops and any public spaces. The hospital was nearby which made me feel more safe but overall would have preferred a more busy route.",2024-02-22T22:42:06.016Z; 2024-02-23T15:20:43.152Z
52.28958,-1.55372,2.0,2.0,2.0,3.0,2024-02-23T15:20:43.152Z,The route was isolated as it was far away from shops and any public spaces. The hospital was nearby which made me feel more safe but overall would have preferred a more busy route.,2024-02-23T15:20:43.152Z
52.28656,-1.56379,4.0,3.0,4.0,2.0,2024-02-23T14:40:59.31Z,The walk through the park is nice and busy in the daytime. Felt very safe and was a scenic route.,2024-02-23T14:40:59.31Z
52.28726,-1.56413,3.0,4.0,4.0,1.0,2024-02-22T22:42:06.016Z,"The route was busy with the public, but there was a lot of cars which made me feel unsafe at times.",2024-02-22T22:42:06.016Z
52.28799,-1.54528,4.0,3.0,4.0,2.0,2024-02-23T14:40:59.31Z,The walk through the park is nice and busy in the daytime. Felt very safe and was a scenic route.,2024-02-23T14:40:59.31Z
52.29057,-1.58019,3.0,4.0,4.0,1.0,2024-02-22T22:42:06.016Z,"The route was busy with the public, but there was a lot of cars which made me feel unsafe at times.",2024-02-22T22:42:06.016Z
52.28695,-1.53701,4.0,3.0,4.0,2.0,2024-02-23T14:40:59.31Z,The walk through the park is nice and busy in the daytime. Felt very safe and was a scenic route.,2024-02-23T14:40:59.31Z
52.28565,-1.54992,4.0,3.0,4.0,2.0,2024-02-23T14:40:59.31Z,The walk through the park is nice and busy in the daytime. Felt very safe and was a scenic route.,2024-02-23T14:40:59.31Z
52.28665,-1.56084,4.0,3.0,4.0,2.0,2024-02-23T14:40:59.31Z,The walk through the park is nice and busy in the daytime. Felt very safe and was a scenic route.,2024-02-23T14:40:59.31Z
52.28679,-1.53738,1.0,1.0,1.0,1.0,2024-02-22T22:46:58.42Z,"This route was terrible - had to go through dark, unlit roads.; This route was terrible - had to go through dark, unlit roads.; This route was terrible - had to go through dark, unlit roads.",2024-02-22T22:46:58.42Z; 2024-02-22T22:46:58.42Z; 2024-02-22T22:46:58.42Z
52.2851,-1.53618,1.0,1.0,1.0,1.0,2024-02-22T22:46:58.42Z,"This route was terrible - had to go through dark, unlit roads.; This route was terrible - had to go through dark, unlit roads.; This route was terrible - had to go through dark, unlit roads.",2024-02-22T22:46:58.42Z; 2024-02-22T22:46:58.42Z; 2024-02-22T22:46:58.42Z
52.29631,-1.537,2.0,3.0,2.0,2.0,2024-02-22T22:19:36.302Z,"The route was fairly well-lit, but it was quite far from  the main high street so I felt less safe.",2024-02-22T22:19:36.302Z
52.28997,-1.57908,2.5,3.0,3.0,2.0,2024-02-22T22:42:06.016Z; 2024-02-23T15:20:43.152Z,"The route was busy with the public, but there was a lot of cars which made me feel unsafe at times.; The route was isolated as it was far away from shops and any public spaces. The hospital was nearby which made me feel more safe but overall would have preferred a more busy route.",2024-02-22T22:42:06.016Z; 2024-02-23T15:20:43.152Z
52.28475,-1.53377,2.0,2.0,2.0,2.0,2024-02-17T12:41:36.942Z,The route included backstreets which were isolated and there was no lighting in the evening. I felt unsafe on the route.,2024-02-17T12:41:36.942Z
52.28279,-1.55354,3.0,4.0,4.0,1.0,2024-02-22T22:42:06.016Z,"The route was busy with the public, but there was a lot of cars which made me feel unsafe at times.",2024-02-22T22:42:06.016Z
52.28309,-1.54473,3.0,4.0,4.0,1.0,2024-02-22T22:42:06.016Z,"The route was busy with the public, but there was a lot of cars which made me feel unsafe at times.",2024-02-22T22:42:06.016Z
52.27645,-1.51993,3.0,3.0,3.0,1.0,2024-02-23T14:21:02.709Z,"Well-lit street, was quite busy with other members of public.",2024-02-23T14:21:02.709Z
52.28211,-1.53491,3.0,3.0,2.0,1.0,2024-02-17T12:43:29.355Z,"There was a long, isolated road with a lack of lighting on the route.",2024-02-17T12:43:29.355Z
52.28509,-1.5357,1.0,1.0,1.0,1.0,2024-02-22T22:46:58.42Z,"This route was terrible - had to go through dark, unlit roads.; This route was terrible - had to go through dark, unlit roads.; This route was terrible - had to go through dark, unlit roads.",2024-02-22T22:46:58.42Z; 2024-02-22T22:46:58.42Z; 2024-02-22T22:46:58.42Z
52.28729,-1.53337,2.0,2.0,2.0,2.0,2024-02-17T12:41:36.942Z,The route included backstreets which were isolated and there was no lighting in the evening. I felt unsafe on the route.,2024-02-17T12:41:36.942Z
52.2856,-1.56199,4.0,3.0,4.0,2.0,2024-02-23T14:40:59.31Z,The walk through the park is nice and busy in the daytime. Felt very safe and was a scenic route.,2024-02-23T14:40:59.31Z
52.289077,-1.5384772,3.0,3.0,4.0,2.0,2024-02-23T14:51:25.554Z,"Very well-lit route, the greenery was busy with the public during the afternoons.",2024-02-23T14:51:25.554Z
52.28835,-1.56838,2.0,2.0,2.0,3.0,2024-02-23T15:20:43.152Z,The route was isolated as it was far away from shops and any public spaces. The hospital was nearby which made me feel more safe but overall would have preferred a more busy route.,2024-02-23T15:20:43.152Z
52.28392,-1.53917,3.0,4.0,4.0,1.0,2024-02-22T22:42:06.016Z,"The route was busy with the public, but there was a lot of cars which made me feel unsafe at times.",2024-02-22T22:42:06.016Z
52.2883539,-1.5380516,3.0,3.0,4.0,2.0,2024-02-23T14:51:25.554Z,"Very well-lit route, the greenery was busy with the public during the afternoons.",2024-02-23T14:51:25.554Z
52.2913,-1.57814,2.5,3.0,3.0,2.0,2024-02-22T22:42:06.016Z; 2024-02-23T15:20:43.152Z,"The route was busy with the public, but there was a lot of cars which made me feel unsafe at times.; The route was isolated as it was far away from shops and any public spaces. The hospital was nearby which made me feel more safe but overall would have preferred a more busy route.",2024-02-22T22:42:06.016Z; 2024-02-23T15:20:43.152Z
52.2853,-1.53665,1.0,1.0,1.0,1.0,2024-02-22T22:46:58.42Z,"This route was terrible - had to go through dark, unlit roads.; This route was terrible - had to go through dark, unlit roads.; This route was terrible - had to go through dark, unlit roads.",2024-02-22T22:46:58.42Z; 2024-02-22T22:46:58.42Z; 2024-02-22T22:46:58.42Z
52.28827,-1.53619,2.0,2.0,2.0,1.0,2024-02-22T22:15:08.809Z,"There was little lighting when we walked through the park, felt very unsafe.",2024-02-22T22:15:08.809Z
52.28712,-1.53468,4.0,3.0,4.0,2.0,2024-02-23T14:40:59.31Z,The walk through the park is nice and busy in the daytime. Felt very safe and was a scenic route.,2024-02-23T14:40:59.31Z
52.28023,-1.54084,3.0,3.0,2.0,1.0,2024-02-17T12:43:29.355Z,"There was a long, isolated road with a lack of lighting on the route.",2024-02-17T12:43:29.355Z
52.28406,-1.53513,2.0,2.5,2.5,1.0,2024-02-22T22:42:06.016Z; 2024-02-22T22:46:58.42Z,"The route was busy with the public, but there was a lot of cars which made me feel unsafe at times.; This route was terrible - had to go through dark, unlit roads.; This route was terrible - had to go through dark, unlit roads.; This route was terrible - had to go through dark, unlit roads.",2024-02-22T22:42:06.016Z; 2024-02-22T22:46:58.42Z; 2024-02-22T22:46:58.42Z; 2024-02-22T22:46:58.42Z
52.28972,-1.5501,2.0,2.0,2.0,3.0,2024-02-23T15:20:43.152Z,The route was isolated as it was far away from shops and any public spaces. The hospital was nearby which made me feel more safe but overall would have preferred a more busy route.,2024-02-23T15:20:43.152Z
52.27902,-1.54565,3.0,3.0,2.0,1.0,2024-02-17T12:43:29.355Z,"There was a long, isolated road with a lack of lighting on the route.",2024-02-17T12:43:29.355Z
52.28486,-1.53346,2.0,2.0,2.0,2.0,2024-02-17T12:41:36.942Z,The route included backstreets which were isolated and there was no lighting in the evening. I felt unsafe on the route.,2024-02-17T12:41:36.942Z
52.28779,-1.5352,2.0,2.0,2.0,1.0,2024-02-22T22:15:08.809Z,"There was little lighting when we walked through the park, felt very unsafe.",2024-02-22T22:15:08.809Z
52.28736,-1.53318,3.0,2.5,3.0,2.0,2024-02-17T12:41:36.942Z; 2024-02-23T14:40:59.31Z,The route included backstreets which were isolated and there was no lighting in the evening. I felt unsafe on the route.; The walk through the park is nice and busy in the daytime. Felt very safe and was a scenic route.,2024-02-17T12:41:36.942Z; 2024-02-23T14:40:59.31Z
52.28251,-1.55001,3.0,4.0,4.0,1.0,2024-02-22T22:42:06.016Z,"The route was busy with the public, but there was a lot of cars which made me feel unsafe at times.",2024-02-22T22:42:06.016Z
52.28549,-1.56326,4.0,3.0,4.0,2.0,2024-02-23T14:40:59.31Z,The walk through the park is nice and busy in the daytime. Felt very safe and was a scenic route.,2024-02-23T14:40:59.31Z
52.28633,-1.56024,3.0,4.0,4.0,1.0,2024-02-22T22:42:06.016Z,"The route was busy with the public, but there was a lot of cars which made me feel unsafe at times.",2024-02-22T22:42:06.016Z
52.29599,-1.5374,2.0,3.0,2.0,2.0,2024-02-22T22:19:36.302Z,"The route was fairly well-lit, but it was quite far from  the main high street so I felt less safe.",2024-02-22T22:19:36.302Z
52.28653,-1.56066,3.0,4.0,4.0,1.0,2024-02-22T22:42:06.016Z,"The route was busy with the public, but there was a lot of cars which made me feel unsafe at times.",2024-02-22T22:42:06.016Z
52.28097,-1.53633,3.0,3.0,2.0,1.0,2024-02-17T12:43:29.355Z,"There was a long, isolated road with a lack of lighting on the route.",2024-02-17T12:43:29.355Z
52.28991,-1.5792,2.5,3.0,3.0,2.0,2024-02-22T22:42:06.016Z; 2024-02-23T15:20:43.152Z,"The route was busy with the public, but there was a lot of cars which made me feel unsafe at times.; The route was isolated as it was far away from shops and any public spaces. The hospital was nearby which made me feel more safe but overall would have preferred a more busy route.",2024-02-22T22:42:06.016Z; 2024-02-23T15:20:43.152Z
52.29311,-1.53828,2.0,3.0,2.0,2.0,2024-02-22T22:19:36.302Z,"The route was fairly well-lit, but it was quite far from  the main high street so I felt less safe.",2024-02-22T22:19:36.302Z
52.27856,-1.54559,3.0,3.0,2.0,1.0,2024-02-17T12:43:29.355Z,"There was a long, isolated road with a lack of lighting on the route.",2024-02-17T12:43:29.355Z
52.27856,-1.54535,3.0,3.0,2.0,1.0,2024-02-17T12:43:29.355Z,"There was a long, isolated road with a lack of lighting on the route.",2024-02-17T12:43:29.355Z
52.27642,-1.52697,4.0,4.0,4.0,2.0,2024-02-23T14:23:39.297Z,The route felt fairly safe with some access to public spaces.,2024-02-23T14:23:39.297Z
52.28726,-1.5356,4.0,3.0,4.0,2.0,2024-02-23T14:40:59.31Z,The walk through the park is nice and busy in the daytime. Felt very safe and was a scenic route.,2024-02-23T14:40:59.31Z
52.28616,-1.54912,4.0,3.0,4.0,2.0,2024-02-23T14:40:59.31Z,The walk through the park is nice and busy in the daytime. Felt very safe and was a scenic route.,2024-02-23T14:40:59.31Z
52.29012,-1.54394,2.0,2.0,2.0,3.0,2024-02-23T15:20:43.152Z,The route was isolated as it was far away from shops and any public spaces. The hospital was nearby which made me feel more safe but overall would have preferred a more busy route.,2024-02-23T15:20:43.152Z
52.28508,-1.53553,1.0,1.0,1.0,1.0,2024-02-22T22:46:58.42Z,"This route was terrible - had to go through dark, unlit roads.; This route was terrible - had to go through dark, unlit roads.; This route was terrible - had to go through dark, unlit roads.",2024-02-22T22:46:58.42Z; 2024-02-22T22:46:58.42Z; 2024-02-22T22:46:58.42Z
52.2812049,-1.5469286,2.0,2.0,2.0,1.0,2024-02-18T11:07:37.513Z; 2024-02-18T11:07:37.513Z,"On route there was a road which had no street lighting and felt very unsafe. It was residential, but there was no access to public spaces.",2024-02-18T11:07:37.513Z
52.28985,-1.54662,2.0,2.0,2.0,3.0,2024-02-23T15:20:43.152Z,The route was isolated as it was far away from shops and any public spaces. The hospital was nearby which made me feel more safe but overall would have preferred a more busy route.,2024-02-23T15:20:43.152Z
52.28937,-1.55954,2.0,2.0,2.0,3.0,2024-02-23T15:20:43.152Z,The route was isolated as it was far away from shops and any public spaces. The hospital was nearby which made me feel more safe but overall would have preferred a more busy route.,2024-02-23T15:20:43.152Z
52.28909,-1.53767,2.0,3.0,2.0,2.0,2024-02-22T22:19:36.302Z,"The route was fairly well-lit, but it was quite far from  the main high street so I felt less safe.",2024-02-22T22:19:36.302Z
52.27924,-1.54296,3.0,3.0,2.0,1.0,2024-02-17T12:43:29.355Z,"There was a long, isolated road with a lack of lighting on the route.",2024-02-17T12:43:29.355Z
52.28705,-1.56206,3.0,4.0,4.0,1.0,2024-02-22T22:42:06.016Z,"The route was busy with the public, but there was a lot of cars which made me feel unsafe at times.",2024-02-22T22:42:06.016Z
52.27626,-1.53483,4.0,4.0,4.0,2.0,2024-02-23T14:23:39.297Z,The route felt fairly safe with some access to public spaces.,2024-02-23T14:23:39.297Z
52.28742,-1.56498,2.0,2.0,2.0,3.0,2024-02-23T15:20:43.152Z,The route was isolated as it was far away from shops and any public spaces. The hospital was nearby which made me feel more safe but overall would have preferred a more busy route.,2024-02-23T15:20:43.152Z
52.28616,-1.54906,4.0,3.0,4.0,2.0,2024-02-23T14:40:59.31Z,The walk through the park is nice and busy in the daytime. Felt very safe and was a scenic route.,2024-02-23T14:40:59.31Z
52.29125,-1.57803,3.0,4.0,4.0,1.0,2024-02-22T22:42:06.016Z,"The route was busy with the public, but there was a lot of cars which made me feel unsafe at times.",2024-02-22T22:42:06.016Z
52.28534,-1.53664,1.0,1.0,1.0,1.0,2024-02-22T22:46:58.42Z,"This route was terrible - had to go through dark, unlit roads.; This route was terrible - had to go through dark, unlit roads.; This route was terrible - had to go through dark, unlit roads.",2024-02-22T22:46:58.42Z; 2024-02-22T22:46:58.42Z; 2024-02-22T22:46:58.42Z
52.29302,-1.53706,2.0,2.0,2.0,1.0,2024-02-22T22:15:08.809Z,"There was little lighting when we walked through the park, felt very unsafe.",2024-02-22T22:15:08.809Z
52.28866,-1.56201,2.0,2.0,2.0,3.0,2024-02-23T15:20:43.152Z,The route was isolated as it was far away from shops and any public spaces. The hospital was nearby which made me feel more safe but overall would have preferred a more busy route.,2024-02-23T15:20:43.152Z
52.28732,-1.5474,4.0,3.0,4.0,2.0,2024-02-23T14:40:59.31Z,The walk through the park is nice and busy in the daytime. Felt very safe and was a scenic route.,2024-02-23T14:40:59.31Z
52.28273,-1.53471,3.0,3.0,2.0,1.0,2024-02-17T12:43:29.355Z,"There was a long, isolated road with a lack of lighting on the route.",2024-02-17T12:43:29.355Z
52.2844,-1.53153,2.0,2.0,2.0,1.0,2024-02-23T14:33:54.01Z,"Not well lit, round back streets, feels unsafe especially at night",2024-02-23T14:33:54.01Z
52.28816,-1.53979,4.0,3.0,4.0,2.0,2024-02-23T14:40:59.31Z,The walk through the park is nice and busy in the daytime. Felt very safe and was a scenic route.,2024-02-23T14:40:59.31Z
52.27607,-1.51742,3.0,3.0,3.0,1.0,2024-02-23T14:21:02.709Z,"Well-lit street, was quite busy with other members of public.",2024-02-23T14:21:02.709Z
52.28236,-1.5312424,4.0,4.0,4.0,2.0,2024-02-17T11:05:16.076Z,"The route was short on a public street, with people around. I felt safe overall - especially as it's the daytime.",2024-02-17T11:05:16.076Z
52.28545,-1.53294,2.0,2.0,2.0,2.0,2024-02-17T12:41:36.942Z,The route included backstreets which were isolated and there was no lighting in the evening. I felt unsafe on the route.,2024-02-17T12:41:36.942Z
52.28788,-1.53469,3.0,3.0,2.0,1.0,2024-02-17T12:43:29.355Z,"There was a long, isolated road with a lack of lighting on the route.",2024-02-17T12:43:29.355Z
52.28252,-1.55296,3.0,4.0,4.0,1.0,2024-02-22T22:42:06.016Z,"The route was busy with the public, but there was a lot of cars which made me feel unsafe at times.",2024-02-22T22:42:06.016Z
52.28471,-1.55646,3.5,3.5,4.0,1.5,2024-02-22T22:42:06.016Z; 2024-02-23T14:40:59.31Z,"The route was busy with the public, but there was a lot of cars which made me feel unsafe at times.; The walk through the park is nice and busy in the daytime. Felt very safe and was a scenic route.",2024-02-22T22:42:06.016Z; 2024-02-23T14:40:59.31Z
52.28707,-1.52483,2.0,2.0,2.0,1.0,2024-02-23T14:33:54.01Z,"Not well lit, round back streets, feels unsafe especially at night",2024-02-23T14:33:54.01Z
52.28768,-1.54006,1.0,1.0,1.0,1.0,2024-02-22T22:46:58.42Z,"This route was terrible - had to go through dark, unlit roads.; This route was terrible - had to go through dark, unlit roads.; This route was terrible - had to go through dark, unlit roads.",2024-02-22T22:46:58.42Z; 2024-02-22T22:46:58.42Z; 2024-02-22T22:46:58.42Z
52.28619,-1.56407,4.0,3.0,4.0,2.0,2024-02-23T14:40:59.31Z,The walk through the park is nice and busy in the daytime. Felt very safe and was a scenic route.,2024-02-23T14:40:59.31Z
52.2888,-1.57006,2.0,2.0,2.0,3.0,2024-02-23T15:20:43.152Z,The route was isolated as it was far away from shops and any public spaces. The hospital was nearby which made me feel more safe but overall would have preferred a more busy route.,2024-02-23T15:20:43.152Z
52.29122,-1.57793,2.0,2.0,2.0,3.0,2024-02-23T15:20:43.152Z,The route was isolated as it was far away from shops and any public spaces. The hospital was nearby which made me feel more safe but overall would have preferred a more busy route.,2024-02-23T15:20:43.152Z
52.28708,-1.53386,4.0,3.0,4.0,2.0,2024-02-23T14:40:59.31Z,The walk through the park is nice and busy in the daytime. Felt very safe and was a scenic route.,2024-02-23T14:40:59.31Z
52.28959,-1.55337,2.0,2.0,2.0,3.0,2024-02-23T15:20:43.152Z,The route was isolated as it was far away from shops and any public spaces. The hospital was nearby which made me feel more safe but overall would have preferred a more busy route.,2024-02-23T15:20:43.152Z
52.28749,-1.53436,3.0,3.0,2.0,1.0,2024-02-17T12:43:29.355Z,"There was a long, isolated road with a lack of lighting on the route.",2024-02-17T12:43:29.355Z
52.28793,-1.53475,3.0,3.0,2.0,1.0,2024-02-17T12:43:29.355Z,"There was a long, isolated road with a lack of lighting on the route.",2024-02-17T12:43:29.355Z
52.2762555,-1.5348337,2.0,2.3333333333333335,2.0,1.0,2024-02-18T11:07:37.513Z; 2024-02-18T11:07:37.513Z; 2024-02-23T14:22:25.332Z,"On route there was a road which had no street lighting and felt very unsafe. It was residential, but there was no access to public spaces.; I hated the walk alongside the cemetery - was creepy and made me feel unsafe. I would have preferred a route with more people around",2024-02-18T11:07:37.513Z; 2024-02-23T14:22:25.332Z
52.2876,-1.56522,2.5,3.0,3.0,2.0,2024-02-22T22:42:06.016Z; 2024-02-23T15:20:43.152Z,"The route was busy with the public, but there was a lot of cars which made me feel unsafe at times.; The route was isolated as it was far away from shops and any public spaces. The hospital was nearby which made me feel more safe but overall would have preferred a more busy route.",2024-02-22T22:42:06.016Z; 2024-02-23T15:20:43.152Z
52.2854,-1.55777,3.0,4.0,4.0,1.0,2024-02-22T22:42:06.016Z,"The route was busy with the public, but there was a lot of cars which made me feel unsafe at times.",2024-02-22T22:42:06.016Z
52.27856,-1.54514,3.0,3.0,2.0,1.0,2024-02-17T12:43:29.355Z,"There was a long, isolated road with a lack of lighting on the route.",2024-02-17T12:43:29.355Z
52.28542,-1.5579,4.0,3.0,4.0,2.0,2024-02-23T14:40:59.31Z,The walk through the park is nice and busy in the daytime. Felt very safe and was a scenic route.,2024-02-23T14:40:59.31Z
52.28245,-1.55269,3.0,4.0,4.0,1.0,2024-02-22T22:42:06.016Z,"The route was busy with the public, but there was a lot of cars which made me feel unsafe at times.",2024-02-22T22:42:06.016Z
52.281384,-1.5470501,2.0,2.0,2.0,1.0,2024-02-18T11:07:37.513Z; 2024-02-18T11:07:37.513Z,"On route there was a road which had no street lighting and felt very unsafe. It was residential, but there was no access to public spaces.",2024-02-18T11:07:37.513Z
52.28735,-1.53417,3.0,3.0,2.0,1.0,2024-02-17T12:43:29.355Z,"There was a long, isolated road with a lack of lighting on the route.",2024-02-17T12:43:29.355Z
52.286249,-1.533494,2.3333333333333335,2.3333333333333335,3.0,1.0,2024-02-22T22:45:22.974Z; 2024-02-23T14:16:47.163Z; 2024-02-23T14:19:31.393Z,The route was poorly lit and there were lots of drunk people around; There were many public spaces on the route; The route included some isolated streets that were very dark. I felt unsafe especially as I was alone.,2024-02-22T22:45:22.974Z; 2024-02-23T14:16:47.163Z; 2024-02-23T14:19:31.393Z
52.28038,-1.53972,3.0,3.0,2.0,1.0,2024-02-17T12:43:29.355Z,"There was a long, isolated road with a lack of lighting on the route.",2024-02-17T12:43:29.355Z
52.28757,-1.56476,2.0,2.0,2.0,3.0,2024-02-23T15:20:43.152Z,The route was isolated as it was far away from shops and any public spaces. The hospital was nearby which made me feel more safe but overall would have preferred a more busy route.,2024-02-23T15:20:43.152Z
52.28964,-1.57311,3.0,4.0,4.0,1.0,2024-02-22T22:42:06.016Z,"The route was busy with the public, but there was a lot of cars which made me feel unsafe at times.",2024-02-22T22:42:06.016Z
52.28332,-1.54408,3.0,4.0,4.0,1.0,2024-02-22T22:42:06.016Z,"The route was busy with the public, but there was a lot of cars which made me feel unsafe at times.",2024-02-22T22:42:06.016Z
52.28748,-1.56509,2.0,2.0,2.0,3.0,2024-02-23T15:20:43.152Z,The route was isolated as it was far away from shops and any public spaces. The hospital was nearby which made me feel more safe but overall would have preferred a more busy route.,2024-02-23T15:20:43.152Z
52.28345,-1.53435,3.0,3.0,2.0,1.0,2024-02-17T12:43:29.355Z,"There was a long, isolated road with a lack of lighting on the route.",2024-02-17T12:43:29.355Z
52.2793,-1.52981,3.0,3.0,3.0,1.0,2024-02-23T14:21:02.709Z,"Well-lit street, was quite busy with other members of public.",2024-02-23T14:21:02.709Z
52.28557,-1.53472,3.0,3.0,2.0,1.0,2024-02-17T12:43:29.355Z,"There was a long, isolated road with a lack of lighting on the route.",2024-02-17T12:43:29.355Z
52.28636,-1.56032,4.0,3.0,4.0,2.0,2024-02-23T14:40:59.31Z,The walk through the park is nice and busy in the daytime. Felt very safe and was a scenic route.,2024-02-23T14:40:59.31Z
52.2883984,-1.5382739,3.0,3.0,4.0,2.0,2024-02-23T14:51:25.554Z,"Very well-lit route, the greenery was busy with the public during the afternoons.",2024-02-23T14:51:25.554Z
52.29004,-1.57979,2.5,3.0,3.0,2.0,2024-02-22T22:42:06.016Z; 2024-02-23T15:20:43.152Z,"The route was busy with the public, but there was a lot of cars which made me feel unsafe at times.; The route was isolated as it was far away from shops and any public spaces. The hospital was nearby which made me feel more safe but overall would have preferred a more busy route.",2024-02-22T22:42:06.016Z; 2024-02-23T15:20:43.152Z
52.27619,-1.51641,3.0,3.0,3.0,1.0,2024-02-23T14:21:02.709Z,"Well-lit street, was quite busy with other members of public.",2024-02-23T14:21:02.709Z
52.2899038,-1.579364,3.0,2.0,2.0,1.0,2024-02-22T22:41:33.731Z,Walking near the park at night meant there was little lighting and no access to public spaces.,2024-02-22T22:41:33.731Z
52.28766,-1.56437,2.0,2.0,2.0,3.0,2024-02-23T15:20:43.152Z,The route was isolated as it was far away from shops and any public spaces. The hospital was nearby which made me feel more safe but overall would have preferred a more busy route.,2024-02-23T15:20:43.152Z
52.2840609,-1.5351349,2.5,2.0,2.5,1.0,2024-02-22T22:41:33.731Z; 2024-02-22T22:45:22.974Z,Walking near the park at night meant there was little lighting and no access to public spaces.; The route was poorly lit and there were lots of drunk people around,2024-02-22T22:41:33.731Z; 2024-02-22T22:45:22.974Z
52.284,-1.53412,3.0,3.0,2.0,1.0,2024-02-17T12:43:29.355Z,"There was a long, isolated road with a lack of lighting on the route.",2024-02-17T12:43:29.355Z
52.28551,-1.5365,1.0,1.0,1.0,1.0,2024-02-22T22:46:58.42Z,"This route was terrible - had to go through dark, unlit roads.; This route was terrible - had to go through dark, unlit roads.; This route was terrible - had to go through dark, unlit roads.",2024-02-22T22:46:58.42Z; 2024-02-22T22:46:58.42Z; 2024-02-22T22:46:58.42Z
52.28715,-1.53747,4.0,3.0,4.0,2.0,2024-02-23T14:40:59.31Z,The walk through the park is nice and busy in the daytime. Felt very safe and was a scenic route.,2024-02-23T14:40:59.31Z
52.2794,-1.54578,3.0,3.0,2.0,1.0,2024-02-17T12:43:29.355Z,"There was a long, isolated road with a lack of lighting on the route.",2024-02-17T12:43:29.355Z
52.29031,-1.53654,2.0,2.0,2.0,1.0,2024-02-22T22:15:08.809Z,"There was little lighting when we walked through the park, felt very unsafe.",2024-02-22T22:15:08.809Z
52.28683,-1.53357,2.0,2.0,2.0,1.5,2024-02-17T12:41:36.942Z; 2024-02-22T22:15:08.809Z,"The route included backstreets which were isolated and there was no lighting in the evening. I felt unsafe on the route.; There was little lighting when we walked through the park, felt very unsafe.",2024-02-17T12:41:36.942Z; 2024-02-22T22:15:08.809Z
52.28372,-1.53421,3.0,3.0,2.0,1.0,2024-02-17T12:43:29.355Z,"There was a long, isolated road with a lack of lighting on the route.",2024-02-17T12:43:29.355Z
52.28582,-1.55874,3.0,4.0,4.0,1.0,2024-02-22T22:42:06.016Z,"The route was busy with the public, but there was a lot of cars which made me feel unsafe at times.",2024-02-22T22:42:06.016Z
52.29414,-1.53713,2.0,3.0,2.0,2.0,2024-02-22T22:19:36.302Z,"The route was fairly well-lit, but it was quite far from  the main high street so I felt less safe.",2024-02-22T22:19:36.302Z
52.27959,-1.54576,3.0,3.0,2.0,1.0,2024-02-17T12:43:29.355Z,"There was a long, isolated road with a lack of lighting on the route.",2024-02-17T12:43:29.355Z
52.28443,-1.55604,3.0,4.0,4.0,1.0,2024-02-22T22:42:06.016Z,"The route was busy with the public, but there was a lot of cars which made me feel unsafe at times.",2024-02-22T22:42:06.016Z
52.28238,-1.54998,3.0,4.0,4.0,1.0,2024-02-22T22:42:06.016Z,"The route was busy with the public, but there was a lot of cars which made me feel unsafe at times.",2024-02-22T22:42:06.016Z
52.28592,-1.56422,4.0,3.0,4.0,2.0,2024-02-23T14:40:59.31Z,The walk through the park is nice and busy in the daytime. Felt very safe and was a scenic route.,2024-02-23T14:40:59.31Z
52.28702,-1.53322,2.0,2.0,2.0,2.0,2024-02-17T12:41:36.942Z,The route included backstreets which were isolated and there was no lighting in the evening. I felt unsafe on the route.,2024-02-17T12:41:36.942Z
52.28574,-1.56431,4.0,3.0,4.0,2.0,2024-02-23T14:40:59.31Z,The walk through the park is nice and busy in the daytime. Felt very safe and was a scenic route.,2024-02-23T14:40:59.31Z
52.28652,-1.54854,4.0,3.0,4.0,2.0,2024-02-23T14:40:59.31Z,The walk through the park is nice and busy in the daytime. Felt very safe and was a scenic route.,2024-02-23T14:40:59.31Z
52.28799,-1.53174,3.0,2.5,3.0,2.0,2024-02-17T12:41:36.942Z; 2024-02-23T14:40:59.31Z,The route included backstreets which were isolated and there was no lighting in the evening. I felt unsafe on the route.; The walk through the park is nice and busy in the daytime. Felt very safe and was a scenic route.,2024-02-17T12:41:36.942Z; 2024-02-23T14:40:59.31Z
52.29009,-1.53802,2.0,3.0,2.0,2.0,2024-02-22T22:19:36.302Z,"The route was fairly well-lit, but it was quite far from  the main high street so I felt less safe.",2024-02-22T22:19:36.302Z
52.28791,-1.5347,3.0,3.0,2.0,1.0,2024-02-17T12:43:29.355Z,"There was a long, isolated road with a lack of lighting on the route.",2024-02-17T12:43:29.355Z
52.2901428,-1.5845361,3.0,2.5,2.0,2.0,2024-02-22T22:41:33.731Z; 2024-02-23T15:18:39.203Z,"Walking near the park at night meant there was little lighting and no access to public spaces.; The route was residential, making me feel at ease.",2024-02-22T22:41:33.731Z; 2024-02-23T15:18:39.203Z
52.28492,-1.53438,3.0,3.0,2.0,1.0,2024-02-17T12:43:29.355Z,"There was a long, isolated road with a lack of lighting on the route.",2024-02-17T12:43:29.355Z
52.27638,-1.52292,3.0,3.0,3.0,1.0,2024-02-23T14:21:02.709Z,"Well-lit street, was quite busy with other members of public.",2024-02-23T14:21:02.709Z
52.2930159,-1.5370596,3.5,3.5,4.5,2.0,2024-02-22T22:15:29.969Z; 2024-02-22T22:18:23.88Z,"This route was very well-lit, with lots of access to shops if needed. Many people were walking around even though it's dark.; The route had lots of public spaces available so I felt at ease.",2024-02-22T22:15:29.969Z; 2024-02-22T22:18:23.88Z
52.28712,-1.53681,4.0,3.0,4.0,2.0,2024-02-23T14:40:59.31Z,The walk through the park is nice and busy in the daytime. Felt very safe and was a scenic route.,2024-02-23T14:40:59.31Z
52.28968,-1.55082,2.0,2.0,2.0,3.0,2024-02-23T15:20:43.152Z,The route was isolated as it was far away from shops and any public spaces. The hospital was nearby which made me feel more safe but overall would have preferred a more busy route.,2024-02-23T15:20:43.152Z
52.28855,-1.53626,2.0,2.0,2.0,1.0,2024-02-22T22:15:08.809Z,"There was little lighting when we walked through the park, felt very unsafe.",2024-02-22T22:15:08.809Z
52.29095,-1.58167,2.5,3.0,3.0,2.0,2024-02-22T22:42:06.016Z; 2024-02-23T15:20:43.152Z,"The route was busy with the public, but there was a lot of cars which made me feel unsafe at times.; The route was isolated as it was far away from shops and any public spaces. The hospital was nearby which made me feel more safe but overall would have preferred a more busy route.",2024-02-22T22:42:06.016Z; 2024-02-23T15:20:43.152Z
52.28434,-1.55584,3.0,4.0,4.0,1.0,2024-02-22T22:42:06.016Z,"The route was busy with the public, but there was a lot of cars which made me feel unsafe at times.",2024-02-22T22:42:06.016Z
52.29081,-1.58082,2.5,3.0,3.0,2.0,2024-02-22T22:42:06.016Z; 2024-02-23T15:20:43.152Z,"The route was busy with the public, but there was a lot of cars which made me feel unsafe at times.; The route was isolated as it was far away from shops and any public spaces. The hospital was nearby which made me feel more safe but overall would have preferred a more busy route.",2024-02-22T22:42:06.016Z; 2024-02-23T15:20:43.152Z
52.28248,-1.55001,3.0,4.0,4.0,1.0,2024-02-22T22:42:06.016Z,"The route was busy with the public, but there was a lot of cars which made me feel unsafe at times.",2024-02-22T22:42:06.016Z
52.28806,-1.54344,4.0,3.0,4.0,2.0,2024-02-23T14:40:59.31Z,The walk through the park is nice and busy in the daytime. Felt very safe and was a scenic route.,2024-02-23T14:40:59.31Z
52.28629,-1.54861,4.0,3.0,4.0,2.0,2024-02-23T14:40:59.31Z,The walk through the park is nice and busy in the daytime. Felt very safe and was a scenic route.,2024-02-23T14:40:59.31Z
52.28275,-1.55349,3.0,4.0,4.0,1.0,2024-02-22T22:42:06.016Z,"The route was busy with the public, but there was a lot of cars which made me feel unsafe at times.",2024-02-22T22:42:06.016Z
52.27627,-1.5342,4.0,4.0,4.0,2.0,2024-02-23T14:23:39.297Z,The route felt fairly safe with some access to public spaces.,2024-02-23T14:23:39.297Z
52.2863,-1.53189,2.0,2.0,2.0,1.0,2024-02-23T14:33:54.01Z,"Not well lit, round back streets, feels unsafe especially at night",2024-02-23T14:33:54.01Z
52.28668,-1.53731,1.0,1.0,1.0,1.0,2024-02-22T22:46:58.42Z,"This route was terrible - had to go through dark, unlit roads.; This route was terrible - had to go through dark, unlit roads.; This route was terrible - had to go through dark, unlit roads.",2024-02-22T22:46:58.42Z; 2024-02-22T22:46:58.42Z; 2024-02-22T22:46:58.42Z
52.288495,-1.5306291,3.0,4.0,3.0,1.0,2024-02-17T12:46:14.436Z,The route was busy with the public as there were many shops nearby. I think the parade would have been a safer choice.,2024-02-17T12:46:14.436Z
52.28323,-1.53446,3.0,3.0,2.0,1.0,2024-02-17T12:43:29.355Z,"There was a long, isolated road with a lack of lighting on the route.",2024-02-17T12:43:29.355Z
52.28579389999999,-1.5332444,4.0,4.0,4.0,2.0,2024-02-22T22:12:14.045Z,"The route was well lit, busy, with lots of public spaces.",2024-02-22T22:12:14.045Z
52.28214,-1.54747,3.0,4.0,4.0,1.0,2024-02-22T22:42:06.016Z,"The route was busy with the public, but there was a lot of cars which made me feel unsafe at times.",2024-02-22T22:42:06.016Z
52.28655,-1.56064,4.0,3.0,4.0,2.0,2024-02-23T14:40:59.31Z,The walk through the park is nice and busy in the daytime. Felt very safe and was a scenic route.,2024-02-23T14:40:59.31Z
52.28951,-1.55518,2.0,2.0,2.0,3.0,2024-02-23T15:20:43.152Z,The route was isolated as it was far away from shops and any public spaces. The hospital was nearby which made me feel more safe but overall would have preferred a more busy route.,2024-02-23T15:20:43.152Z
52.28714,-1.53329,2.0,2.0,2.0,2.0,2024-02-17T12:41:36.942Z,The route included backstreets which were isolated and there was no lighting in the evening. I felt unsafe on the route.,2024-02-17T12:41:36.942Z
52.28517,-1.55178,4.0,3.0,4.0,2.0,2024-02-23T14:40:59.31Z,The walk through the park is nice and busy in the daytime. Felt very safe and was a scenic route.,2024-02-23T14:40:59.31Z
52.28138,-1.53471,3.0,3.0,2.0,1.0,2024-02-17T12:43:29.355Z,"There was a long, isolated road with a lack of lighting on the route.",2024-02-17T12:43:29.355Z
52.28755,-1.53444,3.0,3.0,2.0,1.0,2024-02-17T12:43:29.355Z,"There was a long, isolated road with a lack of lighting on the route.",2024-02-17T12:43:29.355Z
52.27921,-1.54481,3.0,3.0,2.0,1.0,2024-02-17T12:43:29.355Z,"There was a long, isolated road with a lack of lighting on the route.",2024-02-17T12:43:29.355Z
52.29094,-1.58286,2.5,3.0,3.0,2.0,2024-02-22T22:42:06.016Z; 2024-02-23T15:20:43.152Z,"The route was busy with the public, but there was a lot of cars which made me feel unsafe at times.; The route was isolated as it was far away from shops and any public spaces. The hospital was nearby which made me feel more safe but overall would have preferred a more busy route.",2024-02-22T22:42:06.016Z; 2024-02-23T15:20:43.152Z
52.28741,-1.53865,1.0,1.0,1.0,1.0,2024-02-22T22:46:58.42Z,"This route was terrible - had to go through dark, unlit roads.; This route was terrible - had to go through dark, unlit roads.; This route was terrible - had to go through dark, unlit roads.",2024-02-22T22:46:58.42Z; 2024-02-22T22:46:58.42Z; 2024-02-22T22:46:58.42Z
52.28403,-1.53464,1.0,1.0,1.0,1.0,2024-02-22T22:46:58.42Z,"This route was terrible - had to go through dark, unlit roads.; This route was terrible - had to go through dark, unlit roads.; This route was terrible - had to go through dark, unlit roads.",2024-02-22T22:46:58.42Z; 2024-02-22T22:46:58.42Z; 2024-02-22T22:46:58.42Z
52.28634,-1.56102,4.0,3.0,4.0,2.0,2024-02-23T14:40:59.31Z,The walk through the park is nice and busy in the daytime. Felt very safe and was a scenic route.,2024-02-23T14:40:59.31Z
52.29001,-1.57887,2.0,2.0,2.0,3.0,2024-02-23T15:20:43.152Z,The route was isolated as it was far away from shops and any public spaces. The hospital was nearby which made me feel more safe but overall would have preferred a more busy route.,2024-02-23T15:20:43.152Z
52.28793,-1.5348,3.0,3.0,2.0,1.0,2024-02-17T12:43:29.355Z,"There was a long, isolated road with a lack of lighting on the route.",2024-02-17T12:43:29.355Z
52.28974,-1.54926,2.0,2.0,2.0,3.0,2024-02-23T15:20:43.152Z,The route was isolated as it was far away from shops and any public spaces. The hospital was nearby which made me feel more safe but overall would have preferred a more busy route.,2024-02-23T15:20:43.152Z
52.28796,-1.5668,2.0,2.0,2.0,3.0,2024-02-23T15:20:43.152Z,The route was isolated as it was far away from shops and any public spaces. The hospital was nearby which made me feel more safe but overall would have preferred a more busy route.,2024-02-23T15:20:43.152Z
52.28997,-1.57858,2.5,3.0,3.0,2.0,2024-02-22T22:42:06.016Z; 2024-02-23T15:20:43.152Z,"The route was busy with the public, but there was a lot of cars which made me feel unsafe at times.; The route was isolated as it was far away from shops and any public spaces. The hospital was nearby which made me feel more safe but overall would have preferred a more busy route.",2024-02-22T22:42:06.016Z; 2024-02-23T15:20:43.152Z
52.28838,-1.53065,3.0,2.5,3.0,2.0,2024-02-17T12:41:36.942Z; 2024-02-23T14:40:59.31Z,The route included backstreets which were isolated and there was no lighting in the evening. I felt unsafe on the route.; The walk through the park is nice and busy in the daytime. Felt very safe and was a scenic route.,2024-02-17T12:41:36.942Z; 2024-02-23T14:40:59.31Z
52.27593,-1.51663,3.0,3.0,3.0,1.0,2024-02-23T14:21:02.709Z,"Well-lit street, was quite busy with other members of public.",2024-02-23T14:21:02.709Z
52.28658,-1.56075,4.0,3.0,4.0,2.0,2024-02-23T14:40:59.31Z,The walk through the park is nice and busy in the daytime. Felt very safe and was a scenic route.,2024-02-23T14:40:59.31Z
52.2878584,-1.5363235,3.0,3.0,4.0,2.0,2024-02-23T14:51:25.554Z,"Very well-lit route, the greenery was busy with the public during the afternoons.",2024-02-23T14:51:25.554Z
52.28766,-1.56534,2.5,3.0,3.0,2.0,2024-02-22T22:42:06.016Z; 2024-02-23T15:20:43.152Z,"The route was busy with the public, but there was a lot of cars which made me feel unsafe at times.; The route was isolated as it was far away from shops and any public spaces. The hospital was nearby which made me feel more safe but overall would have preferred a more busy route.",2024-02-22T22:42:06.016Z; 2024-02-23T15:20:43.152Z
52.27444,-1.52549,4.0,4.0,4.0,2.0,2024-02-23T14:23:39.297Z,The route felt fairly safe with some access to public spaces.,2024-02-23T14:23:39.297Z
52.28754,-1.54134,1.0,1.0,1.0,1.0,2024-02-22T22:46:58.42Z,"This route was terrible - had to go through dark, unlit roads.; This route was terrible - had to go through dark, unlit roads.; This route was terrible - had to go through dark, unlit roads.",2024-02-22T22:46:58.42Z; 2024-02-22T22:46:58.42Z; 2024-02-22T22:46:58.42Z
52.28726,-1.56445,3.0,4.0,4.0,1.0,2024-02-22T22:42:06.016Z,"The route was busy with the public, but there was a lot of cars which made me feel unsafe at times.",2024-02-22T22:42:06.016Z
52.28243,-1.53486,3.0,3.0,2.0,1.0,2024-02-17T12:43:29.355Z,"There was a long, isolated road with a lack of lighting on the route.",2024-02-17T12:43:29.355Z
52.27646,-1.52497,3.0,3.0,3.0,1.0,2024-02-23T14:21:02.709Z,"Well-lit street, was quite busy with other members of public.",2024-02-23T14:21:02.709Z
52.28295,-1.55368,3.0,4.0,4.0,1.0,2024-02-22T22:42:06.016Z,"The route was busy with the public, but there was a lot of cars which made me feel unsafe at times.",2024-02-22T22:42:06.016Z
52.28727,-1.53421,4.0,3.0,4.0,2.0,2024-02-23T14:40:59.31Z,The walk through the park is nice and busy in the daytime. Felt very safe and was a scenic route.,2024-02-23T14:40:59.31Z
52.29093,-1.58276,3.0,4.0,4.0,1.0,2024-02-22T22:42:06.016Z,"The route was busy with the public, but there was a lot of cars which made me feel unsafe at times.",2024-02-22T22:42:06.016Z
52.28959,-1.55341,2.0,2.0,2.0,3.0,2024-02-23T15:20:43.152Z,The route was isolated as it was far away from shops and any public spaces. The hospital was nearby which made me feel more safe but overall would have preferred a more busy route.,2024-02-23T15:20:43.152Z
52.29353,-1.53805,2.0,3.0,2.0,2.0,2024-02-22T22:19:36.302Z,"The route was fairly well-lit, but it was quite far from  the main high street so I felt less safe.",2024-02-22T22:19:36.302Z
52.28657,-1.52949,2.0,2.0,2.0,1.0,2024-02-23T14:33:54.01Z,"Not well lit, round back streets, feels unsafe especially at night",2024-02-23T14:33:54.01Z
52.27424,-1.525,4.0,4.0,4.0,2.0,2024-02-23T14:23:39.297Z,The route felt fairly safe with some access to public spaces.,2024-02-23T14:23:39.297Z
52.28796939999999,-1.5362706,3.0,3.0,4.0,2.0,2024-02-23T14:51:25.554Z,"Very well-lit route, the greenery was busy with the public during the afternoons.",2024-02-23T14:51:25.554Z
52.2896,-1.55306,2.0,2.0,2.0,3.0,2024-02-23T15:20:43.152Z,The route was isolated as it was far away from shops and any public spaces. The hospital was nearby which made me feel more safe but overall would have preferred a more busy route.,2024-02-23T15:20:43.152Z
52.29019,-1.58442,2.5,3.0,3.0,2.0,2024-02-22T22:42:06.016Z; 2024-02-23T15:20:43.152Z,"The route was busy with the public, but there was a lot of cars which made me feel unsafe at times.; The route was isolated as it was far away from shops and any public spaces. The hospital was nearby which made me feel more safe but overall would have preferred a more busy route.",2024-02-22T22:42:06.016Z; 2024-02-23T15:20:43.152Z
52.2885,-1.53063,3.0,2.5,3.0,2.0,2024-02-17T12:41:36.942Z; 2024-02-23T14:40:59.31Z,The route included backstreets which were isolated and there was no lighting in the evening. I felt unsafe on the route.; The walk through the park is nice and busy in the daytime. Felt very safe and was a scenic route.,2024-02-17T12:41:36.942Z; 2024-02-23T14:40:59.31Z
52.28439,-1.55596,3.0,4.0,4.0,1.0,2024-02-22T22:42:06.016Z,"The route was busy with the public, but there was a lot of cars which made me feel unsafe at times.",2024-02-22T22:42:06.016Z
52.28711,-1.54778,4.0,3.0,4.0,2.0,2024-02-23T14:40:59.31Z,The walk through the park is nice and busy in the daytime. Felt very safe and was a scenic route.,2024-02-23T14:40:59.31Z
52.2847851,-1.5325758,4.0,4.0,4.0,2.0,2024-02-17T11:05:16.076Z,"The route was short on a public street, with people around. I felt safe overall - especially as it's the daytime.",2024-02-17T11:05:16.076Z
52.28815,-1.56762,2.0,2.0,2.0,3.0,2024-02-23T15:20:43.152Z,The route was isolated as it was far away from shops and any public spaces. The hospital was nearby which made me feel more safe but overall would have preferred a more busy route.,2024-02-23T15:20:43.152Z
52.28413,-1.53464,1.0,1.0,1.0,1.0,2024-02-22T22:46:58.42Z,"This route was terrible - had to go through dark, unlit roads.; This route was terrible - had to go through dark, unlit roads.; This route was terrible - had to go through dark, unlit roads.",2024-02-22T22:46:58.42Z; 2024-02-22T22:46:58.42Z; 2024-02-22T22:46:58.42Z
52.28816,-1.53619,2.0,2.0,2.0,1.0,2024-02-22T22:15:08.809Z,"There was little lighting when we walked through the park, felt very unsafe.",2024-02-22T22:15:08.809Z
52.28731,-1.56472,3.0,4.0,4.0,1.0,2024-02-22T22:42:06.016Z,"The route was busy with the public, but there was a lot of cars which made me feel unsafe at times.",2024-02-22T22:42:06.016Z
52.2742,-1.52487,4.0,4.0,4.0,2.0,2024-02-23T14:23:39.297Z,The route felt fairly safe with some access to public spaces.,2024-02-23T14:23:39.297Z
52.28506,-1.53357,2.0,2.0,2.0,2.0,2024-02-17T12:41:36.942Z,The route included backstreets which were isolated and there was no lighting in the evening. I felt unsafe on the route.,2024-02-17T12:41:36.942Z
52.27472,-1.52606,4.0,4.0,4.0,2.0,2024-02-23T14:23:39.297Z,The route felt fairly safe with some access to public spaces.,2024-02-23T14:23:39.297Z
52.29071,-1.58299,2.5,3.0,3.0,2.0,2024-02-22T22:42:06.016Z; 2024-02-23T15:20:43.152Z,"The route was busy with the public, but there was a lot of cars which made me feel unsafe at times.; The route was isolated as it was far away from shops and any public spaces. The hospital was nearby which made me feel more safe but overall would have preferred a more busy route.",2024-02-22T22:42:06.016Z; 2024-02-23T15:20:43.152Z
52.27957,-1.5459,3.0,3.0,2.0,1.0,2024-02-17T12:43:29.355Z,"There was a long, isolated road with a lack of lighting on the route.",2024-02-17T12:43:29.355Z
52.29139,-1.5783,2.5,3.0,3.0,2.0,2024-02-22T22:42:06.016Z; 2024-02-23T15:20:43.152Z,"The route was busy with the public, but there was a lot of cars which made me feel unsafe at times.; The route was isolated as it was far away from shops and any public spaces. The hospital was nearby which made me feel more safe but overall would have preferred a more busy route.",2024-02-22T22:42:06.016Z; 2024-02-23T15:20:43.152Z
52.28969,-1.55079,2.0,2.0,2.0,3.0,2024-02-23T15:20:43.152Z,The route was isolated as it was far away from shops and any public spaces. The hospital was nearby which made me feel more safe but overall would have preferred a more busy route.,2024-02-23T15:20:43.152Z
52.28459,-1.55636,3.0,4.0,4.0,1.0,2024-02-22T22:42:06.016Z,"The route was busy with the public, but there was a lot of cars which made me feel unsafe at times.",2024-02-22T22:42:06.016Z
52.286249,-1.540875,3.0,2.0,2.0,1.0,2024-02-22T22:41:33.731Z,Walking near the park at night meant there was little lighting and no access to public spaces.,2024-02-22T22:41:33.731Z
52.2902,-1.5387,2.0,2.0,2.0,3.0,2024-02-23T15:20:43.152Z,The route was isolated as it was far away from shops and any public spaces. The hospital was nearby which made me feel more safe but overall would have preferred a more busy route.,2024-02-23T15:20:43.152Z
52.27633,-1.51851,3.0,3.0,3.0,1.0,2024-02-23T14:21:02.709Z,"Well-lit street, was quite busy with other members of public.",2024-02-23T14:21:02.709Z
52.28821,-1.56298,2.0,2.0,2.0,3.0,2024-02-23T15:20:43.152Z,The route was isolated as it was far away from shops and any public spaces. The hospital was nearby which made me feel more safe but overall would have preferred a more busy route.,2024-02-23T15:20:43.152Z
52.28594,-1.54932,4.0,3.0,4.0,2.0,2024-02-23T14:40:59.31Z,The walk through the park is nice and busy in the daytime. Felt very safe and was a scenic route.,2024-02-23T14:40:59.31Z
52.28724,-1.53434,2.0,2.0,2.0,1.0,2024-02-22T22:15:08.809Z,"There was little lighting when we walked through the park, felt very unsafe.",2024-02-22T22:15:08.809Z
52.27432,-1.52477,4.0,4.0,4.0,2.0,2024-02-23T14:23:39.297Z,The route felt fairly safe with some access to public spaces.,2024-02-23T14:23:39.297Z
52.27585,-1.51667,3.0,3.0,3.0,1.0,2024-02-23T14:21:02.709Z,"Well-lit street, was quite busy with other members of public.",2024-02-23T14:21:02.709Z
52.28726,-1.53345,4.0,3.0,4.0,2.0,2024-02-23T14:40:59.31Z,The walk through the park is nice and busy in the daytime. Felt very safe and was a scenic route.,2024-02-23T14:40:59.31Z
52.28904,-1.53767,2.0,3.0,2.0,2.0,2024-02-22T22:19:36.302Z,"The route was fairly well-lit, but it was quite far from  the main high street so I felt less safe.",2024-02-22T22:19:36.302Z
52.2914,-1.57826,3.0,4.0,4.0,1.0,2024-02-22T22:42:06.016Z,"The route was busy with the public, but there was a lot of cars which made me feel unsafe at times.",2024-02-22T22:42:06.016Z
52.2758,-1.52685,4.0,4.0,4.0,2.0,2024-02-23T14:23:39.297Z,The route felt fairly safe with some access to public spaces.,2024-02-23T14:23:39.297Z
52.28699,-1.53323,2.0,2.0,2.0,2.0,2024-02-17T12:41:36.942Z,The route included backstreets which were isolated and there was no lighting in the evening. I felt unsafe on the route.,2024-02-17T12:41:36.942Z
52.28511,-1.53628,1.0,1.0,1.0,1.0,2024-02-22T22:46:58.42Z,"This route was terrible - had to go through dark, unlit roads.; This route was terrible - had to go through dark, unlit roads.; This route was terrible - had to go through dark, unlit roads.",2024-02-22T22:46:58.42Z; 2024-02-22T22:46:58.42Z; 2024-02-22T22:46:58.42Z
52.2863,-1.56011,4.0,3.0,4.0,2.0,2024-02-23T14:40:59.31Z,The walk through the park is nice and busy in the daytime. Felt very safe and was a scenic route.,2024-02-23T14:40:59.31Z
52.29021,-1.5418,2.0,2.0,2.0,3.0,2024-02-23T15:20:43.152Z,The route was isolated as it was far away from shops and any public spaces. The hospital was nearby which made me feel more safe but overall would have preferred a more busy route.,2024-02-23T15:20:43.152Z
52.28659,-1.53338,3.0,3.0,2.0,1.0,2024-02-17T12:43:29.355Z,"There was a long, isolated road with a lack of lighting on the route.",2024-02-17T12:43:29.355Z
52.28724,-1.53554,4.0,3.0,4.0,2.0,2024-02-23T14:40:59.31Z,The walk through the park is nice and busy in the daytime. Felt very safe and was a scenic route.,2024-02-23T14:40:59.31Z
52.2854,-1.56318,4.0,3.0,4.0,2.0,2024-02-23T14:40:59.31Z,The walk through the park is nice and busy in the daytime. Felt very safe and was a scenic route.,2024-02-23T14:40:59.31Z
52.28751,-1.53444,3.0,3.0,2.0,1.0,2024-02-17T12:43:29.355Z,"There was a long, isolated road with a lack of lighting on the route.",2024-02-17T12:43:29.355Z
52.27645,-1.52624,3.0,3.0,3.0,1.0,2024-02-23T14:21:02.709Z,"Well-lit street, was quite busy with other members of public.",2024-02-23T14:21:02.709Z
52.28674,-1.52441,2.0,2.0,2.0,1.0,2024-02-23T14:33:54.01Z,"Not well lit, round back streets, feels unsafe especially at night",2024-02-23T14:33:54.01Z
52.28526,-1.53365,2.0,2.0,2.0,2.0,2024-02-17T12:41:36.942Z,The route included backstreets which were isolated and there was no lighting in the evening. I felt unsafe on the route.,2024-02-17T12:41:36.942Z
52.27587,-1.51677,3.0,3.0,3.0,1.0,2024-02-23T14:21:02.709Z,"Well-lit street, was quite busy with other members of public.",2024-02-23T14:21:02.709Z
52.28801,-1.53938,4.0,3.0,4.0,2.0,2024-02-23T14:40:59.31Z,The walk through the park is nice and busy in the daytime. Felt very safe and was a scenic route.,2024-02-23T14:40:59.31Z
52.28211,-1.54772,3.0,4.0,4.0,1.0,2024-02-22T22:42:06.016Z,"The route was busy with the public, but there was a lot of cars which made me feel unsafe at times.",2024-02-22T22:42:06.016Z
52.2931277,-1.5359592,3.0,4.0,3.0,1.0,2024-02-17T12:46:14.436Z,The route was busy with the public as there were many shops nearby. I think the parade would have been a safer choice.,2024-02-17T12:46:14.436Z
52.28429,-1.53484,1.0,1.0,1.0,1.0,2024-02-22T22:46:58.42Z,"This route was terrible - had to go through dark, unlit roads.; This route was terrible - had to go through dark, unlit roads.; This route was terrible - had to go through dark, unlit roads.",2024-02-22T22:46:58.42Z; 2024-02-22T22:46:58.42Z; 2024-02-22T22:46:58.42Z
52.28785,-1.53471,3.0,3.0,2.0,1.0,2024-02-17T12:43:29.355Z,"There was a long, isolated road with a lack of lighting on the route.",2024-02-17T12:43:29.355Z
52.29134,-1.57799,2.0,2.0,2.0,3.0,2024-02-23T15:20:43.152Z,The route was isolated as it was far away from shops and any public spaces. The hospital was nearby which made me feel more safe but overall would have preferred a more busy route.,2024-02-23T15:20:43.152Z
52.28646,-1.56055,4.0,3.0,4.0,2.0,2024-02-23T14:40:59.31Z,The walk through the park is nice and busy in the daytime. Felt very safe and was a scenic route.,2024-02-23T14:40:59.31Z
52.29051,-1.58014,2.5,3.0,3.0,2.0,2024-02-22T22:42:06.016Z; 2024-02-23T15:20:43.152Z,"The route was busy with the public, but there was a lot of cars which made me feel unsafe at times.; The route was isolated as it was far away from shops and any public spaces. The hospital was nearby which made me feel more safe but overall would have preferred a more busy route.",2024-02-22T22:42:06.016Z; 2024-02-23T15:20:43.152Z
52.2861809,-1.5318264,2.5,2.5,3.0,1.0,2024-02-23T14:16:47.163Z; 2024-02-23T14:19:31.393Z,There were many public spaces on the route; The route included some isolated streets that were very dark. I felt unsafe especially as I was alone.,2024-02-23T14:16:47.163Z; 2024-02-23T14:19:31.393Z
52.28821,-1.53106,2.0,2.0,2.0,2.0,2024-02-17T12:41:36.942Z,The route included backstreets which were isolated and there was no lighting in the evening. I felt unsafe on the route.,2024-02-17T12:41:36.942Z
52.28337,-1.53438,3.0,3.0,2.0,1.0,2024-02-17T12:43:29.355Z,"There was a long, isolated road with a lack of lighting on the route.",2024-02-17T12:43:29.355Z
52.2885,-1.56897,3.0,4.0,4.0,1.0,2024-02-22T22:42:06.016Z,"The route was busy with the public, but there was a lot of cars which made me feel unsafe at times.",2024-02-22T22:42:06.016Z
52.28621,-1.54867,4.0,3.0,4.0,2.0,2024-02-23T14:40:59.31Z,The walk through the park is nice and busy in the daytime. Felt very safe and was a scenic route.,2024-02-23T14:40:59.31Z
52.28254,-1.55011,3.0,4.0,4.0,1.0,2024-02-22T22:42:06.016Z,"The route was busy with the public, but there was a lot of cars which made me feel unsafe at times.",2024-02-22T22:42:06.016Z
52.28644,-1.56319,4.0,3.0,4.0,2.0,2024-02-23T14:40:59.31Z,The walk through the park is nice and busy in the daytime. Felt very safe and was a scenic route.,2024-02-23T14:40:59.31Z
52.28426,-1.53476,1.0,1.0,1.0,1.0,2024-02-22T22:46:58.42Z,"This route was terrible - had to go through dark, unlit roads.; This route was terrible - had to go through dark, unlit roads.; This route was terrible - had to go through dark, unlit roads.",2024-02-22T22:46:58.42Z; 2024-02-22T22:46:58.42Z; 2024-02-22T22:46:58.42Z
52.281047,-1.5446566,2.0,2.0,2.0,1.0,2024-02-18T11:07:37.513Z; 2024-02-18T11:07:37.513Z,"On route there was a road which had no street lighting and felt very unsafe. It was residential, but there was no access to public spaces.",2024-02-18T11:07:37.513Z
52.28726,-1.53821,1.0,1.0,1.0,1.0,2024-02-22T22:46:58.42Z,"This route was terrible - had to go through dark, unlit roads.; This route was terrible - had to go through dark, unlit roads.; This route was terrible - had to go through dark, unlit roads.",2024-02-22T22:46:58.42Z; 2024-02-22T22:46:58.42Z; 2024-02-22T22:46:58.42Z
52.28761,-1.54672,4.0,3.0,4.0,2.0,2024-02-23T14:40:59.31Z,The walk through the park is nice and busy in the daytime. Felt very safe and was a scenic route.,2024-02-23T14:40:59.31Z
52.28689,-1.53364,2.0,2.0,2.0,1.0,2024-02-22T22:15:08.809Z,"There was little lighting when we walked through the park, felt very unsafe.",2024-02-22T22:15:08.809Z
52.2874242,-1.5356918,3.0,3.0,4.0,2.0,2024-02-23T14:51:25.554Z,"Very well-lit route, the greenery was busy with the public during the afternoons.",2024-02-23T14:51:25.554Z
52.290212,-1.5418035,3.0,3.0,2.0,3.0,2024-02-23T15:18:39.203Z,"The route was residential, making me feel at ease.",2024-02-23T15:18:39.203Z
52.28959,-1.55343,2.0,2.0,2.0,3.0,2024-02-23T15:20:43.152Z,The route was isolated as it was far away from shops and any public spaces. The hospital was nearby which made me feel more safe but overall would have preferred a more busy route.,2024-02-23T15:20:43.152Z
52.29094,-1.58259,2.0,2.0,2.0,3.0,2024-02-23T15:20:43.152Z,The route was isolated as it was far away from shops and any public spaces. The hospital was nearby which made me feel more safe but overall would have preferred a more busy route.,2024-02-23T15:20:43.152Z
52.28819,-1.54012,4.0,3.0,4.0,2.0,2024-02-23T14:40:59.31Z,The walk through the park is nice and busy in the daytime. Felt very safe and was a scenic route.,2024-02-23T14:40:59.31Z
52.28787,-1.5663,3.0,4.0,4.0,1.0,2024-02-22T22:42:06.016Z,"The route was busy with the public, but there was a lot of cars which made me feel unsafe at times.",2024-02-22T22:42:06.016Z
52.27646,-1.51919,3.0,3.0,3.0,1.0,2024-02-23T14:21:02.709Z,"Well-lit street, was quite busy with other members of public.",2024-02-23T14:21:02.709Z
52.29054,-1.57827,2.0,2.0,2.0,3.0,2024-02-23T15:20:43.152Z,The route was isolated as it was far away from shops and any public spaces. The hospital was nearby which made me feel more safe but overall would have preferred a more busy route.,2024-02-23T15:20:43.152Z
52.28819,-1.5403,4.0,3.0,4.0,2.0,2024-02-23T14:40:59.31Z,The walk through the park is nice and busy in the daytime. Felt very safe and was a scenic route.,2024-02-23T14:40:59.31Z
52.28784,-1.56382,2.0,2.0,2.0,3.0,2024-02-23T15:20:43.152Z,The route was isolated as it was far away from shops and any public spaces. The hospital was nearby which made me feel more safe but overall would have preferred a more busy route.,2024-02-23T15:20:43.152Z
52.27586,-1.51665,3.0,3.0,3.0,1.0,2024-02-23T14:21:02.709Z,"Well-lit street, was quite busy with other members of public.",2024-02-23T14:21:02.709Z
52.28658,-1.56061,4.0,3.0,4.0,2.0,2024-02-23T14:40:59.31Z,The walk through the park is nice and busy in the daytime. Felt very safe and was a scenic route.,2024-02-23T14:40:59.31Z
52.28757,-1.5382,4.0,3.0,4.0,2.0,2024-02-23T14:40:59.31Z,The walk through the park is nice and busy in the daytime. Felt very safe and was a scenic route.,2024-02-23T14:40:59.31Z
52.2961,-1.53742,2.0,3.0,2.0,2.0,2024-02-22T22:19:36.302Z,"The route was fairly well-lit, but it was quite far from  the main high street so I felt less safe.",2024-02-22T22:19:36.302Z
52.28793,-1.5667,3.0,4.0,4.0,1.0,2024-02-22T22:42:06.016Z,"The route was busy with the public, but there was a lot of cars which made me feel unsafe at times.",2024-02-22T22:42:06.016Z
52.2902,-1.53805,2.0,3.0,2.0,2.0,2024-02-22T22:19:36.302Z,"The route was fairly well-lit, but it was quite far from  the main high street so I felt less safe.",2024-02-22T22:19:36.302Z
52.28455,-1.53545,1.0,1.0,1.0,1.0,2024-02-22T22:46:58.42Z,"This route was terrible - had to go through dark, unlit roads.; This route was terrible - had to go through dark, unlit roads.; This route was terrible - had to go through dark, unlit roads.",2024-02-22T22:46:58.42Z; 2024-02-22T22:46:58.42Z; 2024-02-22T22:46:58.42Z
52.27632,-1.52168,3.0,3.0,3.0,1.0,2024-02-23T14:21:02.709Z,"Well-lit street, was quite busy with other members of public.",2024-02-23T14:21:02.709Z
52.27517,-1.52654,4.0,4.0,4.0,2.0,2024-02-23T14:23:39.297Z,The route felt fairly safe with some access to public spaces.,2024-02-23T14:23:39.297Z
52.28442,-1.5352,1.0,1.0,1.0,1.0,2024-02-22T22:46:58.42Z,"This route was terrible - had to go through dark, unlit roads.; This route was terrible - had to go through dark, unlit roads.; This route was terrible - had to go through dark, unlit roads.",2024-02-22T22:46:58.42Z; 2024-02-22T22:46:58.42Z; 2024-02-22T22:46:58.42Z
52.29015,-1.57997,2.5,3.0,3.0,2.0,2024-02-22T22:42:06.016Z; 2024-02-23T15:20:43.152Z,"The route was busy with the public, but there was a lot of cars which made me feel unsafe at times.; The route was isolated as it was far away from shops and any public spaces. The hospital was nearby which made me feel more safe but overall would have preferred a more busy route.",2024-02-22T22:42:06.016Z; 2024-02-23T15:20:43.152Z
52.28573,-1.53308,2.0,2.0,2.0,1.5,2024-02-17T12:41:36.942Z; 2024-02-22T22:15:08.809Z,"The route included backstreets which were isolated and there was no lighting in the evening. I felt unsafe on the route.; There was little lighting when we walked through the park, felt very unsafe.",2024-02-17T12:41:36.942Z; 2024-02-22T22:15:08.809Z
52.29081,-1.58309,2.5,3.0,3.0,2.0,2024-02-22T22:42:06.016Z; 2024-02-23T15:20:43.152Z,"The route was busy with the public, but there was a lot of cars which made me feel unsafe at times.; The route was isolated as it was far away from shops and any public spaces. The hospital was nearby which made me feel more safe but overall would have preferred a more busy route.",2024-02-22T22:42:06.016Z; 2024-02-23T15:20:43.152Z
52.28486,-1.55428,4.0,3.0,4.0,2.0,2024-02-23T14:40:59.31Z,The walk through the park is nice and busy in the daytime. Felt very safe and was a scenic route.,2024-02-23T14:40:59.31Z
52.27593,-1.52691,4.0,4.0,4.0,2.0,2024-02-23T14:23:39.297Z,The route felt fairly safe with some access to public spaces.,2024-02-23T14:23:39.297Z
52.28947,-1.5725,2.0,2.0,2.0,3.0,2024-02-23T15:20:43.152Z,The route was isolated as it was far away from shops and any public spaces. The hospital was nearby which made me feel more safe but overall would have preferred a more busy route.,2024-02-23T15:20:43.152Z
52.29114,-1.57753,3.0,4.0,4.0,1.0,2024-02-22T22:42:06.016Z,"The route was busy with the public, but there was a lot of cars which made me feel unsafe at times.",2024-02-22T22:42:06.016Z
52.28646,-1.56076,4.0,3.0,4.0,2.0,2024-02-23T14:40:59.31Z,The walk through the park is nice and busy in the daytime. Felt very safe and was a scenic route.,2024-02-23T14:40:59.31Z
52.28525,-1.53662,1.0,1.0,1.0,1.0,2024-02-22T22:46:58.42Z,"This route was terrible - had to go through dark, unlit roads.; This route was terrible - had to go through dark, unlit roads.; This route was terrible - had to go through dark, unlit roads.",2024-02-22T22:46:58.42Z; 2024-02-22T22:46:58.42Z; 2024-02-22T22:46:58.42Z
52.28805,-1.5349,3.0,3.0,2.0,1.0,2024-02-17T12:43:29.355Z,"There was a long, isolated road with a lack of lighting on the route.",2024-02-17T12:43:29.355Z
52.29078,-1.57815,3.0,4.0,4.0,1.0,2024-02-22T22:42:06.016Z,"The route was busy with the public, but there was a lot of cars which made me feel unsafe at times.",2024-02-22T22:42:06.016Z
52.28248,-1.55028,3.0,4.0,4.0,1.0,2024-02-22T22:42:06.016Z,"The route was busy with the public, but there was a lot of cars which made me feel unsafe at times.",2024-02-22T22:42:06.016Z
52.27598,-1.51715,3.0,3.0,3.0,1.0,2024-02-23T14:21:02.709Z,"Well-lit street, was quite busy with other members of public.",2024-02-23T14:21:02.709Z
52.28782,-1.56596,2.0,2.0,2.0,3.0,2024-02-23T15:20:43.152Z,The route was isolated as it was far away from shops and any public spaces. The hospital was nearby which made me feel more safe but overall would have preferred a more busy route.,2024-02-23T15:20:43.152Z
52.28494,-1.55356,4.0,3.0,4.0,2.0,2024-02-23T14:40:59.31Z,The walk through the park is nice and busy in the daytime. Felt very safe and was a scenic route.,2024-02-23T14:40:59.31Z
52.28503,-1.53355,2.0,2.0,2.0,2.0,2024-02-17T12:41:36.942Z,The route included backstreets which were isolated and there was no lighting in the evening. I felt unsafe on the route.,2024-02-17T12:41:36.942Z
52.28474,-1.53544,1.0,1.0,1.0,1.0,2024-02-22T22:46:58.42Z,"This route was terrible - had to go through dark, unlit roads.; This route was terrible - had to go through dark, unlit roads.; This route was terrible - had to go through dark, unlit roads.",2024-02-22T22:46:58.42Z; 2024-02-22T22:46:58.42Z; 2024-02-22T22:46:58.42Z
52.29131,-1.53673,2.0,2.0,2.0,1.0,2024-02-22T22:15:08.809Z,"There was little lighting when we walked through the park, felt very unsafe.",2024-02-22T22:15:08.809Z
52.28964,-1.55163,2.0,2.0,2.0,3.0,2024-02-23T15:20:43.152Z,The route was isolated as it was far away from shops and any public spaces. The hospital was nearby which made me feel more safe but overall would have preferred a more busy route.,2024-02-23T15:20:43.152Z
52.27608,-1.51758,3.0,3.0,3.0,1.0,2024-02-23T14:21:02.709Z,"Well-lit street, was quite busy with other members of public.",2024-02-23T14:21:02.709Z
52.2792974,-1.5298098,2.5,2.5,3.0,1.0,2024-02-23T14:16:47.163Z; 2024-02-23T14:19:31.393Z,There were many public spaces on the route; The route included some isolated streets that were very dark. I felt unsafe especially as I was alone.,2024-02-23T14:16:47.163Z; 2024-02-23T14:19:31.393Z
52.28779,-1.53467,3.0,3.0,2.0,1.0,2024-02-17T12:43:29.355Z,"There was a long, isolated road with a lack of lighting on the route.",2024-02-17T12:43:29.355Z
52.27968,-1.54216,3.0,3.0,2.0,1.0,2024-02-17T12:43:29.355Z,"There was a long, isolated road with a lack of lighting on the route.",2024-02-17T12:43:29.355Z
52.2857262,-1.5330768,3.5,3.5,4.5,2.0,2024-02-22T22:15:29.969Z; 2024-02-22T22:18:23.88Z,"This route was very well-lit, with lots of access to shops if needed. Many people were walking around even though it's dark.; The route had lots of public spaces available so I felt at ease.",2024-02-22T22:15:29.969Z; 2024-02-22T22:18:23.88Z
52.286249,-1.526155,2.0,2.0,2.0,1.0,2024-02-23T14:32:55.396Z,Very poorly lit route. Felt unsafe and was far away from the public and main roads.,2024-02-23T14:32:55.396Z
52.27435,-1.52474,4.0,4.0,4.0,2.0,2024-02-23T14:23:39.297Z,The route felt fairly safe with some access to public spaces.,2024-02-23T14:23:39.297Z
52.2873121,-1.5357703,3.0,3.0,4.0,2.0,2024-02-23T14:51:25.554Z,"Very well-lit route, the greenery was busy with the public during the afternoons.",2024-02-23T14:51:25.554Z
52.2909716,-1.5830234,3.0,2.0,2.0,1.0,2024-02-22T22:41:33.731Z,Walking near the park at night meant there was little lighting and no access to public spaces.,2024-02-22T22:41:33.731Z
52.28506,-1.53542,1.0,1.0,1.0,1.0,2024-02-22T22:46:58.42Z,"This route was terrible - had to go through dark, unlit roads.; This route was terrible - had to go through dark, unlit roads.; This route was terrible - had to go through dark, unlit roads.",2024-02-22T22:46:58.42Z; 2024-02-22T22:46:58.42Z; 2024-02-22T22:46:58.42Z
52.28678,-1.54828,4.0,3.0,4.0,2.0,2024-02-23T14:40:59.31Z,The walk through the park is nice and busy in the daytime. Felt very safe and was a scenic route.,2024-02-23T14:40:59.31Z
52.28603,-1.53736,1.0,1.0,1.0,1.0,2024-02-22T22:46:58.42Z,"This route was terrible - had to go through dark, unlit roads.; This route was terrible - had to go through dark, unlit roads.; This route was terrible - had to go through dark, unlit roads.",2024-02-22T22:46:58.42Z; 2024-02-22T22:46:58.42Z; 2024-02-22T22:46:58.42Z
52.27966,-1.5453,3.0,3.0,2.0,1.0,2024-02-17T12:43:29.355Z,"There was a long, isolated road with a lack of lighting on the route.",2024-02-17T12:43:29.355Z
52.29134,-1.57822,2.5,3.0,3.0,2.0,2024-02-22T22:42:06.016Z; 2024-02-23T15:20:43.152Z,"The route was busy with the public, but there was a lot of cars which made me feel unsafe at times.; The route was isolated as it was far away from shops and any public spaces. The hospital was nearby which made me feel more safe but overall would have preferred a more busy route.",2024-02-22T22:42:06.016Z; 2024-02-23T15:20:43.152Z
52.29141,-1.57826,2.0,2.0,2.0,3.0,2024-02-23T15:20:43.152Z,The route was isolated as it was far away from shops and any public spaces. The hospital was nearby which made me feel more safe but overall would have preferred a more busy route.,2024-02-23T15:20:43.152Z
52.28603,-1.55937,3.0,4.0,4.0,1.0,2024-02-22T22:42:06.016Z,"The route was busy with the public, but there was a lot of cars which made me feel unsafe at times.",2024-02-22T22:42:06.016Z
52.28903,-1.53796,2.0,3.0,2.0,2.0,2024-02-22T22:19:36.302Z,"The route was fairly well-lit, but it was quite far from  the main high street so I felt less safe.",2024-02-22T22:19:36.302Z
52.28755,-1.53914,1.0,1.0,1.0,1.0,2024-02-22T22:46:58.42Z,"This route was terrible - had to go through dark, unlit roads.; This route was terrible - had to go through dark, unlit roads.; This route was terrible - had to go through dark, unlit roads.",2024-02-22T22:46:58.42Z; 2024-02-22T22:46:58.42Z; 2024-02-22T22:46:58.42Z
52.28903,-1.53799,2.0,3.0,2.0,2.0,2024-02-22T22:19:36.302Z,"The route was fairly well-lit, but it was quite far from  the main high street so I felt less safe.",2024-02-22T22:19:36.302Z
52.2912,-1.53811,2.0,3.0,2.0,2.0,2024-02-22T22:19:36.302Z,"The route was fairly well-lit, but it was quite far from  the main high street so I felt less safe.",2024-02-22T22:19:36.302Z
52.2858,-1.53649,1.0,1.0,1.0,1.0,2024-02-22T22:46:58.42Z,"This route was terrible - had to go through dark, unlit roads.; This route was terrible - had to go through dark, unlit roads.; This route was terrible - had to go through dark, unlit roads.",2024-02-22T22:46:58.42Z; 2024-02-22T22:46:58.42Z; 2024-02-22T22:46:58.42Z
52.28248,-1.55215,3.0,4.0,4.0,1.0,2024-02-22T22:42:06.016Z,"The route was busy with the public, but there was a lot of cars which made me feel unsafe at times.",2024-02-22T22:42:06.016Z
52.28264,-1.55111,3.0,4.0,4.0,1.0,2024-02-22T22:42:06.016Z,"The route was busy with the public, but there was a lot of cars which made me feel unsafe at times.",2024-02-22T22:42:06.016Z
52.28793,-1.53478,3.0,3.0,2.0,1.0,2024-02-17T12:43:29.355Z,"There was a long, isolated road with a lack of lighting on the route.",2024-02-17T12:43:29.355Z
52.27919,-1.5457,3.0,3.0,2.0,1.0,2024-02-17T12:43:29.355Z,"There was a long, isolated road with a lack of lighting on the route.",2024-02-17T12:43:29.355Z
52.28217,-1.54919,3.0,4.0,4.0,1.0,2024-02-22T22:42:06.016Z,"The route was busy with the public, but there was a lot of cars which made me feel unsafe at times.",2024-02-22T22:42:06.016Z
52.27606,-1.52694,4.0,4.0,4.0,2.0,2024-02-23T14:23:39.297Z,The route felt fairly safe with some access to public spaces.,2024-02-23T14:23:39.297Z
52.27962,-1.54523,3.0,3.0,2.0,1.0,2024-02-17T12:43:29.355Z,"There was a long, isolated road with a lack of lighting on the route.",2024-02-17T12:43:29.355Z
52.28483,-1.55438,4.0,3.0,4.0,2.0,2024-02-23T14:40:59.31Z,The walk through the park is nice and busy in the daytime. Felt very safe and was a scenic route.,2024-02-23T14:40:59.31Z
52.28807,-1.5438,4.0,3.0,4.0,2.0,2024-02-23T14:40:59.31Z,The walk through the park is nice and busy in the daytime. Felt very safe and was a scenic route.,2024-02-23T14:40:59.31Z
52.28581699999999,-1.5330837,4.0,4.0,4.0,2.0,2024-02-22T22:12:14.045Z,"The route was well lit, busy, with lots of public spaces.",2024-02-22T22:12:14.045Z
52.2852,-1.53652,1.0,1.0,1.0,1.0,2024-02-22T22:46:58.42Z,"This route was terrible - had to go through dark, unlit roads.; This route was terrible - had to go through dark, unlit roads.; This route was terrible - had to go through dark, unlit roads.",2024-02-22T22:46:58.42Z; 2024-02-22T22:46:58.42Z; 2024-02-22T22:46:58.42Z
52.2871,-1.53666,4.0,3.0,4.0,2.0,2024-02-23T14:40:59.31Z,The walk through the park is nice and busy in the daytime. Felt very safe and was a scenic route.,2024-02-23T14:40:59.31Z
52.2894565,-1.5591778,3.0,3.0,2.0,3.0,2024-02-23T15:18:39.203Z,"The route was residential, making me feel at ease.",2024-02-23T15:18:39.203Z
52.28959,-1.55338,2.0,2.0,2.0,3.0,2024-02-23T15:20:43.152Z,The route was isolated as it was far away from shops and any public spaces. The hospital was nearby which made me feel more safe but overall would have preferred a more busy route.,2024-02-23T15:20:43.152Z
52.28945,-1.55792,2.0,2.0,2.0,3.0,2024-02-23T15:20:43.152Z,The route was isolated as it was far away from shops and any public spaces. The hospital was nearby which made me feel more safe but overall would have preferred a more busy route.,2024-02-23T15:20:43.152Z
52.28699,-1.53319,2.0,2.0,2.0,2.0,2024-02-17T12:41:36.942Z,The route included backstreets which were isolated and there was no lighting in the evening. I felt unsafe on the route.,2024-02-17T12:41:36.942Z
52.291387,-1.5783038,3.0,2.0,2.0,1.0,2024-02-22T22:41:33.731Z,Walking near the park at night meant there was little lighting and no access to public spaces.,2024-02-22T22:41:33.731Z
52.28946,-1.55918,2.0,2.0,2.0,3.0,2024-02-23T15:20:43.152Z,The route was isolated as it was far away from shops and any public spaces. The hospital was nearby which made me feel more safe but overall would have preferred a more busy route.,2024-02-23T15:20:43.152Z
52.28788,-1.56643,2.0,2.0,2.0,3.0,2024-02-23T15:20:43.152Z,The route was isolated as it was far away from shops and any public spaces. The hospital was nearby which made me feel more safe but overall would have preferred a more busy route.,2024-02-23T15:20:43.152Z
52.2896,-1.55258,2.0,2.0,2.0,3.0,2024-02-23T15:20:43.152Z,The route was isolated as it was far away from shops and any public spaces. The hospital was nearby which made me feel more safe but overall would have preferred a more busy route.,2024-02-23T15:20:43.152Z
52.2854,-1.5504,4.0,3.0,4.0,2.0,2024-02-23T14:40:59.31Z,The walk through the park is nice and busy in the daytime. Felt very safe and was a scenic route.,2024-02-23T14:40:59.31Z
52.28855,-1.53521,3.0,3.0,2.0,1.0,2024-02-17T12:43:29.355Z,"There was a long, isolated road with a lack of lighting on the route.",2024-02-17T12:43:29.355Z
52.28688,-1.52646,2.0,2.0,2.0,1.0,2024-02-23T14:33:54.01Z,"Not well lit, round back streets, feels unsafe especially at night",2024-02-23T14:33:54.01Z
52.29116,-1.57764,2.0,2.0,2.0,3.0,2024-02-23T15:20:43.152Z,The route was isolated as it was far away from shops and any public spaces. The hospital was nearby which made me feel more safe but overall would have preferred a more busy route.,2024-02-23T15:20:43.152Z
52.28669,-1.56092,3.0,4.0,4.0,1.0,2024-02-22T22:42:06.016Z,"The route was busy with the public, but there was a lot of cars which made me feel unsafe at times.",2024-02-22T22:42:06.016Z
52.28422,-1.53473,1.0,1.0,1.0,1.0,2024-02-22T22:46:58.42Z,"This route was terrible - had to go through dark, unlit roads.; This route was terrible - had to go through dark, unlit roads.; This route was terrible - had to go through dark, unlit roads.",2024-02-22T22:46:58.42Z; 2024-02-22T22:46:58.42Z; 2024-02-22T22:46:58.42Z
52.2902026,-1.5386973,3.0,3.0,2.0,3.0,2024-02-23T15:18:39.203Z,"The route was residential, making me feel at ease.",2024-02-23T15:18:39.203Z
52.28743,-1.56501,2.5,3.0,3.0,2.0,2024-02-22T22:42:06.016Z; 2024-02-23T15:20:43.152Z,"The route was busy with the public, but there was a lot of cars which made me feel unsafe at times.; The route was isolated as it was far away from shops and any public spaces. The hospital was nearby which made me feel more safe but overall would have preferred a more busy route.",2024-02-22T22:42:06.016Z; 2024-02-23T15:20:43.152Z
52.28817,-1.54053,4.0,3.0,4.0,2.0,2024-02-23T14:40:59.31Z,The walk through the park is nice and busy in the daytime. Felt very safe and was a scenic route.,2024-02-23T14:40:59.31Z
52.28713,-1.5351,4.0,3.0,4.0,2.0,2024-02-23T14:40:59.31Z,The walk through the park is nice and busy in the daytime. Felt very safe and was a scenic route.,2024-02-23T14:40:59.31Z
52.28458,-1.53426,3.0,3.0,2.0,1.0,2024-02-17T12:43:29.355Z,"There was a long, isolated road with a lack of lighting on the route.",2024-02-17T12:43:29.355Z
52.28996540000001,-1.5785805,3.0,2.0,2.0,1.0,2024-02-22T22:41:33.731Z,Walking near the park at night meant there was little lighting and no access to public spaces.,2024-02-22T22:41:33.731Z
52.28342,-1.5436,3.0,4.0,4.0,1.0,2024-02-22T22:42:06.016Z,"The route was busy with the public, but there was a lot of cars which made me feel unsafe at times.",2024-02-22T22:42:06.016Z
52.28762,-1.53478,2.0,2.0,2.0,1.0,2024-02-22T22:15:08.809Z,"There was little lighting when we walked through the park, felt very unsafe.",2024-02-22T22:15:08.809Z
52.29035,-1.58405,2.5,3.0,3.0,2.0,2024-02-22T22:42:06.016Z; 2024-02-23T15:20:43.152Z,"The route was busy with the public, but there was a lot of cars which made me feel unsafe at times.; The route was isolated as it was far away from shops and any public spaces. The hospital was nearby which made me feel more safe but overall would have preferred a more busy route.",2024-02-22T22:42:06.016Z; 2024-02-23T15:20:43.152Z
52.28151,-1.53475,3.0,3.0,2.0,1.0,2024-02-17T12:43:29.355Z,"There was a long, isolated road with a lack of lighting on the route.",2024-02-17T12:43:29.355Z
52.27642,-1.52703,4.0,4.0,4.0,2.0,2024-02-23T14:23:39.297Z,The route felt fairly safe with some access to public spaces.,2024-02-23T14:23:39.297Z
52.28554,-1.5501,4.0,3.0,4.0,2.0,2024-02-23T14:40:59.31Z,The walk through the park is nice and busy in the daytime. Felt very safe and was a scenic route.,2024-02-23T14:40:59.31Z
52.280894,-1.5445862,2.0,2.0,2.0,1.0,2024-02-18T11:07:37.513Z; 2024-02-18T11:07:37.513Z,"On route there was a road which had no street lighting and felt very unsafe. It was residential, but there was no access to public spaces.",2024-02-18T11:07:37.513Z
52.2899,-1.57936,2.5,3.0,3.0,2.0,2024-02-22T22:42:06.016Z; 2024-02-23T15:20:43.152Z,"The route was busy with the public, but there was a lot of cars which made me feel unsafe at times.; The route was isolated as it was far away from shops and any public spaces. The hospital was nearby which made me feel more safe but overall would have preferred a more busy route.",2024-02-22T22:42:06.016Z; 2024-02-23T15:20:43.152Z
52.28464,-1.55642,3.0,4.0,4.0,1.0,2024-02-22T22:42:06.016Z,"The route was busy with the public, but there was a lot of cars which made me feel unsafe at times.",2024-02-22T22:42:06.016Z
52.29047,-1.58365,2.5,3.0,3.0,2.0,2024-02-22T22:42:06.016Z; 2024-02-23T15:20:43.152Z,"The route was busy with the public, but there was a lot of cars which made me feel unsafe at times.; The route was isolated as it was far away from shops and any public spaces. The hospital was nearby which made me feel more safe but overall would have preferred a more busy route.",2024-02-22T22:42:06.016Z; 2024-02-23T15:20:43.152Z
52.28032,-1.54049,3.0,3.0,2.0,1.0,2024-02-17T12:43:29.355Z,"There was a long, isolated road with a lack of lighting on the route.",2024-02-17T12:43:29.355Z
52.28476,-1.55544,4.0,3.0,4.0,2.0,2024-02-23T14:40:59.31Z,The walk through the park is nice and busy in the daytime. Felt very safe and was a scenic route.,2024-02-23T14:40:59.31Z
52.2882476,-1.5380635,3.0,3.0,4.0,2.0,2024-02-23T14:51:25.554Z,"Very well-lit route, the greenery was busy with the public during the afternoons.",2024-02-23T14:51:25.554Z
52.29062,-1.53807,2.0,3.0,2.0,2.0,2024-02-22T22:19:36.302Z,"The route was fairly well-lit, but it was quite far from  the main high street so I felt less safe.",2024-02-22T22:19:36.302Z
52.28436,-1.53507,1.0,1.0,1.0,1.0,2024-02-22T22:46:58.42Z,"This route was terrible - had to go through dark, unlit roads.; This route was terrible - had to go through dark, unlit roads.; This route was terrible - had to go through dark, unlit roads.",2024-02-22T22:46:58.42Z; 2024-02-22T22:46:58.42Z; 2024-02-22T22:46:58.42Z
52.28885,-1.56141,2.0,2.0,2.0,3.0,2024-02-23T15:20:43.152Z,The route was isolated as it was far away from shops and any public spaces. The hospital was nearby which made me feel more safe but overall would have preferred a more busy route.,2024-02-23T15:20:43.152Z
52.28749,-1.53441,3.0,3.0,2.0,1.0,2024-02-17T12:43:29.355Z,"There was a long, isolated road with a lack of lighting on the route.",2024-02-17T12:43:29.355Z
52.28726,-1.56333,3.0,4.0,4.0,1.0,2024-02-22T22:42:06.016Z,"The route was busy with the public, but there was a lot of cars which made me feel unsafe at times.",2024-02-22T22:42:06.016Z
52.2821,-1.54798,3.0,4.0,4.0,1.0,2024-02-22T22:42:06.016Z,"The route was busy with the public, but there was a lot of cars which made me feel unsafe at times.",2024-02-22T22:42:06.016Z
52.28639,-1.56041,3.0,4.0,4.0,1.0,2024-02-22T22:42:06.016Z,"The route was busy with the public, but there was a lot of cars which made me feel unsafe at times.",2024-02-22T22:42:06.016Z
52.28485,-1.53145,2.0,2.0,2.0,1.0,2024-02-23T14:33:54.01Z,"Not well lit, round back streets, feels unsafe especially at night",2024-02-23T14:33:54.01Z
52.28244,-1.55252,3.0,4.0,4.0,1.0,2024-02-22T22:42:06.016Z,"The route was busy with the public, but there was a lot of cars which made me feel unsafe at times.",2024-02-22T22:42:06.016Z
52.28713,-1.53791,1.0,1.0,1.0,1.0,2024-02-22T22:46:58.42Z,"This route was terrible - had to go through dark, unlit roads.; This route was terrible - had to go through dark, unlit roads.; This route was terrible - had to go through dark, unlit roads.",2024-02-22T22:46:58.42Z; 2024-02-22T22:46:58.42Z; 2024-02-22T22:46:58.42Z
52.2763825,-1.5284333,2.0,2.0,2.0,1.0,2024-02-18T11:07:37.513Z; 2024-02-18T11:07:37.513Z,"On route there was a road which had no street lighting and felt very unsafe. It was residential, but there was no access to public spaces.",2024-02-18T11:07:37.513Z
52.29086,-1.58311,2.5,3.0,3.0,2.0,2024-02-22T22:42:06.016Z; 2024-02-23T15:20:43.152Z,"The route was busy with the public, but there was a lot of cars which made me feel unsafe at times.; The route was isolated as it was far away from shops and any public spaces. The hospital was nearby which made me feel more safe but overall would have preferred a more busy route.",2024-02-22T22:42:06.016Z; 2024-02-23T15:20:43.152Z
52.28376,-1.55485,3.0,4.0,4.0,1.0,2024-02-22T22:42:06.016Z,"The route was busy with the public, but there was a lot of cars which made me feel unsafe at times.",2024-02-22T22:42:06.016Z
52.28743,-1.53793,4.0,3.0,4.0,2.0,2024-02-23T14:40:59.31Z,The walk through the park is nice and busy in the daytime. Felt very safe and was a scenic route.,2024-02-23T14:40:59.31Z
52.28752,-1.56476,2.0,2.0,2.0,3.0,2024-02-23T15:20:43.152Z,The route was isolated as it was far away from shops and any public spaces. The hospital was nearby which made me feel more safe but overall would have preferred a more busy route.,2024-02-23T15:20:43.152Z
52.27628,-1.5356,4.0,4.0,4.0,2.0,2024-02-23T14:23:39.297Z,The route felt fairly safe with some access to public spaces.,2024-02-23T14:23:39.297Z
52.28903,-1.53794,2.0,3.0,2.0,2.0,2024-02-22T22:19:36.302Z,"The route was fairly well-lit, but it was quite far from  the main high street so I felt less safe.",2024-02-22T22:19:36.302Z
52.28683,-1.56127,3.0,4.0,4.0,1.0,2024-02-22T22:42:06.016Z,"The route was busy with the public, but there was a lot of cars which made me feel unsafe at times.",2024-02-22T22:42:06.016Z
52.27645,-1.52028,3.0,3.0,3.0,1.0,2024-02-23T14:21:02.709Z,"Well-lit street, was quite busy with other members of public.",2024-02-23T14:21:02.709Z
52.28683,-1.56086,4.0,3.0,4.0,2.0,2024-02-23T14:40:59.31Z,The walk through the park is nice and busy in the daytime. Felt very safe and was a scenic route.,2024-02-23T14:40:59.31Z
52.29064,-1.58028,2.5,3.0,3.0,2.0,2024-02-22T22:42:06.016Z; 2024-02-23T15:20:43.152Z,"The route was busy with the public, but there was a lot of cars which made me feel unsafe at times.; The route was isolated as it was far away from shops and any public spaces. The hospital was nearby which made me feel more safe but overall would have preferred a more busy route.",2024-02-22T22:42:06.016Z; 2024-02-23T15:20:43.152Z
52.27903,-1.54334,3.0,3.0,2.0,1.0,2024-02-17T12:43:29.355Z,"There was a long, isolated road with a lack of lighting on the route.",2024-02-17T12:43:29.355Z
52.28525,-1.56258,4.0,3.0,4.0,2.0,2024-02-23T14:40:59.31Z,The walk through the park is nice and busy in the daytime. Felt very safe and was a scenic route.,2024-02-23T14:40:59.31Z
52.29092,-1.58136,2.5,3.0,3.0,2.0,2024-02-22T22:42:06.016Z; 2024-02-23T15:20:43.152Z,"The route was busy with the public, but there was a lot of cars which made me feel unsafe at times.; The route was isolated as it was far away from shops and any public spaces. The hospital was nearby which made me feel more safe but overall would have preferred a more busy route.",2024-02-22T22:42:06.016Z; 2024-02-23T15:20:43.152Z
52.28523,-1.53365,2.0,2.0,2.0,2.0,2024-02-17T12:41:36.942Z,The route included backstreets which were isolated and there was no lighting in the evening. I felt unsafe on the route.,2024-02-17T12:41:36.942Z
52.28994,-1.54488,2.0,2.0,2.0,3.0,2024-02-23T15:20:43.152Z,The route was isolated as it was far away from shops and any public spaces. The hospital was nearby which made me feel more safe but overall would have preferred a more busy route.,2024-02-23T15:20:43.152Z
52.28768,-1.53979,1.0,1.0,1.0,1.0,2024-02-22T22:46:58.42Z,"This route was terrible - had to go through dark, unlit roads.; This route was terrible - had to go through dark, unlit roads.; This route was terrible - had to go through dark, unlit roads.",2024-02-22T22:46:58.42Z; 2024-02-22T22:46:58.42Z; 2024-02-22T22:46:58.42Z
52.29359,-1.53717,2.0,3.0,2.0,2.0,2024-02-22T22:19:36.302Z,"The route was fairly well-lit, but it was quite far from  the main high street so I felt less safe.",2024-02-22T22:19:36.302Z
52.2824,-1.55,3.0,4.0,4.0,1.0,2024-02-22T22:42:06.016Z,"The route was busy with the public, but there was a lot of cars which made me feel unsafe at times.",2024-02-22T22:42:06.016Z
52.284399,-1.5315297,2.0,2.0,2.0,1.0,2024-02-23T14:32:55.396Z,Very poorly lit route. Felt unsafe and was far away from the public and main roads.,2024-02-23T14:32:55.396Z
52.2895,-1.55855,2.0,2.0,2.0,3.0,2024-02-23T15:20:43.152Z,The route was isolated as it was far away from shops and any public spaces. The hospital was nearby which made me feel more safe but overall would have preferred a more busy route.,2024-02-23T15:20:43.152Z
52.28718,-1.53541,4.0,3.0,4.0,2.0,2024-02-23T14:40:59.31Z,The walk through the park is nice and busy in the daytime. Felt very safe and was a scenic route.,2024-02-23T14:40:59.31Z
52.28291,-1.53462,3.0,3.0,2.0,1.0,2024-02-17T12:43:29.355Z,"There was a long, isolated road with a lack of lighting on the route.",2024-02-17T12:43:29.355Z
52.2913023,-1.5778892,3.0,2.0,2.0,1.0,2024-02-22T22:41:33.731Z,Walking near the park at night meant there was little lighting and no access to public spaces.,2024-02-22T22:41:33.731Z
52.28776,-1.53862,4.0,3.0,4.0,2.0,2024-02-23T14:40:59.31Z,The walk through the park is nice and busy in the daytime. Felt very safe and was a scenic route.,2024-02-23T14:40:59.31Z
52.28998,-1.57966,2.5,3.0,3.0,2.0,2024-02-22T22:42:06.016Z; 2024-02-23T15:20:43.152Z,"The route was busy with the public, but there was a lot of cars which made me feel unsafe at times.; The route was isolated as it was far away from shops and any public spaces. The hospital was nearby which made me feel more safe but overall would have preferred a more busy route.",2024-02-22T22:42:06.016Z; 2024-02-23T15:20:43.152Z
52.28273,-1.54573,3.0,4.0,4.0,1.0,2024-02-22T22:42:06.016Z,"The route was busy with the public, but there was a lot of cars which made me feel unsafe at times.",2024-02-22T22:42:06.016Z
52.28632,-1.53186,2.0,2.0,2.0,1.0,2024-02-23T14:33:54.01Z,"Not well lit, round back streets, feels unsafe especially at night",2024-02-23T14:33:54.01Z
52.29629,-1.53701,2.0,3.0,2.0,2.0,2024-02-22T22:19:36.302Z,"The route was fairly well-lit, but it was quite far from  the main high street so I felt less safe.",2024-02-22T22:19:36.302Z
52.28416929999999,-1.5321236,4.0,4.0,4.0,2.0,2024-02-17T11:05:16.076Z,"The route was short on a public street, with people around. I felt safe overall - especially as it's the daytime.",2024-02-17T11:05:16.076Z
52.28924,-1.56007,2.0,2.0,2.0,3.0,2024-02-23T15:20:43.152Z,The route was isolated as it was far away from shops and any public spaces. The hospital was nearby which made me feel more safe but overall would have preferred a more busy route.,2024-02-23T15:20:43.152Z
52.27632,-1.53311,4.0,4.0,4.0,2.0,2024-02-23T14:23:39.297Z,The route felt fairly safe with some access to public spaces.,2024-02-23T14:23:39.297Z
52.2827,-1.55337,3.0,4.0,4.0,1.0,2024-02-22T22:42:06.016Z,"The route was busy with the public, but there was a lot of cars which made me feel unsafe at times.",2024-02-22T22:42:06.016Z
52.2826,-1.5515,3.0,4.0,4.0,1.0,2024-02-22T22:42:06.016Z,"The route was busy with the public, but there was a lot of cars which made me feel unsafe at times.",2024-02-22T22:42:06.016Z
52.28536,-1.55769,3.0,4.0,4.0,1.0,2024-02-22T22:42:06.016Z,"The route was busy with the public, but there was a lot of cars which made me feel unsafe at times.",2024-02-22T22:42:06.016Z
52.2875,-1.53289,3.0,2.5,3.0,2.0,2024-02-17T12:41:36.942Z; 2024-02-23T14:40:59.31Z,The route included backstreets which were isolated and there was no lighting in the evening. I felt unsafe on the route.; The walk through the park is nice and busy in the daytime. Felt very safe and was a scenic route.,2024-02-17T12:41:36.942Z; 2024-02-23T14:40:59.31Z
52.2721847,-1.5256998,2.0,3.0,2.0,1.0,2024-02-23T14:22:25.332Z,I hated the walk alongside the cemetery - was creepy and made me feel unsafe. I would have preferred a route with more people around,2024-02-23T14:22:25.332Z
52.28538,-1.55773,4.0,3.0,4.0,2.0,2024-02-23T14:40:59.31Z,The walk through the park is nice and busy in the daytime. Felt very safe and was a scenic route.,2024-02-23T14:40:59.31Z
52.28731,-1.53577,4.0,3.0,4.0,2.0,2024-02-23T14:40:59.31Z,The walk through the park is nice and busy in the daytime. Felt very safe and was a scenic route.,2024-02-23T14:40:59.31Z
52.28721,-1.56292,3.0,4.0,4.0,1.0,2024-02-22T22:42:06.016Z,"The route was busy with the public, but there was a lot of cars which made me feel unsafe at times.",2024-02-22T22:42:06.016Z
52.28544,-1.55795,3.0,4.0,4.0,1.0,2024-02-22T22:42:06.016Z,"The route was busy with the public, but there was a lot of cars which made me feel unsafe at times.",2024-02-22T22:42:06.016Z
52.27638,-1.52843,3.5,3.5,3.5,1.5,2024-02-23T14:21:02.709Z; 2024-02-23T14:23:39.297Z,"Well-lit street, was quite busy with other members of public.; The route felt fairly safe with some access to public spaces.",2024-02-23T14:21:02.709Z; 2024-02-23T14:23:39.297Z
52.2812835,-1.5456867,2.0,2.0,2.0,1.0,2024-02-18T11:07:37.513Z; 2024-02-18T11:07:37.513Z,"On route there was a road which had no street lighting and felt very unsafe. It was residential, but there was no access to public spaces.",2024-02-18T11:07:37.513Z
52.27648,-1.52008,3.0,3.0,3.0,1.0,2024-02-23T14:21:02.709Z,"Well-lit street, was quite busy with other members of public.",2024-02-23T14:21:02.709Z
52.28924,-1.57167,3.0,4.0,4.0,1.0,2024-02-22T22:42:06.016Z,"The route was busy with the public, but there was a lot of cars which made me feel unsafe at times.",2024-02-22T22:42:06.016Z
52.28753,-1.56515,3.0,4.0,4.0,1.0,2024-02-22T22:42:06.016Z,"The route was busy with the public, but there was a lot of cars which made me feel unsafe at times.",2024-02-22T22:42:06.016Z
52.2869,-1.53339,2.0,2.0,2.0,2.0,2024-02-17T12:41:36.942Z,The route included backstreets which were isolated and there was no lighting in the evening. I felt unsafe on the route.,2024-02-17T12:41:36.942Z
52.28806,-1.53153,4.0,3.0,4.0,2.0,2024-02-23T14:40:59.31Z,The walk through the park is nice and busy in the daytime. Felt very safe and was a scenic route.,2024-02-23T14:40:59.31Z
52.28944,-1.5567,2.0,2.0,2.0,3.0,2024-02-23T15:20:43.152Z,The route was isolated as it was far away from shops and any public spaces. The hospital was nearby which made me feel more safe but overall would have preferred a more busy route.,2024-02-23T15:20:43.152Z
52.27635,-1.51873,3.0,3.0,3.0,1.0,2024-02-23T14:21:02.709Z,"Well-lit street, was quite busy with other members of public.",2024-02-23T14:21:02.709Z
52.28675,-1.56105,4.0,3.0,4.0,2.0,2024-02-23T14:40:59.31Z,The walk through the park is nice and busy in the daytime. Felt very safe and was a scenic route.,2024-02-23T14:40:59.31Z
52.2883,-1.5307,3.0,2.5,3.0,2.0,2024-02-17T12:41:36.942Z; 2024-02-23T14:40:59.31Z,The route included backstreets which were isolated and there was no lighting in the evening. I felt unsafe on the route.; The walk through the park is nice and busy in the daytime. Felt very safe and was a scenic route.,2024-02-17T12:41:36.942Z; 2024-02-23T14:40:59.31Z
52.2897243,-1.5500951,3.0,3.0,2.0,3.0,2024-02-23T15:18:39.203Z,"The route was residential, making me feel at ease.",2024-02-23T15:18:39.203Z
52.28397,-1.53666,3.0,4.0,4.0,1.0,2024-02-22T22:42:06.016Z,"The route was busy with the public, but there was a lot of cars which made me feel unsafe at times.",2024-02-22T22:42:06.016Z
52.28502,-1.53352,2.0,2.0,2.0,2.0,2024-02-17T12:41:36.942Z,The route included backstreets which were isolated and there was no lighting in the evening. I felt unsafe on the route.,2024-02-17T12:41:36.942Z
52.28648,-1.56386,4.0,3.0,4.0,2.0,2024-02-23T14:40:59.31Z,The walk through the park is nice and busy in the daytime. Felt very safe and was a scenic route.,2024-02-23T14:40:59.31Z
52.28589,-1.54948,4.0,3.0,4.0,2.0,2024-02-23T14:40:59.31Z,The walk through the park is nice and busy in the daytime. Felt very safe and was a scenic route.,2024-02-23T14:40:59.31Z
52.28746,-1.56498,2.0,2.0,2.0,3.0,2024-02-23T15:20:43.152Z,The route was isolated as it was far away from shops and any public spaces. The hospital was nearby which made me feel more safe but overall would have preferred a more busy route.,2024-02-23T15:20:43.152Z
52.28418,-1.53414,3.0,3.0,2.0,1.0,2024-02-17T12:43:29.355Z,"There was a long, isolated road with a lack of lighting on the route.",2024-02-17T12:43:29.355Z
52.28478,-1.53391,2.0,2.0,2.0,2.0,2024-02-17T12:41:36.942Z,The route included backstreets which were isolated and there was no lighting in the evening. I felt unsafe on the route.,2024-02-17T12:41:36.942Z
52.28578,-1.5316,2.0,2.0,2.0,1.0,2024-02-23T14:33:54.01Z,"Not well lit, round back streets, feels unsafe especially at night",2024-02-23T14:33:54.01Z
52.28803,-1.54452,4.0,3.0,4.0,2.0,2024-02-23T14:40:59.31Z,The walk through the park is nice and busy in the daytime. Felt very safe and was a scenic route.,2024-02-23T14:40:59.31Z
52.28794,-1.54571,4.0,3.0,4.0,2.0,2024-02-23T14:40:59.31Z,The walk through the park is nice and busy in the daytime. Felt very safe and was a scenic route.,2024-02-23T14:40:59.31Z
52.27488,-1.52629,4.0,4.0,4.0,2.0,2024-02-23T14:23:39.297Z,The route felt fairly safe with some access to public spaces.,2024-02-23T14:23:39.297Z
52.2896,-1.55327,2.0,2.0,2.0,3.0,2024-02-23T15:20:43.152Z,The route was isolated as it was far away from shops and any public spaces. The hospital was nearby which made me feel more safe but overall would have preferred a more busy route.,2024-02-23T15:20:43.152Z
52.28744,-1.56499,2.0,2.0,2.0,3.0,2024-02-23T15:20:43.152Z,The route was isolated as it was far away from shops and any public spaces. The hospital was nearby which made me feel more safe but overall would have preferred a more busy route.,2024-02-23T15:20:43.152Z
52.28797,-1.53627,2.0,2.0,2.0,1.0,2024-02-22T22:15:08.809Z,"There was little lighting when we walked through the park, felt very unsafe.",2024-02-22T22:15:08.809Z
52.27643,-1.52409,3.0,3.0,3.0,1.0,2024-02-23T14:21:02.709Z,"Well-lit street, was quite busy with other members of public.",2024-02-23T14:21:02.709Z
52.292597,-1.5369774,4.0,4.0,4.0,2.0,2024-02-22T22:12:14.045Z,"The route was well lit, busy, with lots of public spaces.",2024-02-22T22:12:14.045Z
52.28252,-1.55003,3.0,4.0,4.0,1.0,2024-02-22T22:42:06.016Z,"The route was busy with the public, but there was a lot of cars which made me feel unsafe at times.",2024-02-22T22:42:06.016Z
52.28613,-1.54898,4.0,3.0,4.0,2.0,2024-02-23T14:40:59.31Z,The walk through the park is nice and busy in the daytime. Felt very safe and was a scenic route.,2024-02-23T14:40:59.31Z
52.28785,-1.53888,4.0,3.0,4.0,2.0,2024-02-23T14:40:59.31Z,The walk through the park is nice and busy in the daytime. Felt very safe and was a scenic route.,2024-02-23T14:40:59.31Z
52.29111,-1.57742,2.0,2.0,2.0,3.0,2024-02-23T15:20:43.152Z,The route was isolated as it was far away from shops and any public spaces. The hospital was nearby which made me feel more safe but overall would have preferred a more busy route.,2024-02-23T15:20:43.152Z
52.28772,-1.5655,2.0,2.0,2.0,3.0,2024-02-23T15:20:43.152Z,The route was isolated as it was far away from shops and any public spaces. The hospital was nearby which made me feel more safe but overall would have preferred a more busy route.,2024-02-23T15:20:43.152Z
52.27921,-1.54475,3.0,3.0,2.0,1.0,2024-02-17T12:43:29.355Z,"There was a long, isolated road with a lack of lighting on the route.",2024-02-17T12:43:29.355Z
52.28491,-1.55395,4.0,3.0,4.0,2.0,2024-02-23T14:40:59.31Z,The walk through the park is nice and busy in the daytime. Felt very safe and was a scenic route.,2024-02-23T14:40:59.31Z
52.28628,-1.56007,3.0,4.0,4.0,1.0,2024-02-22T22:42:06.016Z,"The route was busy with the public, but there was a lot of cars which made me feel unsafe at times.",2024-02-22T22:42:06.016Z
52.28959,-1.55357,2.0,2.0,2.0,3.0,2024-02-23T15:20:43.152Z,The route was isolated as it was far away from shops and any public spaces. The hospital was nearby which made me feel more safe but overall would have preferred a more busy route.,2024-02-23T15:20:43.152Z
52.29134,-1.57801,2.5,3.0,3.0,2.0,2024-02-22T22:42:06.016Z; 2024-02-23T15:20:43.152Z,"The route was busy with the public, but there was a lot of cars which made me feel unsafe at times.; The route was isolated as it was far away from shops and any public spaces. The hospital was nearby which made me feel more safe but overall would have preferred a more busy route.",2024-02-22T22:42:06.016Z; 2024-02-23T15:20:43.152Z
52.277348,-1.518688,2.0,2.0,2.0,1.0,2024-02-18T11:07:37.513Z; 2024-02-18T11:07:37.513Z,"On route there was a road which had no street lighting and felt very unsafe. It was residential, but there was no access to public spaces.",2024-02-18T11:07:37.513Z
52.28775,-1.5641,2.0,2.0,2.0,3.0,2024-02-23T15:20:43.152Z,The route was isolated as it was far away from shops and any public spaces. The hospital was nearby which made me feel more safe but overall would have preferred a more busy route.,2024-02-23T15:20:43.152Z
52.28397,-1.53858,3.0,4.0,4.0,1.0,2024-02-22T22:42:06.016Z,"The route was busy with the public, but there was a lot of cars which made me feel unsafe at times.",2024-02-22T22:42:06.016Z
52.28535,-1.55051,4.0,3.0,4.0,2.0,2024-02-23T14:40:59.31Z,The walk through the park is nice and busy in the daytime. Felt very safe and was a scenic route.,2024-02-23T14:40:59.31Z
52.28765,-1.53256,2.0,2.0,2.0,2.0,2024-02-17T12:41:36.942Z,The route included backstreets which were isolated and there was no lighting in the evening. I felt unsafe on the route.,2024-02-17T12:41:36.942Z
52.28968,-1.55093,2.0,2.0,2.0,3.0,2024-02-23T15:20:43.152Z,The route was isolated as it was far away from shops and any public spaces. The hospital was nearby which made me feel more safe but overall would have preferred a more busy route.,2024-02-23T15:20:43.152Z
52.28807,-1.54264,4.0,3.0,4.0,2.0,2024-02-23T14:40:59.31Z,The walk through the park is nice and busy in the daytime. Felt very safe and was a scenic route.,2024-02-23T14:40:59.31Z
52.28499,-1.55289,4.0,3.0,4.0,2.0,2024-02-23T14:40:59.31Z,The walk through the park is nice and busy in the daytime. Felt very safe and was a scenic route.,2024-02-23T14:40:59.31Z
52.28813,-1.54107,4.0,3.0,4.0,2.0,2024-02-23T14:40:59.31Z,The walk through the park is nice and busy in the daytime. Felt very safe and was a scenic route.,2024-02-23T14:40:59.31Z
52.28994,-1.57412,2.0,2.0,2.0,3.0,2024-02-23T15:20:43.152Z,The route was isolated as it was far away from shops and any public spaces. The hospital was nearby which made me feel more safe but overall would have preferred a more busy route.,2024-02-23T15:20:43.152Z
52.28411,-1.53582,3.0,4.0,4.0,1.0,2024-02-22T22:42:06.016Z,"The route was busy with the public, but there was a lot of cars which made me feel unsafe at times.",2024-02-22T22:42:06.016Z
52.2900115,-1.5445292,3.0,3.0,2.0,3.0,2024-02-23T15:18:39.203Z,"The route was residential, making me feel at ease.",2024-02-23T15:18:39.203Z
52.28698,-1.53761,1.0,1.0,1.0,1.0,2024-02-22T22:46:58.42Z,"This route was terrible - had to go through dark, unlit roads.; This route was terrible - had to go through dark, unlit roads.; This route was terrible - had to go through dark, unlit roads.",2024-02-22T22:46:58.42Z; 2024-02-22T22:46:58.42Z; 2024-02-22T22:46:58.42Z
