Latitude,Longitude,q1,q2,q3,q4,Classification,responseList,Keywords_2,Keywords,Keywords_3,Keywords_Vect
52.2855,-1.55803,3.0,0.8,0.8,0.2,safe,"The route was busy with the public, but there was a lot of cars which made me feel unsafe at times.; The route was busy with the public, but there was a lot of cars which made me feel unsafe at times.","[('busy public', 0.5604), ('lot cars', 0.3592), ('unsafe', 0.3211), ('public', 0.1818), ('times route', 0.0321)]","[('busy', 0.3785), ('unsafe', 0.3211), ('cars', 0.3133), ('public', 0.1818), ('route', 0.003)]","[('cars feel unsafe', 0.7099), ('busy public', 0.5604), ('lot cars', 0.3592), ('unsafe', 0.3211), ('times route', 0.0321)]","[('cars', 0.3133), ('public', 0.1818), ('lot', 0.1286), ('times', 0.0115), ('route', 0.003)]"
52.28688,-1.53362,3.0,0.6,0.4,0.2,safe,"There was a long, isolated road with a lack of lighting on the route.; There was a long, isolated road with a lack of lighting on the route.","[('isolated road', 0.7717), ('long isolated', 0.6521), ('road', 0.5312), ('route long', 0.4862), ('lighting', 0.3005)]","[('isolated', 0.57), ('road', 0.5312), ('long', 0.454), ('route', 0.3725), ('lighting', 0.3005)]","[('long isolated road', 0.8514), ('lack lighting route', 0.7515), ('road', 0.5312), ('long', 0.454), ('lighting', 0.3005)]","[('isolated road', 0.7717), ('lack', 0.5557), ('route', 0.3725), ('lighting', 0.3005)]"
52.27925,-1.54465,3.0,0.6,0.4,0.2,safe,"There was a long, isolated road with a lack of lighting on the route.; There was a long, isolated road with a lack of lighting on the route.","[('isolated road', 0.7717), ('long isolated', 0.6521), ('road', 0.5312), ('route long', 0.4862), ('lighting', 0.3005)]","[('isolated', 0.57), ('road', 0.5312), ('long', 0.454), ('route', 0.3725), ('lighting', 0.3005)]","[('long isolated road', 0.8514), ('lack lighting route', 0.7515), ('road', 0.5312), ('long', 0.454), ('lighting', 0.3005)]","[('isolated road', 0.7717), ('lack', 0.5557), ('route', 0.3725), ('lighting', 0.3005)]"
52.290777,-1.533494,3.5,0.75,0.8,0.35,safe,"The route was busy with the public as there were many shops nearby. I think the parade would have been a safer choice.; The route was well lit, busy, with lots of public spaces.; This route was very well-lit, with lots of access to shops if needed. Many people were walking around even though it's dark.; The route had lots of public spaces available so I felt at ease.; The route was busy with the public as there were many shops nearby. I think the parade would have been a safer choice.; The route was well lit, busy, with lots of public spaces.; This route was very well-lit, with lots of access to shops if needed. Many people were walking around even though it's dark.; The route had lots of public spaces available so I felt at ease.","[('parade safer', 0.4993), ('shops needed', 0.3651), ('lit lots', 0.3043), ('nearby', 0.173), ('walking dark', 0.1234)]","[('parade', 0.3846), ('shops', 0.2816), ('nearby', 0.173), ('walking', 0.163), ('dark', 0.0098)]","[('busy public shops', 0.5989), ('parade', 0.3846), ('lit lots', 0.3043), ('people walking dark', 0.2213), ('choice route', 0.1394)]","[('many shops', 0.474), ('parade', 0.3846), ('public spaces', 0.3356), ('safer choice', 0.2828), ('lots', 0.0595)]"
52.27595,-1.51643,3.0,0.6,0.6,0.2,safe,"Well-lit street, was quite busy with other members of public.; Well-lit street, was quite busy with other members of public.","[('lit street', 0.7497), ('busy members', 0.6292), ('members public', 0.5889), ('lit', 0.4973), ('quite', 0.3242)]","[('street', 0.5627), ('public', 0.5542), ('busy', 0.5319), ('lit', 0.4973), ('members', 0.3455)]","[('public lit street', 0.7701), ('street quite busy', 0.7673), ('quite busy members', 0.6288), ('members public', 0.5889), ('quite', 0.3242)]","[('street', 0.5627), ('public', 0.5542), ('other members', 0.4653)]"
52.28569,-1.53394,3.0,0.6,0.4,0.2,safe,"There was a long, isolated road with a lack of lighting on the route.; There was a long, isolated road with a lack of lighting on the route.","[('isolated road', 0.7717), ('long isolated', 0.6521), ('road', 0.5312), ('route long', 0.4862), ('lighting', 0.3005)]","[('isolated', 0.57), ('road', 0.5312), ('long', 0.454), ('route', 0.3725), ('lighting', 0.3005)]","[('long isolated road', 0.8514), ('lack lighting route', 0.7515), ('road', 0.5312), ('long', 0.454), ('lighting', 0.3005)]","[('isolated road', 0.7717), ('lack', 0.5557), ('route', 0.3725), ('lighting', 0.3005)]"
52.2760706,-1.5164124,2.0,0.4,0.4,0.2,unsafe,"On route there was a road which had no street lighting and felt very unsafe. It was residential, but there was no access to public spaces.; On route there was a road which had no street lighting and felt very unsafe. It was residential, but there was no access to public spaces.","[('unsafe residential', 0.7215), ('street lighting', 0.3342), ('road', 0.2989), ('residential', 0.2465), ('access public', 0.1257)]","[('unsafe', 0.5525), ('road', 0.2989), ('residential', 0.2465), ('lighting', 0.1376), ('felt', 0.0808)]","[('unsafe residential access', 0.7517), ('street lighting felt', 0.3424), ('road street', 0.3144), ('residential', 0.2465), ('access public', 0.1257)]","[('street lighting', 0.3342), ('road', 0.2989), ('public spaces', 0.21), ('route', 0.1095), ('access', 0.0537)]"
52.28398,-1.53755,3.0,0.8,0.8,0.2,safe,"The route was busy with the public, but there was a lot of cars which made me feel unsafe at times.; The route was busy with the public, but there was a lot of cars which made me feel unsafe at times.","[('busy public', 0.5604), ('lot cars', 0.3592), ('unsafe', 0.3211), ('public', 0.1818), ('times route', 0.0321)]","[('busy', 0.3785), ('unsafe', 0.3211), ('cars', 0.3133), ('public', 0.1818), ('route', 0.003)]","[('cars feel unsafe', 0.7099), ('busy public', 0.5604), ('lot cars', 0.3592), ('unsafe', 0.3211), ('times route', 0.0321)]","[('cars', 0.3133), ('public', 0.1818), ('lot', 0.1286), ('times', 0.0115), ('route', 0.003)]"
52.2913,-1.57789,2.5,0.6,0.6,0.4,unsafe,"The route was busy with the public, but there was a lot of cars which made me feel unsafe at times.; The route was isolated as it was far away from shops and any public spaces. The hospital was nearby which made me feel more safe but overall would have preferred a more busy route.; The route was busy with the public, but there was a lot of cars which made me feel unsafe at times.; The route was isolated as it was far away from shops and any public spaces. The hospital was nearby which made me feel more safe but overall would have preferred a more busy route.","[('busy route', 0.3729), ('hospital nearby', 0.2311), ('cars', 0.1932), ('isolated', 0.1011), ('shops', 0.0952)]","[('unsafe', 0.2223), ('cars', 0.1932), ('hospital', 0.1045), ('shops', 0.0952), ('nearby', 0.0527)]","[('cars feel unsafe', 0.586), ('away shops public', 0.4198), ('hospital nearby', 0.2311), ('lot cars', 0.2222), ('times route', -0.0546)]","[('busy route', 0.3729), ('cars', 0.1932), ('hospital', 0.1045), ('shops', 0.0952), ('times', -0.1172)]"
52.28414,-1.53665,3.0,0.8,0.8,0.2,safe,"The route was busy with the public, but there was a lot of cars which made me feel unsafe at times.; The route was busy with the public, but there was a lot of cars which made me feel unsafe at times.","[('busy public', 0.5604), ('lot cars', 0.3592), ('unsafe', 0.3211), ('public', 0.1818), ('times route', 0.0321)]","[('busy', 0.3785), ('unsafe', 0.3211), ('cars', 0.3133), ('public', 0.1818), ('route', 0.003)]","[('cars feel unsafe', 0.7099), ('busy public', 0.5604), ('lot cars', 0.3592), ('unsafe', 0.3211), ('times route', 0.0321)]","[('cars', 0.3133), ('public', 0.1818), ('lot', 0.1286), ('times', 0.0115), ('route', 0.003)]"
52.2843,-1.53489,1.0,0.2,0.2,0.2,unsafe,"This route was terrible - had to go through dark, unlit roads.; This route was terrible - had to go through dark, unlit roads.; This route was terrible - had to go through dark, unlit roads.; This route was terrible - had to go through dark, unlit roads.; This route was terrible - had to go through dark, unlit roads.; This route was terrible - had to go through dark, unlit roads.","[('terrible dark', 0.7726), ('dark', 0.53), ('unlit roads', 0.4342), ('unlit', 0.3458), ('roads route', 0.2632)]","[('terrible', 0.6186), ('dark', 0.53), ('unlit', 0.3458), ('roads', 0.3104), ('route', 0.1826)]","[('terrible dark unlit', 0.8118), ('roads route terrible', 0.7452), ('dark', 0.53), ('unlit roads', 0.4342), ('roads route', 0.2632)]","[('unlit roads', 0.4342), ('route', 0.1826)]"
52.28377,-1.5404,3.0,0.8,0.8,0.2,safe,"The route was busy with the public, but there was a lot of cars which made me feel unsafe at times.; The route was busy with the public, but there was a lot of cars which made me feel unsafe at times.","[('busy public', 0.5604), ('lot cars', 0.3592), ('unsafe', 0.3211), ('public', 0.1818), ('times route', 0.0321)]","[('busy', 0.3785), ('unsafe', 0.3211), ('cars', 0.3133), ('public', 0.1818), ('route', 0.003)]","[('cars feel unsafe', 0.7099), ('busy public', 0.5604), ('lot cars', 0.3592), ('unsafe', 0.3211), ('times route', 0.0321)]","[('cars', 0.3133), ('public', 0.1818), ('lot', 0.1286), ('times', 0.0115), ('route', 0.003)]"
52.2866,-1.54848,4.0,0.6,0.8,0.4,safe,The walk through the park is nice and busy in the daytime. Felt very safe and was a scenic route.; The walk through the park is nice and busy in the daytime. Felt very safe and was a scenic route.,"[('park nice', 0.6938), ('safe', 0.4375), ('scenic', 0.416), ('busy daytime', 0.3986), ('route walk', 0.3301)]","[('park', 0.4643), ('safe', 0.4375), ('daytime', 0.3958), ('walk', 0.2866), ('busy', 0.218)]","[('walk park nice', 0.7759), ('daytime felt safe', 0.6322), ('park', 0.4643), ('busy daytime', 0.3986), ('route', 0.0843)]","[('scenic route', 0.5427), ('park', 0.4643), ('daytime', 0.3958), ('walk', 0.2866), ('felt', 0.1426)]"
52.29140349999999,-1.5782611,3.0,0.4,0.4,0.2,safe,Walking near the park at night meant there was little lighting and no access to public spaces.; Walking near the park at night meant there was little lighting and no access to public spaces.,"[('little lighting', 0.4558), ('park night', 0.4455), ('walking near', 0.248), ('access public', 0.1453), ('lighting', 0.1286)]","[('night', 0.3618), ('park', 0.2183), ('walking', 0.2139), ('little', 0.1727), ('lighting', 0.1286)]","[('night meant little', 0.5424), ('near park night', 0.5276), ('walking near park', 0.4015), ('walking', 0.2139), ('access public', 0.1453)]","[('little lighting', 0.4558), ('night', 0.3618), ('park', 0.2183), ('public spaces', 0.2169), ('access', 0.023)]"
52.28624,-1.53316,3.0,0.6,0.4,0.2,safe,"There was a long, isolated road with a lack of lighting on the route.; There was a long, isolated road with a lack of lighting on the route.","[('isolated road', 0.7717), ('long isolated', 0.6521), ('road', 0.5312), ('route long', 0.4862), ('lighting', 0.3005)]","[('isolated', 0.57), ('road', 0.5312), ('long', 0.454), ('route', 0.3725), ('lighting', 0.3005)]","[('long isolated road', 0.8514), ('lack lighting route', 0.7515), ('road', 0.5312), ('long', 0.454), ('lighting', 0.3005)]","[('isolated road', 0.7717), ('lack', 0.5557), ('route', 0.3725), ('lighting', 0.3005)]"
52.2818,-1.53485,2.5,0.5,0.4,0.2,unsafe,"There was a long, isolated road with a lack of lighting on the route.; There was a long, isolated road with a lack of lighting on the route.; Quiet route  with no public services available","[('road lack', 0.7677), ('road', 0.4159), ('route long', 0.3626), ('lighting route', 0.2673), ('services available', 0.1481)]","[('quiet', 0.5817), ('road', 0.4159), ('long', 0.3444), ('public', 0.2912), ('lighting', 0.2089)]","[('road lack lighting', 0.8534), ('long isolated', 0.6125), ('road', 0.4159), ('lighting route long', 0.3704), ('available', 0.115)]","[('isolated road', 0.7589), ('lack', 0.5561), ('route', 0.2682), ('public services', 0.2376), ('lighting', 0.2089)]"
52.28959,-1.55339,2.0,0.4,0.4,0.6,unsafe,The route was isolated as it was far away from shops and any public spaces. The hospital was nearby which made me feel more safe but overall would have preferred a more busy route.; The route was isolated as it was far away from shops and any public spaces. The hospital was nearby which made me feel more safe but overall would have preferred a more busy route.,"[('away shops', 0.4378), ('busy route', 0.2991), ('shops public', 0.2677), ('hospital nearby', 0.2667), ('overall preferred', 0.1806)]","[('isolated', 0.3072), ('busy', 0.1983), ('hospital', 0.1886), ('shops', 0.1568), ('nearby', 0.1452)]","[('away shops public', 0.5348), ('overall preferred busy', 0.3259), ('hospital nearby', 0.2667), ('safe', 0.2519), ('spaces hospital', 0.2223)]","[('busy route', 0.2991), ('public spaces', 0.2023), ('hospital', 0.1886), ('shops', 0.1568), ('route', 0.0445)]"
52.2851,-1.56291,4.0,0.6,0.8,0.4,safe,The walk through the park is nice and busy in the daytime. Felt very safe and was a scenic route.; The walk through the park is nice and busy in the daytime. Felt very safe and was a scenic route.,"[('park nice', 0.6938), ('safe', 0.4375), ('scenic', 0.416), ('busy daytime', 0.3986), ('route walk', 0.3301)]","[('park', 0.4643), ('safe', 0.4375), ('daytime', 0.3958), ('walk', 0.2866), ('busy', 0.218)]","[('walk park nice', 0.7759), ('daytime felt safe', 0.6322), ('park', 0.4643), ('busy daytime', 0.3986), ('route', 0.0843)]","[('scenic route', 0.5427), ('park', 0.4643), ('daytime', 0.3958), ('walk', 0.2866), ('felt', 0.1426)]"
52.2762849,-1.5356019,2.0,0.6,0.4,0.2,unsafe,I hated the walk alongside the cemetery - was creepy and made me feel unsafe. I would have preferred a route with more people around; I hated the walk alongside the cemetery - was creepy and made me feel unsafe. I would have preferred a route with more people around,"[('cemetery creepy', 0.6262), ('hated walk', 0.5738), ('unsafe preferred', 0.4399), ('alongside cemetery', 0.2049), ('route people', 0.0444)]","[('hated', 0.3773), ('creepy', 0.3719), ('cemetery', 0.2036), ('walk', 0.0711), ('preferred', 0.0167)]","[('people hated walk', 0.6875), ('alongside cemetery creepy', 0.5495), ('unsafe preferred', 0.4399), ('walk alongside cemetery', 0.2595), ('alongside', -0.0963)]","[('cemetery', 0.2036), ('more people', 0.0775), ('walk', 0.0711), ('route', -0.052)]"
52.28728,-1.53574,4.0,0.6,0.8,0.4,safe,The walk through the park is nice and busy in the daytime. Felt very safe and was a scenic route.; The walk through the park is nice and busy in the daytime. Felt very safe and was a scenic route.,"[('park nice', 0.6938), ('safe', 0.4375), ('scenic', 0.416), ('busy daytime', 0.3986), ('route walk', 0.3301)]","[('park', 0.4643), ('safe', 0.4375), ('daytime', 0.3958), ('walk', 0.2866), ('busy', 0.218)]","[('walk park nice', 0.7759), ('daytime felt safe', 0.6322), ('park', 0.4643), ('busy daytime', 0.3986), ('route', 0.0843)]","[('scenic route', 0.5427), ('park', 0.4643), ('daytime', 0.3958), ('walk', 0.2866), ('felt', 0.1426)]"
52.28541,-1.55786,3.0,0.8,0.8,0.2,safe,"The route was busy with the public, but there was a lot of cars which made me feel unsafe at times.; The route was busy with the public, but there was a lot of cars which made me feel unsafe at times.","[('busy public', 0.5604), ('lot cars', 0.3592), ('unsafe', 0.3211), ('public', 0.1818), ('times route', 0.0321)]","[('busy', 0.3785), ('unsafe', 0.3211), ('cars', 0.3133), ('public', 0.1818), ('route', 0.003)]","[('cars feel unsafe', 0.7099), ('busy public', 0.5604), ('lot cars', 0.3592), ('unsafe', 0.3211), ('times route', 0.0321)]","[('cars', 0.3133), ('public', 0.1818), ('lot', 0.1286), ('times', 0.0115), ('route', 0.003)]"
52.28725,-1.53562,4.0,0.6,0.8,0.4,safe,The walk through the park is nice and busy in the daytime. Felt very safe and was a scenic route.; The walk through the park is nice and busy in the daytime. Felt very safe and was a scenic route.,"[('park nice', 0.6938), ('safe', 0.4375), ('scenic', 0.416), ('busy daytime', 0.3986), ('route walk', 0.3301)]","[('park', 0.4643), ('safe', 0.4375), ('daytime', 0.3958), ('walk', 0.2866), ('busy', 0.218)]","[('walk park nice', 0.7759), ('daytime felt safe', 0.6322), ('park', 0.4643), ('busy daytime', 0.3986), ('route', 0.0843)]","[('scenic route', 0.5427), ('park', 0.4643), ('daytime', 0.3958), ('walk', 0.2866), ('felt', 0.1426)]"
52.2899,-1.53796,2.0,0.6,0.4,0.4,unsafe,"The route was fairly well-lit, but it was quite far from  the main high street so I felt less safe.; The route was fairly well-lit, but it was quite far from  the main high street so I felt less safe.","[('street felt', 0.3053), ('felt safe', 0.2017), ('main high', 0.1687), ('lit quite', 0.1426), ('route', 0.0461)]","[('street', 0.2276), ('safe', 0.1887), ('high', 0.1745), ('lit', 0.088), ('main', 0.044)]","[('street felt safe', 0.381), ('high street felt', 0.3128), ('far main high', 0.2326), ('street', 0.2276), ('lit quite', 0.1426)]","[('main high street', 0.2607), ('route', 0.0461)]"
52.28806,-1.56727,3.0,0.8,0.8,0.2,safe,"The route was busy with the public, but there was a lot of cars which made me feel unsafe at times.; The route was busy with the public, but there was a lot of cars which made me feel unsafe at times.","[('busy public', 0.5604), ('lot cars', 0.3592), ('unsafe', 0.3211), ('public', 0.1818), ('times route', 0.0321)]","[('busy', 0.3785), ('unsafe', 0.3211), ('cars', 0.3133), ('public', 0.1818), ('route', 0.003)]","[('cars feel unsafe', 0.7099), ('busy public', 0.5604), ('lot cars', 0.3592), ('unsafe', 0.3211), ('times route', 0.0321)]","[('cars', 0.3133), ('public', 0.1818), ('lot', 0.1286), ('times', 0.0115), ('route', 0.003)]"
52.28694,-1.53704,3.0,0.5,0.7,0.4,safe,The walk through the park is nice and busy in the daytime. Felt very safe and was a scenic route.; The walk through the park is nice and busy in the daytime. Felt very safe and was a scenic route.; I don't enjoy walking by the park at night - too many drunk people and too dark,"[('park night', 0.5096), ('safe scenic', 0.3543), ('busy daytime', 0.3394), ('drunk people', 0.2793), ('walking', 0.1626)]","[('park', 0.2887), ('night', 0.2437), ('drunk', 0.2222), ('daytime', 0.2163), ('walking', 0.1626)]","[('walking park night', 0.6695), ('park nice busy', 0.609), ('daytime felt safe', 0.4056), ('drunk people', 0.2793), ('don', -0.0618)]","[('scenic route', 0.3551), ('many drunk people', 0.2972), ('night', 0.2437), ('daytime', 0.2163), ('walk', 0.1401)]"
52.27543,-1.52666,4.0,0.8,0.8,0.4,safe,The route felt fairly safe with some access to public spaces.; The route felt fairly safe with some access to public spaces.,"[('safe access', 0.8528), ('felt fairly', 0.6885), ('public', 0.5552), ('route felt', 0.5215), ('spaces route', 0.463)]","[('safe', 0.7503), ('public', 0.5552), ('felt', 0.46), ('spaces', 0.4411), ('route', 0.3972)]","[('fairly safe access', 0.8703), ('public spaces route', 0.5572), ('access public', 0.5137), ('spaces route', 0.463), ('felt', 0.46)]","[('public spaces', 0.6254), ('access', 0.4339), ('route', 0.3972)]"
52.28681,-1.56078,4.0,0.6,0.8,0.4,safe,The walk through the park is nice and busy in the daytime. Felt very safe and was a scenic route.; The walk through the park is nice and busy in the daytime. Felt very safe and was a scenic route.,"[('park nice', 0.6938), ('safe', 0.4375), ('scenic', 0.416), ('busy daytime', 0.3986), ('route walk', 0.3301)]","[('park', 0.4643), ('safe', 0.4375), ('daytime', 0.3958), ('walk', 0.2866), ('busy', 0.218)]","[('walk park nice', 0.7759), ('daytime felt safe', 0.6322), ('park', 0.4643), ('busy daytime', 0.3986), ('route', 0.0843)]","[('scenic route', 0.5427), ('park', 0.4643), ('daytime', 0.3958), ('walk', 0.2866), ('felt', 0.1426)]"
52.2948,-1.53725,2.0,0.6,0.4,0.4,unsafe,"The route was fairly well-lit, but it was quite far from  the main high street so I felt less safe.; The route was fairly well-lit, but it was quite far from  the main high street so I felt less safe.","[('street felt', 0.3053), ('felt safe', 0.2017), ('main high', 0.1687), ('lit quite', 0.1426), ('route', 0.0461)]","[('street', 0.2276), ('safe', 0.1887), ('high', 0.1745), ('lit', 0.088), ('main', 0.044)]","[('street felt safe', 0.381), ('high street felt', 0.3128), ('far main high', 0.2326), ('street', 0.2276), ('lit quite', 0.1426)]","[('main high street', 0.2607), ('route', 0.0461)]"
52.27632,-1.5322,4.0,0.8,0.8,0.4,safe,The route felt fairly safe with some access to public spaces.; The route felt fairly safe with some access to public spaces.,"[('safe access', 0.8528), ('felt fairly', 0.6885), ('public', 0.5552), ('route felt', 0.5215), ('spaces route', 0.463)]","[('safe', 0.7503), ('public', 0.5552), ('felt', 0.46), ('spaces', 0.4411), ('route', 0.3972)]","[('fairly safe access', 0.8703), ('public spaces route', 0.5572), ('access public', 0.5137), ('spaces route', 0.463), ('felt', 0.46)]","[('public spaces', 0.6254), ('access', 0.4339), ('route', 0.3972)]"
52.28503,-1.53542,1.0,0.2,0.2,0.2,unsafe,"This route was terrible - had to go through dark, unlit roads.; This route was terrible - had to go through dark, unlit roads.; This route was terrible - had to go through dark, unlit roads.; This route was terrible - had to go through dark, unlit roads.; This route was terrible - had to go through dark, unlit roads.; This route was terrible - had to go through dark, unlit roads.","[('terrible dark', 0.7726), ('dark', 0.53), ('unlit roads', 0.4342), ('unlit', 0.3458), ('roads route', 0.2632)]","[('terrible', 0.6186), ('dark', 0.53), ('unlit', 0.3458), ('roads', 0.3104), ('route', 0.1826)]","[('terrible dark unlit', 0.8118), ('roads route terrible', 0.7452), ('dark', 0.53), ('unlit roads', 0.4342), ('roads route', 0.2632)]","[('unlit roads', 0.4342), ('route', 0.1826)]"
52.28789,-1.54591,4.0,0.6,0.8,0.4,safe,The walk through the park is nice and busy in the daytime. Felt very safe and was a scenic route.; The walk through the park is nice and busy in the daytime. Felt very safe and was a scenic route.,"[('park nice', 0.6938), ('safe', 0.4375), ('scenic', 0.416), ('busy daytime', 0.3986), ('route walk', 0.3301)]","[('park', 0.4643), ('safe', 0.4375), ('daytime', 0.3958), ('walk', 0.2866), ('busy', 0.218)]","[('walk park nice', 0.7759), ('daytime felt safe', 0.6322), ('park', 0.4643), ('busy daytime', 0.3986), ('route', 0.0843)]","[('scenic route', 0.5427), ('park', 0.4643), ('daytime', 0.3958), ('walk', 0.2866), ('felt', 0.1426)]"
52.2875364,-1.541341,2.0,0.4,0.6,0.2,unsafe,The route was poorly lit and there were lots of drunk people around; The route was poorly lit and there were lots of drunk people around,"[('drunk people', 0.7913), ('lots drunk', 0.7309), ('poorly lit', 0.5515), ('lit lots', 0.2952), ('route', 0.0877)]","[('drunk', 0.6861), ('poorly', 0.4299), ('lots', 0.2078), ('lit', 0.1536), ('route', 0.0877)]","[('lots drunk people', 0.7978), ('drunk', 0.6861), ('route poorly lit', 0.5859), ('lit lots', 0.2952), ('route', 0.0877)]","[('drunk people', 0.7913), ('lots', 0.2078), ('route', 0.0877)]"
52.27641,-1.52057,3.0,0.6,0.6,0.2,safe,"Well-lit street, was quite busy with other members of public.; Well-lit street, was quite busy with other members of public.","[('lit street', 0.7497), ('busy members', 0.6292), ('members public', 0.5889), ('lit', 0.4973), ('quite', 0.3242)]","[('street', 0.5627), ('public', 0.5542), ('busy', 0.5319), ('lit', 0.4973), ('members', 0.3455)]","[('public lit street', 0.7701), ('street quite busy', 0.7673), ('quite busy members', 0.6288), ('members public', 0.5889), ('quite', 0.3242)]","[('street', 0.5627), ('public', 0.5542), ('other members', 0.4653)]"
52.28444,-1.53546,1.75,0.3,0.25,0.2,unsafe,"This route was terrible - had to go through dark, unlit roads.; This route was terrible - had to go through dark, unlit roads.; This route was terrible - had to go through dark, unlit roads.; This route was terrible - had to go through dark, unlit roads.; This route was terrible - had to go through dark, unlit roads.; This route was terrible - had to go through dark, unlit roads.; The route felt fairly safe with some street lighting, however there was nobody around at this time of night.; The route did not feel safe at all. I had to walk through a park by myself and felt helpless if anything were to happen.","[('terrible dark', 0.6785), ('unlit roads', 0.478), ('lighting time', 0.1792), ('fairly safe', 0.1667), ('walk park', 0.1284)]","[('terrible', 0.4964), ('night', 0.4037), ('roads', 0.2567), ('lighting', 0.1831), ('park', 0.0876)]","[('terrible dark unlit', 0.7617), ('lighting time night', 0.4559), ('street lighting', 0.319), ('safe walk park', 0.1856), ('route did', 0.0656)]","[('unlit roads', 0.478), ('night', 0.4037), ('street lighting', 0.319), ('park', 0.0876), ('anything', 0.0439)]"
52.28617,-1.55979,4.0,0.6,0.8,0.4,safe,The walk through the park is nice and busy in the daytime. Felt very safe and was a scenic route.; The walk through the park is nice and busy in the daytime. Felt very safe and was a scenic route.,"[('park nice', 0.6938), ('safe', 0.4375), ('scenic', 0.416), ('busy daytime', 0.3986), ('route walk', 0.3301)]","[('park', 0.4643), ('safe', 0.4375), ('daytime', 0.3958), ('walk', 0.2866), ('busy', 0.218)]","[('walk park nice', 0.7759), ('daytime felt safe', 0.6322), ('park', 0.4643), ('busy daytime', 0.3986), ('route', 0.0843)]","[('scenic route', 0.5427), ('park', 0.4643), ('daytime', 0.3958), ('walk', 0.2866), ('felt', 0.1426)]"
52.28582,-1.53308,3.0,0.6,0.4,0.2,safe,"There was a long, isolated road with a lack of lighting on the route.; There was a long, isolated road with a lack of lighting on the route.","[('isolated road', 0.7717), ('long isolated', 0.6521), ('road', 0.5312), ('route long', 0.4862), ('lighting', 0.3005)]","[('isolated', 0.57), ('road', 0.5312), ('long', 0.454), ('route', 0.3725), ('lighting', 0.3005)]","[('long isolated road', 0.8514), ('lack lighting route', 0.7515), ('road', 0.5312), ('long', 0.454), ('lighting', 0.3005)]","[('isolated road', 0.7717), ('lack', 0.5557), ('route', 0.3725), ('lighting', 0.3005)]"
52.29094,-1.57684,2.5,0.6,0.6,0.4,unsafe,"The route was busy with the public, but there was a lot of cars which made me feel unsafe at times.; The route was isolated as it was far away from shops and any public spaces. The hospital was nearby which made me feel more safe but overall would have preferred a more busy route.; The route was busy with the public, but there was a lot of cars which made me feel unsafe at times.; The route was isolated as it was far away from shops and any public spaces. The hospital was nearby which made me feel more safe but overall would have preferred a more busy route.","[('busy route', 0.3729), ('hospital nearby', 0.2311), ('cars', 0.1932), ('isolated', 0.1011), ('shops', 0.0952)]","[('unsafe', 0.2223), ('cars', 0.1932), ('hospital', 0.1045), ('shops', 0.0952), ('nearby', 0.0527)]","[('cars feel unsafe', 0.586), ('away shops public', 0.4198), ('hospital nearby', 0.2311), ('lot cars', 0.2222), ('times route', -0.0546)]","[('busy route', 0.3729), ('cars', 0.1932), ('hospital', 0.1045), ('shops', 0.0952), ('times', -0.1172)]"
52.28051,-1.53824,3.0,0.6,0.4,0.2,safe,"There was a long, isolated road with a lack of lighting on the route.; There was a long, isolated road with a lack of lighting on the route.","[('isolated road', 0.7717), ('long isolated', 0.6521), ('road', 0.5312), ('route long', 0.4862), ('lighting', 0.3005)]","[('isolated', 0.57), ('road', 0.5312), ('long', 0.454), ('route', 0.3725), ('lighting', 0.3005)]","[('long isolated road', 0.8514), ('lack lighting route', 0.7515), ('road', 0.5312), ('long', 0.454), ('lighting', 0.3005)]","[('isolated road', 0.7717), ('lack', 0.5557), ('route', 0.3725), ('lighting', 0.3005)]"
52.28776,-1.56568,3.0,0.8,0.8,0.2,safe,"The route was busy with the public, but there was a lot of cars which made me feel unsafe at times.; The route was busy with the public, but there was a lot of cars which made me feel unsafe at times.","[('busy public', 0.5604), ('lot cars', 0.3592), ('unsafe', 0.3211), ('public', 0.1818), ('times route', 0.0321)]","[('busy', 0.3785), ('unsafe', 0.3211), ('cars', 0.3133), ('public', 0.1818), ('route', 0.003)]","[('cars feel unsafe', 0.7099), ('busy public', 0.5604), ('lot cars', 0.3592), ('unsafe', 0.3211), ('times route', 0.0321)]","[('cars', 0.3133), ('public', 0.1818), ('lot', 0.1286), ('times', 0.0115), ('route', 0.003)]"
52.28514,-1.53637,1.0,0.2,0.2,0.2,unsafe,"This route was terrible - had to go through dark, unlit roads.; This route was terrible - had to go through dark, unlit roads.; This route was terrible - had to go through dark, unlit roads.; This route was terrible - had to go through dark, unlit roads.; This route was terrible - had to go through dark, unlit roads.; This route was terrible - had to go through dark, unlit roads.","[('terrible dark', 0.7726), ('dark', 0.53), ('unlit roads', 0.4342), ('unlit', 0.3458), ('roads route', 0.2632)]","[('terrible', 0.6186), ('dark', 0.53), ('unlit', 0.3458), ('roads', 0.3104), ('route', 0.1826)]","[('terrible dark unlit', 0.8118), ('roads route terrible', 0.7452), ('dark', 0.53), ('unlit roads', 0.4342), ('roads route', 0.2632)]","[('unlit roads', 0.4342), ('route', 0.1826)]"
52.2907119,-1.5829859,3.0,0.4,0.4,0.2,safe,Walking near the park at night meant there was little lighting and no access to public spaces.; Walking near the park at night meant there was little lighting and no access to public spaces.,"[('little lighting', 0.4558), ('park night', 0.4455), ('walking near', 0.248), ('access public', 0.1453), ('lighting', 0.1286)]","[('night', 0.3618), ('park', 0.2183), ('walking', 0.2139), ('little', 0.1727), ('lighting', 0.1286)]","[('night meant little', 0.5424), ('near park night', 0.5276), ('walking near park', 0.4015), ('walking', 0.2139), ('access public', 0.1453)]","[('little lighting', 0.4558), ('night', 0.3618), ('park', 0.2183), ('public spaces', 0.2169), ('access', 0.023)]"
52.28552,-1.56332,4.0,0.6,0.8,0.4,safe,The walk through the park is nice and busy in the daytime. Felt very safe and was a scenic route.; The walk through the park is nice and busy in the daytime. Felt very safe and was a scenic route.,"[('park nice', 0.6938), ('safe', 0.4375), ('scenic', 0.416), ('busy daytime', 0.3986), ('route walk', 0.3301)]","[('park', 0.4643), ('safe', 0.4375), ('daytime', 0.3958), ('walk', 0.2866), ('busy', 0.218)]","[('walk park nice', 0.7759), ('daytime felt safe', 0.6322), ('park', 0.4643), ('busy daytime', 0.3986), ('route', 0.0843)]","[('scenic route', 0.5427), ('park', 0.4643), ('daytime', 0.3958), ('walk', 0.2866), ('felt', 0.1426)]"
52.29034,-1.57535,2.0,0.4,0.4,0.6,unsafe,The route was isolated as it was far away from shops and any public spaces. The hospital was nearby which made me feel more safe but overall would have preferred a more busy route.; The route was isolated as it was far away from shops and any public spaces. The hospital was nearby which made me feel more safe but overall would have preferred a more busy route.,"[('away shops', 0.4378), ('busy route', 0.2991), ('shops public', 0.2677), ('hospital nearby', 0.2667), ('overall preferred', 0.1806)]","[('isolated', 0.3072), ('busy', 0.1983), ('hospital', 0.1886), ('shops', 0.1568), ('nearby', 0.1452)]","[('away shops public', 0.5348), ('overall preferred busy', 0.3259), ('hospital nearby', 0.2667), ('safe', 0.2519), ('spaces hospital', 0.2223)]","[('busy route', 0.2991), ('public spaces', 0.2023), ('hospital', 0.1886), ('shops', 0.1568), ('route', 0.0445)]"
52.28754,-1.53444,3.0,0.6,0.4,0.2,safe,"There was a long, isolated road with a lack of lighting on the route.; There was a long, isolated road with a lack of lighting on the route.","[('isolated road', 0.7717), ('long isolated', 0.6521), ('road', 0.5312), ('route long', 0.4862), ('lighting', 0.3005)]","[('isolated', 0.57), ('road', 0.5312), ('long', 0.454), ('route', 0.3725), ('lighting', 0.3005)]","[('long isolated road', 0.8514), ('lack lighting route', 0.7515), ('road', 0.5312), ('long', 0.454), ('lighting', 0.3005)]","[('isolated road', 0.7717), ('lack', 0.5557), ('route', 0.3725), ('lighting', 0.3005)]"
52.2889352,-1.5379752,3.0,0.6,0.8,0.4,safe,"Very well-lit route, the greenery was busy with the public during the afternoons.; Very well-lit route, the greenery was busy with the public during the afternoons.","[('afternoons lit', 0.6643), ('route greenery', 0.4942), ('busy public', 0.4689), ('public', 0.3067), ('route', 0.0992)]","[('afternoons', 0.5527), ('greenery', 0.491), ('busy', 0.3292), ('public', 0.3067), ('route', 0.0992)]","[('busy public afternoons', 0.7492), ('afternoons lit', 0.6643), ('lit route greenery', 0.5747), ('busy', 0.3292), ('route', 0.0992)]","[('afternoons', 0.5527), ('greenery', 0.491), ('public', 0.3067), ('route', 0.0992)]"
52.28261,-1.55083,3.0,0.8,0.8,0.2,safe,"The route was busy with the public, but there was a lot of cars which made me feel unsafe at times.; The route was busy with the public, but there was a lot of cars which made me feel unsafe at times.","[('busy public', 0.5604), ('lot cars', 0.3592), ('unsafe', 0.3211), ('public', 0.1818), ('times route', 0.0321)]","[('busy', 0.3785), ('unsafe', 0.3211), ('cars', 0.3133), ('public', 0.1818), ('route', 0.003)]","[('cars feel unsafe', 0.7099), ('busy public', 0.5604), ('lot cars', 0.3592), ('unsafe', 0.3211), ('times route', 0.0321)]","[('cars', 0.3133), ('public', 0.1818), ('lot', 0.1286), ('times', 0.0115), ('route', 0.003)]"
52.29016,-1.5435,2.0,0.4,0.4,0.6,unsafe,The route was isolated as it was far away from shops and any public spaces. The hospital was nearby which made me feel more safe but overall would have preferred a more busy route.; The route was isolated as it was far away from shops and any public spaces. The hospital was nearby which made me feel more safe but overall would have preferred a more busy route.,"[('away shops', 0.4378), ('busy route', 0.2991), ('shops public', 0.2677), ('hospital nearby', 0.2667), ('overall preferred', 0.1806)]","[('isolated', 0.3072), ('busy', 0.1983), ('hospital', 0.1886), ('shops', 0.1568), ('nearby', 0.1452)]","[('away shops public', 0.5348), ('overall preferred busy', 0.3259), ('hospital nearby', 0.2667), ('safe', 0.2519), ('spaces hospital', 0.2223)]","[('busy route', 0.2991), ('public spaces', 0.2023), ('hospital', 0.1886), ('shops', 0.1568), ('route', 0.0445)]"
52.27932,-1.54493,3.0,0.6,0.4,0.2,safe,"There was a long, isolated road with a lack of lighting on the route.; There was a long, isolated road with a lack of lighting on the route.","[('isolated road', 0.7717), ('long isolated', 0.6521), ('road', 0.5312), ('route long', 0.4862), ('lighting', 0.3005)]","[('isolated', 0.57), ('road', 0.5312), ('long', 0.454), ('route', 0.3725), ('lighting', 0.3005)]","[('long isolated road', 0.8514), ('lack lighting route', 0.7515), ('road', 0.5312), ('long', 0.454), ('lighting', 0.3005)]","[('isolated road', 0.7717), ('lack', 0.5557), ('route', 0.3725), ('lighting', 0.3005)]"
52.2935,-1.53832,2.0,0.6,0.4,0.4,unsafe,"The route was fairly well-lit, but it was quite far from  the main high street so I felt less safe.; The route was fairly well-lit, but it was quite far from  the main high street so I felt less safe.","[('street felt', 0.3053), ('felt safe', 0.2017), ('main high', 0.1687), ('lit quite', 0.1426), ('route', 0.0461)]","[('street', 0.2276), ('safe', 0.1887), ('high', 0.1745), ('lit', 0.088), ('main', 0.044)]","[('street felt safe', 0.381), ('high street felt', 0.3128), ('far main high', 0.2326), ('street', 0.2276), ('lit quite', 0.1426)]","[('main high street', 0.2607), ('route', 0.0461)]"
52.28554,-1.55808,4.0,0.6,0.8,0.4,safe,The walk through the park is nice and busy in the daytime. Felt very safe and was a scenic route.; The walk through the park is nice and busy in the daytime. Felt very safe and was a scenic route.,"[('park nice', 0.6938), ('safe', 0.4375), ('scenic', 0.416), ('busy daytime', 0.3986), ('route walk', 0.3301)]","[('park', 0.4643), ('safe', 0.4375), ('daytime', 0.3958), ('walk', 0.2866), ('busy', 0.218)]","[('walk park nice', 0.7759), ('daytime felt safe', 0.6322), ('park', 0.4643), ('busy daytime', 0.3986), ('route', 0.0843)]","[('scenic route', 0.5427), ('park', 0.4643), ('daytime', 0.3958), ('walk', 0.2866), ('felt', 0.1426)]"
52.29026,-1.58006,2.5,0.6,0.6,0.4,unsafe,"The route was busy with the public, but there was a lot of cars which made me feel unsafe at times.; The route was isolated as it was far away from shops and any public spaces. The hospital was nearby which made me feel more safe but overall would have preferred a more busy route.; The route was busy with the public, but there was a lot of cars which made me feel unsafe at times.; The route was isolated as it was far away from shops and any public spaces. The hospital was nearby which made me feel more safe but overall would have preferred a more busy route.","[('busy route', 0.3729), ('hospital nearby', 0.2311), ('cars', 0.1932), ('isolated', 0.1011), ('shops', 0.0952)]","[('unsafe', 0.2223), ('cars', 0.1932), ('hospital', 0.1045), ('shops', 0.0952), ('nearby', 0.0527)]","[('cars feel unsafe', 0.586), ('away shops public', 0.4198), ('hospital nearby', 0.2311), ('lot cars', 0.2222), ('times route', -0.0546)]","[('busy route', 0.3729), ('cars', 0.1932), ('hospital', 0.1045), ('shops', 0.0952), ('times', -0.1172)]"
52.2902,-1.54262,2.0,0.4,0.4,0.6,unsafe,The route was isolated as it was far away from shops and any public spaces. The hospital was nearby which made me feel more safe but overall would have preferred a more busy route.; The route was isolated as it was far away from shops and any public spaces. The hospital was nearby which made me feel more safe but overall would have preferred a more busy route.,"[('away shops', 0.4378), ('busy route', 0.2991), ('shops public', 0.2677), ('hospital nearby', 0.2667), ('overall preferred', 0.1806)]","[('isolated', 0.3072), ('busy', 0.1983), ('hospital', 0.1886), ('shops', 0.1568), ('nearby', 0.1452)]","[('away shops public', 0.5348), ('overall preferred busy', 0.3259), ('hospital nearby', 0.2667), ('safe', 0.2519), ('spaces hospital', 0.2223)]","[('busy route', 0.2991), ('public spaces', 0.2023), ('hospital', 0.1886), ('shops', 0.1568), ('route', 0.0445)]"
52.27963,-1.5455,3.0,0.6,0.4,0.2,safe,"There was a long, isolated road with a lack of lighting on the route.; There was a long, isolated road with a lack of lighting on the route.","[('isolated road', 0.7717), ('long isolated', 0.6521), ('road', 0.5312), ('route long', 0.4862), ('lighting', 0.3005)]","[('isolated', 0.57), ('road', 0.5312), ('long', 0.454), ('route', 0.3725), ('lighting', 0.3005)]","[('long isolated road', 0.8514), ('lack lighting route', 0.7515), ('road', 0.5312), ('long', 0.454), ('lighting', 0.3005)]","[('isolated road', 0.7717), ('lack', 0.5557), ('route', 0.3725), ('lighting', 0.3005)]"
52.28398,-1.53688,3.0,0.8,0.8,0.2,safe,"The route was busy with the public, but there was a lot of cars which made me feel unsafe at times.; The route was busy with the public, but there was a lot of cars which made me feel unsafe at times.","[('busy public', 0.5604), ('lot cars', 0.3592), ('unsafe', 0.3211), ('public', 0.1818), ('times route', 0.0321)]","[('busy', 0.3785), ('unsafe', 0.3211), ('cars', 0.3133), ('public', 0.1818), ('route', 0.003)]","[('cars feel unsafe', 0.7099), ('busy public', 0.5604), ('lot cars', 0.3592), ('unsafe', 0.3211), ('times route', 0.0321)]","[('cars', 0.3133), ('public', 0.1818), ('lot', 0.1286), ('times', 0.0115), ('route', 0.003)]"
52.28613,-1.53312,2.333333333333333,0.4666666666666666,0.4,0.26666666666666666,unsafe,"The route included backstreets which were isolated and there was no lighting in the evening. I felt unsafe on the route.; There was a long, isolated road with a lack of lighting on the route.; There was little lighting when we walked through the park, felt very unsafe.; The route included backstreets which were isolated and there was no lighting in the evening. I felt unsafe on the route.; There was a long, isolated road with a lack of lighting on the route.; There was little lighting when we walked through the park, felt very unsafe.","[('unsafe route', 0.5452), ('little lighting', 0.3458), ('walked park', 0.2624), ('lighting evening', 0.2315), ('included backstreets', 0.0826)]","[('unsafe', 0.4211), ('evening', 0.1808), ('road', 0.1781), ('park', 0.1668), ('little', 0.0837)]","[('park felt unsafe', 0.7069), ('lack', 0.2451), ('park', 0.1668), ('route long', 0.1418), ('lighting walked', 0.1119)]","[('isolated road', 0.4713), ('backstreets', 0.1843), ('evening', 0.1808), ('park', 0.1668), ('lighting', 0.0582)]"
52.286249,-1.570058,3.0,0.6,0.4,0.6,safe,"The route was residential, making me feel at ease.; The route was residential, making me feel at ease.","[('residential', 0.7119), ('ease route', 0.6862), ('making feel', 0.4721), ('route', 0.3727), ('making', 0.3406)]","[('residential', 0.7119), ('ease', 0.6544), ('feel', 0.4183), ('route', 0.3727), ('making', 0.3406)]","[('ease route residential', 0.872), ('making feel ease', 0.7058), ('residential making', 0.6671), ('making feel', 0.4721), ('making', 0.3406)]","[('ease', 0.6544), ('route', 0.3727)]"
52.28788,-1.56659,2.0,0.4,0.4,0.6,unsafe,The route was isolated as it was far away from shops and any public spaces. The hospital was nearby which made me feel more safe but overall would have preferred a more busy route.; The route was isolated as it was far away from shops and any public spaces. The hospital was nearby which made me feel more safe but overall would have preferred a more busy route.,"[('away shops', 0.4378), ('busy route', 0.2991), ('shops public', 0.2677), ('hospital nearby', 0.2667), ('overall preferred', 0.1806)]","[('isolated', 0.3072), ('busy', 0.1983), ('hospital', 0.1886), ('shops', 0.1568), ('nearby', 0.1452)]","[('away shops public', 0.5348), ('overall preferred busy', 0.3259), ('hospital nearby', 0.2667), ('safe', 0.2519), ('spaces hospital', 0.2223)]","[('busy route', 0.2991), ('public spaces', 0.2023), ('hospital', 0.1886), ('shops', 0.1568), ('route', 0.0445)]"
52.28245,-1.54654,3.0,0.8,0.8,0.2,safe,"The route was busy with the public, but there was a lot of cars which made me feel unsafe at times.; The route was busy with the public, but there was a lot of cars which made me feel unsafe at times.","[('busy public', 0.5604), ('lot cars', 0.3592), ('unsafe', 0.3211), ('public', 0.1818), ('times route', 0.0321)]","[('busy', 0.3785), ('unsafe', 0.3211), ('cars', 0.3133), ('public', 0.1818), ('route', 0.003)]","[('cars feel unsafe', 0.7099), ('busy public', 0.5604), ('lot cars', 0.3592), ('unsafe', 0.3211), ('times route', 0.0321)]","[('cars', 0.3133), ('public', 0.1818), ('lot', 0.1286), ('times', 0.0115), ('route', 0.003)]"
52.28702,-1.53692,3.25,0.5,0.55,0.3,safe,"The walk through the park is nice and busy in the daytime. Felt very safe and was a scenic route.; The walk through the park is nice and busy in the daytime. Felt very safe and was a scenic route.; The route felt fairly safe with some street lighting, however there was nobody around at this time of night.; The route did not feel safe at all. I had to walk through a park by myself and felt helpless if anything were to happen.","[('park nice', 0.4197), ('busy daytime', 0.2888), ('night route', 0.2276), ('route walk', 0.205), ('helpless', 0.1704)]","[('park', 0.28), ('daytime', 0.1953), ('night', 0.1794), ('helpless', 0.1704), ('walk', 0.1611)]","[('safe walk park', 0.5563), ('park felt helpless', 0.4354), ('busy daytime', 0.2888), ('street lighting', 0.2674), ('route route', 0.0064)]","[('scenic route', 0.2966), ('street lighting', 0.2674), ('night', 0.1794), ('walk', 0.1611), ('nobody', 0.1531)]"
52.28773,-1.53487,2.0,0.4,0.4,0.2,unsafe,"There was little lighting when we walked through the park, felt very unsafe.; There was little lighting when we walked through the park, felt very unsafe.","[('felt unsafe', 0.5283), ('little lighting', 0.4605), ('walked park', 0.369), ('walked', 0.1759), ('lighting', 0.112)]","[('unsafe', 0.4919), ('park', 0.2799), ('little', 0.2206), ('walked', 0.1759), ('lighting', 0.112)]","[('park felt unsafe', 0.7655), ('little lighting', 0.4605), ('park', 0.2799), ('lighting walked', 0.166), ('felt', 0.0386)]","[('little lighting', 0.4605), ('park', 0.2799)]"
52.28842,-1.53515,3.0,0.6,0.4,0.2,safe,"There was a long, isolated road with a lack of lighting on the route.; There was a long, isolated road with a lack of lighting on the route.","[('isolated road', 0.7717), ('long isolated', 0.6521), ('road', 0.5312), ('route long', 0.4862), ('lighting', 0.3005)]","[('isolated', 0.57), ('road', 0.5312), ('long', 0.454), ('route', 0.3725), ('lighting', 0.3005)]","[('long isolated road', 0.8514), ('lack lighting route', 0.7515), ('road', 0.5312), ('long', 0.454), ('lighting', 0.3005)]","[('isolated road', 0.7717), ('lack', 0.5557), ('route', 0.3725), ('lighting', 0.3005)]"
52.28960319999999,-1.5530564,3.0,0.6,0.4,0.6,safe,"The route was residential, making me feel at ease.; The route was residential, making me feel at ease.","[('residential', 0.7119), ('ease route', 0.6862), ('making feel', 0.4721), ('route', 0.3727), ('making', 0.3406)]","[('residential', 0.7119), ('ease', 0.6544), ('feel', 0.4183), ('route', 0.3727), ('making', 0.3406)]","[('ease route residential', 0.872), ('making feel ease', 0.7058), ('residential making', 0.6671), ('making feel', 0.4721), ('making', 0.3406)]","[('ease', 0.6544), ('route', 0.3727)]"
52.27956,-1.54404,3.0,0.6,0.4,0.2,safe,"There was a long, isolated road with a lack of lighting on the route.; There was a long, isolated road with a lack of lighting on the route.","[('isolated road', 0.7717), ('long isolated', 0.6521), ('road', 0.5312), ('route long', 0.4862), ('lighting', 0.3005)]","[('isolated', 0.57), ('road', 0.5312), ('long', 0.454), ('route', 0.3725), ('lighting', 0.3005)]","[('long isolated road', 0.8514), ('lack lighting route', 0.7515), ('road', 0.5312), ('long', 0.454), ('lighting', 0.3005)]","[('isolated road', 0.7717), ('lack', 0.5557), ('route', 0.3725), ('lighting', 0.3005)]"
52.28908,-1.53848,2.0,0.5,0.3,0.3,unsafe,"The route was fairly well-lit, but it was quite far from  the main high street so I felt less safe.; The route was fairly well-lit, but it was quite far from  the main high street so I felt less safe.; Walking through the park made me feel uneasy as there is no lighting on the paths.","[('uneasy lighting', 0.3757), ('walking park', 0.2642), ('lighting paths', 0.165), ('high street', 0.1492), ('safe', 0.1062)]","[('uneasy', 0.2288), ('park', 0.154), ('walking', 0.1075), ('safe', 0.1062), ('lighting', 0.0706)]","[('park feel uneasy', 0.5126), ('felt safe walking', 0.2545), ('main high street', 0.1668), ('park', 0.154), ('lighting', 0.0706)]","[('main high street', 0.1668), ('park', 0.154), ('lighting', 0.0706), ('paths', 0.048), ('route', -0.034)]"
52.27458,-1.52582,4.0,0.8,0.8,0.4,safe,The route felt fairly safe with some access to public spaces.; The route felt fairly safe with some access to public spaces.,"[('safe access', 0.8528), ('felt fairly', 0.6885), ('public', 0.5552), ('route felt', 0.5215), ('spaces route', 0.463)]","[('safe', 0.7503), ('public', 0.5552), ('felt', 0.46), ('spaces', 0.4411), ('route', 0.3972)]","[('fairly safe access', 0.8703), ('public spaces route', 0.5572), ('access public', 0.5137), ('spaces route', 0.463), ('felt', 0.46)]","[('public spaces', 0.6254), ('access', 0.4339), ('route', 0.3972)]"
52.28942,-1.53777,2.0,0.6,0.4,0.4,unsafe,"The route was fairly well-lit, but it was quite far from  the main high street so I felt less safe.; The route was fairly well-lit, but it was quite far from  the main high street so I felt less safe.","[('street felt', 0.3053), ('felt safe', 0.2017), ('main high', 0.1687), ('lit quite', 0.1426), ('route', 0.0461)]","[('street', 0.2276), ('safe', 0.1887), ('high', 0.1745), ('lit', 0.088), ('main', 0.044)]","[('street felt safe', 0.381), ('high street felt', 0.3128), ('far main high', 0.2326), ('street', 0.2276), ('lit quite', 0.1426)]","[('main high street', 0.2607), ('route', 0.0461)]"
52.2867355,-1.5244127,2.0,0.4,0.4,0.2,unsafe,Very poorly lit route. Felt unsafe and was far away from the public and main roads.; Very poorly lit route. Felt unsafe and was far away from the public and main roads.,"[('roads poorly', 0.7913), ('away public', 0.6149), ('main roads', 0.3145), ('main', 0.2565), ('lit', 0.1903)]","[('unsafe', 0.7154), ('away', 0.4561), ('roads', 0.3563), ('main', 0.2565), ('lit', 0.1903)]","[('roads poorly lit', 0.8281), ('unsafe far', 0.7396), ('away public', 0.6149), ('public main roads', 0.3335), ('main', 0.2565)]","[('main roads', 0.3145), ('route', 0.2245)]"
52.28638,-1.53128,2.0,0.4,0.4,0.2,unsafe,"Not well lit, round back streets, feels unsafe especially at night; Not well lit, round back streets, feels unsafe especially at night","[('feels unsafe', 0.676), ('night lit', 0.5415), ('round streets', 0.3419), ('lit round', 0.207), ('especially', 0.1362)]","[('unsafe', 0.6215), ('night', 0.5194), ('streets', 0.394), ('lit', 0.1665), ('especially', 0.1362)]","[('unsafe especially night', 0.8677), ('streets feels unsafe', 0.8365), ('night lit round', 0.5397), ('streets feels', 0.4255), ('lit', 0.1665)]","[('night', 0.5194), ('round back streets', 0.4449)]"
52.28506,-1.5523,4.0,0.6,0.8,0.4,safe,The walk through the park is nice and busy in the daytime. Felt very safe and was a scenic route.; The walk through the park is nice and busy in the daytime. Felt very safe and was a scenic route.,"[('park nice', 0.6938), ('safe', 0.4375), ('scenic', 0.416), ('busy daytime', 0.3986), ('route walk', 0.3301)]","[('park', 0.4643), ('safe', 0.4375), ('daytime', 0.3958), ('walk', 0.2866), ('busy', 0.218)]","[('walk park nice', 0.7759), ('daytime felt safe', 0.6322), ('park', 0.4643), ('busy daytime', 0.3986), ('route', 0.0843)]","[('scenic route', 0.5427), ('park', 0.4643), ('daytime', 0.3958), ('walk', 0.2866), ('felt', 0.1426)]"
52.28874,-1.56179,2.0,0.4,0.4,0.6,unsafe,The route was isolated as it was far away from shops and any public spaces. The hospital was nearby which made me feel more safe but overall would have preferred a more busy route.; The route was isolated as it was far away from shops and any public spaces. The hospital was nearby which made me feel more safe but overall would have preferred a more busy route.,"[('away shops', 0.4378), ('busy route', 0.2991), ('shops public', 0.2677), ('hospital nearby', 0.2667), ('overall preferred', 0.1806)]","[('isolated', 0.3072), ('busy', 0.1983), ('hospital', 0.1886), ('shops', 0.1568), ('nearby', 0.1452)]","[('away shops public', 0.5348), ('overall preferred busy', 0.3259), ('hospital nearby', 0.2667), ('safe', 0.2519), ('spaces hospital', 0.2223)]","[('busy route', 0.2991), ('public spaces', 0.2023), ('hospital', 0.1886), ('shops', 0.1568), ('route', 0.0445)]"
52.28662,-1.56082,3.0,0.8,0.8,0.2,safe,"The route was busy with the public, but there was a lot of cars which made me feel unsafe at times.; The route was busy with the public, but there was a lot of cars which made me feel unsafe at times.","[('busy public', 0.5604), ('lot cars', 0.3592), ('unsafe', 0.3211), ('public', 0.1818), ('times route', 0.0321)]","[('busy', 0.3785), ('unsafe', 0.3211), ('cars', 0.3133), ('public', 0.1818), ('route', 0.003)]","[('cars feel unsafe', 0.7099), ('busy public', 0.5604), ('lot cars', 0.3592), ('unsafe', 0.3211), ('times route', 0.0321)]","[('cars', 0.3133), ('public', 0.1818), ('lot', 0.1286), ('times', 0.0115), ('route', 0.003)]"
52.29084,-1.57659,2.0,0.4,0.4,0.6,unsafe,The route was isolated as it was far away from shops and any public spaces. The hospital was nearby which made me feel more safe but overall would have preferred a more busy route.; The route was isolated as it was far away from shops and any public spaces. The hospital was nearby which made me feel more safe but overall would have preferred a more busy route.,"[('away shops', 0.4378), ('busy route', 0.2991), ('shops public', 0.2677), ('hospital nearby', 0.2667), ('overall preferred', 0.1806)]","[('isolated', 0.3072), ('busy', 0.1983), ('hospital', 0.1886), ('shops', 0.1568), ('nearby', 0.1452)]","[('away shops public', 0.5348), ('overall preferred busy', 0.3259), ('hospital nearby', 0.2667), ('safe', 0.2519), ('spaces hospital', 0.2223)]","[('busy route', 0.2991), ('public spaces', 0.2023), ('hospital', 0.1886), ('shops', 0.1568), ('route', 0.0445)]"
52.28502,-1.55704,4.0,0.6,0.8,0.4,safe,The walk through the park is nice and busy in the daytime. Felt very safe and was a scenic route.; The walk through the park is nice and busy in the daytime. Felt very safe and was a scenic route.,"[('park nice', 0.6938), ('safe', 0.4375), ('scenic', 0.416), ('busy daytime', 0.3986), ('route walk', 0.3301)]","[('park', 0.4643), ('safe', 0.4375), ('daytime', 0.3958), ('walk', 0.2866), ('busy', 0.218)]","[('walk park nice', 0.7759), ('daytime felt safe', 0.6322), ('park', 0.4643), ('busy daytime', 0.3986), ('route', 0.0843)]","[('scenic route', 0.5427), ('park', 0.4643), ('daytime', 0.3958), ('walk', 0.2866), ('felt', 0.1426)]"
52.29121,-1.57794,2.0,0.4,0.4,0.6,unsafe,The route was isolated as it was far away from shops and any public spaces. The hospital was nearby which made me feel more safe but overall would have preferred a more busy route.; The route was isolated as it was far away from shops and any public spaces. The hospital was nearby which made me feel more safe but overall would have preferred a more busy route.,"[('away shops', 0.4378), ('busy route', 0.2991), ('shops public', 0.2677), ('hospital nearby', 0.2667), ('overall preferred', 0.1806)]","[('isolated', 0.3072), ('busy', 0.1983), ('hospital', 0.1886), ('shops', 0.1568), ('nearby', 0.1452)]","[('away shops public', 0.5348), ('overall preferred busy', 0.3259), ('hospital nearby', 0.2667), ('safe', 0.2519), ('spaces hospital', 0.2223)]","[('busy route', 0.2991), ('public spaces', 0.2023), ('hospital', 0.1886), ('shops', 0.1568), ('route', 0.0445)]"
52.2853,-1.53361,2.0,0.4,0.4,0.4,unsafe,The route included backstreets which were isolated and there was no lighting in the evening. I felt unsafe on the route.; The route included backstreets which were isolated and there was no lighting in the evening. I felt unsafe on the route.,"[('unsafe route', 0.643), ('isolated lighting', 0.5442), ('lighting evening', 0.3723), ('included backstreets', 0.232), ('route route', 0.1834)]","[('unsafe', 0.5318), ('isolated', 0.3877), ('evening', 0.3389), ('backstreets', 0.3221), ('lighting', 0.1948)]","[('evening felt unsafe', 0.7467), ('backstreets isolated lighting', 0.5414), ('lighting evening', 0.3723), ('route route included', 0.1717), ('felt', 0.1071)]","[('evening', 0.3389), ('backstreets', 0.3221), ('lighting', 0.1948), ('route', 0.1466)]"
52.27633,-1.52121,3.0,0.6,0.6,0.2,safe,"Well-lit street, was quite busy with other members of public.; Well-lit street, was quite busy with other members of public.","[('lit street', 0.7497), ('busy members', 0.6292), ('members public', 0.5889), ('lit', 0.4973), ('quite', 0.3242)]","[('street', 0.5627), ('public', 0.5542), ('busy', 0.5319), ('lit', 0.4973), ('members', 0.3455)]","[('public lit street', 0.7701), ('street quite busy', 0.7673), ('quite busy members', 0.6288), ('members public', 0.5889), ('quite', 0.3242)]","[('street', 0.5627), ('public', 0.5542), ('other members', 0.4653)]"
52.28727,-1.56382,3.0,0.8,0.8,0.2,safe,"The route was busy with the public, but there was a lot of cars which made me feel unsafe at times.; The route was busy with the public, but there was a lot of cars which made me feel unsafe at times.","[('busy public', 0.5604), ('lot cars', 0.3592), ('unsafe', 0.3211), ('public', 0.1818), ('times route', 0.0321)]","[('busy', 0.3785), ('unsafe', 0.3211), ('cars', 0.3133), ('public', 0.1818), ('route', 0.003)]","[('cars feel unsafe', 0.7099), ('busy public', 0.5604), ('lot cars', 0.3592), ('unsafe', 0.3211), ('times route', 0.0321)]","[('cars', 0.3133), ('public', 0.1818), ('lot', 0.1286), ('times', 0.0115), ('route', 0.003)]"
52.272517,-1.526155,2.0,0.6,0.4,0.2,unsafe,I hated the walk alongside the cemetery - was creepy and made me feel unsafe. I would have preferred a route with more people around; I hated the walk alongside the cemetery - was creepy and made me feel unsafe. I would have preferred a route with more people around,"[('cemetery creepy', 0.6262), ('hated walk', 0.5738), ('unsafe preferred', 0.4399), ('alongside cemetery', 0.2049), ('route people', 0.0444)]","[('hated', 0.3773), ('creepy', 0.3719), ('cemetery', 0.2036), ('walk', 0.0711), ('preferred', 0.0167)]","[('people hated walk', 0.6875), ('alongside cemetery creepy', 0.5495), ('unsafe preferred', 0.4399), ('walk alongside cemetery', 0.2595), ('alongside', -0.0963)]","[('cemetery', 0.2036), ('more people', 0.0775), ('walk', 0.0711), ('route', -0.052)]"
52.28958,-1.55344,2.0,0.4,0.4,0.6,unsafe,The route was isolated as it was far away from shops and any public spaces. The hospital was nearby which made me feel more safe but overall would have preferred a more busy route.; The route was isolated as it was far away from shops and any public spaces. The hospital was nearby which made me feel more safe but overall would have preferred a more busy route.,"[('away shops', 0.4378), ('busy route', 0.2991), ('shops public', 0.2677), ('hospital nearby', 0.2667), ('overall preferred', 0.1806)]","[('isolated', 0.3072), ('busy', 0.1983), ('hospital', 0.1886), ('shops', 0.1568), ('nearby', 0.1452)]","[('away shops public', 0.5348), ('overall preferred busy', 0.3259), ('hospital nearby', 0.2667), ('safe', 0.2519), ('spaces hospital', 0.2223)]","[('busy route', 0.2991), ('public spaces', 0.2023), ('hospital', 0.1886), ('shops', 0.1568), ('route', 0.0445)]"
52.28249,-1.55023,3.0,0.8,0.8,0.2,safe,"The route was busy with the public, but there was a lot of cars which made me feel unsafe at times.; The route was busy with the public, but there was a lot of cars which made me feel unsafe at times.","[('busy public', 0.5604), ('lot cars', 0.3592), ('unsafe', 0.3211), ('public', 0.1818), ('times route', 0.0321)]","[('busy', 0.3785), ('unsafe', 0.3211), ('cars', 0.3133), ('public', 0.1818), ('route', 0.003)]","[('cars feel unsafe', 0.7099), ('busy public', 0.5604), ('lot cars', 0.3592), ('unsafe', 0.3211), ('times route', 0.0321)]","[('cars', 0.3133), ('public', 0.1818), ('lot', 0.1286), ('times', 0.0115), ('route', 0.003)]"
52.28252,-1.55016,3.0,0.8,0.8,0.2,safe,"The route was busy with the public, but there was a lot of cars which made me feel unsafe at times.; The route was busy with the public, but there was a lot of cars which made me feel unsafe at times.","[('busy public', 0.5604), ('lot cars', 0.3592), ('unsafe', 0.3211), ('public', 0.1818), ('times route', 0.0321)]","[('busy', 0.3785), ('unsafe', 0.3211), ('cars', 0.3133), ('public', 0.1818), ('route', 0.003)]","[('cars feel unsafe', 0.7099), ('busy public', 0.5604), ('lot cars', 0.3592), ('unsafe', 0.3211), ('times route', 0.0321)]","[('cars', 0.3133), ('public', 0.1818), ('lot', 0.1286), ('times', 0.0115), ('route', 0.003)]"
52.28226,-1.54954,3.0,0.8,0.8,0.2,safe,"The route was busy with the public, but there was a lot of cars which made me feel unsafe at times.; The route was busy with the public, but there was a lot of cars which made me feel unsafe at times.","[('busy public', 0.5604), ('lot cars', 0.3592), ('unsafe', 0.3211), ('public', 0.1818), ('times route', 0.0321)]","[('busy', 0.3785), ('unsafe', 0.3211), ('cars', 0.3133), ('public', 0.1818), ('route', 0.003)]","[('cars feel unsafe', 0.7099), ('busy public', 0.5604), ('lot cars', 0.3592), ('unsafe', 0.3211), ('times route', 0.0321)]","[('cars', 0.3133), ('public', 0.1818), ('lot', 0.1286), ('times', 0.0115), ('route', 0.003)]"
52.27635,-1.53088,4.0,0.8,0.8,0.4,safe,The route felt fairly safe with some access to public spaces.; The route felt fairly safe with some access to public spaces.,"[('safe access', 0.8528), ('felt fairly', 0.6885), ('public', 0.5552), ('route felt', 0.5215), ('spaces route', 0.463)]","[('safe', 0.7503), ('public', 0.5552), ('felt', 0.46), ('spaces', 0.4411), ('route', 0.3972)]","[('fairly safe access', 0.8703), ('public spaces route', 0.5572), ('access public', 0.5137), ('spaces route', 0.463), ('felt', 0.46)]","[('public spaces', 0.6254), ('access', 0.4339), ('route', 0.3972)]"
52.28653,-1.53332,2.333333333333333,0.4666666666666666,0.4,0.26666666666666666,unsafe,"The route included backstreets which were isolated and there was no lighting in the evening. I felt unsafe on the route.; There was a long, isolated road with a lack of lighting on the route.; There was little lighting when we walked through the park, felt very unsafe.; The route included backstreets which were isolated and there was no lighting in the evening. I felt unsafe on the route.; There was a long, isolated road with a lack of lighting on the route.; There was little lighting when we walked through the park, felt very unsafe.","[('unsafe route', 0.5452), ('little lighting', 0.3458), ('walked park', 0.2624), ('lighting evening', 0.2315), ('included backstreets', 0.0826)]","[('unsafe', 0.4211), ('evening', 0.1808), ('road', 0.1781), ('park', 0.1668), ('little', 0.0837)]","[('park felt unsafe', 0.7069), ('lack', 0.2451), ('park', 0.1668), ('route long', 0.1418), ('lighting walked', 0.1119)]","[('isolated road', 0.4713), ('backstreets', 0.1843), ('evening', 0.1808), ('park', 0.1668), ('lighting', 0.0582)]"
52.28131,-1.53498,3.0,0.6,0.4,0.2,safe,"There was a long, isolated road with a lack of lighting on the route.; There was a long, isolated road with a lack of lighting on the route.","[('isolated road', 0.7717), ('long isolated', 0.6521), ('road', 0.5312), ('route long', 0.4862), ('lighting', 0.3005)]","[('isolated', 0.57), ('road', 0.5312), ('long', 0.454), ('route', 0.3725), ('lighting', 0.3005)]","[('long isolated road', 0.8514), ('lack lighting route', 0.7515), ('road', 0.5312), ('long', 0.454), ('lighting', 0.3005)]","[('isolated road', 0.7717), ('lack', 0.5557), ('route', 0.3725), ('lighting', 0.3005)]"
52.29014,-1.58454,2.5,0.6,0.6,0.4,unsafe,"The route was busy with the public, but there was a lot of cars which made me feel unsafe at times.; The route was isolated as it was far away from shops and any public spaces. The hospital was nearby which made me feel more safe but overall would have preferred a more busy route.; The route was busy with the public, but there was a lot of cars which made me feel unsafe at times.; The route was isolated as it was far away from shops and any public spaces. The hospital was nearby which made me feel more safe but overall would have preferred a more busy route.","[('busy route', 0.3729), ('hospital nearby', 0.2311), ('cars', 0.1932), ('isolated', 0.1011), ('shops', 0.0952)]","[('unsafe', 0.2223), ('cars', 0.1932), ('hospital', 0.1045), ('shops', 0.0952), ('nearby', 0.0527)]","[('cars feel unsafe', 0.586), ('away shops public', 0.4198), ('hospital nearby', 0.2311), ('lot cars', 0.2222), ('times route', -0.0546)]","[('busy route', 0.3729), ('cars', 0.1932), ('hospital', 0.1045), ('shops', 0.0952), ('times', -0.1172)]"
52.28211,-1.54861,3.0,0.8,0.8,0.2,safe,"The route was busy with the public, but there was a lot of cars which made me feel unsafe at times.; The route was busy with the public, but there was a lot of cars which made me feel unsafe at times.","[('busy public', 0.5604), ('lot cars', 0.3592), ('unsafe', 0.3211), ('public', 0.1818), ('times route', 0.0321)]","[('busy', 0.3785), ('unsafe', 0.3211), ('cars', 0.3133), ('public', 0.1818), ('route', 0.003)]","[('cars feel unsafe', 0.7099), ('busy public', 0.5604), ('lot cars', 0.3592), ('unsafe', 0.3211), ('times route', 0.0321)]","[('cars', 0.3133), ('public', 0.1818), ('lot', 0.1286), ('times', 0.0115), ('route', 0.003)]"
52.28538,-1.53146,2.0,0.4,0.4,0.2,unsafe,"Not well lit, round back streets, feels unsafe especially at night; Not well lit, round back streets, feels unsafe especially at night","[('feels unsafe', 0.676), ('night lit', 0.5415), ('round streets', 0.3419), ('lit round', 0.207), ('especially', 0.1362)]","[('unsafe', 0.6215), ('night', 0.5194), ('streets', 0.394), ('lit', 0.1665), ('especially', 0.1362)]","[('unsafe especially night', 0.8677), ('streets feels unsafe', 0.8365), ('night lit round', 0.5397), ('streets feels', 0.4255), ('lit', 0.1665)]","[('night', 0.5194), ('round back streets', 0.4449)]"
52.29001,-1.57894,2.5,0.6,0.6,0.4,unsafe,"The route was busy with the public, but there was a lot of cars which made me feel unsafe at times.; The route was isolated as it was far away from shops and any public spaces. The hospital was nearby which made me feel more safe but overall would have preferred a more busy route.; The route was busy with the public, but there was a lot of cars which made me feel unsafe at times.; The route was isolated as it was far away from shops and any public spaces. The hospital was nearby which made me feel more safe but overall would have preferred a more busy route.","[('busy route', 0.3729), ('hospital nearby', 0.2311), ('cars', 0.1932), ('isolated', 0.1011), ('shops', 0.0952)]","[('unsafe', 0.2223), ('cars', 0.1932), ('hospital', 0.1045), ('shops', 0.0952), ('nearby', 0.0527)]","[('cars feel unsafe', 0.586), ('away shops public', 0.4198), ('hospital nearby', 0.2311), ('lot cars', 0.2222), ('times route', -0.0546)]","[('busy route', 0.3729), ('cars', 0.1932), ('hospital', 0.1045), ('shops', 0.0952), ('times', -0.1172)]"
52.28315,-1.55396,3.0,0.8,0.8,0.2,safe,"The route was busy with the public, but there was a lot of cars which made me feel unsafe at times.; The route was busy with the public, but there was a lot of cars which made me feel unsafe at times.","[('busy public', 0.5604), ('lot cars', 0.3592), ('unsafe', 0.3211), ('public', 0.1818), ('times route', 0.0321)]","[('busy', 0.3785), ('unsafe', 0.3211), ('cars', 0.3133), ('public', 0.1818), ('route', 0.003)]","[('cars feel unsafe', 0.7099), ('busy public', 0.5604), ('lot cars', 0.3592), ('unsafe', 0.3211), ('times route', 0.0321)]","[('cars', 0.3133), ('public', 0.1818), ('lot', 0.1286), ('times', 0.0115), ('route', 0.003)]"
52.2859,-1.55897,4.0,0.6,0.8,0.4,safe,The walk through the park is nice and busy in the daytime. Felt very safe and was a scenic route.; The walk through the park is nice and busy in the daytime. Felt very safe and was a scenic route.,"[('park nice', 0.6938), ('safe', 0.4375), ('scenic', 0.416), ('busy daytime', 0.3986), ('route walk', 0.3301)]","[('park', 0.4643), ('safe', 0.4375), ('daytime', 0.3958), ('walk', 0.2866), ('busy', 0.218)]","[('walk park nice', 0.7759), ('daytime felt safe', 0.6322), ('park', 0.4643), ('busy daytime', 0.3986), ('route', 0.0843)]","[('scenic route', 0.5427), ('park', 0.4643), ('daytime', 0.3958), ('walk', 0.2866), ('felt', 0.1426)]"
52.28726,-1.53566,4.0,0.6,0.8,0.4,safe,The walk through the park is nice and busy in the daytime. Felt very safe and was a scenic route.; The walk through the park is nice and busy in the daytime. Felt very safe and was a scenic route.,"[('park nice', 0.6938), ('safe', 0.4375), ('scenic', 0.416), ('busy daytime', 0.3986), ('route walk', 0.3301)]","[('park', 0.4643), ('safe', 0.4375), ('daytime', 0.3958), ('walk', 0.2866), ('busy', 0.218)]","[('walk park nice', 0.7759), ('daytime felt safe', 0.6322), ('park', 0.4643), ('busy daytime', 0.3986), ('route', 0.0843)]","[('scenic route', 0.5427), ('park', 0.4643), ('daytime', 0.3958), ('walk', 0.2866), ('felt', 0.1426)]"
52.28788,-1.56656,3.0,0.8,0.8,0.2,safe,"The route was busy with the public, but there was a lot of cars which made me feel unsafe at times.; The route was busy with the public, but there was a lot of cars which made me feel unsafe at times.","[('busy public', 0.5604), ('lot cars', 0.3592), ('unsafe', 0.3211), ('public', 0.1818), ('times route', 0.0321)]","[('busy', 0.3785), ('unsafe', 0.3211), ('cars', 0.3133), ('public', 0.1818), ('route', 0.003)]","[('cars feel unsafe', 0.7099), ('busy public', 0.5604), ('lot cars', 0.3592), ('unsafe', 0.3211), ('times route', 0.0321)]","[('cars', 0.3133), ('public', 0.1818), ('lot', 0.1286), ('times', 0.0115), ('route', 0.003)]"
52.27509,-1.52648,4.0,0.8,0.8,0.4,safe,The route felt fairly safe with some access to public spaces.; The route felt fairly safe with some access to public spaces.,"[('safe access', 0.8528), ('felt fairly', 0.6885), ('public', 0.5552), ('route felt', 0.5215), ('spaces route', 0.463)]","[('safe', 0.7503), ('public', 0.5552), ('felt', 0.46), ('spaces', 0.4411), ('route', 0.3972)]","[('fairly safe access', 0.8703), ('public spaces route', 0.5572), ('access public', 0.5137), ('spaces route', 0.463), ('felt', 0.46)]","[('public spaces', 0.6254), ('access', 0.4339), ('route', 0.3972)]"
52.2936,-1.53702,2.0,0.6,0.4,0.4,unsafe,"The route was fairly well-lit, but it was quite far from  the main high street so I felt less safe.; The route was fairly well-lit, but it was quite far from  the main high street so I felt less safe.","[('street felt', 0.3053), ('felt safe', 0.2017), ('main high', 0.1687), ('lit quite', 0.1426), ('route', 0.0461)]","[('street', 0.2276), ('safe', 0.1887), ('high', 0.1745), ('lit', 0.088), ('main', 0.044)]","[('street felt safe', 0.381), ('high street felt', 0.3128), ('far main high', 0.2326), ('street', 0.2276), ('lit quite', 0.1426)]","[('main high street', 0.2607), ('route', 0.0461)]"
52.290809,-1.5830862,3.0,0.4,0.4,0.2,safe,Walking near the park at night meant there was little lighting and no access to public spaces.; Walking near the park at night meant there was little lighting and no access to public spaces.,"[('little lighting', 0.4558), ('park night', 0.4455), ('walking near', 0.248), ('access public', 0.1453), ('lighting', 0.1286)]","[('night', 0.3618), ('park', 0.2183), ('walking', 0.2139), ('little', 0.1727), ('lighting', 0.1286)]","[('night meant little', 0.5424), ('near park night', 0.5276), ('walking near park', 0.4015), ('walking', 0.2139), ('access public', 0.1453)]","[('little lighting', 0.4558), ('night', 0.3618), ('park', 0.2183), ('public spaces', 0.2169), ('access', 0.023)]"
52.28253,-1.55049,3.0,0.8,0.8,0.2,safe,"The route was busy with the public, but there was a lot of cars which made me feel unsafe at times.; The route was busy with the public, but there was a lot of cars which made me feel unsafe at times.","[('busy public', 0.5604), ('lot cars', 0.3592), ('unsafe', 0.3211), ('public', 0.1818), ('times route', 0.0321)]","[('busy', 0.3785), ('unsafe', 0.3211), ('cars', 0.3133), ('public', 0.1818), ('route', 0.003)]","[('cars feel unsafe', 0.7099), ('busy public', 0.5604), ('lot cars', 0.3592), ('unsafe', 0.3211), ('times route', 0.0321)]","[('cars', 0.3133), ('public', 0.1818), ('lot', 0.1286), ('times', 0.0115), ('route', 0.003)]"
52.28354,-1.54218,3.0,0.8,0.8,0.2,safe,"The route was busy with the public, but there was a lot of cars which made me feel unsafe at times.; The route was busy with the public, but there was a lot of cars which made me feel unsafe at times.","[('busy public', 0.5604), ('lot cars', 0.3592), ('unsafe', 0.3211), ('public', 0.1818), ('times route', 0.0321)]","[('busy', 0.3785), ('unsafe', 0.3211), ('cars', 0.3133), ('public', 0.1818), ('route', 0.003)]","[('cars feel unsafe', 0.7099), ('busy public', 0.5604), ('lot cars', 0.3592), ('unsafe', 0.3211), ('times route', 0.0321)]","[('cars', 0.3133), ('public', 0.1818), ('lot', 0.1286), ('times', 0.0115), ('route', 0.003)]"
52.29226,-1.5382,2.0,0.6,0.4,0.4,unsafe,"The route was fairly well-lit, but it was quite far from  the main high street so I felt less safe.; The route was fairly well-lit, but it was quite far from  the main high street so I felt less safe.","[('street felt', 0.3053), ('felt safe', 0.2017), ('main high', 0.1687), ('lit quite', 0.1426), ('route', 0.0461)]","[('street', 0.2276), ('safe', 0.1887), ('high', 0.1745), ('lit', 0.088), ('main', 0.044)]","[('street felt safe', 0.381), ('high street felt', 0.3128), ('far main high', 0.2326), ('street', 0.2276), ('lit quite', 0.1426)]","[('main high street', 0.2607), ('route', 0.0461)]"
52.2865,-1.53728,1.0,0.2,0.2,0.2,unsafe,"This route was terrible - had to go through dark, unlit roads.; This route was terrible - had to go through dark, unlit roads.; This route was terrible - had to go through dark, unlit roads.; This route was terrible - had to go through dark, unlit roads.; This route was terrible - had to go through dark, unlit roads.; This route was terrible - had to go through dark, unlit roads.","[('terrible dark', 0.7726), ('dark', 0.53), ('unlit roads', 0.4342), ('unlit', 0.3458), ('roads route', 0.2632)]","[('terrible', 0.6186), ('dark', 0.53), ('unlit', 0.3458), ('roads', 0.3104), ('route', 0.1826)]","[('terrible dark unlit', 0.8118), ('roads route terrible', 0.7452), ('dark', 0.53), ('unlit roads', 0.4342), ('roads route', 0.2632)]","[('unlit roads', 0.4342), ('route', 0.1826)]"
52.28223,-1.5349,2.5,0.5,0.4,0.2,unsafe,"There was a long, isolated road with a lack of lighting on the route.; There was a long, isolated road with a lack of lighting on the route.; Quiet route  with no public services available","[('road lack', 0.7677), ('road', 0.4159), ('route long', 0.3626), ('lighting route', 0.2673), ('services available', 0.1481)]","[('quiet', 0.5817), ('road', 0.4159), ('long', 0.3444), ('public', 0.2912), ('lighting', 0.2089)]","[('road lack lighting', 0.8534), ('long isolated', 0.6125), ('road', 0.4159), ('lighting route long', 0.3704), ('available', 0.115)]","[('isolated road', 0.7589), ('lack', 0.5561), ('route', 0.2682), ('public services', 0.2376), ('lighting', 0.2089)]"
52.27637,-1.52971,4.0,0.8,0.8,0.4,safe,The route felt fairly safe with some access to public spaces.; The route felt fairly safe with some access to public spaces.,"[('safe access', 0.8528), ('felt fairly', 0.6885), ('public', 0.5552), ('route felt', 0.5215), ('spaces route', 0.463)]","[('safe', 0.7503), ('public', 0.5552), ('felt', 0.46), ('spaces', 0.4411), ('route', 0.3972)]","[('fairly safe access', 0.8703), ('public spaces route', 0.5572), ('access public', 0.5137), ('spaces route', 0.463), ('felt', 0.46)]","[('public spaces', 0.6254), ('access', 0.4339), ('route', 0.3972)]"
52.28729,-1.5341,3.0,0.5,0.6,0.3,safe,"There was little lighting when we walked through the park, felt very unsafe.; The walk through the park is nice and busy in the daytime. Felt very safe and was a scenic route.; There was little lighting when we walked through the park, felt very unsafe.; The walk through the park is nice and busy in the daytime. Felt very safe and was a scenic route.","[('park nice', 0.4597), ('unsafe walk', 0.4152), ('busy daytime', 0.2826), ('route little', 0.1649), ('lighting', 0.1058)]","[('park', 0.3258), ('safe', 0.1935), ('walk', 0.1628), ('busy', 0.1453), ('lighting', 0.1058)]","[('unsafe walk park', 0.5763), ('park nice busy', 0.5676), ('daytime felt safe', 0.3549), ('route little lighting', 0.336), ('route', -0.0223)]","[('scenic route', 0.342), ('park', 0.3258), ('little lighting', 0.3129), ('daytime', 0.179), ('walk', 0.1628)]"
52.28774,-1.53234,3.0,0.5,0.6,0.4,safe,The route included backstreets which were isolated and there was no lighting in the evening. I felt unsafe on the route.; The walk through the park is nice and busy in the daytime. Felt very safe and was a scenic route.; The route included backstreets which were isolated and there was no lighting in the evening. I felt unsafe on the route.; The walk through the park is nice and busy in the daytime. Felt very safe and was a scenic route.,"[('park nice', 0.369), ('isolated lighting', 0.3542), ('busy daytime', 0.2928), ('felt unsafe', 0.2904), ('route included', -0.0628)]","[('park', 0.2463), ('evening', 0.208), ('isolated', 0.1913), ('walk', 0.1402), ('busy', 0.1343)]","[('isolated lighting evening', 0.5111), ('park nice busy', 0.4747), ('busy daytime felt', 0.3196), ('felt unsafe', 0.2904), ('route route included', 0.0002)]","[('scenic route', 0.2903), ('park', 0.2463), ('daytime', 0.1674), ('walk', 0.1402), ('backstreets', 0.1188)]"
52.28969,-1.55026,2.0,0.4,0.4,0.6,unsafe,The route was isolated as it was far away from shops and any public spaces. The hospital was nearby which made me feel more safe but overall would have preferred a more busy route.; The route was isolated as it was far away from shops and any public spaces. The hospital was nearby which made me feel more safe but overall would have preferred a more busy route.,"[('away shops', 0.4378), ('busy route', 0.2991), ('shops public', 0.2677), ('hospital nearby', 0.2667), ('overall preferred', 0.1806)]","[('isolated', 0.3072), ('busy', 0.1983), ('hospital', 0.1886), ('shops', 0.1568), ('nearby', 0.1452)]","[('away shops public', 0.5348), ('overall preferred busy', 0.3259), ('hospital nearby', 0.2667), ('safe', 0.2519), ('spaces hospital', 0.2223)]","[('busy route', 0.2991), ('public spaces', 0.2023), ('hospital', 0.1886), ('shops', 0.1568), ('route', 0.0445)]"
52.29097,-1.58302,2.5,0.6,0.6,0.4,unsafe,"The route was busy with the public, but there was a lot of cars which made me feel unsafe at times.; The route was isolated as it was far away from shops and any public spaces. The hospital was nearby which made me feel more safe but overall would have preferred a more busy route.; The route was busy with the public, but there was a lot of cars which made me feel unsafe at times.; The route was isolated as it was far away from shops and any public spaces. The hospital was nearby which made me feel more safe but overall would have preferred a more busy route.","[('busy route', 0.3729), ('hospital nearby', 0.2311), ('cars', 0.1932), ('isolated', 0.1011), ('shops', 0.0952)]","[('unsafe', 0.2223), ('cars', 0.1932), ('hospital', 0.1045), ('shops', 0.0952), ('nearby', 0.0527)]","[('cars feel unsafe', 0.586), ('away shops public', 0.4198), ('hospital nearby', 0.2311), ('lot cars', 0.2222), ('times route', -0.0546)]","[('busy route', 0.3729), ('cars', 0.1932), ('hospital', 0.1045), ('shops', 0.0952), ('times', -0.1172)]"
52.28967,-1.55088,2.0,0.4,0.4,0.6,unsafe,The route was isolated as it was far away from shops and any public spaces. The hospital was nearby which made me feel more safe but overall would have preferred a more busy route.; The route was isolated as it was far away from shops and any public spaces. The hospital was nearby which made me feel more safe but overall would have preferred a more busy route.,"[('away shops', 0.4378), ('busy route', 0.2991), ('shops public', 0.2677), ('hospital nearby', 0.2667), ('overall preferred', 0.1806)]","[('isolated', 0.3072), ('busy', 0.1983), ('hospital', 0.1886), ('shops', 0.1568), ('nearby', 0.1452)]","[('away shops public', 0.5348), ('overall preferred busy', 0.3259), ('hospital nearby', 0.2667), ('safe', 0.2519), ('spaces hospital', 0.2223)]","[('busy route', 0.2991), ('public spaces', 0.2023), ('hospital', 0.1886), ('shops', 0.1568), ('route', 0.0445)]"
52.28218,-1.54736,3.0,0.8,0.8,0.2,safe,"The route was busy with the public, but there was a lot of cars which made me feel unsafe at times.; The route was busy with the public, but there was a lot of cars which made me feel unsafe at times.","[('busy public', 0.5604), ('lot cars', 0.3592), ('unsafe', 0.3211), ('public', 0.1818), ('times route', 0.0321)]","[('busy', 0.3785), ('unsafe', 0.3211), ('cars', 0.3133), ('public', 0.1818), ('route', 0.003)]","[('cars feel unsafe', 0.7099), ('busy public', 0.5604), ('lot cars', 0.3592), ('unsafe', 0.3211), ('times route', 0.0321)]","[('cars', 0.3133), ('public', 0.1818), ('lot', 0.1286), ('times', 0.0115), ('route', 0.003)]"
52.29612,-1.53701,2.0,0.6,0.4,0.4,unsafe,"The route was fairly well-lit, but it was quite far from  the main high street so I felt less safe.; The route was fairly well-lit, but it was quite far from  the main high street so I felt less safe.","[('street felt', 0.3053), ('felt safe', 0.2017), ('main high', 0.1687), ('lit quite', 0.1426), ('route', 0.0461)]","[('street', 0.2276), ('safe', 0.1887), ('high', 0.1745), ('lit', 0.088), ('main', 0.044)]","[('street felt safe', 0.381), ('high street felt', 0.3128), ('far main high', 0.2326), ('street', 0.2276), ('lit quite', 0.1426)]","[('main high street', 0.2607), ('route', 0.0461)]"
52.29117,-1.57778,3.0,0.8,0.8,0.2,safe,"The route was busy with the public, but there was a lot of cars which made me feel unsafe at times.; The route was busy with the public, but there was a lot of cars which made me feel unsafe at times.","[('busy public', 0.5604), ('lot cars', 0.3592), ('unsafe', 0.3211), ('public', 0.1818), ('times route', 0.0321)]","[('busy', 0.3785), ('unsafe', 0.3211), ('cars', 0.3133), ('public', 0.1818), ('route', 0.003)]","[('cars feel unsafe', 0.7099), ('busy public', 0.5604), ('lot cars', 0.3592), ('unsafe', 0.3211), ('times route', 0.0321)]","[('cars', 0.3133), ('public', 0.1818), ('lot', 0.1286), ('times', 0.0115), ('route', 0.003)]"
52.28574,-1.53636,1.625,0.3,0.275,0.225,unsafe,"This route was terrible - had to go through dark, unlit roads.; This route was terrible - had to go through dark, unlit roads.; This route was terrible - had to go through dark, unlit roads.; This route was terrible - had to go through dark, unlit roads.; This route was terrible - had to go through dark, unlit roads.; This route was terrible - had to go through dark, unlit roads.; The route felt fairly safe with some street lighting, however there was nobody around at this time of night.; The route did not feel safe at all. I had to walk through a park by myself and felt helpless if anything were to happen.; Walking through the park made me feel uneasy as there is no lighting on the paths.; I don't enjoy walking by the park at night - too many drunk people and too dark","[('terrible dark', 0.6785), ('drunk people', 0.4304), ('lighting time', 0.1792), ('fairly safe', 0.1667), ('walking park', 0.1557)]","[('terrible', 0.4964), ('night', 0.4037), ('drunk', 0.3877), ('walking', 0.1797), ('park', 0.0876)]","[('terrible dark unlit', 0.7617), ('park night drunk', 0.4789), ('street lighting', 0.319), ('enjoy walking park', 0.1862), ('route did', 0.0656)]","[('unlit roads', 0.478), ('many drunk people', 0.441), ('night', 0.4037), ('lighting', 0.1831), ('park', 0.0876)]"
52.29023,-1.57507,2.5,0.6,0.6,0.4,unsafe,"The route was busy with the public, but there was a lot of cars which made me feel unsafe at times.; The route was isolated as it was far away from shops and any public spaces. The hospital was nearby which made me feel more safe but overall would have preferred a more busy route.; The route was busy with the public, but there was a lot of cars which made me feel unsafe at times.; The route was isolated as it was far away from shops and any public spaces. The hospital was nearby which made me feel more safe but overall would have preferred a more busy route.","[('busy route', 0.3729), ('hospital nearby', 0.2311), ('cars', 0.1932), ('isolated', 0.1011), ('shops', 0.0952)]","[('unsafe', 0.2223), ('cars', 0.1932), ('hospital', 0.1045), ('shops', 0.0952), ('nearby', 0.0527)]","[('cars feel unsafe', 0.586), ('away shops public', 0.4198), ('hospital nearby', 0.2311), ('lot cars', 0.2222), ('times route', -0.0546)]","[('busy route', 0.3729), ('cars', 0.1932), ('hospital', 0.1045), ('shops', 0.0952), ('times', -0.1172)]"
52.28958,-1.55372,2.0,0.4,0.4,0.6,unsafe,The route was isolated as it was far away from shops and any public spaces. The hospital was nearby which made me feel more safe but overall would have preferred a more busy route.; The route was isolated as it was far away from shops and any public spaces. The hospital was nearby which made me feel more safe but overall would have preferred a more busy route.,"[('away shops', 0.4378), ('busy route', 0.2991), ('shops public', 0.2677), ('hospital nearby', 0.2667), ('overall preferred', 0.1806)]","[('isolated', 0.3072), ('busy', 0.1983), ('hospital', 0.1886), ('shops', 0.1568), ('nearby', 0.1452)]","[('away shops public', 0.5348), ('overall preferred busy', 0.3259), ('hospital nearby', 0.2667), ('safe', 0.2519), ('spaces hospital', 0.2223)]","[('busy route', 0.2991), ('public spaces', 0.2023), ('hospital', 0.1886), ('shops', 0.1568), ('route', 0.0445)]"
52.28656,-1.56379,4.0,0.6,0.8,0.4,safe,The walk through the park is nice and busy in the daytime. Felt very safe and was a scenic route.; The walk through the park is nice and busy in the daytime. Felt very safe and was a scenic route.,"[('park nice', 0.6938), ('safe', 0.4375), ('scenic', 0.416), ('busy daytime', 0.3986), ('route walk', 0.3301)]","[('park', 0.4643), ('safe', 0.4375), ('daytime', 0.3958), ('walk', 0.2866), ('busy', 0.218)]","[('walk park nice', 0.7759), ('daytime felt safe', 0.6322), ('park', 0.4643), ('busy daytime', 0.3986), ('route', 0.0843)]","[('scenic route', 0.5427), ('park', 0.4643), ('daytime', 0.3958), ('walk', 0.2866), ('felt', 0.1426)]"
52.28726,-1.56413,3.0,0.8,0.8,0.2,safe,"The route was busy with the public, but there was a lot of cars which made me feel unsafe at times.; The route was busy with the public, but there was a lot of cars which made me feel unsafe at times.","[('busy public', 0.5604), ('lot cars', 0.3592), ('unsafe', 0.3211), ('public', 0.1818), ('times route', 0.0321)]","[('busy', 0.3785), ('unsafe', 0.3211), ('cars', 0.3133), ('public', 0.1818), ('route', 0.003)]","[('cars feel unsafe', 0.7099), ('busy public', 0.5604), ('lot cars', 0.3592), ('unsafe', 0.3211), ('times route', 0.0321)]","[('cars', 0.3133), ('public', 0.1818), ('lot', 0.1286), ('times', 0.0115), ('route', 0.003)]"
52.28799,-1.54528,4.0,0.6,0.8,0.4,safe,The walk through the park is nice and busy in the daytime. Felt very safe and was a scenic route.; The walk through the park is nice and busy in the daytime. Felt very safe and was a scenic route.,"[('park nice', 0.6938), ('safe', 0.4375), ('scenic', 0.416), ('busy daytime', 0.3986), ('route walk', 0.3301)]","[('park', 0.4643), ('safe', 0.4375), ('daytime', 0.3958), ('walk', 0.2866), ('busy', 0.218)]","[('walk park nice', 0.7759), ('daytime felt safe', 0.6322), ('park', 0.4643), ('busy daytime', 0.3986), ('route', 0.0843)]","[('scenic route', 0.5427), ('park', 0.4643), ('daytime', 0.3958), ('walk', 0.2866), ('felt', 0.1426)]"
52.29057,-1.58019,3.0,0.8,0.8,0.2,safe,"The route was busy with the public, but there was a lot of cars which made me feel unsafe at times.; The route was busy with the public, but there was a lot of cars which made me feel unsafe at times.","[('busy public', 0.5604), ('lot cars', 0.3592), ('unsafe', 0.3211), ('public', 0.1818), ('times route', 0.0321)]","[('busy', 0.3785), ('unsafe', 0.3211), ('cars', 0.3133), ('public', 0.1818), ('route', 0.003)]","[('cars feel unsafe', 0.7099), ('busy public', 0.5604), ('lot cars', 0.3592), ('unsafe', 0.3211), ('times route', 0.0321)]","[('cars', 0.3133), ('public', 0.1818), ('lot', 0.1286), ('times', 0.0115), ('route', 0.003)]"
52.28695,-1.53701,3.25,0.5,0.55,0.3,safe,"The walk through the park is nice and busy in the daytime. Felt very safe and was a scenic route.; The walk through the park is nice and busy in the daytime. Felt very safe and was a scenic route.; The route felt fairly safe with some street lighting, however there was nobody around at this time of night.; The route did not feel safe at all. I had to walk through a park by myself and felt helpless if anything were to happen.","[('park nice', 0.4197), ('busy daytime', 0.2888), ('night route', 0.2276), ('route walk', 0.205), ('helpless', 0.1704)]","[('park', 0.28), ('daytime', 0.1953), ('night', 0.1794), ('helpless', 0.1704), ('walk', 0.1611)]","[('safe walk park', 0.5563), ('park felt helpless', 0.4354), ('busy daytime', 0.2888), ('street lighting', 0.2674), ('route route', 0.0064)]","[('scenic route', 0.2966), ('street lighting', 0.2674), ('night', 0.1794), ('walk', 0.1611), ('nobody', 0.1531)]"
52.28565,-1.54992,4.0,0.6,0.8,0.4,safe,The walk through the park is nice and busy in the daytime. Felt very safe and was a scenic route.; The walk through the park is nice and busy in the daytime. Felt very safe and was a scenic route.,"[('park nice', 0.6938), ('safe', 0.4375), ('scenic', 0.416), ('busy daytime', 0.3986), ('route walk', 0.3301)]","[('park', 0.4643), ('safe', 0.4375), ('daytime', 0.3958), ('walk', 0.2866), ('busy', 0.218)]","[('walk park nice', 0.7759), ('daytime felt safe', 0.6322), ('park', 0.4643), ('busy daytime', 0.3986), ('route', 0.0843)]","[('scenic route', 0.5427), ('park', 0.4643), ('daytime', 0.3958), ('walk', 0.2866), ('felt', 0.1426)]"
52.28665,-1.56084,4.0,0.6,0.8,0.4,safe,The walk through the park is nice and busy in the daytime. Felt very safe and was a scenic route.; The walk through the park is nice and busy in the daytime. Felt very safe and was a scenic route.,"[('park nice', 0.6938), ('safe', 0.4375), ('scenic', 0.416), ('busy daytime', 0.3986), ('route walk', 0.3301)]","[('park', 0.4643), ('safe', 0.4375), ('daytime', 0.3958), ('walk', 0.2866), ('busy', 0.218)]","[('walk park nice', 0.7759), ('daytime felt safe', 0.6322), ('park', 0.4643), ('busy daytime', 0.3986), ('route', 0.0843)]","[('scenic route', 0.5427), ('park', 0.4643), ('daytime', 0.3958), ('walk', 0.2866), ('felt', 0.1426)]"
52.28679,-1.53738,1.0,0.2,0.2,0.2,unsafe,"This route was terrible - had to go through dark, unlit roads.; This route was terrible - had to go through dark, unlit roads.; This route was terrible - had to go through dark, unlit roads.; This route was terrible - had to go through dark, unlit roads.; This route was terrible - had to go through dark, unlit roads.; This route was terrible - had to go through dark, unlit roads.","[('terrible dark', 0.7726), ('dark', 0.53), ('unlit roads', 0.4342), ('unlit', 0.3458), ('roads route', 0.2632)]","[('terrible', 0.6186), ('dark', 0.53), ('unlit', 0.3458), ('roads', 0.3104), ('route', 0.1826)]","[('terrible dark unlit', 0.8118), ('roads route terrible', 0.7452), ('dark', 0.53), ('unlit roads', 0.4342), ('roads route', 0.2632)]","[('unlit roads', 0.4342), ('route', 0.1826)]"
52.2851,-1.53618,1.0,0.2,0.2,0.2,unsafe,"This route was terrible - had to go through dark, unlit roads.; This route was terrible - had to go through dark, unlit roads.; This route was terrible - had to go through dark, unlit roads.; This route was terrible - had to go through dark, unlit roads.; This route was terrible - had to go through dark, unlit roads.; This route was terrible - had to go through dark, unlit roads.","[('terrible dark', 0.7726), ('dark', 0.53), ('unlit roads', 0.4342), ('unlit', 0.3458), ('roads route', 0.2632)]","[('terrible', 0.6186), ('dark', 0.53), ('unlit', 0.3458), ('roads', 0.3104), ('route', 0.1826)]","[('terrible dark unlit', 0.8118), ('roads route terrible', 0.7452), ('dark', 0.53), ('unlit roads', 0.4342), ('roads route', 0.2632)]","[('unlit roads', 0.4342), ('route', 0.1826)]"
52.29631,-1.537,2.0,0.6,0.4,0.4,unsafe,"The route was fairly well-lit, but it was quite far from  the main high street so I felt less safe.; The route was fairly well-lit, but it was quite far from  the main high street so I felt less safe.","[('street felt', 0.3053), ('felt safe', 0.2017), ('main high', 0.1687), ('lit quite', 0.1426), ('route', 0.0461)]","[('street', 0.2276), ('safe', 0.1887), ('high', 0.1745), ('lit', 0.088), ('main', 0.044)]","[('street felt safe', 0.381), ('high street felt', 0.3128), ('far main high', 0.2326), ('street', 0.2276), ('lit quite', 0.1426)]","[('main high street', 0.2607), ('route', 0.0461)]"
52.28997,-1.57908,2.5,0.6,0.6,0.4,unsafe,"The route was busy with the public, but there was a lot of cars which made me feel unsafe at times.; The route was isolated as it was far away from shops and any public spaces. The hospital was nearby which made me feel more safe but overall would have preferred a more busy route.; The route was busy with the public, but there was a lot of cars which made me feel unsafe at times.; The route was isolated as it was far away from shops and any public spaces. The hospital was nearby which made me feel more safe but overall would have preferred a more busy route.","[('busy route', 0.3729), ('hospital nearby', 0.2311), ('cars', 0.1932), ('isolated', 0.1011), ('shops', 0.0952)]","[('unsafe', 0.2223), ('cars', 0.1932), ('hospital', 0.1045), ('shops', 0.0952), ('nearby', 0.0527)]","[('cars feel unsafe', 0.586), ('away shops public', 0.4198), ('hospital nearby', 0.2311), ('lot cars', 0.2222), ('times route', -0.0546)]","[('busy route', 0.3729), ('cars', 0.1932), ('hospital', 0.1045), ('shops', 0.0952), ('times', -0.1172)]"
52.28475,-1.53377,2.0,0.4,0.4,0.3,unsafe,The route included backstreets which were isolated and there was no lighting in the evening. I felt unsafe on the route.; The route included backstreets which were isolated and there was no lighting in the evening. I felt unsafe on the route.; Quiet route  with no public services available,"[('unsafe route', 0.6167), ('quiet route', 0.4664), ('lighting evening', 0.3227), ('included backstreets', 0.1846), ('public services', 0.1312)]","[('unsafe', 0.5108), ('quiet', 0.3959), ('evening', 0.2969), ('backstreets', 0.2907), ('public', 0.1789)]","[('evening felt unsafe', 0.7017), ('quiet route public', 0.5395), ('included backstreets isolated', 0.3667), ('lighting evening', 0.3227), ('route public services', 0.1468)]","[('quiet route', 0.4664), ('evening', 0.2969), ('backstreets', 0.2907), ('lighting', 0.1523), ('public services', 0.1312)]"
52.28279,-1.55354,3.0,0.8,0.8,0.2,safe,"The route was busy with the public, but there was a lot of cars which made me feel unsafe at times.; The route was busy with the public, but there was a lot of cars which made me feel unsafe at times.","[('busy public', 0.5604), ('lot cars', 0.3592), ('unsafe', 0.3211), ('public', 0.1818), ('times route', 0.0321)]","[('busy', 0.3785), ('unsafe', 0.3211), ('cars', 0.3133), ('public', 0.1818), ('route', 0.003)]","[('cars feel unsafe', 0.7099), ('busy public', 0.5604), ('lot cars', 0.3592), ('unsafe', 0.3211), ('times route', 0.0321)]","[('cars', 0.3133), ('public', 0.1818), ('lot', 0.1286), ('times', 0.0115), ('route', 0.003)]"
52.28309,-1.54473,3.0,0.8,0.8,0.2,safe,"The route was busy with the public, but there was a lot of cars which made me feel unsafe at times.; The route was busy with the public, but there was a lot of cars which made me feel unsafe at times.","[('busy public', 0.5604), ('lot cars', 0.3592), ('unsafe', 0.3211), ('public', 0.1818), ('times route', 0.0321)]","[('busy', 0.3785), ('unsafe', 0.3211), ('cars', 0.3133), ('public', 0.1818), ('route', 0.003)]","[('cars feel unsafe', 0.7099), ('busy public', 0.5604), ('lot cars', 0.3592), ('unsafe', 0.3211), ('times route', 0.0321)]","[('cars', 0.3133), ('public', 0.1818), ('lot', 0.1286), ('times', 0.0115), ('route', 0.003)]"
52.27645,-1.51993,3.0,0.6,0.6,0.2,safe,"Well-lit street, was quite busy with other members of public.; Well-lit street, was quite busy with other members of public.","[('lit street', 0.7497), ('busy members', 0.6292), ('members public', 0.5889), ('lit', 0.4973), ('quite', 0.3242)]","[('street', 0.5627), ('public', 0.5542), ('busy', 0.5319), ('lit', 0.4973), ('members', 0.3455)]","[('public lit street', 0.7701), ('street quite busy', 0.7673), ('quite busy members', 0.6288), ('members public', 0.5889), ('quite', 0.3242)]","[('street', 0.5627), ('public', 0.5542), ('other members', 0.4653)]"
52.28211,-1.53491,2.5,0.5,0.4,0.2,unsafe,"There was a long, isolated road with a lack of lighting on the route.; There was a long, isolated road with a lack of lighting on the route.; Quiet route  with no public services available","[('road lack', 0.7677), ('road', 0.4159), ('route long', 0.3626), ('lighting route', 0.2673), ('services available', 0.1481)]","[('quiet', 0.5817), ('road', 0.4159), ('long', 0.3444), ('public', 0.2912), ('lighting', 0.2089)]","[('road lack lighting', 0.8534), ('long isolated', 0.6125), ('road', 0.4159), ('lighting route long', 0.3704), ('available', 0.115)]","[('isolated road', 0.7589), ('lack', 0.5561), ('route', 0.2682), ('public services', 0.2376), ('lighting', 0.2089)]"
52.28509,-1.5357,1.0,0.2,0.2,0.2,unsafe,"This route was terrible - had to go through dark, unlit roads.; This route was terrible - had to go through dark, unlit roads.; This route was terrible - had to go through dark, unlit roads.; This route was terrible - had to go through dark, unlit roads.; This route was terrible - had to go through dark, unlit roads.; This route was terrible - had to go through dark, unlit roads.","[('terrible dark', 0.7726), ('dark', 0.53), ('unlit roads', 0.4342), ('unlit', 0.3458), ('roads route', 0.2632)]","[('terrible', 0.6186), ('dark', 0.53), ('unlit', 0.3458), ('roads', 0.3104), ('route', 0.1826)]","[('terrible dark unlit', 0.8118), ('roads route terrible', 0.7452), ('dark', 0.53), ('unlit roads', 0.4342), ('roads route', 0.2632)]","[('unlit roads', 0.4342), ('route', 0.1826)]"
52.28729,-1.53337,2.0,0.4,0.4,0.4,unsafe,The route included backstreets which were isolated and there was no lighting in the evening. I felt unsafe on the route.; The route included backstreets which were isolated and there was no lighting in the evening. I felt unsafe on the route.,"[('unsafe route', 0.643), ('isolated lighting', 0.5442), ('lighting evening', 0.3723), ('included backstreets', 0.232), ('route route', 0.1834)]","[('unsafe', 0.5318), ('isolated', 0.3877), ('evening', 0.3389), ('backstreets', 0.3221), ('lighting', 0.1948)]","[('evening felt unsafe', 0.7467), ('backstreets isolated lighting', 0.5414), ('lighting evening', 0.3723), ('route route included', 0.1717), ('felt', 0.1071)]","[('evening', 0.3389), ('backstreets', 0.3221), ('lighting', 0.1948), ('route', 0.1466)]"
52.2856,-1.56199,4.0,0.6,0.8,0.4,safe,The walk through the park is nice and busy in the daytime. Felt very safe and was a scenic route.; The walk through the park is nice and busy in the daytime. Felt very safe and was a scenic route.,"[('park nice', 0.6938), ('safe', 0.4375), ('scenic', 0.416), ('busy daytime', 0.3986), ('route walk', 0.3301)]","[('park', 0.4643), ('safe', 0.4375), ('daytime', 0.3958), ('walk', 0.2866), ('busy', 0.218)]","[('walk park nice', 0.7759), ('daytime felt safe', 0.6322), ('park', 0.4643), ('busy daytime', 0.3986), ('route', 0.0843)]","[('scenic route', 0.5427), ('park', 0.4643), ('daytime', 0.3958), ('walk', 0.2866), ('felt', 0.1426)]"
52.289077,-1.5384772,3.0,0.6,0.7,0.425,safe,"Very well-lit route, the greenery was busy with the public during the afternoons.; Very well-lit route, the greenery was busy with the public during the afternoons.; The route was quite long however it was a busy route, even at this time of night. The start was dark but rest was fine; Path was busy with members of the public at 11pm.; Police cars were patrolling the streets nearby which gave me comfort on the journey; The street was quite isolated and dark on my journey.","[('11pm police', 0.501), ('long busy', 0.2783), ('afternoons', 0.2731), ('comfort journey', 0.175), ('cars', 0.139)]","[('11pm', 0.35), ('night', 0.2145), ('cars', 0.139), ('nearby', 0.0632), ('start', -0.0791)]","[('busy public afternoons', 0.6196), ('11pm police', 0.501), ('police cars patrolling', 0.464), ('night start dark', 0.3768), ('rest fine', 0.0556)]","[('busy route', 0.3367), ('police cars', 0.3234), ('afternoons', 0.2731), ('night', 0.2145), ('rest', 0.0693)]"
52.28835,-1.56838,2.0,0.4,0.4,0.6,unsafe,The route was isolated as it was far away from shops and any public spaces. The hospital was nearby which made me feel more safe but overall would have preferred a more busy route.; The route was isolated as it was far away from shops and any public spaces. The hospital was nearby which made me feel more safe but overall would have preferred a more busy route.,"[('away shops', 0.4378), ('busy route', 0.2991), ('shops public', 0.2677), ('hospital nearby', 0.2667), ('overall preferred', 0.1806)]","[('isolated', 0.3072), ('busy', 0.1983), ('hospital', 0.1886), ('shops', 0.1568), ('nearby', 0.1452)]","[('away shops public', 0.5348), ('overall preferred busy', 0.3259), ('hospital nearby', 0.2667), ('safe', 0.2519), ('spaces hospital', 0.2223)]","[('busy route', 0.2991), ('public spaces', 0.2023), ('hospital', 0.1886), ('shops', 0.1568), ('route', 0.0445)]"
52.28392,-1.53917,3.0,0.8,0.8,0.2,safe,"The route was busy with the public, but there was a lot of cars which made me feel unsafe at times.; The route was busy with the public, but there was a lot of cars which made me feel unsafe at times.","[('busy public', 0.5604), ('lot cars', 0.3592), ('unsafe', 0.3211), ('public', 0.1818), ('times route', 0.0321)]","[('busy', 0.3785), ('unsafe', 0.3211), ('cars', 0.3133), ('public', 0.1818), ('route', 0.003)]","[('cars feel unsafe', 0.7099), ('busy public', 0.5604), ('lot cars', 0.3592), ('unsafe', 0.3211), ('times route', 0.0321)]","[('cars', 0.3133), ('public', 0.1818), ('lot', 0.1286), ('times', 0.0115), ('route', 0.003)]"
52.2883539,-1.5380516,3.0,0.6,0.8,0.4,safe,"Very well-lit route, the greenery was busy with the public during the afternoons.; Very well-lit route, the greenery was busy with the public during the afternoons.","[('afternoons lit', 0.6643), ('route greenery', 0.4942), ('busy public', 0.4689), ('public', 0.3067), ('route', 0.0992)]","[('afternoons', 0.5527), ('greenery', 0.491), ('busy', 0.3292), ('public', 0.3067), ('route', 0.0992)]","[('busy public afternoons', 0.7492), ('afternoons lit', 0.6643), ('lit route greenery', 0.5747), ('busy', 0.3292), ('route', 0.0992)]","[('afternoons', 0.5527), ('greenery', 0.491), ('public', 0.3067), ('route', 0.0992)]"
52.2913,-1.57814,2.5,0.6,0.6,0.4,unsafe,"The route was busy with the public, but there was a lot of cars which made me feel unsafe at times.; The route was isolated as it was far away from shops and any public spaces. The hospital was nearby which made me feel more safe but overall would have preferred a more busy route.; The route was busy with the public, but there was a lot of cars which made me feel unsafe at times.; The route was isolated as it was far away from shops and any public spaces. The hospital was nearby which made me feel more safe but overall would have preferred a more busy route.","[('busy route', 0.3729), ('hospital nearby', 0.2311), ('cars', 0.1932), ('isolated', 0.1011), ('shops', 0.0952)]","[('unsafe', 0.2223), ('cars', 0.1932), ('hospital', 0.1045), ('shops', 0.0952), ('nearby', 0.0527)]","[('cars feel unsafe', 0.586), ('away shops public', 0.4198), ('hospital nearby', 0.2311), ('lot cars', 0.2222), ('times route', -0.0546)]","[('busy route', 0.3729), ('cars', 0.1932), ('hospital', 0.1045), ('shops', 0.0952), ('times', -0.1172)]"
52.2853,-1.53665,1.0,0.2,0.2,0.2,unsafe,"This route was terrible - had to go through dark, unlit roads.; This route was terrible - had to go through dark, unlit roads.; This route was terrible - had to go through dark, unlit roads.; This route was terrible - had to go through dark, unlit roads.; This route was terrible - had to go through dark, unlit roads.; This route was terrible - had to go through dark, unlit roads.","[('terrible dark', 0.7726), ('dark', 0.53), ('unlit roads', 0.4342), ('unlit', 0.3458), ('roads route', 0.2632)]","[('terrible', 0.6186), ('dark', 0.53), ('unlit', 0.3458), ('roads', 0.3104), ('route', 0.1826)]","[('terrible dark unlit', 0.8118), ('roads route terrible', 0.7452), ('dark', 0.53), ('unlit roads', 0.4342), ('roads route', 0.2632)]","[('unlit roads', 0.4342), ('route', 0.1826)]"
52.28827,-1.53619,2.25,0.4,0.35,0.2,unsafe,"There was little lighting when we walked through the park, felt very unsafe.; There was little lighting when we walked through the park, felt very unsafe.; The route felt fairly safe with some street lighting, however there was nobody around at this time of night.; The route did not feel safe at all. I had to walk through a park by myself and felt helpless if anything were to happen.","[('unsafe route', 0.4389), ('walked park', 0.3089), ('night route', 0.2471), ('fairly safe', 0.1066), ('lighting time', 0.006)]","[('helpless', 0.3447), ('night', 0.1834), ('park', 0.1785), ('walk', 0.1), ('lighting', 0.0095)]","[('park felt unsafe', 0.6309), ('lighting walked park', 0.3797), ('little lighting', 0.3789), ('fairly safe street', 0.2823), ('lighting time', 0.006)]","[('little lighting', 0.3789), ('street lighting', 0.2337), ('night', 0.1834), ('park', 0.1785), ('anything', -0.0582)]"
52.28712,-1.53468,4.0,0.6,0.8,0.4,safe,The walk through the park is nice and busy in the daytime. Felt very safe and was a scenic route.; The walk through the park is nice and busy in the daytime. Felt very safe and was a scenic route.,"[('park nice', 0.6938), ('safe', 0.4375), ('scenic', 0.416), ('busy daytime', 0.3986), ('route walk', 0.3301)]","[('park', 0.4643), ('safe', 0.4375), ('daytime', 0.3958), ('walk', 0.2866), ('busy', 0.218)]","[('walk park nice', 0.7759), ('daytime felt safe', 0.6322), ('park', 0.4643), ('busy daytime', 0.3986), ('route', 0.0843)]","[('scenic route', 0.5427), ('park', 0.4643), ('daytime', 0.3958), ('walk', 0.2866), ('felt', 0.1426)]"
52.28023,-1.54084,3.0,0.6,0.4,0.2,safe,"There was a long, isolated road with a lack of lighting on the route.; There was a long, isolated road with a lack of lighting on the route.","[('isolated road', 0.7717), ('long isolated', 0.6521), ('road', 0.5312), ('route long', 0.4862), ('lighting', 0.3005)]","[('isolated', 0.57), ('road', 0.5312), ('long', 0.454), ('route', 0.3725), ('lighting', 0.3005)]","[('long isolated road', 0.8514), ('lack lighting route', 0.7515), ('road', 0.5312), ('long', 0.454), ('lighting', 0.3005)]","[('isolated road', 0.7717), ('lack', 0.5557), ('route', 0.3725), ('lighting', 0.3005)]"
52.28406,-1.53513,2.833333333333333,0.6166666666666666,0.6166666666666666,0.33333333333333337,safe,"The route was busy with the public, but there was a lot of cars which made me feel unsafe at times.; This route was terrible - had to go through dark, unlit roads.; This route was terrible - had to go through dark, unlit roads.; This route was terrible - had to go through dark, unlit roads.; The route was busy with the public, but there was a lot of cars which made me feel unsafe at times.; This route was terrible - had to go through dark, unlit roads.; This route was terrible - had to go through dark, unlit roads.; This route was terrible - had to go through dark, unlit roads.; I felt very safe on the route as it was well-lit.; Exposed to the public, even at night.; Residential area and away from the drunk public.","[('drunk public', 0.5638), ('route terrible', 0.4371), ('night residential', 0.3722), ('lot cars', 0.3186), ('felt safe', 0.0361)]","[('unsafe', 0.4306), ('drunk', 0.4097), ('night', 0.2852), ('cars', 0.2808), ('safe', 0.0344)]","[('cars feel unsafe', 0.7719), ('busy public lot', 0.5383), ('public night residential', 0.3705), ('roads felt safe', 0.2149), ('times route', 0.0179)]","[('drunk public', 0.5638), ('unlit roads', 0.3058), ('night', 0.2852), ('cars', 0.2808), ('residential area', 0.2)]"
52.28972,-1.5501,2.0,0.4,0.4,0.6,unsafe,The route was isolated as it was far away from shops and any public spaces. The hospital was nearby which made me feel more safe but overall would have preferred a more busy route.; The route was isolated as it was far away from shops and any public spaces. The hospital was nearby which made me feel more safe but overall would have preferred a more busy route.,"[('away shops', 0.4378), ('busy route', 0.2991), ('shops public', 0.2677), ('hospital nearby', 0.2667), ('overall preferred', 0.1806)]","[('isolated', 0.3072), ('busy', 0.1983), ('hospital', 0.1886), ('shops', 0.1568), ('nearby', 0.1452)]","[('away shops public', 0.5348), ('overall preferred busy', 0.3259), ('hospital nearby', 0.2667), ('safe', 0.2519), ('spaces hospital', 0.2223)]","[('busy route', 0.2991), ('public spaces', 0.2023), ('hospital', 0.1886), ('shops', 0.1568), ('route', 0.0445)]"
52.27902,-1.54565,3.0,0.6,0.4,0.2,safe,"There was a long, isolated road with a lack of lighting on the route.; There was a long, isolated road with a lack of lighting on the route.","[('isolated road', 0.7717), ('long isolated', 0.6521), ('road', 0.5312), ('route long', 0.4862), ('lighting', 0.3005)]","[('isolated', 0.57), ('road', 0.5312), ('long', 0.454), ('route', 0.3725), ('lighting', 0.3005)]","[('long isolated road', 0.8514), ('lack lighting route', 0.7515), ('road', 0.5312), ('long', 0.454), ('lighting', 0.3005)]","[('isolated road', 0.7717), ('lack', 0.5557), ('route', 0.3725), ('lighting', 0.3005)]"
52.28486,-1.53346,2.0,0.4,0.4,0.3,unsafe,The route included backstreets which were isolated and there was no lighting in the evening. I felt unsafe on the route.; The route included backstreets which were isolated and there was no lighting in the evening. I felt unsafe on the route.; Quiet route  with no public services available,"[('unsafe route', 0.6167), ('quiet route', 0.4664), ('lighting evening', 0.3227), ('included backstreets', 0.1846), ('public services', 0.1312)]","[('unsafe', 0.5108), ('quiet', 0.3959), ('evening', 0.2969), ('backstreets', 0.2907), ('public', 0.1789)]","[('evening felt unsafe', 0.7017), ('quiet route public', 0.5395), ('included backstreets isolated', 0.3667), ('lighting evening', 0.3227), ('route public services', 0.1468)]","[('quiet route', 0.4664), ('evening', 0.2969), ('backstreets', 0.2907), ('lighting', 0.1523), ('public services', 0.1312)]"
52.28779,-1.5352,2.0,0.4,0.4,0.2,unsafe,"There was little lighting when we walked through the park, felt very unsafe.; There was little lighting when we walked through the park, felt very unsafe.","[('felt unsafe', 0.5283), ('little lighting', 0.4605), ('walked park', 0.369), ('walked', 0.1759), ('lighting', 0.112)]","[('unsafe', 0.4919), ('park', 0.2799), ('little', 0.2206), ('walked', 0.1759), ('lighting', 0.112)]","[('park felt unsafe', 0.7655), ('little lighting', 0.4605), ('park', 0.2799), ('lighting walked', 0.166), ('felt', 0.0386)]","[('little lighting', 0.4605), ('park', 0.2799)]"
52.28736,-1.53318,3.0,0.5,0.6,0.4,safe,The route included backstreets which were isolated and there was no lighting in the evening. I felt unsafe on the route.; The walk through the park is nice and busy in the daytime. Felt very safe and was a scenic route.; The route included backstreets which were isolated and there was no lighting in the evening. I felt unsafe on the route.; The walk through the park is nice and busy in the daytime. Felt very safe and was a scenic route.,"[('park nice', 0.369), ('isolated lighting', 0.3542), ('busy daytime', 0.2928), ('felt unsafe', 0.2904), ('route included', -0.0628)]","[('park', 0.2463), ('evening', 0.208), ('isolated', 0.1913), ('walk', 0.1402), ('busy', 0.1343)]","[('isolated lighting evening', 0.5111), ('park nice busy', 0.4747), ('busy daytime felt', 0.3196), ('felt unsafe', 0.2904), ('route route included', 0.0002)]","[('scenic route', 0.2903), ('park', 0.2463), ('daytime', 0.1674), ('walk', 0.1402), ('backstreets', 0.1188)]"
52.28251,-1.55001,3.0,0.8,0.8,0.2,safe,"The route was busy with the public, but there was a lot of cars which made me feel unsafe at times.; The route was busy with the public, but there was a lot of cars which made me feel unsafe at times.","[('busy public', 0.5604), ('lot cars', 0.3592), ('unsafe', 0.3211), ('public', 0.1818), ('times route', 0.0321)]","[('busy', 0.3785), ('unsafe', 0.3211), ('cars', 0.3133), ('public', 0.1818), ('route', 0.003)]","[('cars feel unsafe', 0.7099), ('busy public', 0.5604), ('lot cars', 0.3592), ('unsafe', 0.3211), ('times route', 0.0321)]","[('cars', 0.3133), ('public', 0.1818), ('lot', 0.1286), ('times', 0.0115), ('route', 0.003)]"
52.28549,-1.56326,4.0,0.6,0.8,0.4,safe,The walk through the park is nice and busy in the daytime. Felt very safe and was a scenic route.; The walk through the park is nice and busy in the daytime. Felt very safe and was a scenic route.,"[('park nice', 0.6938), ('safe', 0.4375), ('scenic', 0.416), ('busy daytime', 0.3986), ('route walk', 0.3301)]","[('park', 0.4643), ('safe', 0.4375), ('daytime', 0.3958), ('walk', 0.2866), ('busy', 0.218)]","[('walk park nice', 0.7759), ('daytime felt safe', 0.6322), ('park', 0.4643), ('busy daytime', 0.3986), ('route', 0.0843)]","[('scenic route', 0.5427), ('park', 0.4643), ('daytime', 0.3958), ('walk', 0.2866), ('felt', 0.1426)]"
52.28633,-1.56024,3.0,0.8,0.8,0.2,safe,"The route was busy with the public, but there was a lot of cars which made me feel unsafe at times.; The route was busy with the public, but there was a lot of cars which made me feel unsafe at times.","[('busy public', 0.5604), ('lot cars', 0.3592), ('unsafe', 0.3211), ('public', 0.1818), ('times route', 0.0321)]","[('busy', 0.3785), ('unsafe', 0.3211), ('cars', 0.3133), ('public', 0.1818), ('route', 0.003)]","[('cars feel unsafe', 0.7099), ('busy public', 0.5604), ('lot cars', 0.3592), ('unsafe', 0.3211), ('times route', 0.0321)]","[('cars', 0.3133), ('public', 0.1818), ('lot', 0.1286), ('times', 0.0115), ('route', 0.003)]"
52.29599,-1.5374,2.0,0.6,0.4,0.4,unsafe,"The route was fairly well-lit, but it was quite far from  the main high street so I felt less safe.; The route was fairly well-lit, but it was quite far from  the main high street so I felt less safe.","[('street felt', 0.3053), ('felt safe', 0.2017), ('main high', 0.1687), ('lit quite', 0.1426), ('route', 0.0461)]","[('street', 0.2276), ('safe', 0.1887), ('high', 0.1745), ('lit', 0.088), ('main', 0.044)]","[('street felt safe', 0.381), ('high street felt', 0.3128), ('far main high', 0.2326), ('street', 0.2276), ('lit quite', 0.1426)]","[('main high street', 0.2607), ('route', 0.0461)]"
52.28653,-1.56066,3.0,0.8,0.8,0.2,safe,"The route was busy with the public, but there was a lot of cars which made me feel unsafe at times.; The route was busy with the public, but there was a lot of cars which made me feel unsafe at times.","[('busy public', 0.5604), ('lot cars', 0.3592), ('unsafe', 0.3211), ('public', 0.1818), ('times route', 0.0321)]","[('busy', 0.3785), ('unsafe', 0.3211), ('cars', 0.3133), ('public', 0.1818), ('route', 0.003)]","[('cars feel unsafe', 0.7099), ('busy public', 0.5604), ('lot cars', 0.3592), ('unsafe', 0.3211), ('times route', 0.0321)]","[('cars', 0.3133), ('public', 0.1818), ('lot', 0.1286), ('times', 0.0115), ('route', 0.003)]"
52.28097,-1.53633,3.0,0.6,0.4,0.2,safe,"There was a long, isolated road with a lack of lighting on the route.; There was a long, isolated road with a lack of lighting on the route.","[('isolated road', 0.7717), ('long isolated', 0.6521), ('road', 0.5312), ('route long', 0.4862), ('lighting', 0.3005)]","[('isolated', 0.57), ('road', 0.5312), ('long', 0.454), ('route', 0.3725), ('lighting', 0.3005)]","[('long isolated road', 0.8514), ('lack lighting route', 0.7515), ('road', 0.5312), ('long', 0.454), ('lighting', 0.3005)]","[('isolated road', 0.7717), ('lack', 0.5557), ('route', 0.3725), ('lighting', 0.3005)]"
52.28991,-1.5792,2.5,0.6,0.6,0.4,unsafe,"The route was busy with the public, but there was a lot of cars which made me feel unsafe at times.; The route was isolated as it was far away from shops and any public spaces. The hospital was nearby which made me feel more safe but overall would have preferred a more busy route.; The route was busy with the public, but there was a lot of cars which made me feel unsafe at times.; The route was isolated as it was far away from shops and any public spaces. The hospital was nearby which made me feel more safe but overall would have preferred a more busy route.","[('busy route', 0.3729), ('hospital nearby', 0.2311), ('cars', 0.1932), ('isolated', 0.1011), ('shops', 0.0952)]","[('unsafe', 0.2223), ('cars', 0.1932), ('hospital', 0.1045), ('shops', 0.0952), ('nearby', 0.0527)]","[('cars feel unsafe', 0.586), ('away shops public', 0.4198), ('hospital nearby', 0.2311), ('lot cars', 0.2222), ('times route', -0.0546)]","[('busy route', 0.3729), ('cars', 0.1932), ('hospital', 0.1045), ('shops', 0.0952), ('times', -0.1172)]"
52.29311,-1.53828,2.0,0.6,0.4,0.4,unsafe,"The route was fairly well-lit, but it was quite far from  the main high street so I felt less safe.; The route was fairly well-lit, but it was quite far from  the main high street so I felt less safe.","[('street felt', 0.3053), ('felt safe', 0.2017), ('main high', 0.1687), ('lit quite', 0.1426), ('route', 0.0461)]","[('street', 0.2276), ('safe', 0.1887), ('high', 0.1745), ('lit', 0.088), ('main', 0.044)]","[('street felt safe', 0.381), ('high street felt', 0.3128), ('far main high', 0.2326), ('street', 0.2276), ('lit quite', 0.1426)]","[('main high street', 0.2607), ('route', 0.0461)]"
52.27856,-1.54559,3.0,0.6,0.4,0.2,safe,"There was a long, isolated road with a lack of lighting on the route.; There was a long, isolated road with a lack of lighting on the route.","[('isolated road', 0.7717), ('long isolated', 0.6521), ('road', 0.5312), ('route long', 0.4862), ('lighting', 0.3005)]","[('isolated', 0.57), ('road', 0.5312), ('long', 0.454), ('route', 0.3725), ('lighting', 0.3005)]","[('long isolated road', 0.8514), ('lack lighting route', 0.7515), ('road', 0.5312), ('long', 0.454), ('lighting', 0.3005)]","[('isolated road', 0.7717), ('lack', 0.5557), ('route', 0.3725), ('lighting', 0.3005)]"
52.27856,-1.54535,3.0,0.6,0.4,0.2,safe,"There was a long, isolated road with a lack of lighting on the route.; There was a long, isolated road with a lack of lighting on the route.","[('isolated road', 0.7717), ('long isolated', 0.6521), ('road', 0.5312), ('route long', 0.4862), ('lighting', 0.3005)]","[('isolated', 0.57), ('road', 0.5312), ('long', 0.454), ('route', 0.3725), ('lighting', 0.3005)]","[('long isolated road', 0.8514), ('lack lighting route', 0.7515), ('road', 0.5312), ('long', 0.454), ('lighting', 0.3005)]","[('isolated road', 0.7717), ('lack', 0.5557), ('route', 0.3725), ('lighting', 0.3005)]"
52.27642,-1.52697,4.0,0.8,0.8,0.4,safe,The route felt fairly safe with some access to public spaces.; The route felt fairly safe with some access to public spaces.,"[('safe access', 0.8528), ('felt fairly', 0.6885), ('public', 0.5552), ('route felt', 0.5215), ('spaces route', 0.463)]","[('safe', 0.7503), ('public', 0.5552), ('felt', 0.46), ('spaces', 0.4411), ('route', 0.3972)]","[('fairly safe access', 0.8703), ('public spaces route', 0.5572), ('access public', 0.5137), ('spaces route', 0.463), ('felt', 0.46)]","[('public spaces', 0.6254), ('access', 0.4339), ('route', 0.3972)]"
52.28726,-1.5356,4.0,0.6,0.8,0.4,safe,The walk through the park is nice and busy in the daytime. Felt very safe and was a scenic route.; The walk through the park is nice and busy in the daytime. Felt very safe and was a scenic route.,"[('park nice', 0.6938), ('safe', 0.4375), ('scenic', 0.416), ('busy daytime', 0.3986), ('route walk', 0.3301)]","[('park', 0.4643), ('safe', 0.4375), ('daytime', 0.3958), ('walk', 0.2866), ('busy', 0.218)]","[('walk park nice', 0.7759), ('daytime felt safe', 0.6322), ('park', 0.4643), ('busy daytime', 0.3986), ('route', 0.0843)]","[('scenic route', 0.5427), ('park', 0.4643), ('daytime', 0.3958), ('walk', 0.2866), ('felt', 0.1426)]"
52.28616,-1.54912,4.0,0.6,0.8,0.4,safe,The walk through the park is nice and busy in the daytime. Felt very safe and was a scenic route.; The walk through the park is nice and busy in the daytime. Felt very safe and was a scenic route.,"[('park nice', 0.6938), ('safe', 0.4375), ('scenic', 0.416), ('busy daytime', 0.3986), ('route walk', 0.3301)]","[('park', 0.4643), ('safe', 0.4375), ('daytime', 0.3958), ('walk', 0.2866), ('busy', 0.218)]","[('walk park nice', 0.7759), ('daytime felt safe', 0.6322), ('park', 0.4643), ('busy daytime', 0.3986), ('route', 0.0843)]","[('scenic route', 0.5427), ('park', 0.4643), ('daytime', 0.3958), ('walk', 0.2866), ('felt', 0.1426)]"
52.29012,-1.54394,2.0,0.4,0.4,0.6,unsafe,The route was isolated as it was far away from shops and any public spaces. The hospital was nearby which made me feel more safe but overall would have preferred a more busy route.; The route was isolated as it was far away from shops and any public spaces. The hospital was nearby which made me feel more safe but overall would have preferred a more busy route.,"[('away shops', 0.4378), ('busy route', 0.2991), ('shops public', 0.2677), ('hospital nearby', 0.2667), ('overall preferred', 0.1806)]","[('isolated', 0.3072), ('busy', 0.1983), ('hospital', 0.1886), ('shops', 0.1568), ('nearby', 0.1452)]","[('away shops public', 0.5348), ('overall preferred busy', 0.3259), ('hospital nearby', 0.2667), ('safe', 0.2519), ('spaces hospital', 0.2223)]","[('busy route', 0.2991), ('public spaces', 0.2023), ('hospital', 0.1886), ('shops', 0.1568), ('route', 0.0445)]"
52.28508,-1.53553,1.0,0.2,0.2,0.2,unsafe,"This route was terrible - had to go through dark, unlit roads.; This route was terrible - had to go through dark, unlit roads.; This route was terrible - had to go through dark, unlit roads.; This route was terrible - had to go through dark, unlit roads.; This route was terrible - had to go through dark, unlit roads.; This route was terrible - had to go through dark, unlit roads.","[('terrible dark', 0.7726), ('dark', 0.53), ('unlit roads', 0.4342), ('unlit', 0.3458), ('roads route', 0.2632)]","[('terrible', 0.6186), ('dark', 0.53), ('unlit', 0.3458), ('roads', 0.3104), ('route', 0.1826)]","[('terrible dark unlit', 0.8118), ('roads route terrible', 0.7452), ('dark', 0.53), ('unlit roads', 0.4342), ('roads route', 0.2632)]","[('unlit roads', 0.4342), ('route', 0.1826)]"
52.2812049,-1.5469286,2.0,0.4,0.4,0.2,unsafe,"On route there was a road which had no street lighting and felt very unsafe. It was residential, but there was no access to public spaces.; On route there was a road which had no street lighting and felt very unsafe. It was residential, but there was no access to public spaces.","[('unsafe residential', 0.7215), ('street lighting', 0.3342), ('road', 0.2989), ('residential', 0.2465), ('access public', 0.1257)]","[('unsafe', 0.5525), ('road', 0.2989), ('residential', 0.2465), ('lighting', 0.1376), ('felt', 0.0808)]","[('unsafe residential access', 0.7517), ('street lighting felt', 0.3424), ('road street', 0.3144), ('residential', 0.2465), ('access public', 0.1257)]","[('street lighting', 0.3342), ('road', 0.2989), ('public spaces', 0.21), ('route', 0.1095), ('access', 0.0537)]"
52.28985,-1.54662,2.0,0.4,0.5,0.5,unsafe,The route was isolated as it was far away from shops and any public spaces. The hospital was nearby which made me feel more safe but overall would have preferred a more busy route.; The route was isolated as it was far away from shops and any public spaces. The hospital was nearby which made me feel more safe but overall would have preferred a more busy route.; I don't enjoy walking by the park at night - too many drunk people and too dark,"[('night drunk', 0.3934), ('walking park', 0.2176), ('far away', 0.2022), ('hospital nearby', 0.1769), ('shops', 0.0756)]","[('drunk', 0.2464), ('park', 0.1158), ('hospital', 0.1103), ('walking', 0.0962), ('nearby', 0.0438)]","[('away shops public', 0.5056), ('park night drunk', 0.4656), ('enjoy walking park', 0.3143), ('overall preferred busy', 0.2428), ('hospital nearby', 0.1769)]","[('many drunk people', 0.3432), ('night', 0.2343), ('park', 0.1158), ('hospital', 0.1103), ('shops', 0.0756)]"
52.28937,-1.55954,2.0,0.4,0.4,0.6,unsafe,The route was isolated as it was far away from shops and any public spaces. The hospital was nearby which made me feel more safe but overall would have preferred a more busy route.; The route was isolated as it was far away from shops and any public spaces. The hospital was nearby which made me feel more safe but overall would have preferred a more busy route.,"[('away shops', 0.4378), ('busy route', 0.2991), ('shops public', 0.2677), ('hospital nearby', 0.2667), ('overall preferred', 0.1806)]","[('isolated', 0.3072), ('busy', 0.1983), ('hospital', 0.1886), ('shops', 0.1568), ('nearby', 0.1452)]","[('away shops public', 0.5348), ('overall preferred busy', 0.3259), ('hospital nearby', 0.2667), ('safe', 0.2519), ('spaces hospital', 0.2223)]","[('busy route', 0.2991), ('public spaces', 0.2023), ('hospital', 0.1886), ('shops', 0.1568), ('route', 0.0445)]"
52.28909,-1.53767,2.0,0.6,0.4,0.4,unsafe,"The route was fairly well-lit, but it was quite far from  the main high street so I felt less safe.; The route was fairly well-lit, but it was quite far from  the main high street so I felt less safe.","[('street felt', 0.3053), ('felt safe', 0.2017), ('main high', 0.1687), ('lit quite', 0.1426), ('route', 0.0461)]","[('street', 0.2276), ('safe', 0.1887), ('high', 0.1745), ('lit', 0.088), ('main', 0.044)]","[('street felt safe', 0.381), ('high street felt', 0.3128), ('far main high', 0.2326), ('street', 0.2276), ('lit quite', 0.1426)]","[('main high street', 0.2607), ('route', 0.0461)]"
52.27924,-1.54296,3.0,0.6,0.4,0.2,safe,"There was a long, isolated road with a lack of lighting on the route.; There was a long, isolated road with a lack of lighting on the route.","[('isolated road', 0.7717), ('long isolated', 0.6521), ('road', 0.5312), ('route long', 0.4862), ('lighting', 0.3005)]","[('isolated', 0.57), ('road', 0.5312), ('long', 0.454), ('route', 0.3725), ('lighting', 0.3005)]","[('long isolated road', 0.8514), ('lack lighting route', 0.7515), ('road', 0.5312), ('long', 0.454), ('lighting', 0.3005)]","[('isolated road', 0.7717), ('lack', 0.5557), ('route', 0.3725), ('lighting', 0.3005)]"
52.28705,-1.56206,3.0,0.8,0.8,0.2,safe,"The route was busy with the public, but there was a lot of cars which made me feel unsafe at times.; The route was busy with the public, but there was a lot of cars which made me feel unsafe at times.","[('busy public', 0.5604), ('lot cars', 0.3592), ('unsafe', 0.3211), ('public', 0.1818), ('times route', 0.0321)]","[('busy', 0.3785), ('unsafe', 0.3211), ('cars', 0.3133), ('public', 0.1818), ('route', 0.003)]","[('cars feel unsafe', 0.7099), ('busy public', 0.5604), ('lot cars', 0.3592), ('unsafe', 0.3211), ('times route', 0.0321)]","[('cars', 0.3133), ('public', 0.1818), ('lot', 0.1286), ('times', 0.0115), ('route', 0.003)]"
52.27626,-1.53483,4.0,0.8,0.8,0.4,safe,The route felt fairly safe with some access to public spaces.; The route felt fairly safe with some access to public spaces.,"[('safe access', 0.8528), ('felt fairly', 0.6885), ('public', 0.5552), ('route felt', 0.5215), ('spaces route', 0.463)]","[('safe', 0.7503), ('public', 0.5552), ('felt', 0.46), ('spaces', 0.4411), ('route', 0.3972)]","[('fairly safe access', 0.8703), ('public spaces route', 0.5572), ('access public', 0.5137), ('spaces route', 0.463), ('felt', 0.46)]","[('public spaces', 0.6254), ('access', 0.4339), ('route', 0.3972)]"
52.28742,-1.56498,2.0,0.4,0.4,0.6,unsafe,The route was isolated as it was far away from shops and any public spaces. The hospital was nearby which made me feel more safe but overall would have preferred a more busy route.; The route was isolated as it was far away from shops and any public spaces. The hospital was nearby which made me feel more safe but overall would have preferred a more busy route.,"[('away shops', 0.4378), ('busy route', 0.2991), ('shops public', 0.2677), ('hospital nearby', 0.2667), ('overall preferred', 0.1806)]","[('isolated', 0.3072), ('busy', 0.1983), ('hospital', 0.1886), ('shops', 0.1568), ('nearby', 0.1452)]","[('away shops public', 0.5348), ('overall preferred busy', 0.3259), ('hospital nearby', 0.2667), ('safe', 0.2519), ('spaces hospital', 0.2223)]","[('busy route', 0.2991), ('public spaces', 0.2023), ('hospital', 0.1886), ('shops', 0.1568), ('route', 0.0445)]"
52.28616,-1.54906,4.0,0.6,0.8,0.4,safe,The walk through the park is nice and busy in the daytime. Felt very safe and was a scenic route.; The walk through the park is nice and busy in the daytime. Felt very safe and was a scenic route.,"[('park nice', 0.6938), ('safe', 0.4375), ('scenic', 0.416), ('busy daytime', 0.3986), ('route walk', 0.3301)]","[('park', 0.4643), ('safe', 0.4375), ('daytime', 0.3958), ('walk', 0.2866), ('busy', 0.218)]","[('walk park nice', 0.7759), ('daytime felt safe', 0.6322), ('park', 0.4643), ('busy daytime', 0.3986), ('route', 0.0843)]","[('scenic route', 0.5427), ('park', 0.4643), ('daytime', 0.3958), ('walk', 0.2866), ('felt', 0.1426)]"
52.29125,-1.57803,3.0,0.8,0.8,0.2,safe,"The route was busy with the public, but there was a lot of cars which made me feel unsafe at times.; The route was busy with the public, but there was a lot of cars which made me feel unsafe at times.","[('busy public', 0.5604), ('lot cars', 0.3592), ('unsafe', 0.3211), ('public', 0.1818), ('times route', 0.0321)]","[('busy', 0.3785), ('unsafe', 0.3211), ('cars', 0.3133), ('public', 0.1818), ('route', 0.003)]","[('cars feel unsafe', 0.7099), ('busy public', 0.5604), ('lot cars', 0.3592), ('unsafe', 0.3211), ('times route', 0.0321)]","[('cars', 0.3133), ('public', 0.1818), ('lot', 0.1286), ('times', 0.0115), ('route', 0.003)]"
52.28534,-1.53664,1.0,0.2,0.2,0.2,unsafe,"This route was terrible - had to go through dark, unlit roads.; This route was terrible - had to go through dark, unlit roads.; This route was terrible - had to go through dark, unlit roads.; This route was terrible - had to go through dark, unlit roads.; This route was terrible - had to go through dark, unlit roads.; This route was terrible - had to go through dark, unlit roads.","[('terrible dark', 0.7726), ('dark', 0.53), ('unlit roads', 0.4342), ('unlit', 0.3458), ('roads route', 0.2632)]","[('terrible', 0.6186), ('dark', 0.53), ('unlit', 0.3458), ('roads', 0.3104), ('route', 0.1826)]","[('terrible dark unlit', 0.8118), ('roads route terrible', 0.7452), ('dark', 0.53), ('unlit roads', 0.4342), ('roads route', 0.2632)]","[('unlit roads', 0.4342), ('route', 0.1826)]"
52.29302,-1.53706,2.0,0.4,0.4,0.2,unsafe,"There was little lighting when we walked through the park, felt very unsafe.; There was little lighting when we walked through the park, felt very unsafe.","[('felt unsafe', 0.5283), ('little lighting', 0.4605), ('walked park', 0.369), ('walked', 0.1759), ('lighting', 0.112)]","[('unsafe', 0.4919), ('park', 0.2799), ('little', 0.2206), ('walked', 0.1759), ('lighting', 0.112)]","[('park felt unsafe', 0.7655), ('little lighting', 0.4605), ('park', 0.2799), ('lighting walked', 0.166), ('felt', 0.0386)]","[('little lighting', 0.4605), ('park', 0.2799)]"
52.28866,-1.56201,2.0,0.4,0.4,0.6,unsafe,The route was isolated as it was far away from shops and any public spaces. The hospital was nearby which made me feel more safe but overall would have preferred a more busy route.; The route was isolated as it was far away from shops and any public spaces. The hospital was nearby which made me feel more safe but overall would have preferred a more busy route.,"[('away shops', 0.4378), ('busy route', 0.2991), ('shops public', 0.2677), ('hospital nearby', 0.2667), ('overall preferred', 0.1806)]","[('isolated', 0.3072), ('busy', 0.1983), ('hospital', 0.1886), ('shops', 0.1568), ('nearby', 0.1452)]","[('away shops public', 0.5348), ('overall preferred busy', 0.3259), ('hospital nearby', 0.2667), ('safe', 0.2519), ('spaces hospital', 0.2223)]","[('busy route', 0.2991), ('public spaces', 0.2023), ('hospital', 0.1886), ('shops', 0.1568), ('route', 0.0445)]"
52.28732,-1.5474,4.0,0.6,0.8,0.4,safe,The walk through the park is nice and busy in the daytime. Felt very safe and was a scenic route.; The walk through the park is nice and busy in the daytime. Felt very safe and was a scenic route.,"[('park nice', 0.6938), ('safe', 0.4375), ('scenic', 0.416), ('busy daytime', 0.3986), ('route walk', 0.3301)]","[('park', 0.4643), ('safe', 0.4375), ('daytime', 0.3958), ('walk', 0.2866), ('busy', 0.218)]","[('walk park nice', 0.7759), ('daytime felt safe', 0.6322), ('park', 0.4643), ('busy daytime', 0.3986), ('route', 0.0843)]","[('scenic route', 0.5427), ('park', 0.4643), ('daytime', 0.3958), ('walk', 0.2866), ('felt', 0.1426)]"
52.28273,-1.53471,2.5,0.5,0.4,0.2,unsafe,"There was a long, isolated road with a lack of lighting on the route.; There was a long, isolated road with a lack of lighting on the route.; Quiet route  with no public services available","[('road lack', 0.7677), ('road', 0.4159), ('route long', 0.3626), ('lighting route', 0.2673), ('services available', 0.1481)]","[('quiet', 0.5817), ('road', 0.4159), ('long', 0.3444), ('public', 0.2912), ('lighting', 0.2089)]","[('road lack lighting', 0.8534), ('long isolated', 0.6125), ('road', 0.4159), ('lighting route long', 0.3704), ('available', 0.115)]","[('isolated road', 0.7589), ('lack', 0.5561), ('route', 0.2682), ('public services', 0.2376), ('lighting', 0.2089)]"
52.2844,-1.53153,2.0,0.4,0.4,0.2,unsafe,"Not well lit, round back streets, feels unsafe especially at night; Not well lit, round back streets, feels unsafe especially at night","[('feels unsafe', 0.676), ('night lit', 0.5415), ('round streets', 0.3419), ('lit round', 0.207), ('especially', 0.1362)]","[('unsafe', 0.6215), ('night', 0.5194), ('streets', 0.394), ('lit', 0.1665), ('especially', 0.1362)]","[('unsafe especially night', 0.8677), ('streets feels unsafe', 0.8365), ('night lit round', 0.5397), ('streets feels', 0.4255), ('lit', 0.1665)]","[('night', 0.5194), ('round back streets', 0.4449)]"
52.28816,-1.53979,4.0,0.6,0.8,0.4,safe,The walk through the park is nice and busy in the daytime. Felt very safe and was a scenic route.; The walk through the park is nice and busy in the daytime. Felt very safe and was a scenic route.,"[('park nice', 0.6938), ('safe', 0.4375), ('scenic', 0.416), ('busy daytime', 0.3986), ('route walk', 0.3301)]","[('park', 0.4643), ('safe', 0.4375), ('daytime', 0.3958), ('walk', 0.2866), ('busy', 0.218)]","[('walk park nice', 0.7759), ('daytime felt safe', 0.6322), ('park', 0.4643), ('busy daytime', 0.3986), ('route', 0.0843)]","[('scenic route', 0.5427), ('park', 0.4643), ('daytime', 0.3958), ('walk', 0.2866), ('felt', 0.1426)]"
52.27607,-1.51742,3.0,0.6,0.6,0.2,safe,"Well-lit street, was quite busy with other members of public.; Well-lit street, was quite busy with other members of public.","[('lit street', 0.7497), ('busy members', 0.6292), ('members public', 0.5889), ('lit', 0.4973), ('quite', 0.3242)]","[('street', 0.5627), ('public', 0.5542), ('busy', 0.5319), ('lit', 0.4973), ('members', 0.3455)]","[('public lit street', 0.7701), ('street quite busy', 0.7673), ('quite busy members', 0.6288), ('members public', 0.5889), ('quite', 0.3242)]","[('street', 0.5627), ('public', 0.5542), ('other members', 0.4653)]"
52.28236,-1.5312424,4.0,0.8,0.8,0.4,safe,"The route was short on a public street, with people around. I felt safe overall - especially as it's the daytime.; The route was short on a public street, with people around. I felt safe overall - especially as it's the daytime.","[('short public', 0.6026), ('felt safe', 0.5127), ('street people', 0.4802), ('especially daytime', 0.4624), ('route', 0.1799)]","[('safe', 0.4618), ('daytime', 0.4595), ('short', 0.4422), ('street', 0.414), ('especially', 0.1157)]","[('short public street', 0.7323), ('people felt safe', 0.5779), ('street people felt', 0.5607), ('especially daytime route', 0.4853), ('route', 0.1799)]","[('public street', 0.5483), ('daytime', 0.4595), ('people', 0.221), ('route', 0.1799)]"
52.28545,-1.53294,2.0,0.4,0.4,0.4,unsafe,The route included backstreets which were isolated and there was no lighting in the evening. I felt unsafe on the route.; The route included backstreets which were isolated and there was no lighting in the evening. I felt unsafe on the route.,"[('unsafe route', 0.643), ('isolated lighting', 0.5442), ('lighting evening', 0.3723), ('included backstreets', 0.232), ('route route', 0.1834)]","[('unsafe', 0.5318), ('isolated', 0.3877), ('evening', 0.3389), ('backstreets', 0.3221), ('lighting', 0.1948)]","[('evening felt unsafe', 0.7467), ('backstreets isolated lighting', 0.5414), ('lighting evening', 0.3723), ('route route included', 0.1717), ('felt', 0.1071)]","[('evening', 0.3389), ('backstreets', 0.3221), ('lighting', 0.1948), ('route', 0.1466)]"
52.28788,-1.53469,3.0,0.6,0.4,0.2,safe,"There was a long, isolated road with a lack of lighting on the route.; There was a long, isolated road with a lack of lighting on the route.","[('isolated road', 0.7717), ('long isolated', 0.6521), ('road', 0.5312), ('route long', 0.4862), ('lighting', 0.3005)]","[('isolated', 0.57), ('road', 0.5312), ('long', 0.454), ('route', 0.3725), ('lighting', 0.3005)]","[('long isolated road', 0.8514), ('lack lighting route', 0.7515), ('road', 0.5312), ('long', 0.454), ('lighting', 0.3005)]","[('isolated road', 0.7717), ('lack', 0.5557), ('route', 0.3725), ('lighting', 0.3005)]"
52.28252,-1.55296,3.0,0.8,0.8,0.2,safe,"The route was busy with the public, but there was a lot of cars which made me feel unsafe at times.; The route was busy with the public, but there was a lot of cars which made me feel unsafe at times.","[('busy public', 0.5604), ('lot cars', 0.3592), ('unsafe', 0.3211), ('public', 0.1818), ('times route', 0.0321)]","[('busy', 0.3785), ('unsafe', 0.3211), ('cars', 0.3133), ('public', 0.1818), ('route', 0.003)]","[('cars feel unsafe', 0.7099), ('busy public', 0.5604), ('lot cars', 0.3592), ('unsafe', 0.3211), ('times route', 0.0321)]","[('cars', 0.3133), ('public', 0.1818), ('lot', 0.1286), ('times', 0.0115), ('route', 0.003)]"
52.28471,-1.55646,3.5,0.7,0.8,0.3,safe,"The route was busy with the public, but there was a lot of cars which made me feel unsafe at times.; The walk through the park is nice and busy in the daytime. Felt very safe and was a scenic route.; The route was busy with the public, but there was a lot of cars which made me feel unsafe at times.; The walk through the park is nice and busy in the daytime. Felt very safe and was a scenic route.","[('busy public', 0.463), ('park nice', 0.3592), ('daytime felt', 0.259), ('lot cars', 0.2227), ('route route', -0.0278)]","[('busy', 0.2658), ('cars', 0.1788), ('park', 0.1569), ('walk', 0.1032), ('safe', 0.0997)]","[('park nice busy', 0.5865), ('cars feel unsafe', 0.528), ('lot cars feel', 0.3284), ('daytime felt', 0.259), ('route route', -0.0278)]","[('scenic route', 0.3063), ('cars', 0.1788), ('daytime', 0.1702), ('walk', 0.1032), ('lot', 0.0317)]"
52.28707,-1.52483,2.0,0.4,0.4,0.2,unsafe,"Not well lit, round back streets, feels unsafe especially at night; Not well lit, round back streets, feels unsafe especially at night","[('feels unsafe', 0.676), ('night lit', 0.5415), ('round streets', 0.3419), ('lit round', 0.207), ('especially', 0.1362)]","[('unsafe', 0.6215), ('night', 0.5194), ('streets', 0.394), ('lit', 0.1665), ('especially', 0.1362)]","[('unsafe especially night', 0.8677), ('streets feels unsafe', 0.8365), ('night lit round', 0.5397), ('streets feels', 0.4255), ('lit', 0.1665)]","[('night', 0.5194), ('round back streets', 0.4449)]"
52.28768,-1.54006,1.0,0.2,0.2,0.2,unsafe,"This route was terrible - had to go through dark, unlit roads.; This route was terrible - had to go through dark, unlit roads.; This route was terrible - had to go through dark, unlit roads.; This route was terrible - had to go through dark, unlit roads.; This route was terrible - had to go through dark, unlit roads.; This route was terrible - had to go through dark, unlit roads.","[('terrible dark', 0.7726), ('dark', 0.53), ('unlit roads', 0.4342), ('unlit', 0.3458), ('roads route', 0.2632)]","[('terrible', 0.6186), ('dark', 0.53), ('unlit', 0.3458), ('roads', 0.3104), ('route', 0.1826)]","[('terrible dark unlit', 0.8118), ('roads route terrible', 0.7452), ('dark', 0.53), ('unlit roads', 0.4342), ('roads route', 0.2632)]","[('unlit roads', 0.4342), ('route', 0.1826)]"
52.28619,-1.56407,4.0,0.6,0.8,0.4,safe,The walk through the park is nice and busy in the daytime. Felt very safe and was a scenic route.; The walk through the park is nice and busy in the daytime. Felt very safe and was a scenic route.,"[('park nice', 0.6938), ('safe', 0.4375), ('scenic', 0.416), ('busy daytime', 0.3986), ('route walk', 0.3301)]","[('park', 0.4643), ('safe', 0.4375), ('daytime', 0.3958), ('walk', 0.2866), ('busy', 0.218)]","[('walk park nice', 0.7759), ('daytime felt safe', 0.6322), ('park', 0.4643), ('busy daytime', 0.3986), ('route', 0.0843)]","[('scenic route', 0.5427), ('park', 0.4643), ('daytime', 0.3958), ('walk', 0.2866), ('felt', 0.1426)]"
52.2888,-1.57006,2.0,0.4,0.4,0.6,unsafe,The route was isolated as it was far away from shops and any public spaces. The hospital was nearby which made me feel more safe but overall would have preferred a more busy route.; The route was isolated as it was far away from shops and any public spaces. The hospital was nearby which made me feel more safe but overall would have preferred a more busy route.,"[('away shops', 0.4378), ('busy route', 0.2991), ('shops public', 0.2677), ('hospital nearby', 0.2667), ('overall preferred', 0.1806)]","[('isolated', 0.3072), ('busy', 0.1983), ('hospital', 0.1886), ('shops', 0.1568), ('nearby', 0.1452)]","[('away shops public', 0.5348), ('overall preferred busy', 0.3259), ('hospital nearby', 0.2667), ('safe', 0.2519), ('spaces hospital', 0.2223)]","[('busy route', 0.2991), ('public spaces', 0.2023), ('hospital', 0.1886), ('shops', 0.1568), ('route', 0.0445)]"
52.29122,-1.57793,2.0,0.4,0.4,0.6,unsafe,The route was isolated as it was far away from shops and any public spaces. The hospital was nearby which made me feel more safe but overall would have preferred a more busy route.; The route was isolated as it was far away from shops and any public spaces. The hospital was nearby which made me feel more safe but overall would have preferred a more busy route.,"[('away shops', 0.4378), ('busy route', 0.2991), ('shops public', 0.2677), ('hospital nearby', 0.2667), ('overall preferred', 0.1806)]","[('isolated', 0.3072), ('busy', 0.1983), ('hospital', 0.1886), ('shops', 0.1568), ('nearby', 0.1452)]","[('away shops public', 0.5348), ('overall preferred busy', 0.3259), ('hospital nearby', 0.2667), ('safe', 0.2519), ('spaces hospital', 0.2223)]","[('busy route', 0.2991), ('public spaces', 0.2023), ('hospital', 0.1886), ('shops', 0.1568), ('route', 0.0445)]"
52.28708,-1.53386,4.0,0.6,0.8,0.4,safe,The walk through the park is nice and busy in the daytime. Felt very safe and was a scenic route.; The walk through the park is nice and busy in the daytime. Felt very safe and was a scenic route.,"[('park nice', 0.6938), ('safe', 0.4375), ('scenic', 0.416), ('busy daytime', 0.3986), ('route walk', 0.3301)]","[('park', 0.4643), ('safe', 0.4375), ('daytime', 0.3958), ('walk', 0.2866), ('busy', 0.218)]","[('walk park nice', 0.7759), ('daytime felt safe', 0.6322), ('park', 0.4643), ('busy daytime', 0.3986), ('route', 0.0843)]","[('scenic route', 0.5427), ('park', 0.4643), ('daytime', 0.3958), ('walk', 0.2866), ('felt', 0.1426)]"
52.28959,-1.55337,2.0,0.4,0.4,0.6,unsafe,The route was isolated as it was far away from shops and any public spaces. The hospital was nearby which made me feel more safe but overall would have preferred a more busy route.; The route was isolated as it was far away from shops and any public spaces. The hospital was nearby which made me feel more safe but overall would have preferred a more busy route.,"[('away shops', 0.4378), ('busy route', 0.2991), ('shops public', 0.2677), ('hospital nearby', 0.2667), ('overall preferred', 0.1806)]","[('isolated', 0.3072), ('busy', 0.1983), ('hospital', 0.1886), ('shops', 0.1568), ('nearby', 0.1452)]","[('away shops public', 0.5348), ('overall preferred busy', 0.3259), ('hospital nearby', 0.2667), ('safe', 0.2519), ('spaces hospital', 0.2223)]","[('busy route', 0.2991), ('public spaces', 0.2023), ('hospital', 0.1886), ('shops', 0.1568), ('route', 0.0445)]"
52.28749,-1.53436,3.0,0.6,0.4,0.2,safe,"There was a long, isolated road with a lack of lighting on the route.; There was a long, isolated road with a lack of lighting on the route.","[('isolated road', 0.7717), ('long isolated', 0.6521), ('road', 0.5312), ('route long', 0.4862), ('lighting', 0.3005)]","[('isolated', 0.57), ('road', 0.5312), ('long', 0.454), ('route', 0.3725), ('lighting', 0.3005)]","[('long isolated road', 0.8514), ('lack lighting route', 0.7515), ('road', 0.5312), ('long', 0.454), ('lighting', 0.3005)]","[('isolated road', 0.7717), ('lack', 0.5557), ('route', 0.3725), ('lighting', 0.3005)]"
52.28793,-1.53475,3.0,0.6,0.4,0.2,safe,"There was a long, isolated road with a lack of lighting on the route.; There was a long, isolated road with a lack of lighting on the route.","[('isolated road', 0.7717), ('long isolated', 0.6521), ('road', 0.5312), ('route long', 0.4862), ('lighting', 0.3005)]","[('isolated', 0.57), ('road', 0.5312), ('long', 0.454), ('route', 0.3725), ('lighting', 0.3005)]","[('long isolated road', 0.8514), ('lack lighting route', 0.7515), ('road', 0.5312), ('long', 0.454), ('lighting', 0.3005)]","[('isolated road', 0.7717), ('lack', 0.5557), ('route', 0.3725), ('lighting', 0.3005)]"
52.2762555,-1.5348337,2.0,0.4666666666666666,0.4,0.2,unsafe,"On route there was a road which had no street lighting and felt very unsafe. It was residential, but there was no access to public spaces.; I hated the walk alongside the cemetery - was creepy and made me feel unsafe. I would have preferred a route with more people around; On route there was a road which had no street lighting and felt very unsafe. It was residential, but there was no access to public spaces.; I hated the walk alongside the cemetery - was creepy and made me feel unsafe. I would have preferred a route with more people around","[('cemetery creepy', 0.6005), ('hated walk', 0.5822), ('alongside cemetery', 0.1665), ('residential', 0.0491), ('access public', -0.0403)]","[('unsafe', 0.3872), ('cemetery', 0.1722), ('walk', 0.0314), ('lighting', -0.0237), ('preferred', -0.055)]","[('public spaces hated', 0.6532), ('alongside cemetery creepy', 0.5177), ('walk alongside cemetery', 0.2149), ('preferred route people', 0.0307), ('lighting', -0.0237)]","[('street lighting', 0.1787), ('cemetery', 0.1722), ('road', 0.1108), ('walk', 0.0314), ('more people', -0.0156)]"
52.2876,-1.56522,2.5,0.6,0.6,0.4,unsafe,"The route was busy with the public, but there was a lot of cars which made me feel unsafe at times.; The route was isolated as it was far away from shops and any public spaces. The hospital was nearby which made me feel more safe but overall would have preferred a more busy route.; The route was busy with the public, but there was a lot of cars which made me feel unsafe at times.; The route was isolated as it was far away from shops and any public spaces. The hospital was nearby which made me feel more safe but overall would have preferred a more busy route.","[('busy route', 0.3729), ('hospital nearby', 0.2311), ('cars', 0.1932), ('isolated', 0.1011), ('shops', 0.0952)]","[('unsafe', 0.2223), ('cars', 0.1932), ('hospital', 0.1045), ('shops', 0.0952), ('nearby', 0.0527)]","[('cars feel unsafe', 0.586), ('away shops public', 0.4198), ('hospital nearby', 0.2311), ('lot cars', 0.2222), ('times route', -0.0546)]","[('busy route', 0.3729), ('cars', 0.1932), ('hospital', 0.1045), ('shops', 0.0952), ('times', -0.1172)]"
52.2854,-1.55777,3.0,0.8,0.8,0.2,safe,"The route was busy with the public, but there was a lot of cars which made me feel unsafe at times.; The route was busy with the public, but there was a lot of cars which made me feel unsafe at times.","[('busy public', 0.5604), ('lot cars', 0.3592), ('unsafe', 0.3211), ('public', 0.1818), ('times route', 0.0321)]","[('busy', 0.3785), ('unsafe', 0.3211), ('cars', 0.3133), ('public', 0.1818), ('route', 0.003)]","[('cars feel unsafe', 0.7099), ('busy public', 0.5604), ('lot cars', 0.3592), ('unsafe', 0.3211), ('times route', 0.0321)]","[('cars', 0.3133), ('public', 0.1818), ('lot', 0.1286), ('times', 0.0115), ('route', 0.003)]"
52.27856,-1.54514,3.0,0.6,0.4,0.2,safe,"There was a long, isolated road with a lack of lighting on the route.; There was a long, isolated road with a lack of lighting on the route.","[('isolated road', 0.7717), ('long isolated', 0.6521), ('road', 0.5312), ('route long', 0.4862), ('lighting', 0.3005)]","[('isolated', 0.57), ('road', 0.5312), ('long', 0.454), ('route', 0.3725), ('lighting', 0.3005)]","[('long isolated road', 0.8514), ('lack lighting route', 0.7515), ('road', 0.5312), ('long', 0.454), ('lighting', 0.3005)]","[('isolated road', 0.7717), ('lack', 0.5557), ('route', 0.3725), ('lighting', 0.3005)]"
52.28542,-1.5579,4.0,0.6,0.8,0.4,safe,The walk through the park is nice and busy in the daytime. Felt very safe and was a scenic route.; The walk through the park is nice and busy in the daytime. Felt very safe and was a scenic route.,"[('park nice', 0.6938), ('safe', 0.4375), ('scenic', 0.416), ('busy daytime', 0.3986), ('route walk', 0.3301)]","[('park', 0.4643), ('safe', 0.4375), ('daytime', 0.3958), ('walk', 0.2866), ('busy', 0.218)]","[('walk park nice', 0.7759), ('daytime felt safe', 0.6322), ('park', 0.4643), ('busy daytime', 0.3986), ('route', 0.0843)]","[('scenic route', 0.5427), ('park', 0.4643), ('daytime', 0.3958), ('walk', 0.2866), ('felt', 0.1426)]"
52.28245,-1.55269,3.0,0.8,0.8,0.2,safe,"The route was busy with the public, but there was a lot of cars which made me feel unsafe at times.; The route was busy with the public, but there was a lot of cars which made me feel unsafe at times.","[('busy public', 0.5604), ('lot cars', 0.3592), ('unsafe', 0.3211), ('public', 0.1818), ('times route', 0.0321)]","[('busy', 0.3785), ('unsafe', 0.3211), ('cars', 0.3133), ('public', 0.1818), ('route', 0.003)]","[('cars feel unsafe', 0.7099), ('busy public', 0.5604), ('lot cars', 0.3592), ('unsafe', 0.3211), ('times route', 0.0321)]","[('cars', 0.3133), ('public', 0.1818), ('lot', 0.1286), ('times', 0.0115), ('route', 0.003)]"
52.281384,-1.5470501,2.0,0.4,0.4,0.2,unsafe,"On route there was a road which had no street lighting and felt very unsafe. It was residential, but there was no access to public spaces.; On route there was a road which had no street lighting and felt very unsafe. It was residential, but there was no access to public spaces.","[('unsafe residential', 0.7215), ('street lighting', 0.3342), ('road', 0.2989), ('residential', 0.2465), ('access public', 0.1257)]","[('unsafe', 0.5525), ('road', 0.2989), ('residential', 0.2465), ('lighting', 0.1376), ('felt', 0.0808)]","[('unsafe residential access', 0.7517), ('street lighting felt', 0.3424), ('road street', 0.3144), ('residential', 0.2465), ('access public', 0.1257)]","[('street lighting', 0.3342), ('road', 0.2989), ('public spaces', 0.21), ('route', 0.1095), ('access', 0.0537)]"
52.28735,-1.53417,3.0,0.6,0.4,0.2,safe,"There was a long, isolated road with a lack of lighting on the route.; There was a long, isolated road with a lack of lighting on the route.","[('isolated road', 0.7717), ('long isolated', 0.6521), ('road', 0.5312), ('route long', 0.4862), ('lighting', 0.3005)]","[('isolated', 0.57), ('road', 0.5312), ('long', 0.454), ('route', 0.3725), ('lighting', 0.3005)]","[('long isolated road', 0.8514), ('lack lighting route', 0.7515), ('road', 0.5312), ('long', 0.454), ('lighting', 0.3005)]","[('isolated road', 0.7717), ('lack', 0.5557), ('route', 0.3725), ('lighting', 0.3005)]"
52.286249,-1.533494,2.666666666666667,0.5333333333333334,0.575,0.275,safe,"The route was poorly lit and there were lots of drunk people around; There were many public spaces on the route; The route included some isolated streets that were very dark. I felt unsafe especially as I was alone.; The route was poorly lit and there were lots of drunk people around; There were many public spaces on the route; The route included some isolated streets that were very dark. I felt unsafe especially as I was alone.; There was no lighting when walking through the park, I felt very unsafe on this journey. It was isolated; The route had lots of shops on it and was generally quite busy.; Walking through park was pretty; The start of the route felt unsafe but then it got better with more public spaces","[('drunk people', 0.5407), ('shops generally', 0.2048), ('included isolated', 0.1858), ('walking park', 0.1484), ('especially lighting', 0.1144)]","[('drunk', 0.4289), ('dark', 0.2527), ('shops', 0.1325), ('park', 0.036), ('better', -0.0293)]","[('park felt unsafe', 0.6162), ('lit lots drunk', 0.4749), ('included isolated streets', 0.3945), ('especially lighting walking', 0.2019), ('better', -0.0293)]","[('drunk people', 0.5407), ('isolated streets', 0.37), ('more public spaces', 0.2045), ('park', 0.036), ('start', -0.1004)]"
52.28038,-1.53972,3.0,0.6,0.4,0.2,safe,"There was a long, isolated road with a lack of lighting on the route.; There was a long, isolated road with a lack of lighting on the route.","[('isolated road', 0.7717), ('long isolated', 0.6521), ('road', 0.5312), ('route long', 0.4862), ('lighting', 0.3005)]","[('isolated', 0.57), ('road', 0.5312), ('long', 0.454), ('route', 0.3725), ('lighting', 0.3005)]","[('long isolated road', 0.8514), ('lack lighting route', 0.7515), ('road', 0.5312), ('long', 0.454), ('lighting', 0.3005)]","[('isolated road', 0.7717), ('lack', 0.5557), ('route', 0.3725), ('lighting', 0.3005)]"
52.28757,-1.56476,2.0,0.4,0.4,0.6,unsafe,The route was isolated as it was far away from shops and any public spaces. The hospital was nearby which made me feel more safe but overall would have preferred a more busy route.; The route was isolated as it was far away from shops and any public spaces. The hospital was nearby which made me feel more safe but overall would have preferred a more busy route.,"[('away shops', 0.4378), ('busy route', 0.2991), ('shops public', 0.2677), ('hospital nearby', 0.2667), ('overall preferred', 0.1806)]","[('isolated', 0.3072), ('busy', 0.1983), ('hospital', 0.1886), ('shops', 0.1568), ('nearby', 0.1452)]","[('away shops public', 0.5348), ('overall preferred busy', 0.3259), ('hospital nearby', 0.2667), ('safe', 0.2519), ('spaces hospital', 0.2223)]","[('busy route', 0.2991), ('public spaces', 0.2023), ('hospital', 0.1886), ('shops', 0.1568), ('route', 0.0445)]"
52.28964,-1.57311,3.0,0.8,0.8,0.2,safe,"The route was busy with the public, but there was a lot of cars which made me feel unsafe at times.; The route was busy with the public, but there was a lot of cars which made me feel unsafe at times.","[('busy public', 0.5604), ('lot cars', 0.3592), ('unsafe', 0.3211), ('public', 0.1818), ('times route', 0.0321)]","[('busy', 0.3785), ('unsafe', 0.3211), ('cars', 0.3133), ('public', 0.1818), ('route', 0.003)]","[('cars feel unsafe', 0.7099), ('busy public', 0.5604), ('lot cars', 0.3592), ('unsafe', 0.3211), ('times route', 0.0321)]","[('cars', 0.3133), ('public', 0.1818), ('lot', 0.1286), ('times', 0.0115), ('route', 0.003)]"
52.28332,-1.54408,3.0,0.8,0.8,0.2,safe,"The route was busy with the public, but there was a lot of cars which made me feel unsafe at times.; The route was busy with the public, but there was a lot of cars which made me feel unsafe at times.","[('busy public', 0.5604), ('lot cars', 0.3592), ('unsafe', 0.3211), ('public', 0.1818), ('times route', 0.0321)]","[('busy', 0.3785), ('unsafe', 0.3211), ('cars', 0.3133), ('public', 0.1818), ('route', 0.003)]","[('cars feel unsafe', 0.7099), ('busy public', 0.5604), ('lot cars', 0.3592), ('unsafe', 0.3211), ('times route', 0.0321)]","[('cars', 0.3133), ('public', 0.1818), ('lot', 0.1286), ('times', 0.0115), ('route', 0.003)]"
52.28748,-1.56509,2.0,0.4,0.4,0.6,unsafe,The route was isolated as it was far away from shops and any public spaces. The hospital was nearby which made me feel more safe but overall would have preferred a more busy route.; The route was isolated as it was far away from shops and any public spaces. The hospital was nearby which made me feel more safe but overall would have preferred a more busy route.,"[('away shops', 0.4378), ('busy route', 0.2991), ('shops public', 0.2677), ('hospital nearby', 0.2667), ('overall preferred', 0.1806)]","[('isolated', 0.3072), ('busy', 0.1983), ('hospital', 0.1886), ('shops', 0.1568), ('nearby', 0.1452)]","[('away shops public', 0.5348), ('overall preferred busy', 0.3259), ('hospital nearby', 0.2667), ('safe', 0.2519), ('spaces hospital', 0.2223)]","[('busy route', 0.2991), ('public spaces', 0.2023), ('hospital', 0.1886), ('shops', 0.1568), ('route', 0.0445)]"
52.28345,-1.53435,2.5,0.5,0.4,0.2,unsafe,"There was a long, isolated road with a lack of lighting on the route.; There was a long, isolated road with a lack of lighting on the route.; Quiet route  with no public services available","[('road lack', 0.7677), ('road', 0.4159), ('route long', 0.3626), ('lighting route', 0.2673), ('services available', 0.1481)]","[('quiet', 0.5817), ('road', 0.4159), ('long', 0.3444), ('public', 0.2912), ('lighting', 0.2089)]","[('road lack lighting', 0.8534), ('long isolated', 0.6125), ('road', 0.4159), ('lighting route long', 0.3704), ('available', 0.115)]","[('isolated road', 0.7589), ('lack', 0.5561), ('route', 0.2682), ('public services', 0.2376), ('lighting', 0.2089)]"
52.2793,-1.52981,3.0,0.6,0.6,0.2,safe,"Well-lit street, was quite busy with other members of public.; Well-lit street, was quite busy with other members of public.","[('lit street', 0.7497), ('busy members', 0.6292), ('members public', 0.5889), ('lit', 0.4973), ('quite', 0.3242)]","[('street', 0.5627), ('public', 0.5542), ('busy', 0.5319), ('lit', 0.4973), ('members', 0.3455)]","[('public lit street', 0.7701), ('street quite busy', 0.7673), ('quite busy members', 0.6288), ('members public', 0.5889), ('quite', 0.3242)]","[('street', 0.5627), ('public', 0.5542), ('other members', 0.4653)]"
52.28557,-1.53472,2.5,0.5,0.4,0.25,unsafe,"There was a long, isolated road with a lack of lighting on the route.; There was a long, isolated road with a lack of lighting on the route.; Walking through the park made me feel uneasy as there is no lighting on the paths.; I don't enjoy walking by the park at night - too many drunk people and too dark","[('road lack', 0.5079), ('night drunk', 0.4546), ('park night', 0.398), ('walking park', 0.2841), ('lighting', 0.0174)]","[('drunk', 0.3193), ('lack', 0.2286), ('road', 0.1764), ('park', 0.1601), ('lighting', 0.0174)]","[('road lack lighting', 0.6753), ('walking park night', 0.5484), ('night drunk people', 0.4724), ('lighting route', 0.0871), ('don enjoy', 0.0373)]","[('isolated road', 0.4812), ('many drunk people', 0.3969), ('night', 0.263), ('park', 0.1601), ('lighting', 0.0174)]"
52.28636,-1.56032,4.0,0.6,0.8,0.4,safe,The walk through the park is nice and busy in the daytime. Felt very safe and was a scenic route.; The walk through the park is nice and busy in the daytime. Felt very safe and was a scenic route.,"[('park nice', 0.6938), ('safe', 0.4375), ('scenic', 0.416), ('busy daytime', 0.3986), ('route walk', 0.3301)]","[('park', 0.4643), ('safe', 0.4375), ('daytime', 0.3958), ('walk', 0.2866), ('busy', 0.218)]","[('walk park nice', 0.7759), ('daytime felt safe', 0.6322), ('park', 0.4643), ('busy daytime', 0.3986), ('route', 0.0843)]","[('scenic route', 0.5427), ('park', 0.4643), ('daytime', 0.3958), ('walk', 0.2866), ('felt', 0.1426)]"
52.2883984,-1.5382739,3.0,0.6,0.8,0.4,safe,"Very well-lit route, the greenery was busy with the public during the afternoons.; Very well-lit route, the greenery was busy with the public during the afternoons.","[('afternoons lit', 0.6643), ('route greenery', 0.4942), ('busy public', 0.4689), ('public', 0.3067), ('route', 0.0992)]","[('afternoons', 0.5527), ('greenery', 0.491), ('busy', 0.3292), ('public', 0.3067), ('route', 0.0992)]","[('busy public afternoons', 0.7492), ('afternoons lit', 0.6643), ('lit route greenery', 0.5747), ('busy', 0.3292), ('route', 0.0992)]","[('afternoons', 0.5527), ('greenery', 0.491), ('public', 0.3067), ('route', 0.0992)]"
52.29004,-1.57979,2.5,0.6,0.6,0.4,unsafe,"The route was busy with the public, but there was a lot of cars which made me feel unsafe at times.; The route was isolated as it was far away from shops and any public spaces. The hospital was nearby which made me feel more safe but overall would have preferred a more busy route.; The route was busy with the public, but there was a lot of cars which made me feel unsafe at times.; The route was isolated as it was far away from shops and any public spaces. The hospital was nearby which made me feel more safe but overall would have preferred a more busy route.","[('busy route', 0.3729), ('hospital nearby', 0.2311), ('cars', 0.1932), ('isolated', 0.1011), ('shops', 0.0952)]","[('unsafe', 0.2223), ('cars', 0.1932), ('hospital', 0.1045), ('shops', 0.0952), ('nearby', 0.0527)]","[('cars feel unsafe', 0.586), ('away shops public', 0.4198), ('hospital nearby', 0.2311), ('lot cars', 0.2222), ('times route', -0.0546)]","[('busy route', 0.3729), ('cars', 0.1932), ('hospital', 0.1045), ('shops', 0.0952), ('times', -0.1172)]"
52.27619,-1.51641,3.0,0.6,0.6,0.2,safe,"Well-lit street, was quite busy with other members of public.; Well-lit street, was quite busy with other members of public.","[('lit street', 0.7497), ('busy members', 0.6292), ('members public', 0.5889), ('lit', 0.4973), ('quite', 0.3242)]","[('street', 0.5627), ('public', 0.5542), ('busy', 0.5319), ('lit', 0.4973), ('members', 0.3455)]","[('public lit street', 0.7701), ('street quite busy', 0.7673), ('quite busy members', 0.6288), ('members public', 0.5889), ('quite', 0.3242)]","[('street', 0.5627), ('public', 0.5542), ('other members', 0.4653)]"
52.2899038,-1.579364,3.0,0.4,0.4,0.2,safe,Walking near the park at night meant there was little lighting and no access to public spaces.; Walking near the park at night meant there was little lighting and no access to public spaces.,"[('little lighting', 0.4558), ('park night', 0.4455), ('walking near', 0.248), ('access public', 0.1453), ('lighting', 0.1286)]","[('night', 0.3618), ('park', 0.2183), ('walking', 0.2139), ('little', 0.1727), ('lighting', 0.1286)]","[('night meant little', 0.5424), ('near park night', 0.5276), ('walking near park', 0.4015), ('walking', 0.2139), ('access public', 0.1453)]","[('little lighting', 0.4558), ('night', 0.3618), ('park', 0.2183), ('public spaces', 0.2169), ('access', 0.023)]"
52.28766,-1.56437,2.0,0.4,0.4,0.6,unsafe,The route was isolated as it was far away from shops and any public spaces. The hospital was nearby which made me feel more safe but overall would have preferred a more busy route.; The route was isolated as it was far away from shops and any public spaces. The hospital was nearby which made me feel more safe but overall would have preferred a more busy route.,"[('away shops', 0.4378), ('busy route', 0.2991), ('shops public', 0.2677), ('hospital nearby', 0.2667), ('overall preferred', 0.1806)]","[('isolated', 0.3072), ('busy', 0.1983), ('hospital', 0.1886), ('shops', 0.1568), ('nearby', 0.1452)]","[('away shops public', 0.5348), ('overall preferred busy', 0.3259), ('hospital nearby', 0.2667), ('safe', 0.2519), ('spaces hospital', 0.2223)]","[('busy route', 0.2991), ('public spaces', 0.2023), ('hospital', 0.1886), ('shops', 0.1568), ('route', 0.0445)]"
52.2840609,-1.5351349,2.75,0.45,0.5,0.25,safe,"Walking near the park at night meant there was little lighting and no access to public spaces.; The route was poorly lit and there were lots of drunk people around; Walking near the park at night meant there was little lighting and no access to public spaces.; The route was poorly lit and there were lots of drunk people around; There was no lighting when walking through the park, I felt very unsafe on this journey. It was isolated; The route had lots of shops on it and was generally quite busy.","[('unsafe journey', 0.4447), ('lots drunk', 0.3375), ('night meant', 0.1806), ('walking park', 0.1673), ('shops generally', 0.1221)]","[('drunk', 0.3175), ('night', 0.1899), ('isolated', 0.1236), ('shops', 0.0597), ('park', 0.0346)]","[('park felt unsafe', 0.5675), ('lit lots drunk', 0.342), ('shops generally quite', 0.1561), ('people lighting walking', 0.1344), ('little', -0.0203)]","[('drunk people', 0.4041), ('little lighting', 0.2539), ('night', 0.1899), ('shops', 0.0597), ('park', 0.0346)]"
52.284,-1.53412,3.125,0.625,0.525,0.3,safe,"There was a long, isolated road with a lack of lighting on the route.; There was a long, isolated road with a lack of lighting on the route.; I felt very safe on the route as it was well-lit.; Exposed to the public, even at night.; Residential area and away from the drunk public.; Quiet route  with no public services available","[('isolated road', 0.6599), ('felt safe', 0.3541), ('drunk', 0.2987), ('route long', 0.2546), ('lighting', 0.1861)]","[('quiet', 0.499), ('night', 0.373), ('drunk', 0.2987), ('road', 0.2944), ('lighting', 0.1861)]","[('drunk public quiet', 0.7206), ('public night', 0.469), ('residential area away', 0.4479), ('lighting route long', 0.3205), ('available', 0.0614)]","[('isolated road', 0.6599), ('drunk public', 0.4124), ('night', 0.373), ('residential area', 0.3116), ('lighting', 0.1861)]"
52.28551,-1.5365,1.0,0.2,0.2,0.2,unsafe,"This route was terrible - had to go through dark, unlit roads.; This route was terrible - had to go through dark, unlit roads.; This route was terrible - had to go through dark, unlit roads.; This route was terrible - had to go through dark, unlit roads.; This route was terrible - had to go through dark, unlit roads.; This route was terrible - had to go through dark, unlit roads.","[('terrible dark', 0.7726), ('dark', 0.53), ('unlit roads', 0.4342), ('unlit', 0.3458), ('roads route', 0.2632)]","[('terrible', 0.6186), ('dark', 0.53), ('unlit', 0.3458), ('roads', 0.3104), ('route', 0.1826)]","[('terrible dark unlit', 0.8118), ('roads route terrible', 0.7452), ('dark', 0.53), ('unlit roads', 0.4342), ('roads route', 0.2632)]","[('unlit roads', 0.4342), ('route', 0.1826)]"
52.28715,-1.53747,4.0,0.6,0.8,0.4,safe,The walk through the park is nice and busy in the daytime. Felt very safe and was a scenic route.; The walk through the park is nice and busy in the daytime. Felt very safe and was a scenic route.,"[('park nice', 0.6938), ('safe', 0.4375), ('scenic', 0.416), ('busy daytime', 0.3986), ('route walk', 0.3301)]","[('park', 0.4643), ('safe', 0.4375), ('daytime', 0.3958), ('walk', 0.2866), ('busy', 0.218)]","[('walk park nice', 0.7759), ('daytime felt safe', 0.6322), ('park', 0.4643), ('busy daytime', 0.3986), ('route', 0.0843)]","[('scenic route', 0.5427), ('park', 0.4643), ('daytime', 0.3958), ('walk', 0.2866), ('felt', 0.1426)]"
52.2794,-1.54578,3.0,0.6,0.4,0.2,safe,"There was a long, isolated road with a lack of lighting on the route.; There was a long, isolated road with a lack of lighting on the route.","[('isolated road', 0.7717), ('long isolated', 0.6521), ('road', 0.5312), ('route long', 0.4862), ('lighting', 0.3005)]","[('isolated', 0.57), ('road', 0.5312), ('long', 0.454), ('route', 0.3725), ('lighting', 0.3005)]","[('long isolated road', 0.8514), ('lack lighting route', 0.7515), ('road', 0.5312), ('long', 0.454), ('lighting', 0.3005)]","[('isolated road', 0.7717), ('lack', 0.5557), ('route', 0.3725), ('lighting', 0.3005)]"
52.29031,-1.53654,2.0,0.4,0.4,0.2,unsafe,"There was little lighting when we walked through the park, felt very unsafe.; There was little lighting when we walked through the park, felt very unsafe.","[('felt unsafe', 0.5283), ('little lighting', 0.4605), ('walked park', 0.369), ('walked', 0.1759), ('lighting', 0.112)]","[('unsafe', 0.4919), ('park', 0.2799), ('little', 0.2206), ('walked', 0.1759), ('lighting', 0.112)]","[('park felt unsafe', 0.7655), ('little lighting', 0.4605), ('park', 0.2799), ('lighting walked', 0.166), ('felt', 0.0386)]","[('little lighting', 0.4605), ('park', 0.2799)]"
52.28683,-1.53357,2.0,0.4,0.4,0.3,unsafe,"The route included backstreets which were isolated and there was no lighting in the evening. I felt unsafe on the route.; There was little lighting when we walked through the park, felt very unsafe.; The route included backstreets which were isolated and there was no lighting in the evening. I felt unsafe on the route.; There was little lighting when we walked through the park, felt very unsafe.","[('unsafe route', 0.5591), ('little lighting', 0.3714), ('walked park', 0.2822), ('lighting evening', 0.2365), ('included backstreets', 0.0938)]","[('unsafe', 0.4423), ('park', 0.1965), ('evening', 0.1873), ('walked', 0.1097), ('lighting', 0.0761)]","[('park felt unsafe', 0.7346), ('isolated', 0.2729), ('park', 0.1965), ('route included backstreets', 0.1944), ('lighting walked', 0.1254)]","[('little lighting', 0.3714), ('park', 0.1965), ('backstreets', 0.1948), ('evening', 0.1873), ('lighting', 0.0761)]"
52.28372,-1.53421,2.5,0.5,0.4,0.2,unsafe,"There was a long, isolated road with a lack of lighting on the route.; There was a long, isolated road with a lack of lighting on the route.; Quiet route  with no public services available","[('road lack', 0.7677), ('road', 0.4159), ('route long', 0.3626), ('lighting route', 0.2673), ('services available', 0.1481)]","[('quiet', 0.5817), ('road', 0.4159), ('long', 0.3444), ('public', 0.2912), ('lighting', 0.2089)]","[('road lack lighting', 0.8534), ('long isolated', 0.6125), ('road', 0.4159), ('lighting route long', 0.3704), ('available', 0.115)]","[('isolated road', 0.7589), ('lack', 0.5561), ('route', 0.2682), ('public services', 0.2376), ('lighting', 0.2089)]"
52.28582,-1.55874,3.0,0.8,0.8,0.2,safe,"The route was busy with the public, but there was a lot of cars which made me feel unsafe at times.; The route was busy with the public, but there was a lot of cars which made me feel unsafe at times.","[('busy public', 0.5604), ('lot cars', 0.3592), ('unsafe', 0.3211), ('public', 0.1818), ('times route', 0.0321)]","[('busy', 0.3785), ('unsafe', 0.3211), ('cars', 0.3133), ('public', 0.1818), ('route', 0.003)]","[('cars feel unsafe', 0.7099), ('busy public', 0.5604), ('lot cars', 0.3592), ('unsafe', 0.3211), ('times route', 0.0321)]","[('cars', 0.3133), ('public', 0.1818), ('lot', 0.1286), ('times', 0.0115), ('route', 0.003)]"
52.29414,-1.53713,2.0,0.6,0.4,0.4,unsafe,"The route was fairly well-lit, but it was quite far from  the main high street so I felt less safe.; The route was fairly well-lit, but it was quite far from  the main high street so I felt less safe.","[('street felt', 0.3053), ('felt safe', 0.2017), ('main high', 0.1687), ('lit quite', 0.1426), ('route', 0.0461)]","[('street', 0.2276), ('safe', 0.1887), ('high', 0.1745), ('lit', 0.088), ('main', 0.044)]","[('street felt safe', 0.381), ('high street felt', 0.3128), ('far main high', 0.2326), ('street', 0.2276), ('lit quite', 0.1426)]","[('main high street', 0.2607), ('route', 0.0461)]"
52.27959,-1.54576,3.0,0.6,0.4,0.2,safe,"There was a long, isolated road with a lack of lighting on the route.; There was a long, isolated road with a lack of lighting on the route.","[('isolated road', 0.7717), ('long isolated', 0.6521), ('road', 0.5312), ('route long', 0.4862), ('lighting', 0.3005)]","[('isolated', 0.57), ('road', 0.5312), ('long', 0.454), ('route', 0.3725), ('lighting', 0.3005)]","[('long isolated road', 0.8514), ('lack lighting route', 0.7515), ('road', 0.5312), ('long', 0.454), ('lighting', 0.3005)]","[('isolated road', 0.7717), ('lack', 0.5557), ('route', 0.3725), ('lighting', 0.3005)]"
52.28443,-1.55604,3.0,0.8,0.8,0.2,safe,"The route was busy with the public, but there was a lot of cars which made me feel unsafe at times.; The route was busy with the public, but there was a lot of cars which made me feel unsafe at times.","[('busy public', 0.5604), ('lot cars', 0.3592), ('unsafe', 0.3211), ('public', 0.1818), ('times route', 0.0321)]","[('busy', 0.3785), ('unsafe', 0.3211), ('cars', 0.3133), ('public', 0.1818), ('route', 0.003)]","[('cars feel unsafe', 0.7099), ('busy public', 0.5604), ('lot cars', 0.3592), ('unsafe', 0.3211), ('times route', 0.0321)]","[('cars', 0.3133), ('public', 0.1818), ('lot', 0.1286), ('times', 0.0115), ('route', 0.003)]"
52.28238,-1.54998,3.0,0.8,0.8,0.2,safe,"The route was busy with the public, but there was a lot of cars which made me feel unsafe at times.; The route was busy with the public, but there was a lot of cars which made me feel unsafe at times.","[('busy public', 0.5604), ('lot cars', 0.3592), ('unsafe', 0.3211), ('public', 0.1818), ('times route', 0.0321)]","[('busy', 0.3785), ('unsafe', 0.3211), ('cars', 0.3133), ('public', 0.1818), ('route', 0.003)]","[('cars feel unsafe', 0.7099), ('busy public', 0.5604), ('lot cars', 0.3592), ('unsafe', 0.3211), ('times route', 0.0321)]","[('cars', 0.3133), ('public', 0.1818), ('lot', 0.1286), ('times', 0.0115), ('route', 0.003)]"
52.28592,-1.56422,4.0,0.6,0.8,0.4,safe,The walk through the park is nice and busy in the daytime. Felt very safe and was a scenic route.; The walk through the park is nice and busy in the daytime. Felt very safe and was a scenic route.,"[('park nice', 0.6938), ('safe', 0.4375), ('scenic', 0.416), ('busy daytime', 0.3986), ('route walk', 0.3301)]","[('park', 0.4643), ('safe', 0.4375), ('daytime', 0.3958), ('walk', 0.2866), ('busy', 0.218)]","[('walk park nice', 0.7759), ('daytime felt safe', 0.6322), ('park', 0.4643), ('busy daytime', 0.3986), ('route', 0.0843)]","[('scenic route', 0.5427), ('park', 0.4643), ('daytime', 0.3958), ('walk', 0.2866), ('felt', 0.1426)]"
52.28702,-1.53322,2.0,0.4,0.4,0.4,unsafe,The route included backstreets which were isolated and there was no lighting in the evening. I felt unsafe on the route.; The route included backstreets which were isolated and there was no lighting in the evening. I felt unsafe on the route.,"[('unsafe route', 0.643), ('isolated lighting', 0.5442), ('lighting evening', 0.3723), ('included backstreets', 0.232), ('route route', 0.1834)]","[('unsafe', 0.5318), ('isolated', 0.3877), ('evening', 0.3389), ('backstreets', 0.3221), ('lighting', 0.1948)]","[('evening felt unsafe', 0.7467), ('backstreets isolated lighting', 0.5414), ('lighting evening', 0.3723), ('route route included', 0.1717), ('felt', 0.1071)]","[('evening', 0.3389), ('backstreets', 0.3221), ('lighting', 0.1948), ('route', 0.1466)]"
52.28574,-1.56431,4.0,0.6,0.8,0.4,safe,The walk through the park is nice and busy in the daytime. Felt very safe and was a scenic route.; The walk through the park is nice and busy in the daytime. Felt very safe and was a scenic route.,"[('park nice', 0.6938), ('safe', 0.4375), ('scenic', 0.416), ('busy daytime', 0.3986), ('route walk', 0.3301)]","[('park', 0.4643), ('safe', 0.4375), ('daytime', 0.3958), ('walk', 0.2866), ('busy', 0.218)]","[('walk park nice', 0.7759), ('daytime felt safe', 0.6322), ('park', 0.4643), ('busy daytime', 0.3986), ('route', 0.0843)]","[('scenic route', 0.5427), ('park', 0.4643), ('daytime', 0.3958), ('walk', 0.2866), ('felt', 0.1426)]"
52.28652,-1.54854,4.0,0.6,0.8,0.4,safe,The walk through the park is nice and busy in the daytime. Felt very safe and was a scenic route.; The walk through the park is nice and busy in the daytime. Felt very safe and was a scenic route.,"[('park nice', 0.6938), ('safe', 0.4375), ('scenic', 0.416), ('busy daytime', 0.3986), ('route walk', 0.3301)]","[('park', 0.4643), ('safe', 0.4375), ('daytime', 0.3958), ('walk', 0.2866), ('busy', 0.218)]","[('walk park nice', 0.7759), ('daytime felt safe', 0.6322), ('park', 0.4643), ('busy daytime', 0.3986), ('route', 0.0843)]","[('scenic route', 0.5427), ('park', 0.4643), ('daytime', 0.3958), ('walk', 0.2866), ('felt', 0.1426)]"
52.28799,-1.53174,3.0,0.5,0.6,0.4,safe,The route included backstreets which were isolated and there was no lighting in the evening. I felt unsafe on the route.; The walk through the park is nice and busy in the daytime. Felt very safe and was a scenic route.; The route included backstreets which were isolated and there was no lighting in the evening. I felt unsafe on the route.; The walk through the park is nice and busy in the daytime. Felt very safe and was a scenic route.,"[('park nice', 0.369), ('isolated lighting', 0.3542), ('busy daytime', 0.2928), ('felt unsafe', 0.2904), ('route included', -0.0628)]","[('park', 0.2463), ('evening', 0.208), ('isolated', 0.1913), ('walk', 0.1402), ('busy', 0.1343)]","[('isolated lighting evening', 0.5111), ('park nice busy', 0.4747), ('busy daytime felt', 0.3196), ('felt unsafe', 0.2904), ('route route included', 0.0002)]","[('scenic route', 0.2903), ('park', 0.2463), ('daytime', 0.1674), ('walk', 0.1402), ('backstreets', 0.1188)]"
52.29009,-1.53802,2.0,0.6,0.4,0.4,unsafe,"The route was fairly well-lit, but it was quite far from  the main high street so I felt less safe.; The route was fairly well-lit, but it was quite far from  the main high street so I felt less safe.","[('street felt', 0.3053), ('felt safe', 0.2017), ('main high', 0.1687), ('lit quite', 0.1426), ('route', 0.0461)]","[('street', 0.2276), ('safe', 0.1887), ('high', 0.1745), ('lit', 0.088), ('main', 0.044)]","[('street felt safe', 0.381), ('high street felt', 0.3128), ('far main high', 0.2326), ('street', 0.2276), ('lit quite', 0.1426)]","[('main high street', 0.2607), ('route', 0.0461)]"
52.28791,-1.5347,3.0,0.6,0.4,0.2,safe,"There was a long, isolated road with a lack of lighting on the route.; There was a long, isolated road with a lack of lighting on the route.","[('isolated road', 0.7717), ('long isolated', 0.6521), ('road', 0.5312), ('route long', 0.4862), ('lighting', 0.3005)]","[('isolated', 0.57), ('road', 0.5312), ('long', 0.454), ('route', 0.3725), ('lighting', 0.3005)]","[('long isolated road', 0.8514), ('lack lighting route', 0.7515), ('road', 0.5312), ('long', 0.454), ('lighting', 0.3005)]","[('isolated road', 0.7717), ('lack', 0.5557), ('route', 0.3725), ('lighting', 0.3005)]"
52.2901428,-1.5845361,3.0,0.5,0.4,0.4,safe,"Walking near the park at night meant there was little lighting and no access to public spaces.; The route was residential, making me feel at ease.; Walking near the park at night meant there was little lighting and no access to public spaces.; The route was residential, making me feel at ease.","[('little lighting', 0.4639), ('park night', 0.4575), ('ease walking', 0.3874), ('residential making', 0.2303), ('access public', 0.1625)]","[('night', 0.3654), ('walking', 0.2513), ('park', 0.2304), ('little', 0.1863), ('lighting', 0.1539)]","[('night meant little', 0.5445), ('walking near park', 0.4349), ('ease walking', 0.3874), ('lighting access public', 0.3005), ('residential making', 0.2303)]","[('little lighting', 0.4639), ('night', 0.3654), ('park', 0.2304), ('ease', 0.2071), ('access', 0.0402)]"
52.28492,-1.53438,3.0,0.6,0.4,0.2,safe,"There was a long, isolated road with a lack of lighting on the route.; There was a long, isolated road with a lack of lighting on the route.","[('isolated road', 0.7717), ('long isolated', 0.6521), ('road', 0.5312), ('route long', 0.4862), ('lighting', 0.3005)]","[('isolated', 0.57), ('road', 0.5312), ('long', 0.454), ('route', 0.3725), ('lighting', 0.3005)]","[('long isolated road', 0.8514), ('lack lighting route', 0.7515), ('road', 0.5312), ('long', 0.454), ('lighting', 0.3005)]","[('isolated road', 0.7717), ('lack', 0.5557), ('route', 0.3725), ('lighting', 0.3005)]"
52.27638,-1.52292,3.0,0.6,0.6,0.2,safe,"Well-lit street, was quite busy with other members of public.; Well-lit street, was quite busy with other members of public.","[('lit street', 0.7497), ('busy members', 0.6292), ('members public', 0.5889), ('lit', 0.4973), ('quite', 0.3242)]","[('street', 0.5627), ('public', 0.5542), ('busy', 0.5319), ('lit', 0.4973), ('members', 0.3455)]","[('public lit street', 0.7701), ('street quite busy', 0.7673), ('quite busy members', 0.6288), ('members public', 0.5889), ('quite', 0.3242)]","[('street', 0.5627), ('public', 0.5542), ('other members', 0.4653)]"
52.2930159,-1.5370596,3.5,0.7,0.9,0.4,safe,"This route was very well-lit, with lots of access to shops if needed. Many people were walking around even though it's dark.; The route had lots of public spaces available so I felt at ease.; This route was very well-lit, with lots of access to shops if needed. Many people were walking around even though it's dark.; The route had lots of public spaces available so I felt at ease.","[('lots public', 0.4348), ('shops needed', 0.4215), ('felt ease', 0.3829), ('walking dark', 0.2846), ('route', 0.0576)]","[('shops', 0.387), ('ease', 0.3262), ('walking', 0.314), ('dark', 0.1434), ('needed', 0.1335)]","[('lots public spaces', 0.523), ('shops needed people', 0.4721), ('available felt ease', 0.4679), ('walking dark route', 0.2993), ('needed', 0.1335)]","[('shops', 0.387), ('public spaces', 0.3798), ('ease', 0.3262), ('many people', 0.3126), ('route', 0.0576)]"
52.28712,-1.53681,3.166666666666667,0.5,0.5333333333333333,0.3,safe,"The walk through the park is nice and busy in the daytime. Felt very safe and was a scenic route.; The walk through the park is nice and busy in the daytime. Felt very safe and was a scenic route.; The route felt fairly safe with some street lighting, however there was nobody around at this time of night.; The route did not feel safe at all. I had to walk through a park by myself and felt helpless if anything were to happen.; Walking through the park made me feel uneasy as there is no lighting on the paths.","[('walking park', 0.412), ('safe scenic', 0.2873), ('night route', 0.1933), ('felt helpless', 0.183), ('lighting time', 0.0411)]","[('park', 0.2371), ('helpless', 0.1505), ('walking', 0.1469), ('daytime', 0.1405), ('night', 0.1387)]","[('safe walk park', 0.5221), ('nice busy daytime', 0.2909), ('street lighting', 0.2378), ('feel uneasy lighting', 0.2167), ('route route', -0.041)]","[('scenic route', 0.2541), ('street lighting', 0.2378), ('night', 0.1387), ('nobody', 0.1237), ('walk', 0.1202)]"
52.28968,-1.55082,2.0,0.4,0.4,0.6,unsafe,The route was isolated as it was far away from shops and any public spaces. The hospital was nearby which made me feel more safe but overall would have preferred a more busy route.; The route was isolated as it was far away from shops and any public spaces. The hospital was nearby which made me feel more safe but overall would have preferred a more busy route.,"[('away shops', 0.4378), ('busy route', 0.2991), ('shops public', 0.2677), ('hospital nearby', 0.2667), ('overall preferred', 0.1806)]","[('isolated', 0.3072), ('busy', 0.1983), ('hospital', 0.1886), ('shops', 0.1568), ('nearby', 0.1452)]","[('away shops public', 0.5348), ('overall preferred busy', 0.3259), ('hospital nearby', 0.2667), ('safe', 0.2519), ('spaces hospital', 0.2223)]","[('busy route', 0.2991), ('public spaces', 0.2023), ('hospital', 0.1886), ('shops', 0.1568), ('route', 0.0445)]"
52.28855,-1.53626,2.0,0.4,0.4,0.2,unsafe,"There was little lighting when we walked through the park, felt very unsafe.; There was little lighting when we walked through the park, felt very unsafe.","[('felt unsafe', 0.5283), ('little lighting', 0.4605), ('walked park', 0.369), ('walked', 0.1759), ('lighting', 0.112)]","[('unsafe', 0.4919), ('park', 0.2799), ('little', 0.2206), ('walked', 0.1759), ('lighting', 0.112)]","[('park felt unsafe', 0.7655), ('little lighting', 0.4605), ('park', 0.2799), ('lighting walked', 0.166), ('felt', 0.0386)]","[('little lighting', 0.4605), ('park', 0.2799)]"
52.29095,-1.58167,2.5,0.6,0.6,0.4,unsafe,"The route was busy with the public, but there was a lot of cars which made me feel unsafe at times.; The route was isolated as it was far away from shops and any public spaces. The hospital was nearby which made me feel more safe but overall would have preferred a more busy route.; The route was busy with the public, but there was a lot of cars which made me feel unsafe at times.; The route was isolated as it was far away from shops and any public spaces. The hospital was nearby which made me feel more safe but overall would have preferred a more busy route.","[('busy route', 0.3729), ('hospital nearby', 0.2311), ('cars', 0.1932), ('isolated', 0.1011), ('shops', 0.0952)]","[('unsafe', 0.2223), ('cars', 0.1932), ('hospital', 0.1045), ('shops', 0.0952), ('nearby', 0.0527)]","[('cars feel unsafe', 0.586), ('away shops public', 0.4198), ('hospital nearby', 0.2311), ('lot cars', 0.2222), ('times route', -0.0546)]","[('busy route', 0.3729), ('cars', 0.1932), ('hospital', 0.1045), ('shops', 0.0952), ('times', -0.1172)]"
52.28434,-1.55584,3.0,0.8,0.8,0.2,safe,"The route was busy with the public, but there was a lot of cars which made me feel unsafe at times.; The route was busy with the public, but there was a lot of cars which made me feel unsafe at times.","[('busy public', 0.5604), ('lot cars', 0.3592), ('unsafe', 0.3211), ('public', 0.1818), ('times route', 0.0321)]","[('busy', 0.3785), ('unsafe', 0.3211), ('cars', 0.3133), ('public', 0.1818), ('route', 0.003)]","[('cars feel unsafe', 0.7099), ('busy public', 0.5604), ('lot cars', 0.3592), ('unsafe', 0.3211), ('times route', 0.0321)]","[('cars', 0.3133), ('public', 0.1818), ('lot', 0.1286), ('times', 0.0115), ('route', 0.003)]"
52.29081,-1.58082,2.5,0.6,0.6,0.4,unsafe,"The route was busy with the public, but there was a lot of cars which made me feel unsafe at times.; The route was isolated as it was far away from shops and any public spaces. The hospital was nearby which made me feel more safe but overall would have preferred a more busy route.; The route was busy with the public, but there was a lot of cars which made me feel unsafe at times.; The route was isolated as it was far away from shops and any public spaces. The hospital was nearby which made me feel more safe but overall would have preferred a more busy route.","[('busy route', 0.3729), ('hospital nearby', 0.2311), ('cars', 0.1932), ('isolated', 0.1011), ('shops', 0.0952)]","[('unsafe', 0.2223), ('cars', 0.1932), ('hospital', 0.1045), ('shops', 0.0952), ('nearby', 0.0527)]","[('cars feel unsafe', 0.586), ('away shops public', 0.4198), ('hospital nearby', 0.2311), ('lot cars', 0.2222), ('times route', -0.0546)]","[('busy route', 0.3729), ('cars', 0.1932), ('hospital', 0.1045), ('shops', 0.0952), ('times', -0.1172)]"
52.28248,-1.55001,3.0,0.8,0.8,0.2,safe,"The route was busy with the public, but there was a lot of cars which made me feel unsafe at times.; The route was busy with the public, but there was a lot of cars which made me feel unsafe at times.","[('busy public', 0.5604), ('lot cars', 0.3592), ('unsafe', 0.3211), ('public', 0.1818), ('times route', 0.0321)]","[('busy', 0.3785), ('unsafe', 0.3211), ('cars', 0.3133), ('public', 0.1818), ('route', 0.003)]","[('cars feel unsafe', 0.7099), ('busy public', 0.5604), ('lot cars', 0.3592), ('unsafe', 0.3211), ('times route', 0.0321)]","[('cars', 0.3133), ('public', 0.1818), ('lot', 0.1286), ('times', 0.0115), ('route', 0.003)]"
52.28806,-1.54344,4.0,0.6,0.8,0.4,safe,The walk through the park is nice and busy in the daytime. Felt very safe and was a scenic route.; The walk through the park is nice and busy in the daytime. Felt very safe and was a scenic route.,"[('park nice', 0.6938), ('safe', 0.4375), ('scenic', 0.416), ('busy daytime', 0.3986), ('route walk', 0.3301)]","[('park', 0.4643), ('safe', 0.4375), ('daytime', 0.3958), ('walk', 0.2866), ('busy', 0.218)]","[('walk park nice', 0.7759), ('daytime felt safe', 0.6322), ('park', 0.4643), ('busy daytime', 0.3986), ('route', 0.0843)]","[('scenic route', 0.5427), ('park', 0.4643), ('daytime', 0.3958), ('walk', 0.2866), ('felt', 0.1426)]"
52.28629,-1.54861,4.0,0.6,0.8,0.4,safe,The walk through the park is nice and busy in the daytime. Felt very safe and was a scenic route.; The walk through the park is nice and busy in the daytime. Felt very safe and was a scenic route.,"[('park nice', 0.6938), ('safe', 0.4375), ('scenic', 0.416), ('busy daytime', 0.3986), ('route walk', 0.3301)]","[('park', 0.4643), ('safe', 0.4375), ('daytime', 0.3958), ('walk', 0.2866), ('busy', 0.218)]","[('walk park nice', 0.7759), ('daytime felt safe', 0.6322), ('park', 0.4643), ('busy daytime', 0.3986), ('route', 0.0843)]","[('scenic route', 0.5427), ('park', 0.4643), ('daytime', 0.3958), ('walk', 0.2866), ('felt', 0.1426)]"
52.28275,-1.55349,3.0,0.8,0.8,0.2,safe,"The route was busy with the public, but there was a lot of cars which made me feel unsafe at times.; The route was busy with the public, but there was a lot of cars which made me feel unsafe at times.","[('busy public', 0.5604), ('lot cars', 0.3592), ('unsafe', 0.3211), ('public', 0.1818), ('times route', 0.0321)]","[('busy', 0.3785), ('unsafe', 0.3211), ('cars', 0.3133), ('public', 0.1818), ('route', 0.003)]","[('cars feel unsafe', 0.7099), ('busy public', 0.5604), ('lot cars', 0.3592), ('unsafe', 0.3211), ('times route', 0.0321)]","[('cars', 0.3133), ('public', 0.1818), ('lot', 0.1286), ('times', 0.0115), ('route', 0.003)]"
52.27627,-1.5342,4.0,0.8,0.8,0.4,safe,The route felt fairly safe with some access to public spaces.; The route felt fairly safe with some access to public spaces.,"[('safe access', 0.8528), ('felt fairly', 0.6885), ('public', 0.5552), ('route felt', 0.5215), ('spaces route', 0.463)]","[('safe', 0.7503), ('public', 0.5552), ('felt', 0.46), ('spaces', 0.4411), ('route', 0.3972)]","[('fairly safe access', 0.8703), ('public spaces route', 0.5572), ('access public', 0.5137), ('spaces route', 0.463), ('felt', 0.46)]","[('public spaces', 0.6254), ('access', 0.4339), ('route', 0.3972)]"
52.2863,-1.53189,2.0,0.4,0.4,0.2,unsafe,"Not well lit, round back streets, feels unsafe especially at night; Not well lit, round back streets, feels unsafe especially at night","[('feels unsafe', 0.676), ('night lit', 0.5415), ('round streets', 0.3419), ('lit round', 0.207), ('especially', 0.1362)]","[('unsafe', 0.6215), ('night', 0.5194), ('streets', 0.394), ('lit', 0.1665), ('especially', 0.1362)]","[('unsafe especially night', 0.8677), ('streets feels unsafe', 0.8365), ('night lit round', 0.5397), ('streets feels', 0.4255), ('lit', 0.1665)]","[('night', 0.5194), ('round back streets', 0.4449)]"
52.28668,-1.53731,1.0,0.2,0.2,0.2,unsafe,"This route was terrible - had to go through dark, unlit roads.; This route was terrible - had to go through dark, unlit roads.; This route was terrible - had to go through dark, unlit roads.; This route was terrible - had to go through dark, unlit roads.; This route was terrible - had to go through dark, unlit roads.; This route was terrible - had to go through dark, unlit roads.","[('terrible dark', 0.7726), ('dark', 0.53), ('unlit roads', 0.4342), ('unlit', 0.3458), ('roads route', 0.2632)]","[('terrible', 0.6186), ('dark', 0.53), ('unlit', 0.3458), ('roads', 0.3104), ('route', 0.1826)]","[('terrible dark unlit', 0.8118), ('roads route terrible', 0.7452), ('dark', 0.53), ('unlit roads', 0.4342), ('roads route', 0.2632)]","[('unlit roads', 0.4342), ('route', 0.1826)]"
52.288495,-1.5306291,3.0,0.65,0.55,0.25,safe,"The route was busy with the public as there were many shops nearby. I think the parade would have been a safer choice.; The route was busy with the public as there were many shops nearby. I think the parade would have been a safer choice.; There was no lighting when walking through the park, I felt very unsafe on this journey. It was isolated; The route had lots of shops on it and was generally quite busy.","[('parade safer', 0.3317), ('unsafe journey', 0.2691), ('walking park', 0.2585), ('lots shops', 0.2579), ('choice lighting', 0.0825)]","[('parade', 0.2106), ('busy', 0.1277), ('walking', 0.0529), ('isolated', -0.0024), ('nearby', -0.0306)]","[('busy public shops', 0.4663), ('lighting walking park', 0.3683), ('nearby think parade', 0.2024), ('safer choice lighting', 0.2001), ('journey isolated route', 0.1315)]","[('many shops', 0.2973), ('parade', 0.2106), ('safer choice', 0.1282), ('park', 0.0878), ('lighting', -0.0097)]"
52.28323,-1.53446,2.5,0.5,0.4,0.2,unsafe,"There was a long, isolated road with a lack of lighting on the route.; There was a long, isolated road with a lack of lighting on the route.; Quiet route  with no public services available","[('road lack', 0.7677), ('road', 0.4159), ('route long', 0.3626), ('lighting route', 0.2673), ('services available', 0.1481)]","[('quiet', 0.5817), ('road', 0.4159), ('long', 0.3444), ('public', 0.2912), ('lighting', 0.2089)]","[('road lack lighting', 0.8534), ('long isolated', 0.6125), ('road', 0.4159), ('lighting route long', 0.3704), ('available', 0.115)]","[('isolated road', 0.7589), ('lack', 0.5561), ('route', 0.2682), ('public services', 0.2376), ('lighting', 0.2089)]"
52.28579389999999,-1.5332444,4.0,0.8,0.8,0.4,safe,"The route was well lit, busy, with lots of public spaces.; The route was well lit, busy, with lots of public spaces.","[('lots public', 0.7591), ('public spaces', 0.6067), ('busy', 0.5619), ('spaces route', 0.387), ('route', 0.2669)]","[('busy', 0.5619), ('public', 0.5401), ('lit', 0.5076), ('spaces', 0.394), ('route', 0.2669)]","[('lit busy lots', 0.8342), ('public spaces', 0.6067), ('lit', 0.5076), ('spaces route', 0.387), ('route', 0.2669)]","[('public spaces', 0.6067), ('lots', 0.4701), ('route', 0.2669)]"
52.28214,-1.54747,3.0,0.8,0.8,0.2,safe,"The route was busy with the public, but there was a lot of cars which made me feel unsafe at times.; The route was busy with the public, but there was a lot of cars which made me feel unsafe at times.","[('busy public', 0.5604), ('lot cars', 0.3592), ('unsafe', 0.3211), ('public', 0.1818), ('times route', 0.0321)]","[('busy', 0.3785), ('unsafe', 0.3211), ('cars', 0.3133), ('public', 0.1818), ('route', 0.003)]","[('cars feel unsafe', 0.7099), ('busy public', 0.5604), ('lot cars', 0.3592), ('unsafe', 0.3211), ('times route', 0.0321)]","[('cars', 0.3133), ('public', 0.1818), ('lot', 0.1286), ('times', 0.0115), ('route', 0.003)]"
52.28655,-1.56064,4.0,0.6,0.8,0.4,safe,The walk through the park is nice and busy in the daytime. Felt very safe and was a scenic route.; The walk through the park is nice and busy in the daytime. Felt very safe and was a scenic route.,"[('park nice', 0.6938), ('safe', 0.4375), ('scenic', 0.416), ('busy daytime', 0.3986), ('route walk', 0.3301)]","[('park', 0.4643), ('safe', 0.4375), ('daytime', 0.3958), ('walk', 0.2866), ('busy', 0.218)]","[('walk park nice', 0.7759), ('daytime felt safe', 0.6322), ('park', 0.4643), ('busy daytime', 0.3986), ('route', 0.0843)]","[('scenic route', 0.5427), ('park', 0.4643), ('daytime', 0.3958), ('walk', 0.2866), ('felt', 0.1426)]"
52.28951,-1.55518,2.0,0.4,0.4,0.6,unsafe,The route was isolated as it was far away from shops and any public spaces. The hospital was nearby which made me feel more safe but overall would have preferred a more busy route.; The route was isolated as it was far away from shops and any public spaces. The hospital was nearby which made me feel more safe but overall would have preferred a more busy route.,"[('away shops', 0.4378), ('busy route', 0.2991), ('shops public', 0.2677), ('hospital nearby', 0.2667), ('overall preferred', 0.1806)]","[('isolated', 0.3072), ('busy', 0.1983), ('hospital', 0.1886), ('shops', 0.1568), ('nearby', 0.1452)]","[('away shops public', 0.5348), ('overall preferred busy', 0.3259), ('hospital nearby', 0.2667), ('safe', 0.2519), ('spaces hospital', 0.2223)]","[('busy route', 0.2991), ('public spaces', 0.2023), ('hospital', 0.1886), ('shops', 0.1568), ('route', 0.0445)]"
52.28714,-1.53329,2.0,0.4,0.4,0.4,unsafe,The route included backstreets which were isolated and there was no lighting in the evening. I felt unsafe on the route.; The route included backstreets which were isolated and there was no lighting in the evening. I felt unsafe on the route.,"[('unsafe route', 0.643), ('isolated lighting', 0.5442), ('lighting evening', 0.3723), ('included backstreets', 0.232), ('route route', 0.1834)]","[('unsafe', 0.5318), ('isolated', 0.3877), ('evening', 0.3389), ('backstreets', 0.3221), ('lighting', 0.1948)]","[('evening felt unsafe', 0.7467), ('backstreets isolated lighting', 0.5414), ('lighting evening', 0.3723), ('route route included', 0.1717), ('felt', 0.1071)]","[('evening', 0.3389), ('backstreets', 0.3221), ('lighting', 0.1948), ('route', 0.1466)]"
52.28517,-1.55178,4.0,0.6,0.8,0.4,safe,The walk through the park is nice and busy in the daytime. Felt very safe and was a scenic route.; The walk through the park is nice and busy in the daytime. Felt very safe and was a scenic route.,"[('park nice', 0.6938), ('safe', 0.4375), ('scenic', 0.416), ('busy daytime', 0.3986), ('route walk', 0.3301)]","[('park', 0.4643), ('safe', 0.4375), ('daytime', 0.3958), ('walk', 0.2866), ('busy', 0.218)]","[('walk park nice', 0.7759), ('daytime felt safe', 0.6322), ('park', 0.4643), ('busy daytime', 0.3986), ('route', 0.0843)]","[('scenic route', 0.5427), ('park', 0.4643), ('daytime', 0.3958), ('walk', 0.2866), ('felt', 0.1426)]"
52.28138,-1.53471,3.0,0.6,0.4,0.2,safe,"There was a long, isolated road with a lack of lighting on the route.; There was a long, isolated road with a lack of lighting on the route.","[('isolated road', 0.7717), ('long isolated', 0.6521), ('road', 0.5312), ('route long', 0.4862), ('lighting', 0.3005)]","[('isolated', 0.57), ('road', 0.5312), ('long', 0.454), ('route', 0.3725), ('lighting', 0.3005)]","[('long isolated road', 0.8514), ('lack lighting route', 0.7515), ('road', 0.5312), ('long', 0.454), ('lighting', 0.3005)]","[('isolated road', 0.7717), ('lack', 0.5557), ('route', 0.3725), ('lighting', 0.3005)]"
52.28755,-1.53444,3.0,0.6,0.4,0.2,safe,"There was a long, isolated road with a lack of lighting on the route.; There was a long, isolated road with a lack of lighting on the route.","[('isolated road', 0.7717), ('long isolated', 0.6521), ('road', 0.5312), ('route long', 0.4862), ('lighting', 0.3005)]","[('isolated', 0.57), ('road', 0.5312), ('long', 0.454), ('route', 0.3725), ('lighting', 0.3005)]","[('long isolated road', 0.8514), ('lack lighting route', 0.7515), ('road', 0.5312), ('long', 0.454), ('lighting', 0.3005)]","[('isolated road', 0.7717), ('lack', 0.5557), ('route', 0.3725), ('lighting', 0.3005)]"
52.27921,-1.54481,3.0,0.6,0.4,0.2,safe,"There was a long, isolated road with a lack of lighting on the route.; There was a long, isolated road with a lack of lighting on the route.","[('isolated road', 0.7717), ('long isolated', 0.6521), ('road', 0.5312), ('route long', 0.4862), ('lighting', 0.3005)]","[('isolated', 0.57), ('road', 0.5312), ('long', 0.454), ('route', 0.3725), ('lighting', 0.3005)]","[('long isolated road', 0.8514), ('lack lighting route', 0.7515), ('road', 0.5312), ('long', 0.454), ('lighting', 0.3005)]","[('isolated road', 0.7717), ('lack', 0.5557), ('route', 0.3725), ('lighting', 0.3005)]"
52.29094,-1.58286,2.5,0.6,0.6,0.4,unsafe,"The route was busy with the public, but there was a lot of cars which made me feel unsafe at times.; The route was isolated as it was far away from shops and any public spaces. The hospital was nearby which made me feel more safe but overall would have preferred a more busy route.; The route was busy with the public, but there was a lot of cars which made me feel unsafe at times.; The route was isolated as it was far away from shops and any public spaces. The hospital was nearby which made me feel more safe but overall would have preferred a more busy route.","[('busy route', 0.3729), ('hospital nearby', 0.2311), ('cars', 0.1932), ('isolated', 0.1011), ('shops', 0.0952)]","[('unsafe', 0.2223), ('cars', 0.1932), ('hospital', 0.1045), ('shops', 0.0952), ('nearby', 0.0527)]","[('cars feel unsafe', 0.586), ('away shops public', 0.4198), ('hospital nearby', 0.2311), ('lot cars', 0.2222), ('times route', -0.0546)]","[('busy route', 0.3729), ('cars', 0.1932), ('hospital', 0.1045), ('shops', 0.0952), ('times', -0.1172)]"
52.28741,-1.53865,1.0,0.2,0.2,0.2,unsafe,"This route was terrible - had to go through dark, unlit roads.; This route was terrible - had to go through dark, unlit roads.; This route was terrible - had to go through dark, unlit roads.; This route was terrible - had to go through dark, unlit roads.; This route was terrible - had to go through dark, unlit roads.; This route was terrible - had to go through dark, unlit roads.","[('terrible dark', 0.7726), ('dark', 0.53), ('unlit roads', 0.4342), ('unlit', 0.3458), ('roads route', 0.2632)]","[('terrible', 0.6186), ('dark', 0.53), ('unlit', 0.3458), ('roads', 0.3104), ('route', 0.1826)]","[('terrible dark unlit', 0.8118), ('roads route terrible', 0.7452), ('dark', 0.53), ('unlit roads', 0.4342), ('roads route', 0.2632)]","[('unlit roads', 0.4342), ('route', 0.1826)]"
52.28403,-1.53464,1.0,0.2,0.2,0.2,unsafe,"This route was terrible - had to go through dark, unlit roads.; This route was terrible - had to go through dark, unlit roads.; This route was terrible - had to go through dark, unlit roads.; This route was terrible - had to go through dark, unlit roads.; This route was terrible - had to go through dark, unlit roads.; This route was terrible - had to go through dark, unlit roads.","[('terrible dark', 0.7726), ('dark', 0.53), ('unlit roads', 0.4342), ('unlit', 0.3458), ('roads route', 0.2632)]","[('terrible', 0.6186), ('dark', 0.53), ('unlit', 0.3458), ('roads', 0.3104), ('route', 0.1826)]","[('terrible dark unlit', 0.8118), ('roads route terrible', 0.7452), ('dark', 0.53), ('unlit roads', 0.4342), ('roads route', 0.2632)]","[('unlit roads', 0.4342), ('route', 0.1826)]"
52.28634,-1.56102,4.0,0.6,0.8,0.4,safe,The walk through the park is nice and busy in the daytime. Felt very safe and was a scenic route.; The walk through the park is nice and busy in the daytime. Felt very safe and was a scenic route.,"[('park nice', 0.6938), ('safe', 0.4375), ('scenic', 0.416), ('busy daytime', 0.3986), ('route walk', 0.3301)]","[('park', 0.4643), ('safe', 0.4375), ('daytime', 0.3958), ('walk', 0.2866), ('busy', 0.218)]","[('walk park nice', 0.7759), ('daytime felt safe', 0.6322), ('park', 0.4643), ('busy daytime', 0.3986), ('route', 0.0843)]","[('scenic route', 0.5427), ('park', 0.4643), ('daytime', 0.3958), ('walk', 0.2866), ('felt', 0.1426)]"
52.29001,-1.57887,2.0,0.4,0.4,0.6,unsafe,The route was isolated as it was far away from shops and any public spaces. The hospital was nearby which made me feel more safe but overall would have preferred a more busy route.; The route was isolated as it was far away from shops and any public spaces. The hospital was nearby which made me feel more safe but overall would have preferred a more busy route.,"[('away shops', 0.4378), ('busy route', 0.2991), ('shops public', 0.2677), ('hospital nearby', 0.2667), ('overall preferred', 0.1806)]","[('isolated', 0.3072), ('busy', 0.1983), ('hospital', 0.1886), ('shops', 0.1568), ('nearby', 0.1452)]","[('away shops public', 0.5348), ('overall preferred busy', 0.3259), ('hospital nearby', 0.2667), ('safe', 0.2519), ('spaces hospital', 0.2223)]","[('busy route', 0.2991), ('public spaces', 0.2023), ('hospital', 0.1886), ('shops', 0.1568), ('route', 0.0445)]"
52.28793,-1.5348,3.0,0.6,0.4,0.2,safe,"There was a long, isolated road with a lack of lighting on the route.; There was a long, isolated road with a lack of lighting on the route.","[('isolated road', 0.7717), ('long isolated', 0.6521), ('road', 0.5312), ('route long', 0.4862), ('lighting', 0.3005)]","[('isolated', 0.57), ('road', 0.5312), ('long', 0.454), ('route', 0.3725), ('lighting', 0.3005)]","[('long isolated road', 0.8514), ('lack lighting route', 0.7515), ('road', 0.5312), ('long', 0.454), ('lighting', 0.3005)]","[('isolated road', 0.7717), ('lack', 0.5557), ('route', 0.3725), ('lighting', 0.3005)]"
52.28974,-1.54926,2.0,0.4,0.4,0.6,unsafe,The route was isolated as it was far away from shops and any public spaces. The hospital was nearby which made me feel more safe but overall would have preferred a more busy route.; The route was isolated as it was far away from shops and any public spaces. The hospital was nearby which made me feel more safe but overall would have preferred a more busy route.,"[('away shops', 0.4378), ('busy route', 0.2991), ('shops public', 0.2677), ('hospital nearby', 0.2667), ('overall preferred', 0.1806)]","[('isolated', 0.3072), ('busy', 0.1983), ('hospital', 0.1886), ('shops', 0.1568), ('nearby', 0.1452)]","[('away shops public', 0.5348), ('overall preferred busy', 0.3259), ('hospital nearby', 0.2667), ('safe', 0.2519), ('spaces hospital', 0.2223)]","[('busy route', 0.2991), ('public spaces', 0.2023), ('hospital', 0.1886), ('shops', 0.1568), ('route', 0.0445)]"
52.28796,-1.5668,2.0,0.4,0.4,0.6,unsafe,The route was isolated as it was far away from shops and any public spaces. The hospital was nearby which made me feel more safe but overall would have preferred a more busy route.; The route was isolated as it was far away from shops and any public spaces. The hospital was nearby which made me feel more safe but overall would have preferred a more busy route.,"[('away shops', 0.4378), ('busy route', 0.2991), ('shops public', 0.2677), ('hospital nearby', 0.2667), ('overall preferred', 0.1806)]","[('isolated', 0.3072), ('busy', 0.1983), ('hospital', 0.1886), ('shops', 0.1568), ('nearby', 0.1452)]","[('away shops public', 0.5348), ('overall preferred busy', 0.3259), ('hospital nearby', 0.2667), ('safe', 0.2519), ('spaces hospital', 0.2223)]","[('busy route', 0.2991), ('public spaces', 0.2023), ('hospital', 0.1886), ('shops', 0.1568), ('route', 0.0445)]"
52.28997,-1.57858,2.5,0.6,0.6,0.4,unsafe,"The route was busy with the public, but there was a lot of cars which made me feel unsafe at times.; The route was isolated as it was far away from shops and any public spaces. The hospital was nearby which made me feel more safe but overall would have preferred a more busy route.; The route was busy with the public, but there was a lot of cars which made me feel unsafe at times.; The route was isolated as it was far away from shops and any public spaces. The hospital was nearby which made me feel more safe but overall would have preferred a more busy route.","[('busy route', 0.3729), ('hospital nearby', 0.2311), ('cars', 0.1932), ('isolated', 0.1011), ('shops', 0.0952)]","[('unsafe', 0.2223), ('cars', 0.1932), ('hospital', 0.1045), ('shops', 0.0952), ('nearby', 0.0527)]","[('cars feel unsafe', 0.586), ('away shops public', 0.4198), ('hospital nearby', 0.2311), ('lot cars', 0.2222), ('times route', -0.0546)]","[('busy route', 0.3729), ('cars', 0.1932), ('hospital', 0.1045), ('shops', 0.0952), ('times', -0.1172)]"
52.28838,-1.53065,3.0,0.5,0.6,0.4,safe,The route included backstreets which were isolated and there was no lighting in the evening. I felt unsafe on the route.; The walk through the park is nice and busy in the daytime. Felt very safe and was a scenic route.; The route included backstreets which were isolated and there was no lighting in the evening. I felt unsafe on the route.; The walk through the park is nice and busy in the daytime. Felt very safe and was a scenic route.,"[('park nice', 0.369), ('isolated lighting', 0.3542), ('busy daytime', 0.2928), ('felt unsafe', 0.2904), ('route included', -0.0628)]","[('park', 0.2463), ('evening', 0.208), ('isolated', 0.1913), ('walk', 0.1402), ('busy', 0.1343)]","[('isolated lighting evening', 0.5111), ('park nice busy', 0.4747), ('busy daytime felt', 0.3196), ('felt unsafe', 0.2904), ('route route included', 0.0002)]","[('scenic route', 0.2903), ('park', 0.2463), ('daytime', 0.1674), ('walk', 0.1402), ('backstreets', 0.1188)]"
52.27593,-1.51663,3.0,0.6,0.6,0.2,safe,"Well-lit street, was quite busy with other members of public.; Well-lit street, was quite busy with other members of public.","[('lit street', 0.7497), ('busy members', 0.6292), ('members public', 0.5889), ('lit', 0.4973), ('quite', 0.3242)]","[('street', 0.5627), ('public', 0.5542), ('busy', 0.5319), ('lit', 0.4973), ('members', 0.3455)]","[('public lit street', 0.7701), ('street quite busy', 0.7673), ('quite busy members', 0.6288), ('members public', 0.5889), ('quite', 0.3242)]","[('street', 0.5627), ('public', 0.5542), ('other members', 0.4653)]"
52.28658,-1.56075,4.0,0.6,0.8,0.4,safe,The walk through the park is nice and busy in the daytime. Felt very safe and was a scenic route.; The walk through the park is nice and busy in the daytime. Felt very safe and was a scenic route.,"[('park nice', 0.6938), ('safe', 0.4375), ('scenic', 0.416), ('busy daytime', 0.3986), ('route walk', 0.3301)]","[('park', 0.4643), ('safe', 0.4375), ('daytime', 0.3958), ('walk', 0.2866), ('busy', 0.218)]","[('walk park nice', 0.7759), ('daytime felt safe', 0.6322), ('park', 0.4643), ('busy daytime', 0.3986), ('route', 0.0843)]","[('scenic route', 0.5427), ('park', 0.4643), ('daytime', 0.3958), ('walk', 0.2866), ('felt', 0.1426)]"
52.2878584,-1.5363235,3.0,0.6,0.8,0.4,safe,"Very well-lit route, the greenery was busy with the public during the afternoons.; Very well-lit route, the greenery was busy with the public during the afternoons.","[('afternoons lit', 0.6643), ('route greenery', 0.4942), ('busy public', 0.4689), ('public', 0.3067), ('route', 0.0992)]","[('afternoons', 0.5527), ('greenery', 0.491), ('busy', 0.3292), ('public', 0.3067), ('route', 0.0992)]","[('busy public afternoons', 0.7492), ('afternoons lit', 0.6643), ('lit route greenery', 0.5747), ('busy', 0.3292), ('route', 0.0992)]","[('afternoons', 0.5527), ('greenery', 0.491), ('public', 0.3067), ('route', 0.0992)]"
52.28766,-1.56534,2.5,0.6,0.6,0.4,unsafe,"The route was busy with the public, but there was a lot of cars which made me feel unsafe at times.; The route was isolated as it was far away from shops and any public spaces. The hospital was nearby which made me feel more safe but overall would have preferred a more busy route.; The route was busy with the public, but there was a lot of cars which made me feel unsafe at times.; The route was isolated as it was far away from shops and any public spaces. The hospital was nearby which made me feel more safe but overall would have preferred a more busy route.","[('busy route', 0.3729), ('hospital nearby', 0.2311), ('cars', 0.1932), ('isolated', 0.1011), ('shops', 0.0952)]","[('unsafe', 0.2223), ('cars', 0.1932), ('hospital', 0.1045), ('shops', 0.0952), ('nearby', 0.0527)]","[('cars feel unsafe', 0.586), ('away shops public', 0.4198), ('hospital nearby', 0.2311), ('lot cars', 0.2222), ('times route', -0.0546)]","[('busy route', 0.3729), ('cars', 0.1932), ('hospital', 0.1045), ('shops', 0.0952), ('times', -0.1172)]"
52.27444,-1.52549,4.0,0.8,0.8,0.4,safe,The route felt fairly safe with some access to public spaces.; The route felt fairly safe with some access to public spaces.,"[('safe access', 0.8528), ('felt fairly', 0.6885), ('public', 0.5552), ('route felt', 0.5215), ('spaces route', 0.463)]","[('safe', 0.7503), ('public', 0.5552), ('felt', 0.46), ('spaces', 0.4411), ('route', 0.3972)]","[('fairly safe access', 0.8703), ('public spaces route', 0.5572), ('access public', 0.5137), ('spaces route', 0.463), ('felt', 0.46)]","[('public spaces', 0.6254), ('access', 0.4339), ('route', 0.3972)]"
52.28754,-1.54134,1.0,0.2,0.2,0.2,unsafe,"This route was terrible - had to go through dark, unlit roads.; This route was terrible - had to go through dark, unlit roads.; This route was terrible - had to go through dark, unlit roads.; This route was terrible - had to go through dark, unlit roads.; This route was terrible - had to go through dark, unlit roads.; This route was terrible - had to go through dark, unlit roads.","[('terrible dark', 0.7726), ('dark', 0.53), ('unlit roads', 0.4342), ('unlit', 0.3458), ('roads route', 0.2632)]","[('terrible', 0.6186), ('dark', 0.53), ('unlit', 0.3458), ('roads', 0.3104), ('route', 0.1826)]","[('terrible dark unlit', 0.8118), ('roads route terrible', 0.7452), ('dark', 0.53), ('unlit roads', 0.4342), ('roads route', 0.2632)]","[('unlit roads', 0.4342), ('route', 0.1826)]"
52.28726,-1.56445,3.0,0.8,0.8,0.2,safe,"The route was busy with the public, but there was a lot of cars which made me feel unsafe at times.; The route was busy with the public, but there was a lot of cars which made me feel unsafe at times.","[('busy public', 0.5604), ('lot cars', 0.3592), ('unsafe', 0.3211), ('public', 0.1818), ('times route', 0.0321)]","[('busy', 0.3785), ('unsafe', 0.3211), ('cars', 0.3133), ('public', 0.1818), ('route', 0.003)]","[('cars feel unsafe', 0.7099), ('busy public', 0.5604), ('lot cars', 0.3592), ('unsafe', 0.3211), ('times route', 0.0321)]","[('cars', 0.3133), ('public', 0.1818), ('lot', 0.1286), ('times', 0.0115), ('route', 0.003)]"
52.28243,-1.53486,2.5,0.5,0.4,0.2,unsafe,"There was a long, isolated road with a lack of lighting on the route.; There was a long, isolated road with a lack of lighting on the route.; Quiet route  with no public services available","[('road lack', 0.7677), ('road', 0.4159), ('route long', 0.3626), ('lighting route', 0.2673), ('services available', 0.1481)]","[('quiet', 0.5817), ('road', 0.4159), ('long', 0.3444), ('public', 0.2912), ('lighting', 0.2089)]","[('road lack lighting', 0.8534), ('long isolated', 0.6125), ('road', 0.4159), ('lighting route long', 0.3704), ('available', 0.115)]","[('isolated road', 0.7589), ('lack', 0.5561), ('route', 0.2682), ('public services', 0.2376), ('lighting', 0.2089)]"
52.27646,-1.52497,3.0,0.6,0.6,0.2,safe,"Well-lit street, was quite busy with other members of public.; Well-lit street, was quite busy with other members of public.","[('lit street', 0.7497), ('busy members', 0.6292), ('members public', 0.5889), ('lit', 0.4973), ('quite', 0.3242)]","[('street', 0.5627), ('public', 0.5542), ('busy', 0.5319), ('lit', 0.4973), ('members', 0.3455)]","[('public lit street', 0.7701), ('street quite busy', 0.7673), ('quite busy members', 0.6288), ('members public', 0.5889), ('quite', 0.3242)]","[('street', 0.5627), ('public', 0.5542), ('other members', 0.4653)]"
52.28295,-1.55368,3.0,0.8,0.8,0.2,safe,"The route was busy with the public, but there was a lot of cars which made me feel unsafe at times.; The route was busy with the public, but there was a lot of cars which made me feel unsafe at times.","[('busy public', 0.5604), ('lot cars', 0.3592), ('unsafe', 0.3211), ('public', 0.1818), ('times route', 0.0321)]","[('busy', 0.3785), ('unsafe', 0.3211), ('cars', 0.3133), ('public', 0.1818), ('route', 0.003)]","[('cars feel unsafe', 0.7099), ('busy public', 0.5604), ('lot cars', 0.3592), ('unsafe', 0.3211), ('times route', 0.0321)]","[('cars', 0.3133), ('public', 0.1818), ('lot', 0.1286), ('times', 0.0115), ('route', 0.003)]"
52.28727,-1.53421,4.0,0.6,0.8,0.4,safe,The walk through the park is nice and busy in the daytime. Felt very safe and was a scenic route.; The walk through the park is nice and busy in the daytime. Felt very safe and was a scenic route.,"[('park nice', 0.6938), ('safe', 0.4375), ('scenic', 0.416), ('busy daytime', 0.3986), ('route walk', 0.3301)]","[('park', 0.4643), ('safe', 0.4375), ('daytime', 0.3958), ('walk', 0.2866), ('busy', 0.218)]","[('walk park nice', 0.7759), ('daytime felt safe', 0.6322), ('park', 0.4643), ('busy daytime', 0.3986), ('route', 0.0843)]","[('scenic route', 0.5427), ('park', 0.4643), ('daytime', 0.3958), ('walk', 0.2866), ('felt', 0.1426)]"
52.29093,-1.58276,3.0,0.8,0.8,0.2,safe,"The route was busy with the public, but there was a lot of cars which made me feel unsafe at times.; The route was busy with the public, but there was a lot of cars which made me feel unsafe at times.","[('busy public', 0.5604), ('lot cars', 0.3592), ('unsafe', 0.3211), ('public', 0.1818), ('times route', 0.0321)]","[('busy', 0.3785), ('unsafe', 0.3211), ('cars', 0.3133), ('public', 0.1818), ('route', 0.003)]","[('cars feel unsafe', 0.7099), ('busy public', 0.5604), ('lot cars', 0.3592), ('unsafe', 0.3211), ('times route', 0.0321)]","[('cars', 0.3133), ('public', 0.1818), ('lot', 0.1286), ('times', 0.0115), ('route', 0.003)]"
52.28959,-1.55341,2.0,0.4,0.4,0.6,unsafe,The route was isolated as it was far away from shops and any public spaces. The hospital was nearby which made me feel more safe but overall would have preferred a more busy route.; The route was isolated as it was far away from shops and any public spaces. The hospital was nearby which made me feel more safe but overall would have preferred a more busy route.,"[('away shops', 0.4378), ('busy route', 0.2991), ('shops public', 0.2677), ('hospital nearby', 0.2667), ('overall preferred', 0.1806)]","[('isolated', 0.3072), ('busy', 0.1983), ('hospital', 0.1886), ('shops', 0.1568), ('nearby', 0.1452)]","[('away shops public', 0.5348), ('overall preferred busy', 0.3259), ('hospital nearby', 0.2667), ('safe', 0.2519), ('spaces hospital', 0.2223)]","[('busy route', 0.2991), ('public spaces', 0.2023), ('hospital', 0.1886), ('shops', 0.1568), ('route', 0.0445)]"
52.29353,-1.53805,2.0,0.6,0.4,0.4,unsafe,"The route was fairly well-lit, but it was quite far from  the main high street so I felt less safe.; The route was fairly well-lit, but it was quite far from  the main high street so I felt less safe.","[('street felt', 0.3053), ('felt safe', 0.2017), ('main high', 0.1687), ('lit quite', 0.1426), ('route', 0.0461)]","[('street', 0.2276), ('safe', 0.1887), ('high', 0.1745), ('lit', 0.088), ('main', 0.044)]","[('street felt safe', 0.381), ('high street felt', 0.3128), ('far main high', 0.2326), ('street', 0.2276), ('lit quite', 0.1426)]","[('main high street', 0.2607), ('route', 0.0461)]"
52.28657,-1.52949,2.0,0.4,0.4,0.2,unsafe,"Not well lit, round back streets, feels unsafe especially at night; Not well lit, round back streets, feels unsafe especially at night","[('feels unsafe', 0.676), ('night lit', 0.5415), ('round streets', 0.3419), ('lit round', 0.207), ('especially', 0.1362)]","[('unsafe', 0.6215), ('night', 0.5194), ('streets', 0.394), ('lit', 0.1665), ('especially', 0.1362)]","[('unsafe especially night', 0.8677), ('streets feels unsafe', 0.8365), ('night lit round', 0.5397), ('streets feels', 0.4255), ('lit', 0.1665)]","[('night', 0.5194), ('round back streets', 0.4449)]"
52.27424,-1.525,4.0,0.8,0.8,0.4,safe,The route felt fairly safe with some access to public spaces.; The route felt fairly safe with some access to public spaces.,"[('safe access', 0.8528), ('felt fairly', 0.6885), ('public', 0.5552), ('route felt', 0.5215), ('spaces route', 0.463)]","[('safe', 0.7503), ('public', 0.5552), ('felt', 0.46), ('spaces', 0.4411), ('route', 0.3972)]","[('fairly safe access', 0.8703), ('public spaces route', 0.5572), ('access public', 0.5137), ('spaces route', 0.463), ('felt', 0.46)]","[('public spaces', 0.6254), ('access', 0.4339), ('route', 0.3972)]"
52.28796939999999,-1.5362706,3.0,0.6,0.8,0.4,safe,"Very well-lit route, the greenery was busy with the public during the afternoons.; Very well-lit route, the greenery was busy with the public during the afternoons.","[('afternoons lit', 0.6643), ('route greenery', 0.4942), ('busy public', 0.4689), ('public', 0.3067), ('route', 0.0992)]","[('afternoons', 0.5527), ('greenery', 0.491), ('busy', 0.3292), ('public', 0.3067), ('route', 0.0992)]","[('busy public afternoons', 0.7492), ('afternoons lit', 0.6643), ('lit route greenery', 0.5747), ('busy', 0.3292), ('route', 0.0992)]","[('afternoons', 0.5527), ('greenery', 0.491), ('public', 0.3067), ('route', 0.0992)]"
52.2896,-1.55306,2.0,0.4,0.4,0.6,unsafe,The route was isolated as it was far away from shops and any public spaces. The hospital was nearby which made me feel more safe but overall would have preferred a more busy route.; The route was isolated as it was far away from shops and any public spaces. The hospital was nearby which made me feel more safe but overall would have preferred a more busy route.,"[('away shops', 0.4378), ('busy route', 0.2991), ('shops public', 0.2677), ('hospital nearby', 0.2667), ('overall preferred', 0.1806)]","[('isolated', 0.3072), ('busy', 0.1983), ('hospital', 0.1886), ('shops', 0.1568), ('nearby', 0.1452)]","[('away shops public', 0.5348), ('overall preferred busy', 0.3259), ('hospital nearby', 0.2667), ('safe', 0.2519), ('spaces hospital', 0.2223)]","[('busy route', 0.2991), ('public spaces', 0.2023), ('hospital', 0.1886), ('shops', 0.1568), ('route', 0.0445)]"
52.29019,-1.58442,2.5,0.6,0.6,0.4,unsafe,"The route was busy with the public, but there was a lot of cars which made me feel unsafe at times.; The route was isolated as it was far away from shops and any public spaces. The hospital was nearby which made me feel more safe but overall would have preferred a more busy route.; The route was busy with the public, but there was a lot of cars which made me feel unsafe at times.; The route was isolated as it was far away from shops and any public spaces. The hospital was nearby which made me feel more safe but overall would have preferred a more busy route.","[('busy route', 0.3729), ('hospital nearby', 0.2311), ('cars', 0.1932), ('isolated', 0.1011), ('shops', 0.0952)]","[('unsafe', 0.2223), ('cars', 0.1932), ('hospital', 0.1045), ('shops', 0.0952), ('nearby', 0.0527)]","[('cars feel unsafe', 0.586), ('away shops public', 0.4198), ('hospital nearby', 0.2311), ('lot cars', 0.2222), ('times route', -0.0546)]","[('busy route', 0.3729), ('cars', 0.1932), ('hospital', 0.1045), ('shops', 0.0952), ('times', -0.1172)]"
52.2885,-1.53063,3.0,0.5,0.6,0.4,safe,The route included backstreets which were isolated and there was no lighting in the evening. I felt unsafe on the route.; The walk through the park is nice and busy in the daytime. Felt very safe and was a scenic route.; The route included backstreets which were isolated and there was no lighting in the evening. I felt unsafe on the route.; The walk through the park is nice and busy in the daytime. Felt very safe and was a scenic route.,"[('park nice', 0.369), ('isolated lighting', 0.3542), ('busy daytime', 0.2928), ('felt unsafe', 0.2904), ('route included', -0.0628)]","[('park', 0.2463), ('evening', 0.208), ('isolated', 0.1913), ('walk', 0.1402), ('busy', 0.1343)]","[('isolated lighting evening', 0.5111), ('park nice busy', 0.4747), ('busy daytime felt', 0.3196), ('felt unsafe', 0.2904), ('route route included', 0.0002)]","[('scenic route', 0.2903), ('park', 0.2463), ('daytime', 0.1674), ('walk', 0.1402), ('backstreets', 0.1188)]"
52.28439,-1.55596,3.0,0.8,0.8,0.2,safe,"The route was busy with the public, but there was a lot of cars which made me feel unsafe at times.; The route was busy with the public, but there was a lot of cars which made me feel unsafe at times.","[('busy public', 0.5604), ('lot cars', 0.3592), ('unsafe', 0.3211), ('public', 0.1818), ('times route', 0.0321)]","[('busy', 0.3785), ('unsafe', 0.3211), ('cars', 0.3133), ('public', 0.1818), ('route', 0.003)]","[('cars feel unsafe', 0.7099), ('busy public', 0.5604), ('lot cars', 0.3592), ('unsafe', 0.3211), ('times route', 0.0321)]","[('cars', 0.3133), ('public', 0.1818), ('lot', 0.1286), ('times', 0.0115), ('route', 0.003)]"
52.28711,-1.54778,4.0,0.6,0.8,0.4,safe,The walk through the park is nice and busy in the daytime. Felt very safe and was a scenic route.; The walk through the park is nice and busy in the daytime. Felt very safe and was a scenic route.,"[('park nice', 0.6938), ('safe', 0.4375), ('scenic', 0.416), ('busy daytime', 0.3986), ('route walk', 0.3301)]","[('park', 0.4643), ('safe', 0.4375), ('daytime', 0.3958), ('walk', 0.2866), ('busy', 0.218)]","[('walk park nice', 0.7759), ('daytime felt safe', 0.6322), ('park', 0.4643), ('busy daytime', 0.3986), ('route', 0.0843)]","[('scenic route', 0.5427), ('park', 0.4643), ('daytime', 0.3958), ('walk', 0.2866), ('felt', 0.1426)]"
52.2847851,-1.5325758,4.0,0.8,0.8,0.4,safe,"The route was short on a public street, with people around. I felt safe overall - especially as it's the daytime.; The route was short on a public street, with people around. I felt safe overall - especially as it's the daytime.","[('short public', 0.6026), ('felt safe', 0.5127), ('street people', 0.4802), ('especially daytime', 0.4624), ('route', 0.1799)]","[('safe', 0.4618), ('daytime', 0.4595), ('short', 0.4422), ('street', 0.414), ('especially', 0.1157)]","[('short public street', 0.7323), ('people felt safe', 0.5779), ('street people felt', 0.5607), ('especially daytime route', 0.4853), ('route', 0.1799)]","[('public street', 0.5483), ('daytime', 0.4595), ('people', 0.221), ('route', 0.1799)]"
52.28815,-1.56762,2.0,0.4,0.4,0.6,unsafe,The route was isolated as it was far away from shops and any public spaces. The hospital was nearby which made me feel more safe but overall would have preferred a more busy route.; The route was isolated as it was far away from shops and any public spaces. The hospital was nearby which made me feel more safe but overall would have preferred a more busy route.,"[('away shops', 0.4378), ('busy route', 0.2991), ('shops public', 0.2677), ('hospital nearby', 0.2667), ('overall preferred', 0.1806)]","[('isolated', 0.3072), ('busy', 0.1983), ('hospital', 0.1886), ('shops', 0.1568), ('nearby', 0.1452)]","[('away shops public', 0.5348), ('overall preferred busy', 0.3259), ('hospital nearby', 0.2667), ('safe', 0.2519), ('spaces hospital', 0.2223)]","[('busy route', 0.2991), ('public spaces', 0.2023), ('hospital', 0.1886), ('shops', 0.1568), ('route', 0.0445)]"
52.28413,-1.53464,1.0,0.2,0.2,0.2,unsafe,"This route was terrible - had to go through dark, unlit roads.; This route was terrible - had to go through dark, unlit roads.; This route was terrible - had to go through dark, unlit roads.; This route was terrible - had to go through dark, unlit roads.; This route was terrible - had to go through dark, unlit roads.; This route was terrible - had to go through dark, unlit roads.","[('terrible dark', 0.7726), ('dark', 0.53), ('unlit roads', 0.4342), ('unlit', 0.3458), ('roads route', 0.2632)]","[('terrible', 0.6186), ('dark', 0.53), ('unlit', 0.3458), ('roads', 0.3104), ('route', 0.1826)]","[('terrible dark unlit', 0.8118), ('roads route terrible', 0.7452), ('dark', 0.53), ('unlit roads', 0.4342), ('roads route', 0.2632)]","[('unlit roads', 0.4342), ('route', 0.1826)]"
52.28816,-1.53619,2.25,0.4,0.35,0.2,unsafe,"There was little lighting when we walked through the park, felt very unsafe.; There was little lighting when we walked through the park, felt very unsafe.; The route felt fairly safe with some street lighting, however there was nobody around at this time of night.; The route did not feel safe at all. I had to walk through a park by myself and felt helpless if anything were to happen.","[('unsafe route', 0.4389), ('walked park', 0.3089), ('night route', 0.2471), ('fairly safe', 0.1066), ('lighting time', 0.006)]","[('helpless', 0.3447), ('night', 0.1834), ('park', 0.1785), ('walk', 0.1), ('lighting', 0.0095)]","[('park felt unsafe', 0.6309), ('lighting walked park', 0.3797), ('little lighting', 0.3789), ('fairly safe street', 0.2823), ('lighting time', 0.006)]","[('little lighting', 0.3789), ('street lighting', 0.2337), ('night', 0.1834), ('park', 0.1785), ('anything', -0.0582)]"
52.28731,-1.56472,3.0,0.8,0.8,0.2,safe,"The route was busy with the public, but there was a lot of cars which made me feel unsafe at times.; The route was busy with the public, but there was a lot of cars which made me feel unsafe at times.","[('busy public', 0.5604), ('lot cars', 0.3592), ('unsafe', 0.3211), ('public', 0.1818), ('times route', 0.0321)]","[('busy', 0.3785), ('unsafe', 0.3211), ('cars', 0.3133), ('public', 0.1818), ('route', 0.003)]","[('cars feel unsafe', 0.7099), ('busy public', 0.5604), ('lot cars', 0.3592), ('unsafe', 0.3211), ('times route', 0.0321)]","[('cars', 0.3133), ('public', 0.1818), ('lot', 0.1286), ('times', 0.0115), ('route', 0.003)]"
52.2742,-1.52487,4.0,0.8,0.8,0.4,safe,The route felt fairly safe with some access to public spaces.; The route felt fairly safe with some access to public spaces.,"[('safe access', 0.8528), ('felt fairly', 0.6885), ('public', 0.5552), ('route felt', 0.5215), ('spaces route', 0.463)]","[('safe', 0.7503), ('public', 0.5552), ('felt', 0.46), ('spaces', 0.4411), ('route', 0.3972)]","[('fairly safe access', 0.8703), ('public spaces route', 0.5572), ('access public', 0.5137), ('spaces route', 0.463), ('felt', 0.46)]","[('public spaces', 0.6254), ('access', 0.4339), ('route', 0.3972)]"
52.28506,-1.53357,2.0,0.4,0.4,0.4,unsafe,The route included backstreets which were isolated and there was no lighting in the evening. I felt unsafe on the route.; The route included backstreets which were isolated and there was no lighting in the evening. I felt unsafe on the route.,"[('unsafe route', 0.643), ('isolated lighting', 0.5442), ('lighting evening', 0.3723), ('included backstreets', 0.232), ('route route', 0.1834)]","[('unsafe', 0.5318), ('isolated', 0.3877), ('evening', 0.3389), ('backstreets', 0.3221), ('lighting', 0.1948)]","[('evening felt unsafe', 0.7467), ('backstreets isolated lighting', 0.5414), ('lighting evening', 0.3723), ('route route included', 0.1717), ('felt', 0.1071)]","[('evening', 0.3389), ('backstreets', 0.3221), ('lighting', 0.1948), ('route', 0.1466)]"
52.27472,-1.52606,4.0,0.8,0.8,0.4,safe,The route felt fairly safe with some access to public spaces.; The route felt fairly safe with some access to public spaces.,"[('safe access', 0.8528), ('felt fairly', 0.6885), ('public', 0.5552), ('route felt', 0.5215), ('spaces route', 0.463)]","[('safe', 0.7503), ('public', 0.5552), ('felt', 0.46), ('spaces', 0.4411), ('route', 0.3972)]","[('fairly safe access', 0.8703), ('public spaces route', 0.5572), ('access public', 0.5137), ('spaces route', 0.463), ('felt', 0.46)]","[('public spaces', 0.6254), ('access', 0.4339), ('route', 0.3972)]"
52.29071,-1.58299,2.5,0.6,0.6,0.4,unsafe,"The route was busy with the public, but there was a lot of cars which made me feel unsafe at times.; The route was isolated as it was far away from shops and any public spaces. The hospital was nearby which made me feel more safe but overall would have preferred a more busy route.; The route was busy with the public, but there was a lot of cars which made me feel unsafe at times.; The route was isolated as it was far away from shops and any public spaces. The hospital was nearby which made me feel more safe but overall would have preferred a more busy route.","[('busy route', 0.3729), ('hospital nearby', 0.2311), ('cars', 0.1932), ('isolated', 0.1011), ('shops', 0.0952)]","[('unsafe', 0.2223), ('cars', 0.1932), ('hospital', 0.1045), ('shops', 0.0952), ('nearby', 0.0527)]","[('cars feel unsafe', 0.586), ('away shops public', 0.4198), ('hospital nearby', 0.2311), ('lot cars', 0.2222), ('times route', -0.0546)]","[('busy route', 0.3729), ('cars', 0.1932), ('hospital', 0.1045), ('shops', 0.0952), ('times', -0.1172)]"
52.27957,-1.5459,3.0,0.6,0.4,0.2,safe,"There was a long, isolated road with a lack of lighting on the route.; There was a long, isolated road with a lack of lighting on the route.","[('isolated road', 0.7717), ('long isolated', 0.6521), ('road', 0.5312), ('route long', 0.4862), ('lighting', 0.3005)]","[('isolated', 0.57), ('road', 0.5312), ('long', 0.454), ('route', 0.3725), ('lighting', 0.3005)]","[('long isolated road', 0.8514), ('lack lighting route', 0.7515), ('road', 0.5312), ('long', 0.454), ('lighting', 0.3005)]","[('isolated road', 0.7717), ('lack', 0.5557), ('route', 0.3725), ('lighting', 0.3005)]"
52.29139,-1.5783,2.5,0.6,0.6,0.4,unsafe,"The route was busy with the public, but there was a lot of cars which made me feel unsafe at times.; The route was isolated as it was far away from shops and any public spaces. The hospital was nearby which made me feel more safe but overall would have preferred a more busy route.; The route was busy with the public, but there was a lot of cars which made me feel unsafe at times.; The route was isolated as it was far away from shops and any public spaces. The hospital was nearby which made me feel more safe but overall would have preferred a more busy route.","[('busy route', 0.3729), ('hospital nearby', 0.2311), ('cars', 0.1932), ('isolated', 0.1011), ('shops', 0.0952)]","[('unsafe', 0.2223), ('cars', 0.1932), ('hospital', 0.1045), ('shops', 0.0952), ('nearby', 0.0527)]","[('cars feel unsafe', 0.586), ('away shops public', 0.4198), ('hospital nearby', 0.2311), ('lot cars', 0.2222), ('times route', -0.0546)]","[('busy route', 0.3729), ('cars', 0.1932), ('hospital', 0.1045), ('shops', 0.0952), ('times', -0.1172)]"
52.28969,-1.55079,2.0,0.4,0.4,0.6,unsafe,The route was isolated as it was far away from shops and any public spaces. The hospital was nearby which made me feel more safe but overall would have preferred a more busy route.; The route was isolated as it was far away from shops and any public spaces. The hospital was nearby which made me feel more safe but overall would have preferred a more busy route.,"[('away shops', 0.4378), ('busy route', 0.2991), ('shops public', 0.2677), ('hospital nearby', 0.2667), ('overall preferred', 0.1806)]","[('isolated', 0.3072), ('busy', 0.1983), ('hospital', 0.1886), ('shops', 0.1568), ('nearby', 0.1452)]","[('away shops public', 0.5348), ('overall preferred busy', 0.3259), ('hospital nearby', 0.2667), ('safe', 0.2519), ('spaces hospital', 0.2223)]","[('busy route', 0.2991), ('public spaces', 0.2023), ('hospital', 0.1886), ('shops', 0.1568), ('route', 0.0445)]"
52.28459,-1.55636,3.0,0.8,0.8,0.2,safe,"The route was busy with the public, but there was a lot of cars which made me feel unsafe at times.; The route was busy with the public, but there was a lot of cars which made me feel unsafe at times.","[('busy public', 0.5604), ('lot cars', 0.3592), ('unsafe', 0.3211), ('public', 0.1818), ('times route', 0.0321)]","[('busy', 0.3785), ('unsafe', 0.3211), ('cars', 0.3133), ('public', 0.1818), ('route', 0.003)]","[('cars feel unsafe', 0.7099), ('busy public', 0.5604), ('lot cars', 0.3592), ('unsafe', 0.3211), ('times route', 0.0321)]","[('cars', 0.3133), ('public', 0.1818), ('lot', 0.1286), ('times', 0.0115), ('route', 0.003)]"
52.286249,-1.540875,3.1,0.52,0.52,0.32,safe,"Walking near the park at night meant there was little lighting and no access to public spaces.; Walking near the park at night meant there was little lighting and no access to public spaces.; The route was quite long however it was a busy route, even at this time of night. The start was dark but rest was fine; Path was busy with members of the public at 11pm.; Police cars were patrolling the streets nearby which gave me comfort on the journey; The street was quite isolated and dark on my journey.; An enjoyable evening walk, thanks to the street lights and busy streets","[('cars patrolling', 0.4096), ('public 11pm', 0.2936), ('long busy', 0.2219), ('little lighting', 0.2135), ('park', 0.0655)]","[('night', 0.2735), ('police', 0.2315), ('11pm', 0.2141), ('walking', 0.111), ('park', 0.0655)]","[('near park night', 0.5084), ('police cars patrolling', 0.4298), ('long busy route', 0.3254), ('members public 11pm', 0.3182), ('walk thanks', 0.0853)]","[('enjoyable evening walk', 0.3839), ('busy streets', 0.3649), ('police cars', 0.3088), ('little lighting', 0.2135), ('park', 0.0655)]"
52.2902,-1.5387,2.0,0.4,0.4,0.6,unsafe,The route was isolated as it was far away from shops and any public spaces. The hospital was nearby which made me feel more safe but overall would have preferred a more busy route.; The route was isolated as it was far away from shops and any public spaces. The hospital was nearby which made me feel more safe but overall would have preferred a more busy route.,"[('away shops', 0.4378), ('busy route', 0.2991), ('shops public', 0.2677), ('hospital nearby', 0.2667), ('overall preferred', 0.1806)]","[('isolated', 0.3072), ('busy', 0.1983), ('hospital', 0.1886), ('shops', 0.1568), ('nearby', 0.1452)]","[('away shops public', 0.5348), ('overall preferred busy', 0.3259), ('hospital nearby', 0.2667), ('safe', 0.2519), ('spaces hospital', 0.2223)]","[('busy route', 0.2991), ('public spaces', 0.2023), ('hospital', 0.1886), ('shops', 0.1568), ('route', 0.0445)]"
52.27633,-1.51851,3.0,0.6,0.6,0.2,safe,"Well-lit street, was quite busy with other members of public.; Well-lit street, was quite busy with other members of public.","[('lit street', 0.7497), ('busy members', 0.6292), ('members public', 0.5889), ('lit', 0.4973), ('quite', 0.3242)]","[('street', 0.5627), ('public', 0.5542), ('busy', 0.5319), ('lit', 0.4973), ('members', 0.3455)]","[('public lit street', 0.7701), ('street quite busy', 0.7673), ('quite busy members', 0.6288), ('members public', 0.5889), ('quite', 0.3242)]","[('street', 0.5627), ('public', 0.5542), ('other members', 0.4653)]"
52.28821,-1.56298,2.0,0.4,0.4,0.6,unsafe,The route was isolated as it was far away from shops and any public spaces. The hospital was nearby which made me feel more safe but overall would have preferred a more busy route.; The route was isolated as it was far away from shops and any public spaces. The hospital was nearby which made me feel more safe but overall would have preferred a more busy route.,"[('away shops', 0.4378), ('busy route', 0.2991), ('shops public', 0.2677), ('hospital nearby', 0.2667), ('overall preferred', 0.1806)]","[('isolated', 0.3072), ('busy', 0.1983), ('hospital', 0.1886), ('shops', 0.1568), ('nearby', 0.1452)]","[('away shops public', 0.5348), ('overall preferred busy', 0.3259), ('hospital nearby', 0.2667), ('safe', 0.2519), ('spaces hospital', 0.2223)]","[('busy route', 0.2991), ('public spaces', 0.2023), ('hospital', 0.1886), ('shops', 0.1568), ('route', 0.0445)]"
52.28594,-1.54932,4.0,0.6,0.8,0.4,safe,The walk through the park is nice and busy in the daytime. Felt very safe and was a scenic route.; The walk through the park is nice and busy in the daytime. Felt very safe and was a scenic route.,"[('park nice', 0.6938), ('safe', 0.4375), ('scenic', 0.416), ('busy daytime', 0.3986), ('route walk', 0.3301)]","[('park', 0.4643), ('safe', 0.4375), ('daytime', 0.3958), ('walk', 0.2866), ('busy', 0.218)]","[('walk park nice', 0.7759), ('daytime felt safe', 0.6322), ('park', 0.4643), ('busy daytime', 0.3986), ('route', 0.0843)]","[('scenic route', 0.5427), ('park', 0.4643), ('daytime', 0.3958), ('walk', 0.2866), ('felt', 0.1426)]"
52.28724,-1.53434,2.0,0.4,0.4,0.2,unsafe,"There was little lighting when we walked through the park, felt very unsafe.; There was little lighting when we walked through the park, felt very unsafe.","[('felt unsafe', 0.5283), ('little lighting', 0.4605), ('walked park', 0.369), ('walked', 0.1759), ('lighting', 0.112)]","[('unsafe', 0.4919), ('park', 0.2799), ('little', 0.2206), ('walked', 0.1759), ('lighting', 0.112)]","[('park felt unsafe', 0.7655), ('little lighting', 0.4605), ('park', 0.2799), ('lighting walked', 0.166), ('felt', 0.0386)]","[('little lighting', 0.4605), ('park', 0.2799)]"
52.27432,-1.52477,4.0,0.8,0.8,0.4,safe,The route felt fairly safe with some access to public spaces.; The route felt fairly safe with some access to public spaces.,"[('safe access', 0.8528), ('felt fairly', 0.6885), ('public', 0.5552), ('route felt', 0.5215), ('spaces route', 0.463)]","[('safe', 0.7503), ('public', 0.5552), ('felt', 0.46), ('spaces', 0.4411), ('route', 0.3972)]","[('fairly safe access', 0.8703), ('public spaces route', 0.5572), ('access public', 0.5137), ('spaces route', 0.463), ('felt', 0.46)]","[('public spaces', 0.6254), ('access', 0.4339), ('route', 0.3972)]"
52.27585,-1.51667,3.0,0.6,0.6,0.2,safe,"Well-lit street, was quite busy with other members of public.; Well-lit street, was quite busy with other members of public.","[('lit street', 0.7497), ('busy members', 0.6292), ('members public', 0.5889), ('lit', 0.4973), ('quite', 0.3242)]","[('street', 0.5627), ('public', 0.5542), ('busy', 0.5319), ('lit', 0.4973), ('members', 0.3455)]","[('public lit street', 0.7701), ('street quite busy', 0.7673), ('quite busy members', 0.6288), ('members public', 0.5889), ('quite', 0.3242)]","[('street', 0.5627), ('public', 0.5542), ('other members', 0.4653)]"
52.28726,-1.53345,4.0,0.6,0.8,0.4,safe,The walk through the park is nice and busy in the daytime. Felt very safe and was a scenic route.; The walk through the park is nice and busy in the daytime. Felt very safe and was a scenic route.,"[('park nice', 0.6938), ('safe', 0.4375), ('scenic', 0.416), ('busy daytime', 0.3986), ('route walk', 0.3301)]","[('park', 0.4643), ('safe', 0.4375), ('daytime', 0.3958), ('walk', 0.2866), ('busy', 0.218)]","[('walk park nice', 0.7759), ('daytime felt safe', 0.6322), ('park', 0.4643), ('busy daytime', 0.3986), ('route', 0.0843)]","[('scenic route', 0.5427), ('park', 0.4643), ('daytime', 0.3958), ('walk', 0.2866), ('felt', 0.1426)]"
52.28904,-1.53767,2.0,0.6,0.4,0.4,unsafe,"The route was fairly well-lit, but it was quite far from  the main high street so I felt less safe.; The route was fairly well-lit, but it was quite far from  the main high street so I felt less safe.","[('street felt', 0.3053), ('felt safe', 0.2017), ('main high', 0.1687), ('lit quite', 0.1426), ('route', 0.0461)]","[('street', 0.2276), ('safe', 0.1887), ('high', 0.1745), ('lit', 0.088), ('main', 0.044)]","[('street felt safe', 0.381), ('high street felt', 0.3128), ('far main high', 0.2326), ('street', 0.2276), ('lit quite', 0.1426)]","[('main high street', 0.2607), ('route', 0.0461)]"
52.2914,-1.57826,3.0,0.8,0.8,0.2,safe,"The route was busy with the public, but there was a lot of cars which made me feel unsafe at times.; The route was busy with the public, but there was a lot of cars which made me feel unsafe at times.","[('busy public', 0.5604), ('lot cars', 0.3592), ('unsafe', 0.3211), ('public', 0.1818), ('times route', 0.0321)]","[('busy', 0.3785), ('unsafe', 0.3211), ('cars', 0.3133), ('public', 0.1818), ('route', 0.003)]","[('cars feel unsafe', 0.7099), ('busy public', 0.5604), ('lot cars', 0.3592), ('unsafe', 0.3211), ('times route', 0.0321)]","[('cars', 0.3133), ('public', 0.1818), ('lot', 0.1286), ('times', 0.0115), ('route', 0.003)]"
52.2758,-1.52685,4.0,0.8,0.8,0.4,safe,The route felt fairly safe with some access to public spaces.; The route felt fairly safe with some access to public spaces.,"[('safe access', 0.8528), ('felt fairly', 0.6885), ('public', 0.5552), ('route felt', 0.5215), ('spaces route', 0.463)]","[('safe', 0.7503), ('public', 0.5552), ('felt', 0.46), ('spaces', 0.4411), ('route', 0.3972)]","[('fairly safe access', 0.8703), ('public spaces route', 0.5572), ('access public', 0.5137), ('spaces route', 0.463), ('felt', 0.46)]","[('public spaces', 0.6254), ('access', 0.4339), ('route', 0.3972)]"
52.28699,-1.53323,2.0,0.4,0.4,0.4,unsafe,The route included backstreets which were isolated and there was no lighting in the evening. I felt unsafe on the route.; The route included backstreets which were isolated and there was no lighting in the evening. I felt unsafe on the route.,"[('unsafe route', 0.643), ('isolated lighting', 0.5442), ('lighting evening', 0.3723), ('included backstreets', 0.232), ('route route', 0.1834)]","[('unsafe', 0.5318), ('isolated', 0.3877), ('evening', 0.3389), ('backstreets', 0.3221), ('lighting', 0.1948)]","[('evening felt unsafe', 0.7467), ('backstreets isolated lighting', 0.5414), ('lighting evening', 0.3723), ('route route included', 0.1717), ('felt', 0.1071)]","[('evening', 0.3389), ('backstreets', 0.3221), ('lighting', 0.1948), ('route', 0.1466)]"
52.28511,-1.53628,1.75,0.3,0.25,0.2,unsafe,"This route was terrible - had to go through dark, unlit roads.; This route was terrible - had to go through dark, unlit roads.; This route was terrible - had to go through dark, unlit roads.; This route was terrible - had to go through dark, unlit roads.; This route was terrible - had to go through dark, unlit roads.; This route was terrible - had to go through dark, unlit roads.; The route felt fairly safe with some street lighting, however there was nobody around at this time of night.; The route did not feel safe at all. I had to walk through a park by myself and felt helpless if anything were to happen.","[('terrible dark', 0.6785), ('unlit roads', 0.478), ('lighting time', 0.1792), ('fairly safe', 0.1667), ('walk park', 0.1284)]","[('terrible', 0.4964), ('night', 0.4037), ('roads', 0.2567), ('lighting', 0.1831), ('park', 0.0876)]","[('terrible dark unlit', 0.7617), ('lighting time night', 0.4559), ('street lighting', 0.319), ('safe walk park', 0.1856), ('route did', 0.0656)]","[('unlit roads', 0.478), ('night', 0.4037), ('street lighting', 0.319), ('park', 0.0876), ('anything', 0.0439)]"
52.2863,-1.56011,4.0,0.6,0.8,0.4,safe,The walk through the park is nice and busy in the daytime. Felt very safe and was a scenic route.; The walk through the park is nice and busy in the daytime. Felt very safe and was a scenic route.,"[('park nice', 0.6938), ('safe', 0.4375), ('scenic', 0.416), ('busy daytime', 0.3986), ('route walk', 0.3301)]","[('park', 0.4643), ('safe', 0.4375), ('daytime', 0.3958), ('walk', 0.2866), ('busy', 0.218)]","[('walk park nice', 0.7759), ('daytime felt safe', 0.6322), ('park', 0.4643), ('busy daytime', 0.3986), ('route', 0.0843)]","[('scenic route', 0.5427), ('park', 0.4643), ('daytime', 0.3958), ('walk', 0.2866), ('felt', 0.1426)]"
52.29021,-1.5418,2.0,0.4,0.4,0.6,unsafe,The route was isolated as it was far away from shops and any public spaces. The hospital was nearby which made me feel more safe but overall would have preferred a more busy route.; The route was isolated as it was far away from shops and any public spaces. The hospital was nearby which made me feel more safe but overall would have preferred a more busy route.,"[('away shops', 0.4378), ('busy route', 0.2991), ('shops public', 0.2677), ('hospital nearby', 0.2667), ('overall preferred', 0.1806)]","[('isolated', 0.3072), ('busy', 0.1983), ('hospital', 0.1886), ('shops', 0.1568), ('nearby', 0.1452)]","[('away shops public', 0.5348), ('overall preferred busy', 0.3259), ('hospital nearby', 0.2667), ('safe', 0.2519), ('spaces hospital', 0.2223)]","[('busy route', 0.2991), ('public spaces', 0.2023), ('hospital', 0.1886), ('shops', 0.1568), ('route', 0.0445)]"
52.28659,-1.53338,3.0,0.6,0.4,0.2,safe,"There was a long, isolated road with a lack of lighting on the route.; There was a long, isolated road with a lack of lighting on the route.","[('isolated road', 0.7717), ('long isolated', 0.6521), ('road', 0.5312), ('route long', 0.4862), ('lighting', 0.3005)]","[('isolated', 0.57), ('road', 0.5312), ('long', 0.454), ('route', 0.3725), ('lighting', 0.3005)]","[('long isolated road', 0.8514), ('lack lighting route', 0.7515), ('road', 0.5312), ('long', 0.454), ('lighting', 0.3005)]","[('isolated road', 0.7717), ('lack', 0.5557), ('route', 0.3725), ('lighting', 0.3005)]"
52.28724,-1.53554,4.0,0.6,0.8,0.4,safe,The walk through the park is nice and busy in the daytime. Felt very safe and was a scenic route.; The walk through the park is nice and busy in the daytime. Felt very safe and was a scenic route.,"[('park nice', 0.6938), ('safe', 0.4375), ('scenic', 0.416), ('busy daytime', 0.3986), ('route walk', 0.3301)]","[('park', 0.4643), ('safe', 0.4375), ('daytime', 0.3958), ('walk', 0.2866), ('busy', 0.218)]","[('walk park nice', 0.7759), ('daytime felt safe', 0.6322), ('park', 0.4643), ('busy daytime', 0.3986), ('route', 0.0843)]","[('scenic route', 0.5427), ('park', 0.4643), ('daytime', 0.3958), ('walk', 0.2866), ('felt', 0.1426)]"
52.2854,-1.56318,4.0,0.6,0.8,0.4,safe,The walk through the park is nice and busy in the daytime. Felt very safe and was a scenic route.; The walk through the park is nice and busy in the daytime. Felt very safe and was a scenic route.,"[('park nice', 0.6938), ('safe', 0.4375), ('scenic', 0.416), ('busy daytime', 0.3986), ('route walk', 0.3301)]","[('park', 0.4643), ('safe', 0.4375), ('daytime', 0.3958), ('walk', 0.2866), ('busy', 0.218)]","[('walk park nice', 0.7759), ('daytime felt safe', 0.6322), ('park', 0.4643), ('busy daytime', 0.3986), ('route', 0.0843)]","[('scenic route', 0.5427), ('park', 0.4643), ('daytime', 0.3958), ('walk', 0.2866), ('felt', 0.1426)]"
52.28751,-1.53444,3.0,0.6,0.4,0.2,safe,"There was a long, isolated road with a lack of lighting on the route.; There was a long, isolated road with a lack of lighting on the route.","[('isolated road', 0.7717), ('long isolated', 0.6521), ('road', 0.5312), ('route long', 0.4862), ('lighting', 0.3005)]","[('isolated', 0.57), ('road', 0.5312), ('long', 0.454), ('route', 0.3725), ('lighting', 0.3005)]","[('long isolated road', 0.8514), ('lack lighting route', 0.7515), ('road', 0.5312), ('long', 0.454), ('lighting', 0.3005)]","[('isolated road', 0.7717), ('lack', 0.5557), ('route', 0.3725), ('lighting', 0.3005)]"
52.27645,-1.52624,3.0,0.6,0.6,0.2,safe,"Well-lit street, was quite busy with other members of public.; Well-lit street, was quite busy with other members of public.","[('lit street', 0.7497), ('busy members', 0.6292), ('members public', 0.5889), ('lit', 0.4973), ('quite', 0.3242)]","[('street', 0.5627), ('public', 0.5542), ('busy', 0.5319), ('lit', 0.4973), ('members', 0.3455)]","[('public lit street', 0.7701), ('street quite busy', 0.7673), ('quite busy members', 0.6288), ('members public', 0.5889), ('quite', 0.3242)]","[('street', 0.5627), ('public', 0.5542), ('other members', 0.4653)]"
52.28674,-1.52441,2.0,0.4,0.4,0.2,unsafe,"Not well lit, round back streets, feels unsafe especially at night; Not well lit, round back streets, feels unsafe especially at night","[('feels unsafe', 0.676), ('night lit', 0.5415), ('round streets', 0.3419), ('lit round', 0.207), ('especially', 0.1362)]","[('unsafe', 0.6215), ('night', 0.5194), ('streets', 0.394), ('lit', 0.1665), ('especially', 0.1362)]","[('unsafe especially night', 0.8677), ('streets feels unsafe', 0.8365), ('night lit round', 0.5397), ('streets feels', 0.4255), ('lit', 0.1665)]","[('night', 0.5194), ('round back streets', 0.4449)]"
52.28526,-1.53365,2.0,0.4,0.4,0.4,unsafe,The route included backstreets which were isolated and there was no lighting in the evening. I felt unsafe on the route.; The route included backstreets which were isolated and there was no lighting in the evening. I felt unsafe on the route.,"[('unsafe route', 0.643), ('isolated lighting', 0.5442), ('lighting evening', 0.3723), ('included backstreets', 0.232), ('route route', 0.1834)]","[('unsafe', 0.5318), ('isolated', 0.3877), ('evening', 0.3389), ('backstreets', 0.3221), ('lighting', 0.1948)]","[('evening felt unsafe', 0.7467), ('backstreets isolated lighting', 0.5414), ('lighting evening', 0.3723), ('route route included', 0.1717), ('felt', 0.1071)]","[('evening', 0.3389), ('backstreets', 0.3221), ('lighting', 0.1948), ('route', 0.1466)]"
52.27587,-1.51677,3.0,0.6,0.6,0.2,safe,"Well-lit street, was quite busy with other members of public.; Well-lit street, was quite busy with other members of public.","[('lit street', 0.7497), ('busy members', 0.6292), ('members public', 0.5889), ('lit', 0.4973), ('quite', 0.3242)]","[('street', 0.5627), ('public', 0.5542), ('busy', 0.5319), ('lit', 0.4973), ('members', 0.3455)]","[('public lit street', 0.7701), ('street quite busy', 0.7673), ('quite busy members', 0.6288), ('members public', 0.5889), ('quite', 0.3242)]","[('street', 0.5627), ('public', 0.5542), ('other members', 0.4653)]"
52.28801,-1.53938,4.0,0.6,0.8,0.4,safe,The walk through the park is nice and busy in the daytime. Felt very safe and was a scenic route.; The walk through the park is nice and busy in the daytime. Felt very safe and was a scenic route.,"[('park nice', 0.6938), ('safe', 0.4375), ('scenic', 0.416), ('busy daytime', 0.3986), ('route walk', 0.3301)]","[('park', 0.4643), ('safe', 0.4375), ('daytime', 0.3958), ('walk', 0.2866), ('busy', 0.218)]","[('walk park nice', 0.7759), ('daytime felt safe', 0.6322), ('park', 0.4643), ('busy daytime', 0.3986), ('route', 0.0843)]","[('scenic route', 0.5427), ('park', 0.4643), ('daytime', 0.3958), ('walk', 0.2866), ('felt', 0.1426)]"
52.28211,-1.54772,3.0,0.8,0.8,0.2,safe,"The route was busy with the public, but there was a lot of cars which made me feel unsafe at times.; The route was busy with the public, but there was a lot of cars which made me feel unsafe at times.","[('busy public', 0.5604), ('lot cars', 0.3592), ('unsafe', 0.3211), ('public', 0.1818), ('times route', 0.0321)]","[('busy', 0.3785), ('unsafe', 0.3211), ('cars', 0.3133), ('public', 0.1818), ('route', 0.003)]","[('cars feel unsafe', 0.7099), ('busy public', 0.5604), ('lot cars', 0.3592), ('unsafe', 0.3211), ('times route', 0.0321)]","[('cars', 0.3133), ('public', 0.1818), ('lot', 0.1286), ('times', 0.0115), ('route', 0.003)]"
52.2931277,-1.5359592,3.0,0.8,0.6,0.2,safe,The route was busy with the public as there were many shops nearby. I think the parade would have been a safer choice.; The route was busy with the public as there were many shops nearby. I think the parade would have been a safer choice.,"[('shops nearby', 0.5356), ('route busy', 0.3639), ('think parade', 0.3631), ('safer choice', 0.3469), ('route', 0.0066)]","[('parade', 0.3824), ('shops', 0.3122), ('busy', 0.2408), ('nearby', 0.2095), ('choice', 0.0963)]","[('parade safer choice', 0.616), ('busy public shops', 0.5744), ('shops nearby think', 0.5191), ('parade', 0.3824), ('think', -0.0471)]","[('many shops', 0.4759), ('parade', 0.3824), ('safer choice', 0.3469), ('public', 0.2058), ('route', 0.0066)]"
52.28429,-1.53484,1.0,0.2,0.2,0.2,unsafe,"This route was terrible - had to go through dark, unlit roads.; This route was terrible - had to go through dark, unlit roads.; This route was terrible - had to go through dark, unlit roads.; This route was terrible - had to go through dark, unlit roads.; This route was terrible - had to go through dark, unlit roads.; This route was terrible - had to go through dark, unlit roads.","[('terrible dark', 0.7726), ('dark', 0.53), ('unlit roads', 0.4342), ('unlit', 0.3458), ('roads route', 0.2632)]","[('terrible', 0.6186), ('dark', 0.53), ('unlit', 0.3458), ('roads', 0.3104), ('route', 0.1826)]","[('terrible dark unlit', 0.8118), ('roads route terrible', 0.7452), ('dark', 0.53), ('unlit roads', 0.4342), ('roads route', 0.2632)]","[('unlit roads', 0.4342), ('route', 0.1826)]"
52.28785,-1.53471,3.0,0.6,0.4,0.2,safe,"There was a long, isolated road with a lack of lighting on the route.; There was a long, isolated road with a lack of lighting on the route.","[('isolated road', 0.7717), ('long isolated', 0.6521), ('road', 0.5312), ('route long', 0.4862), ('lighting', 0.3005)]","[('isolated', 0.57), ('road', 0.5312), ('long', 0.454), ('route', 0.3725), ('lighting', 0.3005)]","[('long isolated road', 0.8514), ('lack lighting route', 0.7515), ('road', 0.5312), ('long', 0.454), ('lighting', 0.3005)]","[('isolated road', 0.7717), ('lack', 0.5557), ('route', 0.3725), ('lighting', 0.3005)]"
52.29134,-1.57799,2.0,0.4,0.4,0.6,unsafe,The route was isolated as it was far away from shops and any public spaces. The hospital was nearby which made me feel more safe but overall would have preferred a more busy route.; The route was isolated as it was far away from shops and any public spaces. The hospital was nearby which made me feel more safe but overall would have preferred a more busy route.,"[('away shops', 0.4378), ('busy route', 0.2991), ('shops public', 0.2677), ('hospital nearby', 0.2667), ('overall preferred', 0.1806)]","[('isolated', 0.3072), ('busy', 0.1983), ('hospital', 0.1886), ('shops', 0.1568), ('nearby', 0.1452)]","[('away shops public', 0.5348), ('overall preferred busy', 0.3259), ('hospital nearby', 0.2667), ('safe', 0.2519), ('spaces hospital', 0.2223)]","[('busy route', 0.2991), ('public spaces', 0.2023), ('hospital', 0.1886), ('shops', 0.1568), ('route', 0.0445)]"
52.28646,-1.56055,4.0,0.6,0.8,0.4,safe,The walk through the park is nice and busy in the daytime. Felt very safe and was a scenic route.; The walk through the park is nice and busy in the daytime. Felt very safe and was a scenic route.,"[('park nice', 0.6938), ('safe', 0.4375), ('scenic', 0.416), ('busy daytime', 0.3986), ('route walk', 0.3301)]","[('park', 0.4643), ('safe', 0.4375), ('daytime', 0.3958), ('walk', 0.2866), ('busy', 0.218)]","[('walk park nice', 0.7759), ('daytime felt safe', 0.6322), ('park', 0.4643), ('busy daytime', 0.3986), ('route', 0.0843)]","[('scenic route', 0.5427), ('park', 0.4643), ('daytime', 0.3958), ('walk', 0.2866), ('felt', 0.1426)]"
52.29051,-1.58014,2.5,0.6,0.6,0.4,unsafe,"The route was busy with the public, but there was a lot of cars which made me feel unsafe at times.; The route was isolated as it was far away from shops and any public spaces. The hospital was nearby which made me feel more safe but overall would have preferred a more busy route.; The route was busy with the public, but there was a lot of cars which made me feel unsafe at times.; The route was isolated as it was far away from shops and any public spaces. The hospital was nearby which made me feel more safe but overall would have preferred a more busy route.","[('busy route', 0.3729), ('hospital nearby', 0.2311), ('cars', 0.1932), ('isolated', 0.1011), ('shops', 0.0952)]","[('unsafe', 0.2223), ('cars', 0.1932), ('hospital', 0.1045), ('shops', 0.0952), ('nearby', 0.0527)]","[('cars feel unsafe', 0.586), ('away shops public', 0.4198), ('hospital nearby', 0.2311), ('lot cars', 0.2222), ('times route', -0.0546)]","[('busy route', 0.3729), ('cars', 0.1932), ('hospital', 0.1045), ('shops', 0.0952), ('times', -0.1172)]"
52.2861809,-1.5318264,2.5,0.5,0.6,0.2,unsafe,There were many public spaces on the route; The route included some isolated streets that were very dark. I felt unsafe especially as I was alone.; There were many public spaces on the route; The route included some isolated streets that were very dark. I felt unsafe especially as I was alone.,"[('streets dark', 0.672), ('felt unsafe', 0.5799), ('included isolated', 0.3742), ('especially public', 0.3398), ('route included', 0.1742)]","[('unsafe', 0.5011), ('dark', 0.4627), ('streets', 0.3627), ('isolated', 0.2973), ('spaces', 0.164)]","[('dark felt unsafe', 0.7224), ('isolated streets', 0.509), ('public spaces route', 0.2798), ('route route included', 0.2046), ('felt', 0.1223)]","[('isolated streets', 0.509), ('many public spaces', 0.4183), ('route', 0.1338)]"
52.28821,-1.53106,2.0,0.4,0.4,0.4,unsafe,The route included backstreets which were isolated and there was no lighting in the evening. I felt unsafe on the route.; The route included backstreets which were isolated and there was no lighting in the evening. I felt unsafe on the route.,"[('unsafe route', 0.643), ('isolated lighting', 0.5442), ('lighting evening', 0.3723), ('included backstreets', 0.232), ('route route', 0.1834)]","[('unsafe', 0.5318), ('isolated', 0.3877), ('evening', 0.3389), ('backstreets', 0.3221), ('lighting', 0.1948)]","[('evening felt unsafe', 0.7467), ('backstreets isolated lighting', 0.5414), ('lighting evening', 0.3723), ('route route included', 0.1717), ('felt', 0.1071)]","[('evening', 0.3389), ('backstreets', 0.3221), ('lighting', 0.1948), ('route', 0.1466)]"
52.28337,-1.53438,2.5,0.5,0.4,0.2,unsafe,"There was a long, isolated road with a lack of lighting on the route.; There was a long, isolated road with a lack of lighting on the route.; Quiet route  with no public services available","[('road lack', 0.7677), ('road', 0.4159), ('route long', 0.3626), ('lighting route', 0.2673), ('services available', 0.1481)]","[('quiet', 0.5817), ('road', 0.4159), ('long', 0.3444), ('public', 0.2912), ('lighting', 0.2089)]","[('road lack lighting', 0.8534), ('long isolated', 0.6125), ('road', 0.4159), ('lighting route long', 0.3704), ('available', 0.115)]","[('isolated road', 0.7589), ('lack', 0.5561), ('route', 0.2682), ('public services', 0.2376), ('lighting', 0.2089)]"
52.2885,-1.56897,3.0,0.8,0.8,0.2,safe,"The route was busy with the public, but there was a lot of cars which made me feel unsafe at times.; The route was busy with the public, but there was a lot of cars which made me feel unsafe at times.","[('busy public', 0.5604), ('lot cars', 0.3592), ('unsafe', 0.3211), ('public', 0.1818), ('times route', 0.0321)]","[('busy', 0.3785), ('unsafe', 0.3211), ('cars', 0.3133), ('public', 0.1818), ('route', 0.003)]","[('cars feel unsafe', 0.7099), ('busy public', 0.5604), ('lot cars', 0.3592), ('unsafe', 0.3211), ('times route', 0.0321)]","[('cars', 0.3133), ('public', 0.1818), ('lot', 0.1286), ('times', 0.0115), ('route', 0.003)]"
52.28621,-1.54867,4.0,0.6,0.8,0.4,safe,The walk through the park is nice and busy in the daytime. Felt very safe and was a scenic route.; The walk through the park is nice and busy in the daytime. Felt very safe and was a scenic route.,"[('park nice', 0.6938), ('safe', 0.4375), ('scenic', 0.416), ('busy daytime', 0.3986), ('route walk', 0.3301)]","[('park', 0.4643), ('safe', 0.4375), ('daytime', 0.3958), ('walk', 0.2866), ('busy', 0.218)]","[('walk park nice', 0.7759), ('daytime felt safe', 0.6322), ('park', 0.4643), ('busy daytime', 0.3986), ('route', 0.0843)]","[('scenic route', 0.5427), ('park', 0.4643), ('daytime', 0.3958), ('walk', 0.2866), ('felt', 0.1426)]"
52.28254,-1.55011,3.0,0.8,0.8,0.2,safe,"The route was busy with the public, but there was a lot of cars which made me feel unsafe at times.; The route was busy with the public, but there was a lot of cars which made me feel unsafe at times.","[('busy public', 0.5604), ('lot cars', 0.3592), ('unsafe', 0.3211), ('public', 0.1818), ('times route', 0.0321)]","[('busy', 0.3785), ('unsafe', 0.3211), ('cars', 0.3133), ('public', 0.1818), ('route', 0.003)]","[('cars feel unsafe', 0.7099), ('busy public', 0.5604), ('lot cars', 0.3592), ('unsafe', 0.3211), ('times route', 0.0321)]","[('cars', 0.3133), ('public', 0.1818), ('lot', 0.1286), ('times', 0.0115), ('route', 0.003)]"
52.28644,-1.56319,4.0,0.6,0.8,0.4,safe,The walk through the park is nice and busy in the daytime. Felt very safe and was a scenic route.; The walk through the park is nice and busy in the daytime. Felt very safe and was a scenic route.,"[('park nice', 0.6938), ('safe', 0.4375), ('scenic', 0.416), ('busy daytime', 0.3986), ('route walk', 0.3301)]","[('park', 0.4643), ('safe', 0.4375), ('daytime', 0.3958), ('walk', 0.2866), ('busy', 0.218)]","[('walk park nice', 0.7759), ('daytime felt safe', 0.6322), ('park', 0.4643), ('busy daytime', 0.3986), ('route', 0.0843)]","[('scenic route', 0.5427), ('park', 0.4643), ('daytime', 0.3958), ('walk', 0.2866), ('felt', 0.1426)]"
52.28426,-1.53476,1.0,0.2,0.2,0.2,unsafe,"This route was terrible - had to go through dark, unlit roads.; This route was terrible - had to go through dark, unlit roads.; This route was terrible - had to go through dark, unlit roads.; This route was terrible - had to go through dark, unlit roads.; This route was terrible - had to go through dark, unlit roads.; This route was terrible - had to go through dark, unlit roads.","[('terrible dark', 0.7726), ('dark', 0.53), ('unlit roads', 0.4342), ('unlit', 0.3458), ('roads route', 0.2632)]","[('terrible', 0.6186), ('dark', 0.53), ('unlit', 0.3458), ('roads', 0.3104), ('route', 0.1826)]","[('terrible dark unlit', 0.8118), ('roads route terrible', 0.7452), ('dark', 0.53), ('unlit roads', 0.4342), ('roads route', 0.2632)]","[('unlit roads', 0.4342), ('route', 0.1826)]"
52.281047,-1.5446566,2.0,0.4,0.4,0.2,unsafe,"On route there was a road which had no street lighting and felt very unsafe. It was residential, but there was no access to public spaces.; On route there was a road which had no street lighting and felt very unsafe. It was residential, but there was no access to public spaces.","[('unsafe residential', 0.7215), ('street lighting', 0.3342), ('road', 0.2989), ('residential', 0.2465), ('access public', 0.1257)]","[('unsafe', 0.5525), ('road', 0.2989), ('residential', 0.2465), ('lighting', 0.1376), ('felt', 0.0808)]","[('unsafe residential access', 0.7517), ('street lighting felt', 0.3424), ('road street', 0.3144), ('residential', 0.2465), ('access public', 0.1257)]","[('street lighting', 0.3342), ('road', 0.2989), ('public spaces', 0.21), ('route', 0.1095), ('access', 0.0537)]"
52.28726,-1.53821,1.0,0.2,0.2,0.2,unsafe,"This route was terrible - had to go through dark, unlit roads.; This route was terrible - had to go through dark, unlit roads.; This route was terrible - had to go through dark, unlit roads.; This route was terrible - had to go through dark, unlit roads.; This route was terrible - had to go through dark, unlit roads.; This route was terrible - had to go through dark, unlit roads.","[('terrible dark', 0.7726), ('dark', 0.53), ('unlit roads', 0.4342), ('unlit', 0.3458), ('roads route', 0.2632)]","[('terrible', 0.6186), ('dark', 0.53), ('unlit', 0.3458), ('roads', 0.3104), ('route', 0.1826)]","[('terrible dark unlit', 0.8118), ('roads route terrible', 0.7452), ('dark', 0.53), ('unlit roads', 0.4342), ('roads route', 0.2632)]","[('unlit roads', 0.4342), ('route', 0.1826)]"
52.28761,-1.54672,4.0,0.6,0.8,0.4,safe,The walk through the park is nice and busy in the daytime. Felt very safe and was a scenic route.; The walk through the park is nice and busy in the daytime. Felt very safe and was a scenic route.,"[('park nice', 0.6938), ('safe', 0.4375), ('scenic', 0.416), ('busy daytime', 0.3986), ('route walk', 0.3301)]","[('park', 0.4643), ('safe', 0.4375), ('daytime', 0.3958), ('walk', 0.2866), ('busy', 0.218)]","[('walk park nice', 0.7759), ('daytime felt safe', 0.6322), ('park', 0.4643), ('busy daytime', 0.3986), ('route', 0.0843)]","[('scenic route', 0.5427), ('park', 0.4643), ('daytime', 0.3958), ('walk', 0.2866), ('felt', 0.1426)]"
52.28689,-1.53364,2.0,0.4,0.4,0.2,unsafe,"There was little lighting when we walked through the park, felt very unsafe.; There was little lighting when we walked through the park, felt very unsafe.","[('felt unsafe', 0.5283), ('little lighting', 0.4605), ('walked park', 0.369), ('walked', 0.1759), ('lighting', 0.112)]","[('unsafe', 0.4919), ('park', 0.2799), ('little', 0.2206), ('walked', 0.1759), ('lighting', 0.112)]","[('park felt unsafe', 0.7655), ('little lighting', 0.4605), ('park', 0.2799), ('lighting walked', 0.166), ('felt', 0.0386)]","[('little lighting', 0.4605), ('park', 0.2799)]"
52.2874242,-1.5356918,3.0,0.6,0.8,0.4,safe,"Very well-lit route, the greenery was busy with the public during the afternoons.; Very well-lit route, the greenery was busy with the public during the afternoons.","[('afternoons lit', 0.6643), ('route greenery', 0.4942), ('busy public', 0.4689), ('public', 0.3067), ('route', 0.0992)]","[('afternoons', 0.5527), ('greenery', 0.491), ('busy', 0.3292), ('public', 0.3067), ('route', 0.0992)]","[('busy public afternoons', 0.7492), ('afternoons lit', 0.6643), ('lit route greenery', 0.5747), ('busy', 0.3292), ('route', 0.0992)]","[('afternoons', 0.5527), ('greenery', 0.491), ('public', 0.3067), ('route', 0.0992)]"
52.290212,-1.5418035,3.0,0.6,0.4,0.6,safe,"The route was residential, making me feel at ease.; The route was residential, making me feel at ease.","[('residential', 0.7119), ('ease route', 0.6862), ('making feel', 0.4721), ('route', 0.3727), ('making', 0.3406)]","[('residential', 0.7119), ('ease', 0.6544), ('feel', 0.4183), ('route', 0.3727), ('making', 0.3406)]","[('ease route residential', 0.872), ('making feel ease', 0.7058), ('residential making', 0.6671), ('making feel', 0.4721), ('making', 0.3406)]","[('ease', 0.6544), ('route', 0.3727)]"
52.28959,-1.55343,2.0,0.4,0.4,0.6,unsafe,The route was isolated as it was far away from shops and any public spaces. The hospital was nearby which made me feel more safe but overall would have preferred a more busy route.; The route was isolated as it was far away from shops and any public spaces. The hospital was nearby which made me feel more safe but overall would have preferred a more busy route.,"[('away shops', 0.4378), ('busy route', 0.2991), ('shops public', 0.2677), ('hospital nearby', 0.2667), ('overall preferred', 0.1806)]","[('isolated', 0.3072), ('busy', 0.1983), ('hospital', 0.1886), ('shops', 0.1568), ('nearby', 0.1452)]","[('away shops public', 0.5348), ('overall preferred busy', 0.3259), ('hospital nearby', 0.2667), ('safe', 0.2519), ('spaces hospital', 0.2223)]","[('busy route', 0.2991), ('public spaces', 0.2023), ('hospital', 0.1886), ('shops', 0.1568), ('route', 0.0445)]"
52.29094,-1.58259,2.0,0.4,0.4,0.6,unsafe,The route was isolated as it was far away from shops and any public spaces. The hospital was nearby which made me feel more safe but overall would have preferred a more busy route.; The route was isolated as it was far away from shops and any public spaces. The hospital was nearby which made me feel more safe but overall would have preferred a more busy route.,"[('away shops', 0.4378), ('busy route', 0.2991), ('shops public', 0.2677), ('hospital nearby', 0.2667), ('overall preferred', 0.1806)]","[('isolated', 0.3072), ('busy', 0.1983), ('hospital', 0.1886), ('shops', 0.1568), ('nearby', 0.1452)]","[('away shops public', 0.5348), ('overall preferred busy', 0.3259), ('hospital nearby', 0.2667), ('safe', 0.2519), ('spaces hospital', 0.2223)]","[('busy route', 0.2991), ('public spaces', 0.2023), ('hospital', 0.1886), ('shops', 0.1568), ('route', 0.0445)]"
52.28819,-1.54012,4.0,0.6,0.8,0.4,safe,The walk through the park is nice and busy in the daytime. Felt very safe and was a scenic route.; The walk through the park is nice and busy in the daytime. Felt very safe and was a scenic route.,"[('park nice', 0.6938), ('safe', 0.4375), ('scenic', 0.416), ('busy daytime', 0.3986), ('route walk', 0.3301)]","[('park', 0.4643), ('safe', 0.4375), ('daytime', 0.3958), ('walk', 0.2866), ('busy', 0.218)]","[('walk park nice', 0.7759), ('daytime felt safe', 0.6322), ('park', 0.4643), ('busy daytime', 0.3986), ('route', 0.0843)]","[('scenic route', 0.5427), ('park', 0.4643), ('daytime', 0.3958), ('walk', 0.2866), ('felt', 0.1426)]"
52.28787,-1.5663,3.0,0.8,0.8,0.2,safe,"The route was busy with the public, but there was a lot of cars which made me feel unsafe at times.; The route was busy with the public, but there was a lot of cars which made me feel unsafe at times.","[('busy public', 0.5604), ('lot cars', 0.3592), ('unsafe', 0.3211), ('public', 0.1818), ('times route', 0.0321)]","[('busy', 0.3785), ('unsafe', 0.3211), ('cars', 0.3133), ('public', 0.1818), ('route', 0.003)]","[('cars feel unsafe', 0.7099), ('busy public', 0.5604), ('lot cars', 0.3592), ('unsafe', 0.3211), ('times route', 0.0321)]","[('cars', 0.3133), ('public', 0.1818), ('lot', 0.1286), ('times', 0.0115), ('route', 0.003)]"
52.27646,-1.51919,3.0,0.6,0.6,0.2,safe,"Well-lit street, was quite busy with other members of public.; Well-lit street, was quite busy with other members of public.","[('lit street', 0.7497), ('busy members', 0.6292), ('members public', 0.5889), ('lit', 0.4973), ('quite', 0.3242)]","[('street', 0.5627), ('public', 0.5542), ('busy', 0.5319), ('lit', 0.4973), ('members', 0.3455)]","[('public lit street', 0.7701), ('street quite busy', 0.7673), ('quite busy members', 0.6288), ('members public', 0.5889), ('quite', 0.3242)]","[('street', 0.5627), ('public', 0.5542), ('other members', 0.4653)]"
52.29054,-1.57827,2.0,0.4,0.4,0.6,unsafe,The route was isolated as it was far away from shops and any public spaces. The hospital was nearby which made me feel more safe but overall would have preferred a more busy route.; The route was isolated as it was far away from shops and any public spaces. The hospital was nearby which made me feel more safe but overall would have preferred a more busy route.,"[('away shops', 0.4378), ('busy route', 0.2991), ('shops public', 0.2677), ('hospital nearby', 0.2667), ('overall preferred', 0.1806)]","[('isolated', 0.3072), ('busy', 0.1983), ('hospital', 0.1886), ('shops', 0.1568), ('nearby', 0.1452)]","[('away shops public', 0.5348), ('overall preferred busy', 0.3259), ('hospital nearby', 0.2667), ('safe', 0.2519), ('spaces hospital', 0.2223)]","[('busy route', 0.2991), ('public spaces', 0.2023), ('hospital', 0.1886), ('shops', 0.1568), ('route', 0.0445)]"
52.28819,-1.5403,4.0,0.6,0.8,0.4,safe,The walk through the park is nice and busy in the daytime. Felt very safe and was a scenic route.; The walk through the park is nice and busy in the daytime. Felt very safe and was a scenic route.,"[('park nice', 0.6938), ('safe', 0.4375), ('scenic', 0.416), ('busy daytime', 0.3986), ('route walk', 0.3301)]","[('park', 0.4643), ('safe', 0.4375), ('daytime', 0.3958), ('walk', 0.2866), ('busy', 0.218)]","[('walk park nice', 0.7759), ('daytime felt safe', 0.6322), ('park', 0.4643), ('busy daytime', 0.3986), ('route', 0.0843)]","[('scenic route', 0.5427), ('park', 0.4643), ('daytime', 0.3958), ('walk', 0.2866), ('felt', 0.1426)]"
52.28784,-1.56382,2.0,0.4,0.4,0.6,unsafe,The route was isolated as it was far away from shops and any public spaces. The hospital was nearby which made me feel more safe but overall would have preferred a more busy route.; The route was isolated as it was far away from shops and any public spaces. The hospital was nearby which made me feel more safe but overall would have preferred a more busy route.,"[('away shops', 0.4378), ('busy route', 0.2991), ('shops public', 0.2677), ('hospital nearby', 0.2667), ('overall preferred', 0.1806)]","[('isolated', 0.3072), ('busy', 0.1983), ('hospital', 0.1886), ('shops', 0.1568), ('nearby', 0.1452)]","[('away shops public', 0.5348), ('overall preferred busy', 0.3259), ('hospital nearby', 0.2667), ('safe', 0.2519), ('spaces hospital', 0.2223)]","[('busy route', 0.2991), ('public spaces', 0.2023), ('hospital', 0.1886), ('shops', 0.1568), ('route', 0.0445)]"
52.27586,-1.51665,3.0,0.6,0.6,0.2,safe,"Well-lit street, was quite busy with other members of public.; Well-lit street, was quite busy with other members of public.","[('lit street', 0.7497), ('busy members', 0.6292), ('members public', 0.5889), ('lit', 0.4973), ('quite', 0.3242)]","[('street', 0.5627), ('public', 0.5542), ('busy', 0.5319), ('lit', 0.4973), ('members', 0.3455)]","[('public lit street', 0.7701), ('street quite busy', 0.7673), ('quite busy members', 0.6288), ('members public', 0.5889), ('quite', 0.3242)]","[('street', 0.5627), ('public', 0.5542), ('other members', 0.4653)]"
52.28658,-1.56061,4.0,0.6,0.8,0.4,safe,The walk through the park is nice and busy in the daytime. Felt very safe and was a scenic route.; The walk through the park is nice and busy in the daytime. Felt very safe and was a scenic route.,"[('park nice', 0.6938), ('safe', 0.4375), ('scenic', 0.416), ('busy daytime', 0.3986), ('route walk', 0.3301)]","[('park', 0.4643), ('safe', 0.4375), ('daytime', 0.3958), ('walk', 0.2866), ('busy', 0.218)]","[('walk park nice', 0.7759), ('daytime felt safe', 0.6322), ('park', 0.4643), ('busy daytime', 0.3986), ('route', 0.0843)]","[('scenic route', 0.5427), ('park', 0.4643), ('daytime', 0.3958), ('walk', 0.2866), ('felt', 0.1426)]"
52.28757,-1.5382,4.0,0.6,0.8,0.4,safe,The walk through the park is nice and busy in the daytime. Felt very safe and was a scenic route.; The walk through the park is nice and busy in the daytime. Felt very safe and was a scenic route.,"[('park nice', 0.6938), ('safe', 0.4375), ('scenic', 0.416), ('busy daytime', 0.3986), ('route walk', 0.3301)]","[('park', 0.4643), ('safe', 0.4375), ('daytime', 0.3958), ('walk', 0.2866), ('busy', 0.218)]","[('walk park nice', 0.7759), ('daytime felt safe', 0.6322), ('park', 0.4643), ('busy daytime', 0.3986), ('route', 0.0843)]","[('scenic route', 0.5427), ('park', 0.4643), ('daytime', 0.3958), ('walk', 0.2866), ('felt', 0.1426)]"
52.2961,-1.53742,2.0,0.6,0.4,0.4,unsafe,"The route was fairly well-lit, but it was quite far from  the main high street so I felt less safe.; The route was fairly well-lit, but it was quite far from  the main high street so I felt less safe.","[('street felt', 0.3053), ('felt safe', 0.2017), ('main high', 0.1687), ('lit quite', 0.1426), ('route', 0.0461)]","[('street', 0.2276), ('safe', 0.1887), ('high', 0.1745), ('lit', 0.088), ('main', 0.044)]","[('street felt safe', 0.381), ('high street felt', 0.3128), ('far main high', 0.2326), ('street', 0.2276), ('lit quite', 0.1426)]","[('main high street', 0.2607), ('route', 0.0461)]"
52.28793,-1.5667,3.0,0.8,0.8,0.2,safe,"The route was busy with the public, but there was a lot of cars which made me feel unsafe at times.; The route was busy with the public, but there was a lot of cars which made me feel unsafe at times.","[('busy public', 0.5604), ('lot cars', 0.3592), ('unsafe', 0.3211), ('public', 0.1818), ('times route', 0.0321)]","[('busy', 0.3785), ('unsafe', 0.3211), ('cars', 0.3133), ('public', 0.1818), ('route', 0.003)]","[('cars feel unsafe', 0.7099), ('busy public', 0.5604), ('lot cars', 0.3592), ('unsafe', 0.3211), ('times route', 0.0321)]","[('cars', 0.3133), ('public', 0.1818), ('lot', 0.1286), ('times', 0.0115), ('route', 0.003)]"
52.2902,-1.53805,2.0,0.6,0.4,0.4,unsafe,"The route was fairly well-lit, but it was quite far from  the main high street so I felt less safe.; The route was fairly well-lit, but it was quite far from  the main high street so I felt less safe.","[('street felt', 0.3053), ('felt safe', 0.2017), ('main high', 0.1687), ('lit quite', 0.1426), ('route', 0.0461)]","[('street', 0.2276), ('safe', 0.1887), ('high', 0.1745), ('lit', 0.088), ('main', 0.044)]","[('street felt safe', 0.381), ('high street felt', 0.3128), ('far main high', 0.2326), ('street', 0.2276), ('lit quite', 0.1426)]","[('main high street', 0.2607), ('route', 0.0461)]"
52.28455,-1.53545,1.0,0.2,0.2,0.2,unsafe,"This route was terrible - had to go through dark, unlit roads.; This route was terrible - had to go through dark, unlit roads.; This route was terrible - had to go through dark, unlit roads.; This route was terrible - had to go through dark, unlit roads.; This route was terrible - had to go through dark, unlit roads.; This route was terrible - had to go through dark, unlit roads.","[('terrible dark', 0.7726), ('dark', 0.53), ('unlit roads', 0.4342), ('unlit', 0.3458), ('roads route', 0.2632)]","[('terrible', 0.6186), ('dark', 0.53), ('unlit', 0.3458), ('roads', 0.3104), ('route', 0.1826)]","[('terrible dark unlit', 0.8118), ('roads route terrible', 0.7452), ('dark', 0.53), ('unlit roads', 0.4342), ('roads route', 0.2632)]","[('unlit roads', 0.4342), ('route', 0.1826)]"
52.27632,-1.52168,3.0,0.6,0.6,0.2,safe,"Well-lit street, was quite busy with other members of public.; Well-lit street, was quite busy with other members of public.","[('lit street', 0.7497), ('busy members', 0.6292), ('members public', 0.5889), ('lit', 0.4973), ('quite', 0.3242)]","[('street', 0.5627), ('public', 0.5542), ('busy', 0.5319), ('lit', 0.4973), ('members', 0.3455)]","[('public lit street', 0.7701), ('street quite busy', 0.7673), ('quite busy members', 0.6288), ('members public', 0.5889), ('quite', 0.3242)]","[('street', 0.5627), ('public', 0.5542), ('other members', 0.4653)]"
52.27517,-1.52654,4.0,0.8,0.8,0.4,safe,The route felt fairly safe with some access to public spaces.; The route felt fairly safe with some access to public spaces.,"[('safe access', 0.8528), ('felt fairly', 0.6885), ('public', 0.5552), ('route felt', 0.5215), ('spaces route', 0.463)]","[('safe', 0.7503), ('public', 0.5552), ('felt', 0.46), ('spaces', 0.4411), ('route', 0.3972)]","[('fairly safe access', 0.8703), ('public spaces route', 0.5572), ('access public', 0.5137), ('spaces route', 0.463), ('felt', 0.46)]","[('public spaces', 0.6254), ('access', 0.4339), ('route', 0.3972)]"
52.28442,-1.5352,1.0,0.2,0.2,0.2,unsafe,"This route was terrible - had to go through dark, unlit roads.; This route was terrible - had to go through dark, unlit roads.; This route was terrible - had to go through dark, unlit roads.; This route was terrible - had to go through dark, unlit roads.; This route was terrible - had to go through dark, unlit roads.; This route was terrible - had to go through dark, unlit roads.","[('terrible dark', 0.7726), ('dark', 0.53), ('unlit roads', 0.4342), ('unlit', 0.3458), ('roads route', 0.2632)]","[('terrible', 0.6186), ('dark', 0.53), ('unlit', 0.3458), ('roads', 0.3104), ('route', 0.1826)]","[('terrible dark unlit', 0.8118), ('roads route terrible', 0.7452), ('dark', 0.53), ('unlit roads', 0.4342), ('roads route', 0.2632)]","[('unlit roads', 0.4342), ('route', 0.1826)]"
52.29015,-1.57997,2.5,0.6,0.6,0.4,unsafe,"The route was busy with the public, but there was a lot of cars which made me feel unsafe at times.; The route was isolated as it was far away from shops and any public spaces. The hospital was nearby which made me feel more safe but overall would have preferred a more busy route.; The route was busy with the public, but there was a lot of cars which made me feel unsafe at times.; The route was isolated as it was far away from shops and any public spaces. The hospital was nearby which made me feel more safe but overall would have preferred a more busy route.","[('busy route', 0.3729), ('hospital nearby', 0.2311), ('cars', 0.1932), ('isolated', 0.1011), ('shops', 0.0952)]","[('unsafe', 0.2223), ('cars', 0.1932), ('hospital', 0.1045), ('shops', 0.0952), ('nearby', 0.0527)]","[('cars feel unsafe', 0.586), ('away shops public', 0.4198), ('hospital nearby', 0.2311), ('lot cars', 0.2222), ('times route', -0.0546)]","[('busy route', 0.3729), ('cars', 0.1932), ('hospital', 0.1045), ('shops', 0.0952), ('times', -0.1172)]"
52.28573,-1.53308,2.0,0.4,0.4,0.3,unsafe,"The route included backstreets which were isolated and there was no lighting in the evening. I felt unsafe on the route.; There was little lighting when we walked through the park, felt very unsafe.; The route included backstreets which were isolated and there was no lighting in the evening. I felt unsafe on the route.; There was little lighting when we walked through the park, felt very unsafe.","[('unsafe route', 0.5591), ('little lighting', 0.3714), ('walked park', 0.2822), ('lighting evening', 0.2365), ('included backstreets', 0.0938)]","[('unsafe', 0.4423), ('park', 0.1965), ('evening', 0.1873), ('walked', 0.1097), ('lighting', 0.0761)]","[('park felt unsafe', 0.7346), ('isolated', 0.2729), ('park', 0.1965), ('route included backstreets', 0.1944), ('lighting walked', 0.1254)]","[('little lighting', 0.3714), ('park', 0.1965), ('backstreets', 0.1948), ('evening', 0.1873), ('lighting', 0.0761)]"
52.29081,-1.58309,2.5,0.6,0.6,0.4,unsafe,"The route was busy with the public, but there was a lot of cars which made me feel unsafe at times.; The route was isolated as it was far away from shops and any public spaces. The hospital was nearby which made me feel more safe but overall would have preferred a more busy route.; The route was busy with the public, but there was a lot of cars which made me feel unsafe at times.; The route was isolated as it was far away from shops and any public spaces. The hospital was nearby which made me feel more safe but overall would have preferred a more busy route.","[('busy route', 0.3729), ('hospital nearby', 0.2311), ('cars', 0.1932), ('isolated', 0.1011), ('shops', 0.0952)]","[('unsafe', 0.2223), ('cars', 0.1932), ('hospital', 0.1045), ('shops', 0.0952), ('nearby', 0.0527)]","[('cars feel unsafe', 0.586), ('away shops public', 0.4198), ('hospital nearby', 0.2311), ('lot cars', 0.2222), ('times route', -0.0546)]","[('busy route', 0.3729), ('cars', 0.1932), ('hospital', 0.1045), ('shops', 0.0952), ('times', -0.1172)]"
52.28486,-1.55428,4.0,0.6,0.8,0.4,safe,The walk through the park is nice and busy in the daytime. Felt very safe and was a scenic route.; The walk through the park is nice and busy in the daytime. Felt very safe and was a scenic route.,"[('park nice', 0.6938), ('safe', 0.4375), ('scenic', 0.416), ('busy daytime', 0.3986), ('route walk', 0.3301)]","[('park', 0.4643), ('safe', 0.4375), ('daytime', 0.3958), ('walk', 0.2866), ('busy', 0.218)]","[('walk park nice', 0.7759), ('daytime felt safe', 0.6322), ('park', 0.4643), ('busy daytime', 0.3986), ('route', 0.0843)]","[('scenic route', 0.5427), ('park', 0.4643), ('daytime', 0.3958), ('walk', 0.2866), ('felt', 0.1426)]"
52.27593,-1.52691,4.0,0.8,0.8,0.4,safe,The route felt fairly safe with some access to public spaces.; The route felt fairly safe with some access to public spaces.,"[('safe access', 0.8528), ('felt fairly', 0.6885), ('public', 0.5552), ('route felt', 0.5215), ('spaces route', 0.463)]","[('safe', 0.7503), ('public', 0.5552), ('felt', 0.46), ('spaces', 0.4411), ('route', 0.3972)]","[('fairly safe access', 0.8703), ('public spaces route', 0.5572), ('access public', 0.5137), ('spaces route', 0.463), ('felt', 0.46)]","[('public spaces', 0.6254), ('access', 0.4339), ('route', 0.3972)]"
52.28947,-1.5725,2.0,0.4,0.4,0.6,unsafe,The route was isolated as it was far away from shops and any public spaces. The hospital was nearby which made me feel more safe but overall would have preferred a more busy route.; The route was isolated as it was far away from shops and any public spaces. The hospital was nearby which made me feel more safe but overall would have preferred a more busy route.,"[('away shops', 0.4378), ('busy route', 0.2991), ('shops public', 0.2677), ('hospital nearby', 0.2667), ('overall preferred', 0.1806)]","[('isolated', 0.3072), ('busy', 0.1983), ('hospital', 0.1886), ('shops', 0.1568), ('nearby', 0.1452)]","[('away shops public', 0.5348), ('overall preferred busy', 0.3259), ('hospital nearby', 0.2667), ('safe', 0.2519), ('spaces hospital', 0.2223)]","[('busy route', 0.2991), ('public spaces', 0.2023), ('hospital', 0.1886), ('shops', 0.1568), ('route', 0.0445)]"
52.29114,-1.57753,3.0,0.8,0.8,0.2,safe,"The route was busy with the public, but there was a lot of cars which made me feel unsafe at times.; The route was busy with the public, but there was a lot of cars which made me feel unsafe at times.","[('busy public', 0.5604), ('lot cars', 0.3592), ('unsafe', 0.3211), ('public', 0.1818), ('times route', 0.0321)]","[('busy', 0.3785), ('unsafe', 0.3211), ('cars', 0.3133), ('public', 0.1818), ('route', 0.003)]","[('cars feel unsafe', 0.7099), ('busy public', 0.5604), ('lot cars', 0.3592), ('unsafe', 0.3211), ('times route', 0.0321)]","[('cars', 0.3133), ('public', 0.1818), ('lot', 0.1286), ('times', 0.0115), ('route', 0.003)]"
52.28646,-1.56076,4.0,0.6,0.8,0.4,safe,The walk through the park is nice and busy in the daytime. Felt very safe and was a scenic route.; The walk through the park is nice and busy in the daytime. Felt very safe and was a scenic route.,"[('park nice', 0.6938), ('safe', 0.4375), ('scenic', 0.416), ('busy daytime', 0.3986), ('route walk', 0.3301)]","[('park', 0.4643), ('safe', 0.4375), ('daytime', 0.3958), ('walk', 0.2866), ('busy', 0.218)]","[('walk park nice', 0.7759), ('daytime felt safe', 0.6322), ('park', 0.4643), ('busy daytime', 0.3986), ('route', 0.0843)]","[('scenic route', 0.5427), ('park', 0.4643), ('daytime', 0.3958), ('walk', 0.2866), ('felt', 0.1426)]"
52.28525,-1.53662,1.0,0.2,0.2,0.2,unsafe,"This route was terrible - had to go through dark, unlit roads.; This route was terrible - had to go through dark, unlit roads.; This route was terrible - had to go through dark, unlit roads.; This route was terrible - had to go through dark, unlit roads.; This route was terrible - had to go through dark, unlit roads.; This route was terrible - had to go through dark, unlit roads.","[('terrible dark', 0.7726), ('dark', 0.53), ('unlit roads', 0.4342), ('unlit', 0.3458), ('roads route', 0.2632)]","[('terrible', 0.6186), ('dark', 0.53), ('unlit', 0.3458), ('roads', 0.3104), ('route', 0.1826)]","[('terrible dark unlit', 0.8118), ('roads route terrible', 0.7452), ('dark', 0.53), ('unlit roads', 0.4342), ('roads route', 0.2632)]","[('unlit roads', 0.4342), ('route', 0.1826)]"
52.28805,-1.5349,3.0,0.6,0.4,0.2,safe,"There was a long, isolated road with a lack of lighting on the route.; There was a long, isolated road with a lack of lighting on the route.","[('isolated road', 0.7717), ('long isolated', 0.6521), ('road', 0.5312), ('route long', 0.4862), ('lighting', 0.3005)]","[('isolated', 0.57), ('road', 0.5312), ('long', 0.454), ('route', 0.3725), ('lighting', 0.3005)]","[('long isolated road', 0.8514), ('lack lighting route', 0.7515), ('road', 0.5312), ('long', 0.454), ('lighting', 0.3005)]","[('isolated road', 0.7717), ('lack', 0.5557), ('route', 0.3725), ('lighting', 0.3005)]"
52.29078,-1.57815,3.0,0.8,0.8,0.2,safe,"The route was busy with the public, but there was a lot of cars which made me feel unsafe at times.; The route was busy with the public, but there was a lot of cars which made me feel unsafe at times.","[('busy public', 0.5604), ('lot cars', 0.3592), ('unsafe', 0.3211), ('public', 0.1818), ('times route', 0.0321)]","[('busy', 0.3785), ('unsafe', 0.3211), ('cars', 0.3133), ('public', 0.1818), ('route', 0.003)]","[('cars feel unsafe', 0.7099), ('busy public', 0.5604), ('lot cars', 0.3592), ('unsafe', 0.3211), ('times route', 0.0321)]","[('cars', 0.3133), ('public', 0.1818), ('lot', 0.1286), ('times', 0.0115), ('route', 0.003)]"
52.28248,-1.55028,3.0,0.8,0.8,0.2,safe,"The route was busy with the public, but there was a lot of cars which made me feel unsafe at times.; The route was busy with the public, but there was a lot of cars which made me feel unsafe at times.","[('busy public', 0.5604), ('lot cars', 0.3592), ('unsafe', 0.3211), ('public', 0.1818), ('times route', 0.0321)]","[('busy', 0.3785), ('unsafe', 0.3211), ('cars', 0.3133), ('public', 0.1818), ('route', 0.003)]","[('cars feel unsafe', 0.7099), ('busy public', 0.5604), ('lot cars', 0.3592), ('unsafe', 0.3211), ('times route', 0.0321)]","[('cars', 0.3133), ('public', 0.1818), ('lot', 0.1286), ('times', 0.0115), ('route', 0.003)]"
52.27598,-1.51715,3.0,0.6,0.6,0.2,safe,"Well-lit street, was quite busy with other members of public.; Well-lit street, was quite busy with other members of public.","[('lit street', 0.7497), ('busy members', 0.6292), ('members public', 0.5889), ('lit', 0.4973), ('quite', 0.3242)]","[('street', 0.5627), ('public', 0.5542), ('busy', 0.5319), ('lit', 0.4973), ('members', 0.3455)]","[('public lit street', 0.7701), ('street quite busy', 0.7673), ('quite busy members', 0.6288), ('members public', 0.5889), ('quite', 0.3242)]","[('street', 0.5627), ('public', 0.5542), ('other members', 0.4653)]"
52.28782,-1.56596,2.0,0.4,0.4,0.6,unsafe,The route was isolated as it was far away from shops and any public spaces. The hospital was nearby which made me feel more safe but overall would have preferred a more busy route.; The route was isolated as it was far away from shops and any public spaces. The hospital was nearby which made me feel more safe but overall would have preferred a more busy route.,"[('away shops', 0.4378), ('busy route', 0.2991), ('shops public', 0.2677), ('hospital nearby', 0.2667), ('overall preferred', 0.1806)]","[('isolated', 0.3072), ('busy', 0.1983), ('hospital', 0.1886), ('shops', 0.1568), ('nearby', 0.1452)]","[('away shops public', 0.5348), ('overall preferred busy', 0.3259), ('hospital nearby', 0.2667), ('safe', 0.2519), ('spaces hospital', 0.2223)]","[('busy route', 0.2991), ('public spaces', 0.2023), ('hospital', 0.1886), ('shops', 0.1568), ('route', 0.0445)]"
52.28494,-1.55356,4.0,0.6,0.8,0.4,safe,The walk through the park is nice and busy in the daytime. Felt very safe and was a scenic route.; The walk through the park is nice and busy in the daytime. Felt very safe and was a scenic route.,"[('park nice', 0.6938), ('safe', 0.4375), ('scenic', 0.416), ('busy daytime', 0.3986), ('route walk', 0.3301)]","[('park', 0.4643), ('safe', 0.4375), ('daytime', 0.3958), ('walk', 0.2866), ('busy', 0.218)]","[('walk park nice', 0.7759), ('daytime felt safe', 0.6322), ('park', 0.4643), ('busy daytime', 0.3986), ('route', 0.0843)]","[('scenic route', 0.5427), ('park', 0.4643), ('daytime', 0.3958), ('walk', 0.2866), ('felt', 0.1426)]"
52.28503,-1.53355,2.0,0.4,0.4,0.4,unsafe,The route included backstreets which were isolated and there was no lighting in the evening. I felt unsafe on the route.; The route included backstreets which were isolated and there was no lighting in the evening. I felt unsafe on the route.,"[('unsafe route', 0.643), ('isolated lighting', 0.5442), ('lighting evening', 0.3723), ('included backstreets', 0.232), ('route route', 0.1834)]","[('unsafe', 0.5318), ('isolated', 0.3877), ('evening', 0.3389), ('backstreets', 0.3221), ('lighting', 0.1948)]","[('evening felt unsafe', 0.7467), ('backstreets isolated lighting', 0.5414), ('lighting evening', 0.3723), ('route route included', 0.1717), ('felt', 0.1071)]","[('evening', 0.3389), ('backstreets', 0.3221), ('lighting', 0.1948), ('route', 0.1466)]"
52.28474,-1.53544,1.0,0.2,0.2,0.2,unsafe,"This route was terrible - had to go through dark, unlit roads.; This route was terrible - had to go through dark, unlit roads.; This route was terrible - had to go through dark, unlit roads.; This route was terrible - had to go through dark, unlit roads.; This route was terrible - had to go through dark, unlit roads.; This route was terrible - had to go through dark, unlit roads.","[('terrible dark', 0.7726), ('dark', 0.53), ('unlit roads', 0.4342), ('unlit', 0.3458), ('roads route', 0.2632)]","[('terrible', 0.6186), ('dark', 0.53), ('unlit', 0.3458), ('roads', 0.3104), ('route', 0.1826)]","[('terrible dark unlit', 0.8118), ('roads route terrible', 0.7452), ('dark', 0.53), ('unlit roads', 0.4342), ('roads route', 0.2632)]","[('unlit roads', 0.4342), ('route', 0.1826)]"
52.29131,-1.53673,2.0,0.4,0.4,0.2,unsafe,"There was little lighting when we walked through the park, felt very unsafe.; There was little lighting when we walked through the park, felt very unsafe.","[('felt unsafe', 0.5283), ('little lighting', 0.4605), ('walked park', 0.369), ('walked', 0.1759), ('lighting', 0.112)]","[('unsafe', 0.4919), ('park', 0.2799), ('little', 0.2206), ('walked', 0.1759), ('lighting', 0.112)]","[('park felt unsafe', 0.7655), ('little lighting', 0.4605), ('park', 0.2799), ('lighting walked', 0.166), ('felt', 0.0386)]","[('little lighting', 0.4605), ('park', 0.2799)]"
52.28964,-1.55163,2.0,0.4,0.4,0.6,unsafe,The route was isolated as it was far away from shops and any public spaces. The hospital was nearby which made me feel more safe but overall would have preferred a more busy route.; The route was isolated as it was far away from shops and any public spaces. The hospital was nearby which made me feel more safe but overall would have preferred a more busy route.,"[('away shops', 0.4378), ('busy route', 0.2991), ('shops public', 0.2677), ('hospital nearby', 0.2667), ('overall preferred', 0.1806)]","[('isolated', 0.3072), ('busy', 0.1983), ('hospital', 0.1886), ('shops', 0.1568), ('nearby', 0.1452)]","[('away shops public', 0.5348), ('overall preferred busy', 0.3259), ('hospital nearby', 0.2667), ('safe', 0.2519), ('spaces hospital', 0.2223)]","[('busy route', 0.2991), ('public spaces', 0.2023), ('hospital', 0.1886), ('shops', 0.1568), ('route', 0.0445)]"
52.27608,-1.51758,3.0,0.6,0.6,0.2,safe,"Well-lit street, was quite busy with other members of public.; Well-lit street, was quite busy with other members of public.","[('lit street', 0.7497), ('busy members', 0.6292), ('members public', 0.5889), ('lit', 0.4973), ('quite', 0.3242)]","[('street', 0.5627), ('public', 0.5542), ('busy', 0.5319), ('lit', 0.4973), ('members', 0.3455)]","[('public lit street', 0.7701), ('street quite busy', 0.7673), ('quite busy members', 0.6288), ('members public', 0.5889), ('quite', 0.3242)]","[('street', 0.5627), ('public', 0.5542), ('other members', 0.4653)]"
52.2792974,-1.5298098,2.5,0.5,0.6,0.2,unsafe,There were many public spaces on the route; The route included some isolated streets that were very dark. I felt unsafe especially as I was alone.; There were many public spaces on the route; The route included some isolated streets that were very dark. I felt unsafe especially as I was alone.,"[('streets dark', 0.672), ('felt unsafe', 0.5799), ('included isolated', 0.3742), ('especially public', 0.3398), ('route included', 0.1742)]","[('unsafe', 0.5011), ('dark', 0.4627), ('streets', 0.3627), ('isolated', 0.2973), ('spaces', 0.164)]","[('dark felt unsafe', 0.7224), ('isolated streets', 0.509), ('public spaces route', 0.2798), ('route route included', 0.2046), ('felt', 0.1223)]","[('isolated streets', 0.509), ('many public spaces', 0.4183), ('route', 0.1338)]"
52.28779,-1.53467,3.0,0.6,0.4,0.2,safe,"There was a long, isolated road with a lack of lighting on the route.; There was a long, isolated road with a lack of lighting on the route.","[('isolated road', 0.7717), ('long isolated', 0.6521), ('road', 0.5312), ('route long', 0.4862), ('lighting', 0.3005)]","[('isolated', 0.57), ('road', 0.5312), ('long', 0.454), ('route', 0.3725), ('lighting', 0.3005)]","[('long isolated road', 0.8514), ('lack lighting route', 0.7515), ('road', 0.5312), ('long', 0.454), ('lighting', 0.3005)]","[('isolated road', 0.7717), ('lack', 0.5557), ('route', 0.3725), ('lighting', 0.3005)]"
52.27968,-1.54216,3.0,0.6,0.4,0.2,safe,"There was a long, isolated road with a lack of lighting on the route.; There was a long, isolated road with a lack of lighting on the route.","[('isolated road', 0.7717), ('long isolated', 0.6521), ('road', 0.5312), ('route long', 0.4862), ('lighting', 0.3005)]","[('isolated', 0.57), ('road', 0.5312), ('long', 0.454), ('route', 0.3725), ('lighting', 0.3005)]","[('long isolated road', 0.8514), ('lack lighting route', 0.7515), ('road', 0.5312), ('long', 0.454), ('lighting', 0.3005)]","[('isolated road', 0.7717), ('lack', 0.5557), ('route', 0.3725), ('lighting', 0.3005)]"
52.2857262,-1.5330768,3.5,0.7,0.9,0.4,safe,"This route was very well-lit, with lots of access to shops if needed. Many people were walking around even though it's dark.; The route had lots of public spaces available so I felt at ease.; This route was very well-lit, with lots of access to shops if needed. Many people were walking around even though it's dark.; The route had lots of public spaces available so I felt at ease.","[('lots public', 0.4348), ('shops needed', 0.4215), ('felt ease', 0.3829), ('walking dark', 0.2846), ('route', 0.0576)]","[('shops', 0.387), ('ease', 0.3262), ('walking', 0.314), ('dark', 0.1434), ('needed', 0.1335)]","[('lots public spaces', 0.523), ('shops needed people', 0.4721), ('available felt ease', 0.4679), ('walking dark route', 0.2993), ('needed', 0.1335)]","[('shops', 0.387), ('public spaces', 0.3798), ('ease', 0.3262), ('many people', 0.3126), ('route', 0.0576)]"
52.286249,-1.526155,2.0,0.4,0.4,0.2,unsafe,Very poorly lit route. Felt unsafe and was far away from the public and main roads.; Very poorly lit route. Felt unsafe and was far away from the public and main roads.,"[('roads poorly', 0.7913), ('away public', 0.6149), ('main roads', 0.3145), ('main', 0.2565), ('lit', 0.1903)]","[('unsafe', 0.7154), ('away', 0.4561), ('roads', 0.3563), ('main', 0.2565), ('lit', 0.1903)]","[('roads poorly lit', 0.8281), ('unsafe far', 0.7396), ('away public', 0.6149), ('public main roads', 0.3335), ('main', 0.2565)]","[('main roads', 0.3145), ('route', 0.2245)]"
52.27435,-1.52474,4.0,0.8,0.8,0.4,safe,The route felt fairly safe with some access to public spaces.; The route felt fairly safe with some access to public spaces.,"[('safe access', 0.8528), ('felt fairly', 0.6885), ('public', 0.5552), ('route felt', 0.5215), ('spaces route', 0.463)]","[('safe', 0.7503), ('public', 0.5552), ('felt', 0.46), ('spaces', 0.4411), ('route', 0.3972)]","[('fairly safe access', 0.8703), ('public spaces route', 0.5572), ('access public', 0.5137), ('spaces route', 0.463), ('felt', 0.46)]","[('public spaces', 0.6254), ('access', 0.4339), ('route', 0.3972)]"
52.2873121,-1.5357703,3.0,0.6,0.8,0.4,safe,"Very well-lit route, the greenery was busy with the public during the afternoons.; Very well-lit route, the greenery was busy with the public during the afternoons.","[('afternoons lit', 0.6643), ('route greenery', 0.4942), ('busy public', 0.4689), ('public', 0.3067), ('route', 0.0992)]","[('afternoons', 0.5527), ('greenery', 0.491), ('busy', 0.3292), ('public', 0.3067), ('route', 0.0992)]","[('busy public afternoons', 0.7492), ('afternoons lit', 0.6643), ('lit route greenery', 0.5747), ('busy', 0.3292), ('route', 0.0992)]","[('afternoons', 0.5527), ('greenery', 0.491), ('public', 0.3067), ('route', 0.0992)]"
52.2909716,-1.5830234,3.0,0.4,0.4,0.2,safe,Walking near the park at night meant there was little lighting and no access to public spaces.; Walking near the park at night meant there was little lighting and no access to public spaces.,"[('little lighting', 0.4558), ('park night', 0.4455), ('walking near', 0.248), ('access public', 0.1453), ('lighting', 0.1286)]","[('night', 0.3618), ('park', 0.2183), ('walking', 0.2139), ('little', 0.1727), ('lighting', 0.1286)]","[('night meant little', 0.5424), ('near park night', 0.5276), ('walking near park', 0.4015), ('walking', 0.2139), ('access public', 0.1453)]","[('little lighting', 0.4558), ('night', 0.3618), ('park', 0.2183), ('public spaces', 0.2169), ('access', 0.023)]"
52.28506,-1.53542,1.75,0.3,0.25,0.2,unsafe,"This route was terrible - had to go through dark, unlit roads.; This route was terrible - had to go through dark, unlit roads.; This route was terrible - had to go through dark, unlit roads.; This route was terrible - had to go through dark, unlit roads.; This route was terrible - had to go through dark, unlit roads.; This route was terrible - had to go through dark, unlit roads.; The route felt fairly safe with some street lighting, however there was nobody around at this time of night.; The route did not feel safe at all. I had to walk through a park by myself and felt helpless if anything were to happen.","[('terrible dark', 0.6785), ('unlit roads', 0.478), ('lighting time', 0.1792), ('fairly safe', 0.1667), ('walk park', 0.1284)]","[('terrible', 0.4964), ('night', 0.4037), ('roads', 0.2567), ('lighting', 0.1831), ('park', 0.0876)]","[('terrible dark unlit', 0.7617), ('lighting time night', 0.4559), ('street lighting', 0.319), ('safe walk park', 0.1856), ('route did', 0.0656)]","[('unlit roads', 0.478), ('night', 0.4037), ('street lighting', 0.319), ('park', 0.0876), ('anything', 0.0439)]"
52.28678,-1.54828,4.0,0.6,0.8,0.4,safe,The walk through the park is nice and busy in the daytime. Felt very safe and was a scenic route.; The walk through the park is nice and busy in the daytime. Felt very safe and was a scenic route.,"[('park nice', 0.6938), ('safe', 0.4375), ('scenic', 0.416), ('busy daytime', 0.3986), ('route walk', 0.3301)]","[('park', 0.4643), ('safe', 0.4375), ('daytime', 0.3958), ('walk', 0.2866), ('busy', 0.218)]","[('walk park nice', 0.7759), ('daytime felt safe', 0.6322), ('park', 0.4643), ('busy daytime', 0.3986), ('route', 0.0843)]","[('scenic route', 0.5427), ('park', 0.4643), ('daytime', 0.3958), ('walk', 0.2866), ('felt', 0.1426)]"
52.28603,-1.53736,1.0,0.2,0.2,0.2,unsafe,"This route was terrible - had to go through dark, unlit roads.; This route was terrible - had to go through dark, unlit roads.; This route was terrible - had to go through dark, unlit roads.; This route was terrible - had to go through dark, unlit roads.; This route was terrible - had to go through dark, unlit roads.; This route was terrible - had to go through dark, unlit roads.","[('terrible dark', 0.7726), ('dark', 0.53), ('unlit roads', 0.4342), ('unlit', 0.3458), ('roads route', 0.2632)]","[('terrible', 0.6186), ('dark', 0.53), ('unlit', 0.3458), ('roads', 0.3104), ('route', 0.1826)]","[('terrible dark unlit', 0.8118), ('roads route terrible', 0.7452), ('dark', 0.53), ('unlit roads', 0.4342), ('roads route', 0.2632)]","[('unlit roads', 0.4342), ('route', 0.1826)]"
52.27966,-1.5453,3.0,0.6,0.4,0.2,safe,"There was a long, isolated road with a lack of lighting on the route.; There was a long, isolated road with a lack of lighting on the route.","[('isolated road', 0.7717), ('long isolated', 0.6521), ('road', 0.5312), ('route long', 0.4862), ('lighting', 0.3005)]","[('isolated', 0.57), ('road', 0.5312), ('long', 0.454), ('route', 0.3725), ('lighting', 0.3005)]","[('long isolated road', 0.8514), ('lack lighting route', 0.7515), ('road', 0.5312), ('long', 0.454), ('lighting', 0.3005)]","[('isolated road', 0.7717), ('lack', 0.5557), ('route', 0.3725), ('lighting', 0.3005)]"
52.29134,-1.57822,2.5,0.6,0.6,0.4,unsafe,"The route was busy with the public, but there was a lot of cars which made me feel unsafe at times.; The route was isolated as it was far away from shops and any public spaces. The hospital was nearby which made me feel more safe but overall would have preferred a more busy route.; The route was busy with the public, but there was a lot of cars which made me feel unsafe at times.; The route was isolated as it was far away from shops and any public spaces. The hospital was nearby which made me feel more safe but overall would have preferred a more busy route.","[('busy route', 0.3729), ('hospital nearby', 0.2311), ('cars', 0.1932), ('isolated', 0.1011), ('shops', 0.0952)]","[('unsafe', 0.2223), ('cars', 0.1932), ('hospital', 0.1045), ('shops', 0.0952), ('nearby', 0.0527)]","[('cars feel unsafe', 0.586), ('away shops public', 0.4198), ('hospital nearby', 0.2311), ('lot cars', 0.2222), ('times route', -0.0546)]","[('busy route', 0.3729), ('cars', 0.1932), ('hospital', 0.1045), ('shops', 0.0952), ('times', -0.1172)]"
52.29141,-1.57826,2.0,0.4,0.4,0.6,unsafe,The route was isolated as it was far away from shops and any public spaces. The hospital was nearby which made me feel more safe but overall would have preferred a more busy route.; The route was isolated as it was far away from shops and any public spaces. The hospital was nearby which made me feel more safe but overall would have preferred a more busy route.,"[('away shops', 0.4378), ('busy route', 0.2991), ('shops public', 0.2677), ('hospital nearby', 0.2667), ('overall preferred', 0.1806)]","[('isolated', 0.3072), ('busy', 0.1983), ('hospital', 0.1886), ('shops', 0.1568), ('nearby', 0.1452)]","[('away shops public', 0.5348), ('overall preferred busy', 0.3259), ('hospital nearby', 0.2667), ('safe', 0.2519), ('spaces hospital', 0.2223)]","[('busy route', 0.2991), ('public spaces', 0.2023), ('hospital', 0.1886), ('shops', 0.1568), ('route', 0.0445)]"
52.28603,-1.55937,3.0,0.8,0.8,0.2,safe,"The route was busy with the public, but there was a lot of cars which made me feel unsafe at times.; The route was busy with the public, but there was a lot of cars which made me feel unsafe at times.","[('busy public', 0.5604), ('lot cars', 0.3592), ('unsafe', 0.3211), ('public', 0.1818), ('times route', 0.0321)]","[('busy', 0.3785), ('unsafe', 0.3211), ('cars', 0.3133), ('public', 0.1818), ('route', 0.003)]","[('cars feel unsafe', 0.7099), ('busy public', 0.5604), ('lot cars', 0.3592), ('unsafe', 0.3211), ('times route', 0.0321)]","[('cars', 0.3133), ('public', 0.1818), ('lot', 0.1286), ('times', 0.0115), ('route', 0.003)]"
52.28903,-1.53796,2.0,0.6,0.4,0.4,unsafe,"The route was fairly well-lit, but it was quite far from  the main high street so I felt less safe.; The route was fairly well-lit, but it was quite far from  the main high street so I felt less safe.","[('street felt', 0.3053), ('felt safe', 0.2017), ('main high', 0.1687), ('lit quite', 0.1426), ('route', 0.0461)]","[('street', 0.2276), ('safe', 0.1887), ('high', 0.1745), ('lit', 0.088), ('main', 0.044)]","[('street felt safe', 0.381), ('high street felt', 0.3128), ('far main high', 0.2326), ('street', 0.2276), ('lit quite', 0.1426)]","[('main high street', 0.2607), ('route', 0.0461)]"
52.28755,-1.53914,1.0,0.2,0.2,0.2,unsafe,"This route was terrible - had to go through dark, unlit roads.; This route was terrible - had to go through dark, unlit roads.; This route was terrible - had to go through dark, unlit roads.; This route was terrible - had to go through dark, unlit roads.; This route was terrible - had to go through dark, unlit roads.; This route was terrible - had to go through dark, unlit roads.","[('terrible dark', 0.7726), ('dark', 0.53), ('unlit roads', 0.4342), ('unlit', 0.3458), ('roads route', 0.2632)]","[('terrible', 0.6186), ('dark', 0.53), ('unlit', 0.3458), ('roads', 0.3104), ('route', 0.1826)]","[('terrible dark unlit', 0.8118), ('roads route terrible', 0.7452), ('dark', 0.53), ('unlit roads', 0.4342), ('roads route', 0.2632)]","[('unlit roads', 0.4342), ('route', 0.1826)]"
52.28903,-1.53799,2.0,0.6,0.4,0.4,unsafe,"The route was fairly well-lit, but it was quite far from  the main high street so I felt less safe.; The route was fairly well-lit, but it was quite far from  the main high street so I felt less safe.","[('street felt', 0.3053), ('felt safe', 0.2017), ('main high', 0.1687), ('lit quite', 0.1426), ('route', 0.0461)]","[('street', 0.2276), ('safe', 0.1887), ('high', 0.1745), ('lit', 0.088), ('main', 0.044)]","[('street felt safe', 0.381), ('high street felt', 0.3128), ('far main high', 0.2326), ('street', 0.2276), ('lit quite', 0.1426)]","[('main high street', 0.2607), ('route', 0.0461)]"
52.2912,-1.53811,2.0,0.6,0.4,0.4,unsafe,"The route was fairly well-lit, but it was quite far from  the main high street so I felt less safe.; The route was fairly well-lit, but it was quite far from  the main high street so I felt less safe.","[('street felt', 0.3053), ('felt safe', 0.2017), ('main high', 0.1687), ('lit quite', 0.1426), ('route', 0.0461)]","[('street', 0.2276), ('safe', 0.1887), ('high', 0.1745), ('lit', 0.088), ('main', 0.044)]","[('street felt safe', 0.381), ('high street felt', 0.3128), ('far main high', 0.2326), ('street', 0.2276), ('lit quite', 0.1426)]","[('main high street', 0.2607), ('route', 0.0461)]"
52.2858,-1.53649,1.0,0.2,0.2,0.2,unsafe,"This route was terrible - had to go through dark, unlit roads.; This route was terrible - had to go through dark, unlit roads.; This route was terrible - had to go through dark, unlit roads.; This route was terrible - had to go through dark, unlit roads.; This route was terrible - had to go through dark, unlit roads.; This route was terrible - had to go through dark, unlit roads.","[('terrible dark', 0.7726), ('dark', 0.53), ('unlit roads', 0.4342), ('unlit', 0.3458), ('roads route', 0.2632)]","[('terrible', 0.6186), ('dark', 0.53), ('unlit', 0.3458), ('roads', 0.3104), ('route', 0.1826)]","[('terrible dark unlit', 0.8118), ('roads route terrible', 0.7452), ('dark', 0.53), ('unlit roads', 0.4342), ('roads route', 0.2632)]","[('unlit roads', 0.4342), ('route', 0.1826)]"
52.28248,-1.55215,3.0,0.8,0.8,0.2,safe,"The route was busy with the public, but there was a lot of cars which made me feel unsafe at times.; The route was busy with the public, but there was a lot of cars which made me feel unsafe at times.","[('busy public', 0.5604), ('lot cars', 0.3592), ('unsafe', 0.3211), ('public', 0.1818), ('times route', 0.0321)]","[('busy', 0.3785), ('unsafe', 0.3211), ('cars', 0.3133), ('public', 0.1818), ('route', 0.003)]","[('cars feel unsafe', 0.7099), ('busy public', 0.5604), ('lot cars', 0.3592), ('unsafe', 0.3211), ('times route', 0.0321)]","[('cars', 0.3133), ('public', 0.1818), ('lot', 0.1286), ('times', 0.0115), ('route', 0.003)]"
52.28264,-1.55111,3.0,0.8,0.8,0.2,safe,"The route was busy with the public, but there was a lot of cars which made me feel unsafe at times.; The route was busy with the public, but there was a lot of cars which made me feel unsafe at times.","[('busy public', 0.5604), ('lot cars', 0.3592), ('unsafe', 0.3211), ('public', 0.1818), ('times route', 0.0321)]","[('busy', 0.3785), ('unsafe', 0.3211), ('cars', 0.3133), ('public', 0.1818), ('route', 0.003)]","[('cars feel unsafe', 0.7099), ('busy public', 0.5604), ('lot cars', 0.3592), ('unsafe', 0.3211), ('times route', 0.0321)]","[('cars', 0.3133), ('public', 0.1818), ('lot', 0.1286), ('times', 0.0115), ('route', 0.003)]"
52.28793,-1.53478,3.0,0.6,0.4,0.2,safe,"There was a long, isolated road with a lack of lighting on the route.; There was a long, isolated road with a lack of lighting on the route.","[('isolated road', 0.7717), ('long isolated', 0.6521), ('road', 0.5312), ('route long', 0.4862), ('lighting', 0.3005)]","[('isolated', 0.57), ('road', 0.5312), ('long', 0.454), ('route', 0.3725), ('lighting', 0.3005)]","[('long isolated road', 0.8514), ('lack lighting route', 0.7515), ('road', 0.5312), ('long', 0.454), ('lighting', 0.3005)]","[('isolated road', 0.7717), ('lack', 0.5557), ('route', 0.3725), ('lighting', 0.3005)]"
52.27919,-1.5457,3.0,0.6,0.4,0.2,safe,"There was a long, isolated road with a lack of lighting on the route.; There was a long, isolated road with a lack of lighting on the route.","[('isolated road', 0.7717), ('long isolated', 0.6521), ('road', 0.5312), ('route long', 0.4862), ('lighting', 0.3005)]","[('isolated', 0.57), ('road', 0.5312), ('long', 0.454), ('route', 0.3725), ('lighting', 0.3005)]","[('long isolated road', 0.8514), ('lack lighting route', 0.7515), ('road', 0.5312), ('long', 0.454), ('lighting', 0.3005)]","[('isolated road', 0.7717), ('lack', 0.5557), ('route', 0.3725), ('lighting', 0.3005)]"
52.28217,-1.54919,3.0,0.8,0.8,0.2,safe,"The route was busy with the public, but there was a lot of cars which made me feel unsafe at times.; The route was busy with the public, but there was a lot of cars which made me feel unsafe at times.","[('busy public', 0.5604), ('lot cars', 0.3592), ('unsafe', 0.3211), ('public', 0.1818), ('times route', 0.0321)]","[('busy', 0.3785), ('unsafe', 0.3211), ('cars', 0.3133), ('public', 0.1818), ('route', 0.003)]","[('cars feel unsafe', 0.7099), ('busy public', 0.5604), ('lot cars', 0.3592), ('unsafe', 0.3211), ('times route', 0.0321)]","[('cars', 0.3133), ('public', 0.1818), ('lot', 0.1286), ('times', 0.0115), ('route', 0.003)]"
52.27606,-1.52694,4.0,0.8,0.8,0.4,safe,The route felt fairly safe with some access to public spaces.; The route felt fairly safe with some access to public spaces.,"[('safe access', 0.8528), ('felt fairly', 0.6885), ('public', 0.5552), ('route felt', 0.5215), ('spaces route', 0.463)]","[('safe', 0.7503), ('public', 0.5552), ('felt', 0.46), ('spaces', 0.4411), ('route', 0.3972)]","[('fairly safe access', 0.8703), ('public spaces route', 0.5572), ('access public', 0.5137), ('spaces route', 0.463), ('felt', 0.46)]","[('public spaces', 0.6254), ('access', 0.4339), ('route', 0.3972)]"
52.27962,-1.54523,3.0,0.6,0.4,0.2,safe,"There was a long, isolated road with a lack of lighting on the route.; There was a long, isolated road with a lack of lighting on the route.","[('isolated road', 0.7717), ('long isolated', 0.6521), ('road', 0.5312), ('route long', 0.4862), ('lighting', 0.3005)]","[('isolated', 0.57), ('road', 0.5312), ('long', 0.454), ('route', 0.3725), ('lighting', 0.3005)]","[('long isolated road', 0.8514), ('lack lighting route', 0.7515), ('road', 0.5312), ('long', 0.454), ('lighting', 0.3005)]","[('isolated road', 0.7717), ('lack', 0.5557), ('route', 0.3725), ('lighting', 0.3005)]"
52.28483,-1.55438,4.0,0.6,0.8,0.4,safe,The walk through the park is nice and busy in the daytime. Felt very safe and was a scenic route.; The walk through the park is nice and busy in the daytime. Felt very safe and was a scenic route.,"[('park nice', 0.6938), ('safe', 0.4375), ('scenic', 0.416), ('busy daytime', 0.3986), ('route walk', 0.3301)]","[('park', 0.4643), ('safe', 0.4375), ('daytime', 0.3958), ('walk', 0.2866), ('busy', 0.218)]","[('walk park nice', 0.7759), ('daytime felt safe', 0.6322), ('park', 0.4643), ('busy daytime', 0.3986), ('route', 0.0843)]","[('scenic route', 0.5427), ('park', 0.4643), ('daytime', 0.3958), ('walk', 0.2866), ('felt', 0.1426)]"
52.28807,-1.5438,4.0,0.6,0.8,0.4,safe,The walk through the park is nice and busy in the daytime. Felt very safe and was a scenic route.; The walk through the park is nice and busy in the daytime. Felt very safe and was a scenic route.,"[('park nice', 0.6938), ('safe', 0.4375), ('scenic', 0.416), ('busy daytime', 0.3986), ('route walk', 0.3301)]","[('park', 0.4643), ('safe', 0.4375), ('daytime', 0.3958), ('walk', 0.2866), ('busy', 0.218)]","[('walk park nice', 0.7759), ('daytime felt safe', 0.6322), ('park', 0.4643), ('busy daytime', 0.3986), ('route', 0.0843)]","[('scenic route', 0.5427), ('park', 0.4643), ('daytime', 0.3958), ('walk', 0.2866), ('felt', 0.1426)]"
52.28581699999999,-1.5330837,4.0,0.8,0.8,0.4,safe,"The route was well lit, busy, with lots of public spaces.; The route was well lit, busy, with lots of public spaces.","[('lots public', 0.7591), ('public spaces', 0.6067), ('busy', 0.5619), ('spaces route', 0.387), ('route', 0.2669)]","[('busy', 0.5619), ('public', 0.5401), ('lit', 0.5076), ('spaces', 0.394), ('route', 0.2669)]","[('lit busy lots', 0.8342), ('public spaces', 0.6067), ('lit', 0.5076), ('spaces route', 0.387), ('route', 0.2669)]","[('public spaces', 0.6067), ('lots', 0.4701), ('route', 0.2669)]"
52.2852,-1.53652,1.0,0.2,0.2,0.2,unsafe,"This route was terrible - had to go through dark, unlit roads.; This route was terrible - had to go through dark, unlit roads.; This route was terrible - had to go through dark, unlit roads.; This route was terrible - had to go through dark, unlit roads.; This route was terrible - had to go through dark, unlit roads.; This route was terrible - had to go through dark, unlit roads.","[('terrible dark', 0.7726), ('dark', 0.53), ('unlit roads', 0.4342), ('unlit', 0.3458), ('roads route', 0.2632)]","[('terrible', 0.6186), ('dark', 0.53), ('unlit', 0.3458), ('roads', 0.3104), ('route', 0.1826)]","[('terrible dark unlit', 0.8118), ('roads route terrible', 0.7452), ('dark', 0.53), ('unlit roads', 0.4342), ('roads route', 0.2632)]","[('unlit roads', 0.4342), ('route', 0.1826)]"
52.2871,-1.53666,4.0,0.6,0.8,0.4,safe,The walk through the park is nice and busy in the daytime. Felt very safe and was a scenic route.; The walk through the park is nice and busy in the daytime. Felt very safe and was a scenic route.,"[('park nice', 0.6938), ('safe', 0.4375), ('scenic', 0.416), ('busy daytime', 0.3986), ('route walk', 0.3301)]","[('park', 0.4643), ('safe', 0.4375), ('daytime', 0.3958), ('walk', 0.2866), ('busy', 0.218)]","[('walk park nice', 0.7759), ('daytime felt safe', 0.6322), ('park', 0.4643), ('busy daytime', 0.3986), ('route', 0.0843)]","[('scenic route', 0.5427), ('park', 0.4643), ('daytime', 0.3958), ('walk', 0.2866), ('felt', 0.1426)]"
52.2894565,-1.5591778,3.0,0.6,0.4,0.6,safe,"The route was residential, making me feel at ease.; The route was residential, making me feel at ease.","[('residential', 0.7119), ('ease route', 0.6862), ('making feel', 0.4721), ('route', 0.3727), ('making', 0.3406)]","[('residential', 0.7119), ('ease', 0.6544), ('feel', 0.4183), ('route', 0.3727), ('making', 0.3406)]","[('ease route residential', 0.872), ('making feel ease', 0.7058), ('residential making', 0.6671), ('making feel', 0.4721), ('making', 0.3406)]","[('ease', 0.6544), ('route', 0.3727)]"
52.28959,-1.55338,2.0,0.4,0.4,0.6,unsafe,The route was isolated as it was far away from shops and any public spaces. The hospital was nearby which made me feel more safe but overall would have preferred a more busy route.; The route was isolated as it was far away from shops and any public spaces. The hospital was nearby which made me feel more safe but overall would have preferred a more busy route.,"[('away shops', 0.4378), ('busy route', 0.2991), ('shops public', 0.2677), ('hospital nearby', 0.2667), ('overall preferred', 0.1806)]","[('isolated', 0.3072), ('busy', 0.1983), ('hospital', 0.1886), ('shops', 0.1568), ('nearby', 0.1452)]","[('away shops public', 0.5348), ('overall preferred busy', 0.3259), ('hospital nearby', 0.2667), ('safe', 0.2519), ('spaces hospital', 0.2223)]","[('busy route', 0.2991), ('public spaces', 0.2023), ('hospital', 0.1886), ('shops', 0.1568), ('route', 0.0445)]"
52.28945,-1.55792,2.0,0.4,0.4,0.6,unsafe,The route was isolated as it was far away from shops and any public spaces. The hospital was nearby which made me feel more safe but overall would have preferred a more busy route.; The route was isolated as it was far away from shops and any public spaces. The hospital was nearby which made me feel more safe but overall would have preferred a more busy route.,"[('away shops', 0.4378), ('busy route', 0.2991), ('shops public', 0.2677), ('hospital nearby', 0.2667), ('overall preferred', 0.1806)]","[('isolated', 0.3072), ('busy', 0.1983), ('hospital', 0.1886), ('shops', 0.1568), ('nearby', 0.1452)]","[('away shops public', 0.5348), ('overall preferred busy', 0.3259), ('hospital nearby', 0.2667), ('safe', 0.2519), ('spaces hospital', 0.2223)]","[('busy route', 0.2991), ('public spaces', 0.2023), ('hospital', 0.1886), ('shops', 0.1568), ('route', 0.0445)]"
52.28699,-1.53319,2.0,0.4,0.4,0.4,unsafe,The route included backstreets which were isolated and there was no lighting in the evening. I felt unsafe on the route.; The route included backstreets which were isolated and there was no lighting in the evening. I felt unsafe on the route.,"[('unsafe route', 0.643), ('isolated lighting', 0.5442), ('lighting evening', 0.3723), ('included backstreets', 0.232), ('route route', 0.1834)]","[('unsafe', 0.5318), ('isolated', 0.3877), ('evening', 0.3389), ('backstreets', 0.3221), ('lighting', 0.1948)]","[('evening felt unsafe', 0.7467), ('backstreets isolated lighting', 0.5414), ('lighting evening', 0.3723), ('route route included', 0.1717), ('felt', 0.1071)]","[('evening', 0.3389), ('backstreets', 0.3221), ('lighting', 0.1948), ('route', 0.1466)]"
52.291387,-1.5783038,3.0,0.4,0.4,0.2,safe,Walking near the park at night meant there was little lighting and no access to public spaces.; Walking near the park at night meant there was little lighting and no access to public spaces.,"[('little lighting', 0.4558), ('park night', 0.4455), ('walking near', 0.248), ('access public', 0.1453), ('lighting', 0.1286)]","[('night', 0.3618), ('park', 0.2183), ('walking', 0.2139), ('little', 0.1727), ('lighting', 0.1286)]","[('night meant little', 0.5424), ('near park night', 0.5276), ('walking near park', 0.4015), ('walking', 0.2139), ('access public', 0.1453)]","[('little lighting', 0.4558), ('night', 0.3618), ('park', 0.2183), ('public spaces', 0.2169), ('access', 0.023)]"
52.28946,-1.55918,2.0,0.4,0.4,0.6,unsafe,The route was isolated as it was far away from shops and any public spaces. The hospital was nearby which made me feel more safe but overall would have preferred a more busy route.; The route was isolated as it was far away from shops and any public spaces. The hospital was nearby which made me feel more safe but overall would have preferred a more busy route.,"[('away shops', 0.4378), ('busy route', 0.2991), ('shops public', 0.2677), ('hospital nearby', 0.2667), ('overall preferred', 0.1806)]","[('isolated', 0.3072), ('busy', 0.1983), ('hospital', 0.1886), ('shops', 0.1568), ('nearby', 0.1452)]","[('away shops public', 0.5348), ('overall preferred busy', 0.3259), ('hospital nearby', 0.2667), ('safe', 0.2519), ('spaces hospital', 0.2223)]","[('busy route', 0.2991), ('public spaces', 0.2023), ('hospital', 0.1886), ('shops', 0.1568), ('route', 0.0445)]"
52.28788,-1.56643,2.0,0.4,0.4,0.6,unsafe,The route was isolated as it was far away from shops and any public spaces. The hospital was nearby which made me feel more safe but overall would have preferred a more busy route.; The route was isolated as it was far away from shops and any public spaces. The hospital was nearby which made me feel more safe but overall would have preferred a more busy route.,"[('away shops', 0.4378), ('busy route', 0.2991), ('shops public', 0.2677), ('hospital nearby', 0.2667), ('overall preferred', 0.1806)]","[('isolated', 0.3072), ('busy', 0.1983), ('hospital', 0.1886), ('shops', 0.1568), ('nearby', 0.1452)]","[('away shops public', 0.5348), ('overall preferred busy', 0.3259), ('hospital nearby', 0.2667), ('safe', 0.2519), ('spaces hospital', 0.2223)]","[('busy route', 0.2991), ('public spaces', 0.2023), ('hospital', 0.1886), ('shops', 0.1568), ('route', 0.0445)]"
52.2896,-1.55258,2.0,0.4,0.4,0.6,unsafe,The route was isolated as it was far away from shops and any public spaces. The hospital was nearby which made me feel more safe but overall would have preferred a more busy route.; The route was isolated as it was far away from shops and any public spaces. The hospital was nearby which made me feel more safe but overall would have preferred a more busy route.,"[('away shops', 0.4378), ('busy route', 0.2991), ('shops public', 0.2677), ('hospital nearby', 0.2667), ('overall preferred', 0.1806)]","[('isolated', 0.3072), ('busy', 0.1983), ('hospital', 0.1886), ('shops', 0.1568), ('nearby', 0.1452)]","[('away shops public', 0.5348), ('overall preferred busy', 0.3259), ('hospital nearby', 0.2667), ('safe', 0.2519), ('spaces hospital', 0.2223)]","[('busy route', 0.2991), ('public spaces', 0.2023), ('hospital', 0.1886), ('shops', 0.1568), ('route', 0.0445)]"
52.2854,-1.5504,4.0,0.6,0.8,0.4,safe,The walk through the park is nice and busy in the daytime. Felt very safe and was a scenic route.; The walk through the park is nice and busy in the daytime. Felt very safe and was a scenic route.,"[('park nice', 0.6938), ('safe', 0.4375), ('scenic', 0.416), ('busy daytime', 0.3986), ('route walk', 0.3301)]","[('park', 0.4643), ('safe', 0.4375), ('daytime', 0.3958), ('walk', 0.2866), ('busy', 0.218)]","[('walk park nice', 0.7759), ('daytime felt safe', 0.6322), ('park', 0.4643), ('busy daytime', 0.3986), ('route', 0.0843)]","[('scenic route', 0.5427), ('park', 0.4643), ('daytime', 0.3958), ('walk', 0.2866), ('felt', 0.1426)]"
52.28855,-1.53521,3.0,0.6,0.4,0.2,safe,"There was a long, isolated road with a lack of lighting on the route.; There was a long, isolated road with a lack of lighting on the route.","[('isolated road', 0.7717), ('long isolated', 0.6521), ('road', 0.5312), ('route long', 0.4862), ('lighting', 0.3005)]","[('isolated', 0.57), ('road', 0.5312), ('long', 0.454), ('route', 0.3725), ('lighting', 0.3005)]","[('long isolated road', 0.8514), ('lack lighting route', 0.7515), ('road', 0.5312), ('long', 0.454), ('lighting', 0.3005)]","[('isolated road', 0.7717), ('lack', 0.5557), ('route', 0.3725), ('lighting', 0.3005)]"
52.28688,-1.52646,2.0,0.4,0.4,0.2,unsafe,"Not well lit, round back streets, feels unsafe especially at night; Not well lit, round back streets, feels unsafe especially at night","[('feels unsafe', 0.676), ('night lit', 0.5415), ('round streets', 0.3419), ('lit round', 0.207), ('especially', 0.1362)]","[('unsafe', 0.6215), ('night', 0.5194), ('streets', 0.394), ('lit', 0.1665), ('especially', 0.1362)]","[('unsafe especially night', 0.8677), ('streets feels unsafe', 0.8365), ('night lit round', 0.5397), ('streets feels', 0.4255), ('lit', 0.1665)]","[('night', 0.5194), ('round back streets', 0.4449)]"
52.29116,-1.57764,2.0,0.4,0.4,0.6,unsafe,The route was isolated as it was far away from shops and any public spaces. The hospital was nearby which made me feel more safe but overall would have preferred a more busy route.; The route was isolated as it was far away from shops and any public spaces. The hospital was nearby which made me feel more safe but overall would have preferred a more busy route.,"[('away shops', 0.4378), ('busy route', 0.2991), ('shops public', 0.2677), ('hospital nearby', 0.2667), ('overall preferred', 0.1806)]","[('isolated', 0.3072), ('busy', 0.1983), ('hospital', 0.1886), ('shops', 0.1568), ('nearby', 0.1452)]","[('away shops public', 0.5348), ('overall preferred busy', 0.3259), ('hospital nearby', 0.2667), ('safe', 0.2519), ('spaces hospital', 0.2223)]","[('busy route', 0.2991), ('public spaces', 0.2023), ('hospital', 0.1886), ('shops', 0.1568), ('route', 0.0445)]"
52.28669,-1.56092,3.0,0.8,0.8,0.2,safe,"The route was busy with the public, but there was a lot of cars which made me feel unsafe at times.; The route was busy with the public, but there was a lot of cars which made me feel unsafe at times.","[('busy public', 0.5604), ('lot cars', 0.3592), ('unsafe', 0.3211), ('public', 0.1818), ('times route', 0.0321)]","[('busy', 0.3785), ('unsafe', 0.3211), ('cars', 0.3133), ('public', 0.1818), ('route', 0.003)]","[('cars feel unsafe', 0.7099), ('busy public', 0.5604), ('lot cars', 0.3592), ('unsafe', 0.3211), ('times route', 0.0321)]","[('cars', 0.3133), ('public', 0.1818), ('lot', 0.1286), ('times', 0.0115), ('route', 0.003)]"
52.28422,-1.53473,1.0,0.2,0.2,0.2,unsafe,"This route was terrible - had to go through dark, unlit roads.; This route was terrible - had to go through dark, unlit roads.; This route was terrible - had to go through dark, unlit roads.; This route was terrible - had to go through dark, unlit roads.; This route was terrible - had to go through dark, unlit roads.; This route was terrible - had to go through dark, unlit roads.","[('terrible dark', 0.7726), ('dark', 0.53), ('unlit roads', 0.4342), ('unlit', 0.3458), ('roads route', 0.2632)]","[('terrible', 0.6186), ('dark', 0.53), ('unlit', 0.3458), ('roads', 0.3104), ('route', 0.1826)]","[('terrible dark unlit', 0.8118), ('roads route terrible', 0.7452), ('dark', 0.53), ('unlit roads', 0.4342), ('roads route', 0.2632)]","[('unlit roads', 0.4342), ('route', 0.1826)]"
52.2902026,-1.5386973,3.0,0.6,0.4,0.6,safe,"The route was residential, making me feel at ease.; The route was residential, making me feel at ease.","[('residential', 0.7119), ('ease route', 0.6862), ('making feel', 0.4721), ('route', 0.3727), ('making', 0.3406)]","[('residential', 0.7119), ('ease', 0.6544), ('feel', 0.4183), ('route', 0.3727), ('making', 0.3406)]","[('ease route residential', 0.872), ('making feel ease', 0.7058), ('residential making', 0.6671), ('making feel', 0.4721), ('making', 0.3406)]","[('ease', 0.6544), ('route', 0.3727)]"
52.28743,-1.56501,2.5,0.6,0.6,0.4,unsafe,"The route was busy with the public, but there was a lot of cars which made me feel unsafe at times.; The route was isolated as it was far away from shops and any public spaces. The hospital was nearby which made me feel more safe but overall would have preferred a more busy route.; The route was busy with the public, but there was a lot of cars which made me feel unsafe at times.; The route was isolated as it was far away from shops and any public spaces. The hospital was nearby which made me feel more safe but overall would have preferred a more busy route.","[('busy route', 0.3729), ('hospital nearby', 0.2311), ('cars', 0.1932), ('isolated', 0.1011), ('shops', 0.0952)]","[('unsafe', 0.2223), ('cars', 0.1932), ('hospital', 0.1045), ('shops', 0.0952), ('nearby', 0.0527)]","[('cars feel unsafe', 0.586), ('away shops public', 0.4198), ('hospital nearby', 0.2311), ('lot cars', 0.2222), ('times route', -0.0546)]","[('busy route', 0.3729), ('cars', 0.1932), ('hospital', 0.1045), ('shops', 0.0952), ('times', -0.1172)]"
52.28817,-1.54053,4.0,0.6,0.8,0.4,safe,The walk through the park is nice and busy in the daytime. Felt very safe and was a scenic route.; The walk through the park is nice and busy in the daytime. Felt very safe and was a scenic route.,"[('park nice', 0.6938), ('safe', 0.4375), ('scenic', 0.416), ('busy daytime', 0.3986), ('route walk', 0.3301)]","[('park', 0.4643), ('safe', 0.4375), ('daytime', 0.3958), ('walk', 0.2866), ('busy', 0.218)]","[('walk park nice', 0.7759), ('daytime felt safe', 0.6322), ('park', 0.4643), ('busy daytime', 0.3986), ('route', 0.0843)]","[('scenic route', 0.5427), ('park', 0.4643), ('daytime', 0.3958), ('walk', 0.2866), ('felt', 0.1426)]"
52.28713,-1.5351,4.0,0.6,0.8,0.4,safe,The walk through the park is nice and busy in the daytime. Felt very safe and was a scenic route.; The walk through the park is nice and busy in the daytime. Felt very safe and was a scenic route.,"[('park nice', 0.6938), ('safe', 0.4375), ('scenic', 0.416), ('busy daytime', 0.3986), ('route walk', 0.3301)]","[('park', 0.4643), ('safe', 0.4375), ('daytime', 0.3958), ('walk', 0.2866), ('busy', 0.218)]","[('walk park nice', 0.7759), ('daytime felt safe', 0.6322), ('park', 0.4643), ('busy daytime', 0.3986), ('route', 0.0843)]","[('scenic route', 0.5427), ('park', 0.4643), ('daytime', 0.3958), ('walk', 0.2866), ('felt', 0.1426)]"
52.28458,-1.53426,3.0,0.6,0.4,0.2,safe,"There was a long, isolated road with a lack of lighting on the route.; There was a long, isolated road with a lack of lighting on the route.","[('isolated road', 0.7717), ('long isolated', 0.6521), ('road', 0.5312), ('route long', 0.4862), ('lighting', 0.3005)]","[('isolated', 0.57), ('road', 0.5312), ('long', 0.454), ('route', 0.3725), ('lighting', 0.3005)]","[('long isolated road', 0.8514), ('lack lighting route', 0.7515), ('road', 0.5312), ('long', 0.454), ('lighting', 0.3005)]","[('isolated road', 0.7717), ('lack', 0.5557), ('route', 0.3725), ('lighting', 0.3005)]"
52.28996540000001,-1.5785805,3.0,0.4,0.4,0.2,safe,Walking near the park at night meant there was little lighting and no access to public spaces.; Walking near the park at night meant there was little lighting and no access to public spaces.,"[('little lighting', 0.4558), ('park night', 0.4455), ('walking near', 0.248), ('access public', 0.1453), ('lighting', 0.1286)]","[('night', 0.3618), ('park', 0.2183), ('walking', 0.2139), ('little', 0.1727), ('lighting', 0.1286)]","[('night meant little', 0.5424), ('near park night', 0.5276), ('walking near park', 0.4015), ('walking', 0.2139), ('access public', 0.1453)]","[('little lighting', 0.4558), ('night', 0.3618), ('park', 0.2183), ('public spaces', 0.2169), ('access', 0.023)]"
52.28342,-1.5436,3.0,0.8,0.8,0.2,safe,"The route was busy with the public, but there was a lot of cars which made me feel unsafe at times.; The route was busy with the public, but there was a lot of cars which made me feel unsafe at times.","[('busy public', 0.5604), ('lot cars', 0.3592), ('unsafe', 0.3211), ('public', 0.1818), ('times route', 0.0321)]","[('busy', 0.3785), ('unsafe', 0.3211), ('cars', 0.3133), ('public', 0.1818), ('route', 0.003)]","[('cars feel unsafe', 0.7099), ('busy public', 0.5604), ('lot cars', 0.3592), ('unsafe', 0.3211), ('times route', 0.0321)]","[('cars', 0.3133), ('public', 0.1818), ('lot', 0.1286), ('times', 0.0115), ('route', 0.003)]"
52.28762,-1.53478,2.0,0.4,0.4,0.2,unsafe,"There was little lighting when we walked through the park, felt very unsafe.; There was little lighting when we walked through the park, felt very unsafe.","[('felt unsafe', 0.5283), ('little lighting', 0.4605), ('walked park', 0.369), ('walked', 0.1759), ('lighting', 0.112)]","[('unsafe', 0.4919), ('park', 0.2799), ('little', 0.2206), ('walked', 0.1759), ('lighting', 0.112)]","[('park felt unsafe', 0.7655), ('little lighting', 0.4605), ('park', 0.2799), ('lighting walked', 0.166), ('felt', 0.0386)]","[('little lighting', 0.4605), ('park', 0.2799)]"
52.29035,-1.58405,2.5,0.6,0.6,0.4,unsafe,"The route was busy with the public, but there was a lot of cars which made me feel unsafe at times.; The route was isolated as it was far away from shops and any public spaces. The hospital was nearby which made me feel more safe but overall would have preferred a more busy route.; The route was busy with the public, but there was a lot of cars which made me feel unsafe at times.; The route was isolated as it was far away from shops and any public spaces. The hospital was nearby which made me feel more safe but overall would have preferred a more busy route.","[('busy route', 0.3729), ('hospital nearby', 0.2311), ('cars', 0.1932), ('isolated', 0.1011), ('shops', 0.0952)]","[('unsafe', 0.2223), ('cars', 0.1932), ('hospital', 0.1045), ('shops', 0.0952), ('nearby', 0.0527)]","[('cars feel unsafe', 0.586), ('away shops public', 0.4198), ('hospital nearby', 0.2311), ('lot cars', 0.2222), ('times route', -0.0546)]","[('busy route', 0.3729), ('cars', 0.1932), ('hospital', 0.1045), ('shops', 0.0952), ('times', -0.1172)]"
52.28151,-1.53475,2.5,0.5,0.4,0.2,unsafe,"There was a long, isolated road with a lack of lighting on the route.; There was a long, isolated road with a lack of lighting on the route.; Quiet route  with no public services available","[('road lack', 0.7677), ('road', 0.4159), ('route long', 0.3626), ('lighting route', 0.2673), ('services available', 0.1481)]","[('quiet', 0.5817), ('road', 0.4159), ('long', 0.3444), ('public', 0.2912), ('lighting', 0.2089)]","[('road lack lighting', 0.8534), ('long isolated', 0.6125), ('road', 0.4159), ('lighting route long', 0.3704), ('available', 0.115)]","[('isolated road', 0.7589), ('lack', 0.5561), ('route', 0.2682), ('public services', 0.2376), ('lighting', 0.2089)]"
52.27642,-1.52703,4.0,0.8,0.8,0.4,safe,The route felt fairly safe with some access to public spaces.; The route felt fairly safe with some access to public spaces.,"[('safe access', 0.8528), ('felt fairly', 0.6885), ('public', 0.5552), ('route felt', 0.5215), ('spaces route', 0.463)]","[('safe', 0.7503), ('public', 0.5552), ('felt', 0.46), ('spaces', 0.4411), ('route', 0.3972)]","[('fairly safe access', 0.8703), ('public spaces route', 0.5572), ('access public', 0.5137), ('spaces route', 0.463), ('felt', 0.46)]","[('public spaces', 0.6254), ('access', 0.4339), ('route', 0.3972)]"
52.28554,-1.5501,4.0,0.6,0.8,0.4,safe,The walk through the park is nice and busy in the daytime. Felt very safe and was a scenic route.; The walk through the park is nice and busy in the daytime. Felt very safe and was a scenic route.,"[('park nice', 0.6938), ('safe', 0.4375), ('scenic', 0.416), ('busy daytime', 0.3986), ('route walk', 0.3301)]","[('park', 0.4643), ('safe', 0.4375), ('daytime', 0.3958), ('walk', 0.2866), ('busy', 0.218)]","[('walk park nice', 0.7759), ('daytime felt safe', 0.6322), ('park', 0.4643), ('busy daytime', 0.3986), ('route', 0.0843)]","[('scenic route', 0.5427), ('park', 0.4643), ('daytime', 0.3958), ('walk', 0.2866), ('felt', 0.1426)]"
52.280894,-1.5445862,2.0,0.4,0.4,0.2,unsafe,"On route there was a road which had no street lighting and felt very unsafe. It was residential, but there was no access to public spaces.; On route there was a road which had no street lighting and felt very unsafe. It was residential, but there was no access to public spaces.","[('unsafe residential', 0.7215), ('street lighting', 0.3342), ('road', 0.2989), ('residential', 0.2465), ('access public', 0.1257)]","[('unsafe', 0.5525), ('road', 0.2989), ('residential', 0.2465), ('lighting', 0.1376), ('felt', 0.0808)]","[('unsafe residential access', 0.7517), ('street lighting felt', 0.3424), ('road street', 0.3144), ('residential', 0.2465), ('access public', 0.1257)]","[('street lighting', 0.3342), ('road', 0.2989), ('public spaces', 0.21), ('route', 0.1095), ('access', 0.0537)]"
52.2899,-1.57936,2.5,0.6,0.6,0.4,unsafe,"The route was busy with the public, but there was a lot of cars which made me feel unsafe at times.; The route was isolated as it was far away from shops and any public spaces. The hospital was nearby which made me feel more safe but overall would have preferred a more busy route.; The route was busy with the public, but there was a lot of cars which made me feel unsafe at times.; The route was isolated as it was far away from shops and any public spaces. The hospital was nearby which made me feel more safe but overall would have preferred a more busy route.","[('busy route', 0.3729), ('hospital nearby', 0.2311), ('cars', 0.1932), ('isolated', 0.1011), ('shops', 0.0952)]","[('unsafe', 0.2223), ('cars', 0.1932), ('hospital', 0.1045), ('shops', 0.0952), ('nearby', 0.0527)]","[('cars feel unsafe', 0.586), ('away shops public', 0.4198), ('hospital nearby', 0.2311), ('lot cars', 0.2222), ('times route', -0.0546)]","[('busy route', 0.3729), ('cars', 0.1932), ('hospital', 0.1045), ('shops', 0.0952), ('times', -0.1172)]"
52.28464,-1.55642,3.0,0.8,0.8,0.2,safe,"The route was busy with the public, but there was a lot of cars which made me feel unsafe at times.; The route was busy with the public, but there was a lot of cars which made me feel unsafe at times.","[('busy public', 0.5604), ('lot cars', 0.3592), ('unsafe', 0.3211), ('public', 0.1818), ('times route', 0.0321)]","[('busy', 0.3785), ('unsafe', 0.3211), ('cars', 0.3133), ('public', 0.1818), ('route', 0.003)]","[('cars feel unsafe', 0.7099), ('busy public', 0.5604), ('lot cars', 0.3592), ('unsafe', 0.3211), ('times route', 0.0321)]","[('cars', 0.3133), ('public', 0.1818), ('lot', 0.1286), ('times', 0.0115), ('route', 0.003)]"
52.29047,-1.58365,2.5,0.6,0.6,0.4,unsafe,"The route was busy with the public, but there was a lot of cars which made me feel unsafe at times.; The route was isolated as it was far away from shops and any public spaces. The hospital was nearby which made me feel more safe but overall would have preferred a more busy route.; The route was busy with the public, but there was a lot of cars which made me feel unsafe at times.; The route was isolated as it was far away from shops and any public spaces. The hospital was nearby which made me feel more safe but overall would have preferred a more busy route.","[('busy route', 0.3729), ('hospital nearby', 0.2311), ('cars', 0.1932), ('isolated', 0.1011), ('shops', 0.0952)]","[('unsafe', 0.2223), ('cars', 0.1932), ('hospital', 0.1045), ('shops', 0.0952), ('nearby', 0.0527)]","[('cars feel unsafe', 0.586), ('away shops public', 0.4198), ('hospital nearby', 0.2311), ('lot cars', 0.2222), ('times route', -0.0546)]","[('busy route', 0.3729), ('cars', 0.1932), ('hospital', 0.1045), ('shops', 0.0952), ('times', -0.1172)]"
52.28032,-1.54049,3.0,0.6,0.4,0.2,safe,"There was a long, isolated road with a lack of lighting on the route.; There was a long, isolated road with a lack of lighting on the route.","[('isolated road', 0.7717), ('long isolated', 0.6521), ('road', 0.5312), ('route long', 0.4862), ('lighting', 0.3005)]","[('isolated', 0.57), ('road', 0.5312), ('long', 0.454), ('route', 0.3725), ('lighting', 0.3005)]","[('long isolated road', 0.8514), ('lack lighting route', 0.7515), ('road', 0.5312), ('long', 0.454), ('lighting', 0.3005)]","[('isolated road', 0.7717), ('lack', 0.5557), ('route', 0.3725), ('lighting', 0.3005)]"
52.28476,-1.55544,4.0,0.6,0.8,0.4,safe,The walk through the park is nice and busy in the daytime. Felt very safe and was a scenic route.; The walk through the park is nice and busy in the daytime. Felt very safe and was a scenic route.,"[('park nice', 0.6938), ('safe', 0.4375), ('scenic', 0.416), ('busy daytime', 0.3986), ('route walk', 0.3301)]","[('park', 0.4643), ('safe', 0.4375), ('daytime', 0.3958), ('walk', 0.2866), ('busy', 0.218)]","[('walk park nice', 0.7759), ('daytime felt safe', 0.6322), ('park', 0.4643), ('busy daytime', 0.3986), ('route', 0.0843)]","[('scenic route', 0.5427), ('park', 0.4643), ('daytime', 0.3958), ('walk', 0.2866), ('felt', 0.1426)]"
52.2882476,-1.5380635,3.0,0.6,0.8,0.4,safe,"Very well-lit route, the greenery was busy with the public during the afternoons.; Very well-lit route, the greenery was busy with the public during the afternoons.","[('afternoons lit', 0.6643), ('route greenery', 0.4942), ('busy public', 0.4689), ('public', 0.3067), ('route', 0.0992)]","[('afternoons', 0.5527), ('greenery', 0.491), ('busy', 0.3292), ('public', 0.3067), ('route', 0.0992)]","[('busy public afternoons', 0.7492), ('afternoons lit', 0.6643), ('lit route greenery', 0.5747), ('busy', 0.3292), ('route', 0.0992)]","[('afternoons', 0.5527), ('greenery', 0.491), ('public', 0.3067), ('route', 0.0992)]"
52.29062,-1.53807,2.0,0.6,0.4,0.4,unsafe,"The route was fairly well-lit, but it was quite far from  the main high street so I felt less safe.; The route was fairly well-lit, but it was quite far from  the main high street so I felt less safe.","[('street felt', 0.3053), ('felt safe', 0.2017), ('main high', 0.1687), ('lit quite', 0.1426), ('route', 0.0461)]","[('street', 0.2276), ('safe', 0.1887), ('high', 0.1745), ('lit', 0.088), ('main', 0.044)]","[('street felt safe', 0.381), ('high street felt', 0.3128), ('far main high', 0.2326), ('street', 0.2276), ('lit quite', 0.1426)]","[('main high street', 0.2607), ('route', 0.0461)]"
52.28436,-1.53507,1.0,0.2,0.2,0.2,unsafe,"This route was terrible - had to go through dark, unlit roads.; This route was terrible - had to go through dark, unlit roads.; This route was terrible - had to go through dark, unlit roads.; This route was terrible - had to go through dark, unlit roads.; This route was terrible - had to go through dark, unlit roads.; This route was terrible - had to go through dark, unlit roads.","[('terrible dark', 0.7726), ('dark', 0.53), ('unlit roads', 0.4342), ('unlit', 0.3458), ('roads route', 0.2632)]","[('terrible', 0.6186), ('dark', 0.53), ('unlit', 0.3458), ('roads', 0.3104), ('route', 0.1826)]","[('terrible dark unlit', 0.8118), ('roads route terrible', 0.7452), ('dark', 0.53), ('unlit roads', 0.4342), ('roads route', 0.2632)]","[('unlit roads', 0.4342), ('route', 0.1826)]"
52.28885,-1.56141,2.0,0.4,0.4,0.6,unsafe,The route was isolated as it was far away from shops and any public spaces. The hospital was nearby which made me feel more safe but overall would have preferred a more busy route.; The route was isolated as it was far away from shops and any public spaces. The hospital was nearby which made me feel more safe but overall would have preferred a more busy route.,"[('away shops', 0.4378), ('busy route', 0.2991), ('shops public', 0.2677), ('hospital nearby', 0.2667), ('overall preferred', 0.1806)]","[('isolated', 0.3072), ('busy', 0.1983), ('hospital', 0.1886), ('shops', 0.1568), ('nearby', 0.1452)]","[('away shops public', 0.5348), ('overall preferred busy', 0.3259), ('hospital nearby', 0.2667), ('safe', 0.2519), ('spaces hospital', 0.2223)]","[('busy route', 0.2991), ('public spaces', 0.2023), ('hospital', 0.1886), ('shops', 0.1568), ('route', 0.0445)]"
52.28749,-1.53441,3.0,0.6,0.4,0.2,safe,"There was a long, isolated road with a lack of lighting on the route.; There was a long, isolated road with a lack of lighting on the route.","[('isolated road', 0.7717), ('long isolated', 0.6521), ('road', 0.5312), ('route long', 0.4862), ('lighting', 0.3005)]","[('isolated', 0.57), ('road', 0.5312), ('long', 0.454), ('route', 0.3725), ('lighting', 0.3005)]","[('long isolated road', 0.8514), ('lack lighting route', 0.7515), ('road', 0.5312), ('long', 0.454), ('lighting', 0.3005)]","[('isolated road', 0.7717), ('lack', 0.5557), ('route', 0.3725), ('lighting', 0.3005)]"
52.28726,-1.56333,3.0,0.8,0.8,0.2,safe,"The route was busy with the public, but there was a lot of cars which made me feel unsafe at times.; The route was busy with the public, but there was a lot of cars which made me feel unsafe at times.","[('busy public', 0.5604), ('lot cars', 0.3592), ('unsafe', 0.3211), ('public', 0.1818), ('times route', 0.0321)]","[('busy', 0.3785), ('unsafe', 0.3211), ('cars', 0.3133), ('public', 0.1818), ('route', 0.003)]","[('cars feel unsafe', 0.7099), ('busy public', 0.5604), ('lot cars', 0.3592), ('unsafe', 0.3211), ('times route', 0.0321)]","[('cars', 0.3133), ('public', 0.1818), ('lot', 0.1286), ('times', 0.0115), ('route', 0.003)]"
52.2821,-1.54798,3.0,0.8,0.8,0.2,safe,"The route was busy with the public, but there was a lot of cars which made me feel unsafe at times.; The route was busy with the public, but there was a lot of cars which made me feel unsafe at times.","[('busy public', 0.5604), ('lot cars', 0.3592), ('unsafe', 0.3211), ('public', 0.1818), ('times route', 0.0321)]","[('busy', 0.3785), ('unsafe', 0.3211), ('cars', 0.3133), ('public', 0.1818), ('route', 0.003)]","[('cars feel unsafe', 0.7099), ('busy public', 0.5604), ('lot cars', 0.3592), ('unsafe', 0.3211), ('times route', 0.0321)]","[('cars', 0.3133), ('public', 0.1818), ('lot', 0.1286), ('times', 0.0115), ('route', 0.003)]"
52.28639,-1.56041,3.0,0.8,0.8,0.2,safe,"The route was busy with the public, but there was a lot of cars which made me feel unsafe at times.; The route was busy with the public, but there was a lot of cars which made me feel unsafe at times.","[('busy public', 0.5604), ('lot cars', 0.3592), ('unsafe', 0.3211), ('public', 0.1818), ('times route', 0.0321)]","[('busy', 0.3785), ('unsafe', 0.3211), ('cars', 0.3133), ('public', 0.1818), ('route', 0.003)]","[('cars feel unsafe', 0.7099), ('busy public', 0.5604), ('lot cars', 0.3592), ('unsafe', 0.3211), ('times route', 0.0321)]","[('cars', 0.3133), ('public', 0.1818), ('lot', 0.1286), ('times', 0.0115), ('route', 0.003)]"
52.28485,-1.53145,2.0,0.4,0.4,0.2,unsafe,"Not well lit, round back streets, feels unsafe especially at night; Not well lit, round back streets, feels unsafe especially at night","[('feels unsafe', 0.676), ('night lit', 0.5415), ('round streets', 0.3419), ('lit round', 0.207), ('especially', 0.1362)]","[('unsafe', 0.6215), ('night', 0.5194), ('streets', 0.394), ('lit', 0.1665), ('especially', 0.1362)]","[('unsafe especially night', 0.8677), ('streets feels unsafe', 0.8365), ('night lit round', 0.5397), ('streets feels', 0.4255), ('lit', 0.1665)]","[('night', 0.5194), ('round back streets', 0.4449)]"
52.28244,-1.55252,3.0,0.8,0.8,0.2,safe,"The route was busy with the public, but there was a lot of cars which made me feel unsafe at times.; The route was busy with the public, but there was a lot of cars which made me feel unsafe at times.","[('busy public', 0.5604), ('lot cars', 0.3592), ('unsafe', 0.3211), ('public', 0.1818), ('times route', 0.0321)]","[('busy', 0.3785), ('unsafe', 0.3211), ('cars', 0.3133), ('public', 0.1818), ('route', 0.003)]","[('cars feel unsafe', 0.7099), ('busy public', 0.5604), ('lot cars', 0.3592), ('unsafe', 0.3211), ('times route', 0.0321)]","[('cars', 0.3133), ('public', 0.1818), ('lot', 0.1286), ('times', 0.0115), ('route', 0.003)]"
52.28713,-1.53791,1.0,0.2,0.2,0.2,unsafe,"This route was terrible - had to go through dark, unlit roads.; This route was terrible - had to go through dark, unlit roads.; This route was terrible - had to go through dark, unlit roads.; This route was terrible - had to go through dark, unlit roads.; This route was terrible - had to go through dark, unlit roads.; This route was terrible - had to go through dark, unlit roads.","[('terrible dark', 0.7726), ('dark', 0.53), ('unlit roads', 0.4342), ('unlit', 0.3458), ('roads route', 0.2632)]","[('terrible', 0.6186), ('dark', 0.53), ('unlit', 0.3458), ('roads', 0.3104), ('route', 0.1826)]","[('terrible dark unlit', 0.8118), ('roads route terrible', 0.7452), ('dark', 0.53), ('unlit roads', 0.4342), ('roads route', 0.2632)]","[('unlit roads', 0.4342), ('route', 0.1826)]"
52.2763825,-1.5284333,2.0,0.4,0.4,0.2,unsafe,"On route there was a road which had no street lighting and felt very unsafe. It was residential, but there was no access to public spaces.; On route there was a road which had no street lighting and felt very unsafe. It was residential, but there was no access to public spaces.","[('unsafe residential', 0.7215), ('street lighting', 0.3342), ('road', 0.2989), ('residential', 0.2465), ('access public', 0.1257)]","[('unsafe', 0.5525), ('road', 0.2989), ('residential', 0.2465), ('lighting', 0.1376), ('felt', 0.0808)]","[('unsafe residential access', 0.7517), ('street lighting felt', 0.3424), ('road street', 0.3144), ('residential', 0.2465), ('access public', 0.1257)]","[('street lighting', 0.3342), ('road', 0.2989), ('public spaces', 0.21), ('route', 0.1095), ('access', 0.0537)]"
52.29086,-1.58311,2.5,0.6,0.6,0.4,unsafe,"The route was busy with the public, but there was a lot of cars which made me feel unsafe at times.; The route was isolated as it was far away from shops and any public spaces. The hospital was nearby which made me feel more safe but overall would have preferred a more busy route.; The route was busy with the public, but there was a lot of cars which made me feel unsafe at times.; The route was isolated as it was far away from shops and any public spaces. The hospital was nearby which made me feel more safe but overall would have preferred a more busy route.","[('busy route', 0.3729), ('hospital nearby', 0.2311), ('cars', 0.1932), ('isolated', 0.1011), ('shops', 0.0952)]","[('unsafe', 0.2223), ('cars', 0.1932), ('hospital', 0.1045), ('shops', 0.0952), ('nearby', 0.0527)]","[('cars feel unsafe', 0.586), ('away shops public', 0.4198), ('hospital nearby', 0.2311), ('lot cars', 0.2222), ('times route', -0.0546)]","[('busy route', 0.3729), ('cars', 0.1932), ('hospital', 0.1045), ('shops', 0.0952), ('times', -0.1172)]"
52.28376,-1.55485,3.0,0.8,0.8,0.2,safe,"The route was busy with the public, but there was a lot of cars which made me feel unsafe at times.; The route was busy with the public, but there was a lot of cars which made me feel unsafe at times.","[('busy public', 0.5604), ('lot cars', 0.3592), ('unsafe', 0.3211), ('public', 0.1818), ('times route', 0.0321)]","[('busy', 0.3785), ('unsafe', 0.3211), ('cars', 0.3133), ('public', 0.1818), ('route', 0.003)]","[('cars feel unsafe', 0.7099), ('busy public', 0.5604), ('lot cars', 0.3592), ('unsafe', 0.3211), ('times route', 0.0321)]","[('cars', 0.3133), ('public', 0.1818), ('lot', 0.1286), ('times', 0.0115), ('route', 0.003)]"
52.28743,-1.53793,4.0,0.6,0.8,0.4,safe,The walk through the park is nice and busy in the daytime. Felt very safe and was a scenic route.; The walk through the park is nice and busy in the daytime. Felt very safe and was a scenic route.,"[('park nice', 0.6938), ('safe', 0.4375), ('scenic', 0.416), ('busy daytime', 0.3986), ('route walk', 0.3301)]","[('park', 0.4643), ('safe', 0.4375), ('daytime', 0.3958), ('walk', 0.2866), ('busy', 0.218)]","[('walk park nice', 0.7759), ('daytime felt safe', 0.6322), ('park', 0.4643), ('busy daytime', 0.3986), ('route', 0.0843)]","[('scenic route', 0.5427), ('park', 0.4643), ('daytime', 0.3958), ('walk', 0.2866), ('felt', 0.1426)]"
52.28752,-1.56476,2.0,0.4,0.4,0.6,unsafe,The route was isolated as it was far away from shops and any public spaces. The hospital was nearby which made me feel more safe but overall would have preferred a more busy route.; The route was isolated as it was far away from shops and any public spaces. The hospital was nearby which made me feel more safe but overall would have preferred a more busy route.,"[('away shops', 0.4378), ('busy route', 0.2991), ('shops public', 0.2677), ('hospital nearby', 0.2667), ('overall preferred', 0.1806)]","[('isolated', 0.3072), ('busy', 0.1983), ('hospital', 0.1886), ('shops', 0.1568), ('nearby', 0.1452)]","[('away shops public', 0.5348), ('overall preferred busy', 0.3259), ('hospital nearby', 0.2667), ('safe', 0.2519), ('spaces hospital', 0.2223)]","[('busy route', 0.2991), ('public spaces', 0.2023), ('hospital', 0.1886), ('shops', 0.1568), ('route', 0.0445)]"
52.27628,-1.5356,4.0,0.8,0.8,0.4,safe,The route felt fairly safe with some access to public spaces.; The route felt fairly safe with some access to public spaces.,"[('safe access', 0.8528), ('felt fairly', 0.6885), ('public', 0.5552), ('route felt', 0.5215), ('spaces route', 0.463)]","[('safe', 0.7503), ('public', 0.5552), ('felt', 0.46), ('spaces', 0.4411), ('route', 0.3972)]","[('fairly safe access', 0.8703), ('public spaces route', 0.5572), ('access public', 0.5137), ('spaces route', 0.463), ('felt', 0.46)]","[('public spaces', 0.6254), ('access', 0.4339), ('route', 0.3972)]"
52.28903,-1.53794,2.0,0.6,0.4,0.4,unsafe,"The route was fairly well-lit, but it was quite far from  the main high street so I felt less safe.; The route was fairly well-lit, but it was quite far from  the main high street so I felt less safe.","[('street felt', 0.3053), ('felt safe', 0.2017), ('main high', 0.1687), ('lit quite', 0.1426), ('route', 0.0461)]","[('street', 0.2276), ('safe', 0.1887), ('high', 0.1745), ('lit', 0.088), ('main', 0.044)]","[('street felt safe', 0.381), ('high street felt', 0.3128), ('far main high', 0.2326), ('street', 0.2276), ('lit quite', 0.1426)]","[('main high street', 0.2607), ('route', 0.0461)]"
52.28683,-1.56127,3.0,0.8,0.8,0.2,safe,"The route was busy with the public, but there was a lot of cars which made me feel unsafe at times.; The route was busy with the public, but there was a lot of cars which made me feel unsafe at times.","[('busy public', 0.5604), ('lot cars', 0.3592), ('unsafe', 0.3211), ('public', 0.1818), ('times route', 0.0321)]","[('busy', 0.3785), ('unsafe', 0.3211), ('cars', 0.3133), ('public', 0.1818), ('route', 0.003)]","[('cars feel unsafe', 0.7099), ('busy public', 0.5604), ('lot cars', 0.3592), ('unsafe', 0.3211), ('times route', 0.0321)]","[('cars', 0.3133), ('public', 0.1818), ('lot', 0.1286), ('times', 0.0115), ('route', 0.003)]"
52.27645,-1.52028,3.0,0.6,0.6,0.2,safe,"Well-lit street, was quite busy with other members of public.; Well-lit street, was quite busy with other members of public.","[('lit street', 0.7497), ('busy members', 0.6292), ('members public', 0.5889), ('lit', 0.4973), ('quite', 0.3242)]","[('street', 0.5627), ('public', 0.5542), ('busy', 0.5319), ('lit', 0.4973), ('members', 0.3455)]","[('public lit street', 0.7701), ('street quite busy', 0.7673), ('quite busy members', 0.6288), ('members public', 0.5889), ('quite', 0.3242)]","[('street', 0.5627), ('public', 0.5542), ('other members', 0.4653)]"
52.28683,-1.56086,4.0,0.6,0.8,0.4,safe,The walk through the park is nice and busy in the daytime. Felt very safe and was a scenic route.; The walk through the park is nice and busy in the daytime. Felt very safe and was a scenic route.,"[('park nice', 0.6938), ('safe', 0.4375), ('scenic', 0.416), ('busy daytime', 0.3986), ('route walk', 0.3301)]","[('park', 0.4643), ('safe', 0.4375), ('daytime', 0.3958), ('walk', 0.2866), ('busy', 0.218)]","[('walk park nice', 0.7759), ('daytime felt safe', 0.6322), ('park', 0.4643), ('busy daytime', 0.3986), ('route', 0.0843)]","[('scenic route', 0.5427), ('park', 0.4643), ('daytime', 0.3958), ('walk', 0.2866), ('felt', 0.1426)]"
52.29064,-1.58028,2.5,0.6,0.6,0.4,unsafe,"The route was busy with the public, but there was a lot of cars which made me feel unsafe at times.; The route was isolated as it was far away from shops and any public spaces. The hospital was nearby which made me feel more safe but overall would have preferred a more busy route.; The route was busy with the public, but there was a lot of cars which made me feel unsafe at times.; The route was isolated as it was far away from shops and any public spaces. The hospital was nearby which made me feel more safe but overall would have preferred a more busy route.","[('busy route', 0.3729), ('hospital nearby', 0.2311), ('cars', 0.1932), ('isolated', 0.1011), ('shops', 0.0952)]","[('unsafe', 0.2223), ('cars', 0.1932), ('hospital', 0.1045), ('shops', 0.0952), ('nearby', 0.0527)]","[('cars feel unsafe', 0.586), ('away shops public', 0.4198), ('hospital nearby', 0.2311), ('lot cars', 0.2222), ('times route', -0.0546)]","[('busy route', 0.3729), ('cars', 0.1932), ('hospital', 0.1045), ('shops', 0.0952), ('times', -0.1172)]"
52.27903,-1.54334,3.0,0.6,0.4,0.2,safe,"There was a long, isolated road with a lack of lighting on the route.; There was a long, isolated road with a lack of lighting on the route.","[('isolated road', 0.7717), ('long isolated', 0.6521), ('road', 0.5312), ('route long', 0.4862), ('lighting', 0.3005)]","[('isolated', 0.57), ('road', 0.5312), ('long', 0.454), ('route', 0.3725), ('lighting', 0.3005)]","[('long isolated road', 0.8514), ('lack lighting route', 0.7515), ('road', 0.5312), ('long', 0.454), ('lighting', 0.3005)]","[('isolated road', 0.7717), ('lack', 0.5557), ('route', 0.3725), ('lighting', 0.3005)]"
52.28525,-1.56258,4.0,0.6,0.8,0.4,safe,The walk through the park is nice and busy in the daytime. Felt very safe and was a scenic route.; The walk through the park is nice and busy in the daytime. Felt very safe and was a scenic route.,"[('park nice', 0.6938), ('safe', 0.4375), ('scenic', 0.416), ('busy daytime', 0.3986), ('route walk', 0.3301)]","[('park', 0.4643), ('safe', 0.4375), ('daytime', 0.3958), ('walk', 0.2866), ('busy', 0.218)]","[('walk park nice', 0.7759), ('daytime felt safe', 0.6322), ('park', 0.4643), ('busy daytime', 0.3986), ('route', 0.0843)]","[('scenic route', 0.5427), ('park', 0.4643), ('daytime', 0.3958), ('walk', 0.2866), ('felt', 0.1426)]"
52.29092,-1.58136,2.5,0.6,0.6,0.4,unsafe,"The route was busy with the public, but there was a lot of cars which made me feel unsafe at times.; The route was isolated as it was far away from shops and any public spaces. The hospital was nearby which made me feel more safe but overall would have preferred a more busy route.; The route was busy with the public, but there was a lot of cars which made me feel unsafe at times.; The route was isolated as it was far away from shops and any public spaces. The hospital was nearby which made me feel more safe but overall would have preferred a more busy route.","[('busy route', 0.3729), ('hospital nearby', 0.2311), ('cars', 0.1932), ('isolated', 0.1011), ('shops', 0.0952)]","[('unsafe', 0.2223), ('cars', 0.1932), ('hospital', 0.1045), ('shops', 0.0952), ('nearby', 0.0527)]","[('cars feel unsafe', 0.586), ('away shops public', 0.4198), ('hospital nearby', 0.2311), ('lot cars', 0.2222), ('times route', -0.0546)]","[('busy route', 0.3729), ('cars', 0.1932), ('hospital', 0.1045), ('shops', 0.0952), ('times', -0.1172)]"
52.28523,-1.53365,2.0,0.4,0.4,0.4,unsafe,The route included backstreets which were isolated and there was no lighting in the evening. I felt unsafe on the route.; The route included backstreets which were isolated and there was no lighting in the evening. I felt unsafe on the route.,"[('unsafe route', 0.643), ('isolated lighting', 0.5442), ('lighting evening', 0.3723), ('included backstreets', 0.232), ('route route', 0.1834)]","[('unsafe', 0.5318), ('isolated', 0.3877), ('evening', 0.3389), ('backstreets', 0.3221), ('lighting', 0.1948)]","[('evening felt unsafe', 0.7467), ('backstreets isolated lighting', 0.5414), ('lighting evening', 0.3723), ('route route included', 0.1717), ('felt', 0.1071)]","[('evening', 0.3389), ('backstreets', 0.3221), ('lighting', 0.1948), ('route', 0.1466)]"
52.28994,-1.54488,2.0,0.4,0.4,0.6,unsafe,The route was isolated as it was far away from shops and any public spaces. The hospital was nearby which made me feel more safe but overall would have preferred a more busy route.; The route was isolated as it was far away from shops and any public spaces. The hospital was nearby which made me feel more safe but overall would have preferred a more busy route.,"[('away shops', 0.4378), ('busy route', 0.2991), ('shops public', 0.2677), ('hospital nearby', 0.2667), ('overall preferred', 0.1806)]","[('isolated', 0.3072), ('busy', 0.1983), ('hospital', 0.1886), ('shops', 0.1568), ('nearby', 0.1452)]","[('away shops public', 0.5348), ('overall preferred busy', 0.3259), ('hospital nearby', 0.2667), ('safe', 0.2519), ('spaces hospital', 0.2223)]","[('busy route', 0.2991), ('public spaces', 0.2023), ('hospital', 0.1886), ('shops', 0.1568), ('route', 0.0445)]"
52.28768,-1.53979,1.0,0.2,0.2,0.2,unsafe,"This route was terrible - had to go through dark, unlit roads.; This route was terrible - had to go through dark, unlit roads.; This route was terrible - had to go through dark, unlit roads.; This route was terrible - had to go through dark, unlit roads.; This route was terrible - had to go through dark, unlit roads.; This route was terrible - had to go through dark, unlit roads.","[('terrible dark', 0.7726), ('dark', 0.53), ('unlit roads', 0.4342), ('unlit', 0.3458), ('roads route', 0.2632)]","[('terrible', 0.6186), ('dark', 0.53), ('unlit', 0.3458), ('roads', 0.3104), ('route', 0.1826)]","[('terrible dark unlit', 0.8118), ('roads route terrible', 0.7452), ('dark', 0.53), ('unlit roads', 0.4342), ('roads route', 0.2632)]","[('unlit roads', 0.4342), ('route', 0.1826)]"
52.29359,-1.53717,2.0,0.6,0.4,0.4,unsafe,"The route was fairly well-lit, but it was quite far from  the main high street so I felt less safe.; The route was fairly well-lit, but it was quite far from  the main high street so I felt less safe.","[('street felt', 0.3053), ('felt safe', 0.2017), ('main high', 0.1687), ('lit quite', 0.1426), ('route', 0.0461)]","[('street', 0.2276), ('safe', 0.1887), ('high', 0.1745), ('lit', 0.088), ('main', 0.044)]","[('street felt safe', 0.381), ('high street felt', 0.3128), ('far main high', 0.2326), ('street', 0.2276), ('lit quite', 0.1426)]","[('main high street', 0.2607), ('route', 0.0461)]"
52.2824,-1.55,3.0,0.8,0.8,0.2,safe,"The route was busy with the public, but there was a lot of cars which made me feel unsafe at times.; The route was busy with the public, but there was a lot of cars which made me feel unsafe at times.","[('busy public', 0.5604), ('lot cars', 0.3592), ('unsafe', 0.3211), ('public', 0.1818), ('times route', 0.0321)]","[('busy', 0.3785), ('unsafe', 0.3211), ('cars', 0.3133), ('public', 0.1818), ('route', 0.003)]","[('cars feel unsafe', 0.7099), ('busy public', 0.5604), ('lot cars', 0.3592), ('unsafe', 0.3211), ('times route', 0.0321)]","[('cars', 0.3133), ('public', 0.1818), ('lot', 0.1286), ('times', 0.0115), ('route', 0.003)]"
52.284399,-1.5315297,2.0,0.4,0.4,0.2,unsafe,Very poorly lit route. Felt unsafe and was far away from the public and main roads.; Very poorly lit route. Felt unsafe and was far away from the public and main roads.,"[('roads poorly', 0.7913), ('away public', 0.6149), ('main roads', 0.3145), ('main', 0.2565), ('lit', 0.1903)]","[('unsafe', 0.7154), ('away', 0.4561), ('roads', 0.3563), ('main', 0.2565), ('lit', 0.1903)]","[('roads poorly lit', 0.8281), ('unsafe far', 0.7396), ('away public', 0.6149), ('public main roads', 0.3335), ('main', 0.2565)]","[('main roads', 0.3145), ('route', 0.2245)]"
52.2895,-1.55855,2.0,0.4,0.4,0.6,unsafe,The route was isolated as it was far away from shops and any public spaces. The hospital was nearby which made me feel more safe but overall would have preferred a more busy route.; The route was isolated as it was far away from shops and any public spaces. The hospital was nearby which made me feel more safe but overall would have preferred a more busy route.,"[('away shops', 0.4378), ('busy route', 0.2991), ('shops public', 0.2677), ('hospital nearby', 0.2667), ('overall preferred', 0.1806)]","[('isolated', 0.3072), ('busy', 0.1983), ('hospital', 0.1886), ('shops', 0.1568), ('nearby', 0.1452)]","[('away shops public', 0.5348), ('overall preferred busy', 0.3259), ('hospital nearby', 0.2667), ('safe', 0.2519), ('spaces hospital', 0.2223)]","[('busy route', 0.2991), ('public spaces', 0.2023), ('hospital', 0.1886), ('shops', 0.1568), ('route', 0.0445)]"
52.28718,-1.53541,4.0,0.6,0.8,0.4,safe,The walk through the park is nice and busy in the daytime. Felt very safe and was a scenic route.; The walk through the park is nice and busy in the daytime. Felt very safe and was a scenic route.,"[('park nice', 0.6938), ('safe', 0.4375), ('scenic', 0.416), ('busy daytime', 0.3986), ('route walk', 0.3301)]","[('park', 0.4643), ('safe', 0.4375), ('daytime', 0.3958), ('walk', 0.2866), ('busy', 0.218)]","[('walk park nice', 0.7759), ('daytime felt safe', 0.6322), ('park', 0.4643), ('busy daytime', 0.3986), ('route', 0.0843)]","[('scenic route', 0.5427), ('park', 0.4643), ('daytime', 0.3958), ('walk', 0.2866), ('felt', 0.1426)]"
52.28291,-1.53462,2.5,0.5,0.4,0.2,unsafe,"There was a long, isolated road with a lack of lighting on the route.; There was a long, isolated road with a lack of lighting on the route.; Quiet route  with no public services available","[('road lack', 0.7677), ('road', 0.4159), ('route long', 0.3626), ('lighting route', 0.2673), ('services available', 0.1481)]","[('quiet', 0.5817), ('road', 0.4159), ('long', 0.3444), ('public', 0.2912), ('lighting', 0.2089)]","[('road lack lighting', 0.8534), ('long isolated', 0.6125), ('road', 0.4159), ('lighting route long', 0.3704), ('available', 0.115)]","[('isolated road', 0.7589), ('lack', 0.5561), ('route', 0.2682), ('public services', 0.2376), ('lighting', 0.2089)]"
52.2913023,-1.5778892,3.0,0.4,0.4,0.2,safe,Walking near the park at night meant there was little lighting and no access to public spaces.; Walking near the park at night meant there was little lighting and no access to public spaces.,"[('little lighting', 0.4558), ('park night', 0.4455), ('walking near', 0.248), ('access public', 0.1453), ('lighting', 0.1286)]","[('night', 0.3618), ('park', 0.2183), ('walking', 0.2139), ('little', 0.1727), ('lighting', 0.1286)]","[('night meant little', 0.5424), ('near park night', 0.5276), ('walking near park', 0.4015), ('walking', 0.2139), ('access public', 0.1453)]","[('little lighting', 0.4558), ('night', 0.3618), ('park', 0.2183), ('public spaces', 0.2169), ('access', 0.023)]"
52.28776,-1.53862,4.0,0.6,0.8,0.4,safe,The walk through the park is nice and busy in the daytime. Felt very safe and was a scenic route.; The walk through the park is nice and busy in the daytime. Felt very safe and was a scenic route.,"[('park nice', 0.6938), ('safe', 0.4375), ('scenic', 0.416), ('busy daytime', 0.3986), ('route walk', 0.3301)]","[('park', 0.4643), ('safe', 0.4375), ('daytime', 0.3958), ('walk', 0.2866), ('busy', 0.218)]","[('walk park nice', 0.7759), ('daytime felt safe', 0.6322), ('park', 0.4643), ('busy daytime', 0.3986), ('route', 0.0843)]","[('scenic route', 0.5427), ('park', 0.4643), ('daytime', 0.3958), ('walk', 0.2866), ('felt', 0.1426)]"
52.28998,-1.57966,2.5,0.6,0.6,0.4,unsafe,"The route was busy with the public, but there was a lot of cars which made me feel unsafe at times.; The route was isolated as it was far away from shops and any public spaces. The hospital was nearby which made me feel more safe but overall would have preferred a more busy route.; The route was busy with the public, but there was a lot of cars which made me feel unsafe at times.; The route was isolated as it was far away from shops and any public spaces. The hospital was nearby which made me feel more safe but overall would have preferred a more busy route.","[('busy route', 0.3729), ('hospital nearby', 0.2311), ('cars', 0.1932), ('isolated', 0.1011), ('shops', 0.0952)]","[('unsafe', 0.2223), ('cars', 0.1932), ('hospital', 0.1045), ('shops', 0.0952), ('nearby', 0.0527)]","[('cars feel unsafe', 0.586), ('away shops public', 0.4198), ('hospital nearby', 0.2311), ('lot cars', 0.2222), ('times route', -0.0546)]","[('busy route', 0.3729), ('cars', 0.1932), ('hospital', 0.1045), ('shops', 0.0952), ('times', -0.1172)]"
52.28273,-1.54573,3.0,0.8,0.8,0.2,safe,"The route was busy with the public, but there was a lot of cars which made me feel unsafe at times.; The route was busy with the public, but there was a lot of cars which made me feel unsafe at times.","[('busy public', 0.5604), ('lot cars', 0.3592), ('unsafe', 0.3211), ('public', 0.1818), ('times route', 0.0321)]","[('busy', 0.3785), ('unsafe', 0.3211), ('cars', 0.3133), ('public', 0.1818), ('route', 0.003)]","[('cars feel unsafe', 0.7099), ('busy public', 0.5604), ('lot cars', 0.3592), ('unsafe', 0.3211), ('times route', 0.0321)]","[('cars', 0.3133), ('public', 0.1818), ('lot', 0.1286), ('times', 0.0115), ('route', 0.003)]"
52.28632,-1.53186,2.0,0.4,0.4,0.2,unsafe,"Not well lit, round back streets, feels unsafe especially at night; Not well lit, round back streets, feels unsafe especially at night","[('feels unsafe', 0.676), ('night lit', 0.5415), ('round streets', 0.3419), ('lit round', 0.207), ('especially', 0.1362)]","[('unsafe', 0.6215), ('night', 0.5194), ('streets', 0.394), ('lit', 0.1665), ('especially', 0.1362)]","[('unsafe especially night', 0.8677), ('streets feels unsafe', 0.8365), ('night lit round', 0.5397), ('streets feels', 0.4255), ('lit', 0.1665)]","[('night', 0.5194), ('round back streets', 0.4449)]"
52.29629,-1.53701,2.0,0.6,0.4,0.4,unsafe,"The route was fairly well-lit, but it was quite far from  the main high street so I felt less safe.; The route was fairly well-lit, but it was quite far from  the main high street so I felt less safe.","[('street felt', 0.3053), ('felt safe', 0.2017), ('main high', 0.1687), ('lit quite', 0.1426), ('route', 0.0461)]","[('street', 0.2276), ('safe', 0.1887), ('high', 0.1745), ('lit', 0.088), ('main', 0.044)]","[('street felt safe', 0.381), ('high street felt', 0.3128), ('far main high', 0.2326), ('street', 0.2276), ('lit quite', 0.1426)]","[('main high street', 0.2607), ('route', 0.0461)]"
52.28416929999999,-1.5321236,4.0,0.8,0.8,0.4,safe,"The route was short on a public street, with people around. I felt safe overall - especially as it's the daytime.; The route was short on a public street, with people around. I felt safe overall - especially as it's the daytime.","[('short public', 0.6026), ('felt safe', 0.5127), ('street people', 0.4802), ('especially daytime', 0.4624), ('route', 0.1799)]","[('safe', 0.4618), ('daytime', 0.4595), ('short', 0.4422), ('street', 0.414), ('especially', 0.1157)]","[('short public street', 0.7323), ('people felt safe', 0.5779), ('street people felt', 0.5607), ('especially daytime route', 0.4853), ('route', 0.1799)]","[('public street', 0.5483), ('daytime', 0.4595), ('people', 0.221), ('route', 0.1799)]"
52.28924,-1.56007,2.0,0.4,0.4,0.6,unsafe,The route was isolated as it was far away from shops and any public spaces. The hospital was nearby which made me feel more safe but overall would have preferred a more busy route.; The route was isolated as it was far away from shops and any public spaces. The hospital was nearby which made me feel more safe but overall would have preferred a more busy route.,"[('away shops', 0.4378), ('busy route', 0.2991), ('shops public', 0.2677), ('hospital nearby', 0.2667), ('overall preferred', 0.1806)]","[('isolated', 0.3072), ('busy', 0.1983), ('hospital', 0.1886), ('shops', 0.1568), ('nearby', 0.1452)]","[('away shops public', 0.5348), ('overall preferred busy', 0.3259), ('hospital nearby', 0.2667), ('safe', 0.2519), ('spaces hospital', 0.2223)]","[('busy route', 0.2991), ('public spaces', 0.2023), ('hospital', 0.1886), ('shops', 0.1568), ('route', 0.0445)]"
52.27632,-1.53311,4.0,0.8,0.8,0.4,safe,The route felt fairly safe with some access to public spaces.; The route felt fairly safe with some access to public spaces.,"[('safe access', 0.8528), ('felt fairly', 0.6885), ('public', 0.5552), ('route felt', 0.5215), ('spaces route', 0.463)]","[('safe', 0.7503), ('public', 0.5552), ('felt', 0.46), ('spaces', 0.4411), ('route', 0.3972)]","[('fairly safe access', 0.8703), ('public spaces route', 0.5572), ('access public', 0.5137), ('spaces route', 0.463), ('felt', 0.46)]","[('public spaces', 0.6254), ('access', 0.4339), ('route', 0.3972)]"
52.2827,-1.55337,3.0,0.8,0.8,0.2,safe,"The route was busy with the public, but there was a lot of cars which made me feel unsafe at times.; The route was busy with the public, but there was a lot of cars which made me feel unsafe at times.","[('busy public', 0.5604), ('lot cars', 0.3592), ('unsafe', 0.3211), ('public', 0.1818), ('times route', 0.0321)]","[('busy', 0.3785), ('unsafe', 0.3211), ('cars', 0.3133), ('public', 0.1818), ('route', 0.003)]","[('cars feel unsafe', 0.7099), ('busy public', 0.5604), ('lot cars', 0.3592), ('unsafe', 0.3211), ('times route', 0.0321)]","[('cars', 0.3133), ('public', 0.1818), ('lot', 0.1286), ('times', 0.0115), ('route', 0.003)]"
52.2826,-1.5515,3.0,0.8,0.8,0.2,safe,"The route was busy with the public, but there was a lot of cars which made me feel unsafe at times.; The route was busy with the public, but there was a lot of cars which made me feel unsafe at times.","[('busy public', 0.5604), ('lot cars', 0.3592), ('unsafe', 0.3211), ('public', 0.1818), ('times route', 0.0321)]","[('busy', 0.3785), ('unsafe', 0.3211), ('cars', 0.3133), ('public', 0.1818), ('route', 0.003)]","[('cars feel unsafe', 0.7099), ('busy public', 0.5604), ('lot cars', 0.3592), ('unsafe', 0.3211), ('times route', 0.0321)]","[('cars', 0.3133), ('public', 0.1818), ('lot', 0.1286), ('times', 0.0115), ('route', 0.003)]"
52.28536,-1.55769,3.0,0.8,0.8,0.2,safe,"The route was busy with the public, but there was a lot of cars which made me feel unsafe at times.; The route was busy with the public, but there was a lot of cars which made me feel unsafe at times.","[('busy public', 0.5604), ('lot cars', 0.3592), ('unsafe', 0.3211), ('public', 0.1818), ('times route', 0.0321)]","[('busy', 0.3785), ('unsafe', 0.3211), ('cars', 0.3133), ('public', 0.1818), ('route', 0.003)]","[('cars feel unsafe', 0.7099), ('busy public', 0.5604), ('lot cars', 0.3592), ('unsafe', 0.3211), ('times route', 0.0321)]","[('cars', 0.3133), ('public', 0.1818), ('lot', 0.1286), ('times', 0.0115), ('route', 0.003)]"
52.2875,-1.53289,3.0,0.5,0.6,0.4,safe,The route included backstreets which were isolated and there was no lighting in the evening. I felt unsafe on the route.; The walk through the park is nice and busy in the daytime. Felt very safe and was a scenic route.; The route included backstreets which were isolated and there was no lighting in the evening. I felt unsafe on the route.; The walk through the park is nice and busy in the daytime. Felt very safe and was a scenic route.,"[('park nice', 0.369), ('isolated lighting', 0.3542), ('busy daytime', 0.2928), ('felt unsafe', 0.2904), ('route included', -0.0628)]","[('park', 0.2463), ('evening', 0.208), ('isolated', 0.1913), ('walk', 0.1402), ('busy', 0.1343)]","[('isolated lighting evening', 0.5111), ('park nice busy', 0.4747), ('busy daytime felt', 0.3196), ('felt unsafe', 0.2904), ('route route included', 0.0002)]","[('scenic route', 0.2903), ('park', 0.2463), ('daytime', 0.1674), ('walk', 0.1402), ('backstreets', 0.1188)]"
52.2721847,-1.5256998,2.0,0.6,0.4,0.2,unsafe,I hated the walk alongside the cemetery - was creepy and made me feel unsafe. I would have preferred a route with more people around; I hated the walk alongside the cemetery - was creepy and made me feel unsafe. I would have preferred a route with more people around,"[('cemetery creepy', 0.6262), ('hated walk', 0.5738), ('unsafe preferred', 0.4399), ('alongside cemetery', 0.2049), ('route people', 0.0444)]","[('hated', 0.3773), ('creepy', 0.3719), ('cemetery', 0.2036), ('walk', 0.0711), ('preferred', 0.0167)]","[('people hated walk', 0.6875), ('alongside cemetery creepy', 0.5495), ('unsafe preferred', 0.4399), ('walk alongside cemetery', 0.2595), ('alongside', -0.0963)]","[('cemetery', 0.2036), ('more people', 0.0775), ('walk', 0.0711), ('route', -0.052)]"
52.28538,-1.55773,4.0,0.6,0.8,0.4,safe,The walk through the park is nice and busy in the daytime. Felt very safe and was a scenic route.; The walk through the park is nice and busy in the daytime. Felt very safe and was a scenic route.,"[('park nice', 0.6938), ('safe', 0.4375), ('scenic', 0.416), ('busy daytime', 0.3986), ('route walk', 0.3301)]","[('park', 0.4643), ('safe', 0.4375), ('daytime', 0.3958), ('walk', 0.2866), ('busy', 0.218)]","[('walk park nice', 0.7759), ('daytime felt safe', 0.6322), ('park', 0.4643), ('busy daytime', 0.3986), ('route', 0.0843)]","[('scenic route', 0.5427), ('park', 0.4643), ('daytime', 0.3958), ('walk', 0.2866), ('felt', 0.1426)]"
52.28731,-1.53577,4.0,0.6,0.8,0.4,safe,The walk through the park is nice and busy in the daytime. Felt very safe and was a scenic route.; The walk through the park is nice and busy in the daytime. Felt very safe and was a scenic route.,"[('park nice', 0.6938), ('safe', 0.4375), ('scenic', 0.416), ('busy daytime', 0.3986), ('route walk', 0.3301)]","[('park', 0.4643), ('safe', 0.4375), ('daytime', 0.3958), ('walk', 0.2866), ('busy', 0.218)]","[('walk park nice', 0.7759), ('daytime felt safe', 0.6322), ('park', 0.4643), ('busy daytime', 0.3986), ('route', 0.0843)]","[('scenic route', 0.5427), ('park', 0.4643), ('daytime', 0.3958), ('walk', 0.2866), ('felt', 0.1426)]"
52.28721,-1.56292,3.0,0.8,0.8,0.2,safe,"The route was busy with the public, but there was a lot of cars which made me feel unsafe at times.; The route was busy with the public, but there was a lot of cars which made me feel unsafe at times.","[('busy public', 0.5604), ('lot cars', 0.3592), ('unsafe', 0.3211), ('public', 0.1818), ('times route', 0.0321)]","[('busy', 0.3785), ('unsafe', 0.3211), ('cars', 0.3133), ('public', 0.1818), ('route', 0.003)]","[('cars feel unsafe', 0.7099), ('busy public', 0.5604), ('lot cars', 0.3592), ('unsafe', 0.3211), ('times route', 0.0321)]","[('cars', 0.3133), ('public', 0.1818), ('lot', 0.1286), ('times', 0.0115), ('route', 0.003)]"
52.28544,-1.55795,3.0,0.8,0.8,0.2,safe,"The route was busy with the public, but there was a lot of cars which made me feel unsafe at times.; The route was busy with the public, but there was a lot of cars which made me feel unsafe at times.","[('busy public', 0.5604), ('lot cars', 0.3592), ('unsafe', 0.3211), ('public', 0.1818), ('times route', 0.0321)]","[('busy', 0.3785), ('unsafe', 0.3211), ('cars', 0.3133), ('public', 0.1818), ('route', 0.003)]","[('cars feel unsafe', 0.7099), ('busy public', 0.5604), ('lot cars', 0.3592), ('unsafe', 0.3211), ('times route', 0.0321)]","[('cars', 0.3133), ('public', 0.1818), ('lot', 0.1286), ('times', 0.0115), ('route', 0.003)]"
52.27638,-1.52843,3.5,0.7,0.7,0.3,safe,"Well-lit street, was quite busy with other members of public.; The route felt fairly safe with some access to public spaces.; Well-lit street, was quite busy with other members of public.; The route felt fairly safe with some access to public spaces.","[('lit street', 0.699), ('fairly safe', 0.5884), ('members public', 0.5228), ('busy members', 0.5179), ('access', 0.289)]","[('safe', 0.5487), ('street', 0.4829), ('lit', 0.4404), ('busy', 0.4267), ('members', 0.29)]","[('spaces lit street', 0.7468), ('felt fairly safe', 0.6353), ('members public route', 0.5232), ('quite busy members', 0.5046), ('route', 0.235)]","[('public spaces', 0.5847), ('street', 0.4829), ('other members', 0.3802), ('access', 0.289), ('route', 0.235)]"
52.2812835,-1.5456867,2.0,0.4,0.4,0.2,unsafe,"On route there was a road which had no street lighting and felt very unsafe. It was residential, but there was no access to public spaces.; On route there was a road which had no street lighting and felt very unsafe. It was residential, but there was no access to public spaces.","[('unsafe residential', 0.7215), ('street lighting', 0.3342), ('road', 0.2989), ('residential', 0.2465), ('access public', 0.1257)]","[('unsafe', 0.5525), ('road', 0.2989), ('residential', 0.2465), ('lighting', 0.1376), ('felt', 0.0808)]","[('unsafe residential access', 0.7517), ('street lighting felt', 0.3424), ('road street', 0.3144), ('residential', 0.2465), ('access public', 0.1257)]","[('street lighting', 0.3342), ('road', 0.2989), ('public spaces', 0.21), ('route', 0.1095), ('access', 0.0537)]"
52.27648,-1.52008,3.0,0.6,0.6,0.2,safe,"Well-lit street, was quite busy with other members of public.; Well-lit street, was quite busy with other members of public.","[('lit street', 0.7497), ('busy members', 0.6292), ('members public', 0.5889), ('lit', 0.4973), ('quite', 0.3242)]","[('street', 0.5627), ('public', 0.5542), ('busy', 0.5319), ('lit', 0.4973), ('members', 0.3455)]","[('public lit street', 0.7701), ('street quite busy', 0.7673), ('quite busy members', 0.6288), ('members public', 0.5889), ('quite', 0.3242)]","[('street', 0.5627), ('public', 0.5542), ('other members', 0.4653)]"
52.28924,-1.57167,3.0,0.8,0.8,0.2,safe,"The route was busy with the public, but there was a lot of cars which made me feel unsafe at times.; The route was busy with the public, but there was a lot of cars which made me feel unsafe at times.","[('busy public', 0.5604), ('lot cars', 0.3592), ('unsafe', 0.3211), ('public', 0.1818), ('times route', 0.0321)]","[('busy', 0.3785), ('unsafe', 0.3211), ('cars', 0.3133), ('public', 0.1818), ('route', 0.003)]","[('cars feel unsafe', 0.7099), ('busy public', 0.5604), ('lot cars', 0.3592), ('unsafe', 0.3211), ('times route', 0.0321)]","[('cars', 0.3133), ('public', 0.1818), ('lot', 0.1286), ('times', 0.0115), ('route', 0.003)]"
52.28753,-1.56515,3.0,0.8,0.8,0.2,safe,"The route was busy with the public, but there was a lot of cars which made me feel unsafe at times.; The route was busy with the public, but there was a lot of cars which made me feel unsafe at times.","[('busy public', 0.5604), ('lot cars', 0.3592), ('unsafe', 0.3211), ('public', 0.1818), ('times route', 0.0321)]","[('busy', 0.3785), ('unsafe', 0.3211), ('cars', 0.3133), ('public', 0.1818), ('route', 0.003)]","[('cars feel unsafe', 0.7099), ('busy public', 0.5604), ('lot cars', 0.3592), ('unsafe', 0.3211), ('times route', 0.0321)]","[('cars', 0.3133), ('public', 0.1818), ('lot', 0.1286), ('times', 0.0115), ('route', 0.003)]"
52.2869,-1.53339,2.0,0.4,0.4,0.4,unsafe,The route included backstreets which were isolated and there was no lighting in the evening. I felt unsafe on the route.; The route included backstreets which were isolated and there was no lighting in the evening. I felt unsafe on the route.,"[('unsafe route', 0.643), ('isolated lighting', 0.5442), ('lighting evening', 0.3723), ('included backstreets', 0.232), ('route route', 0.1834)]","[('unsafe', 0.5318), ('isolated', 0.3877), ('evening', 0.3389), ('backstreets', 0.3221), ('lighting', 0.1948)]","[('evening felt unsafe', 0.7467), ('backstreets isolated lighting', 0.5414), ('lighting evening', 0.3723), ('route route included', 0.1717), ('felt', 0.1071)]","[('evening', 0.3389), ('backstreets', 0.3221), ('lighting', 0.1948), ('route', 0.1466)]"
52.28806,-1.53153,4.0,0.6,0.8,0.4,safe,The walk through the park is nice and busy in the daytime. Felt very safe and was a scenic route.; The walk through the park is nice and busy in the daytime. Felt very safe and was a scenic route.,"[('park nice', 0.6938), ('safe', 0.4375), ('scenic', 0.416), ('busy daytime', 0.3986), ('route walk', 0.3301)]","[('park', 0.4643), ('safe', 0.4375), ('daytime', 0.3958), ('walk', 0.2866), ('busy', 0.218)]","[('walk park nice', 0.7759), ('daytime felt safe', 0.6322), ('park', 0.4643), ('busy daytime', 0.3986), ('route', 0.0843)]","[('scenic route', 0.5427), ('park', 0.4643), ('daytime', 0.3958), ('walk', 0.2866), ('felt', 0.1426)]"
52.28944,-1.5567,2.0,0.4,0.4,0.6,unsafe,The route was isolated as it was far away from shops and any public spaces. The hospital was nearby which made me feel more safe but overall would have preferred a more busy route.; The route was isolated as it was far away from shops and any public spaces. The hospital was nearby which made me feel more safe but overall would have preferred a more busy route.,"[('away shops', 0.4378), ('busy route', 0.2991), ('shops public', 0.2677), ('hospital nearby', 0.2667), ('overall preferred', 0.1806)]","[('isolated', 0.3072), ('busy', 0.1983), ('hospital', 0.1886), ('shops', 0.1568), ('nearby', 0.1452)]","[('away shops public', 0.5348), ('overall preferred busy', 0.3259), ('hospital nearby', 0.2667), ('safe', 0.2519), ('spaces hospital', 0.2223)]","[('busy route', 0.2991), ('public spaces', 0.2023), ('hospital', 0.1886), ('shops', 0.1568), ('route', 0.0445)]"
52.27635,-1.51873,3.0,0.6,0.6,0.2,safe,"Well-lit street, was quite busy with other members of public.; Well-lit street, was quite busy with other members of public.","[('lit street', 0.7497), ('busy members', 0.6292), ('members public', 0.5889), ('lit', 0.4973), ('quite', 0.3242)]","[('street', 0.5627), ('public', 0.5542), ('busy', 0.5319), ('lit', 0.4973), ('members', 0.3455)]","[('public lit street', 0.7701), ('street quite busy', 0.7673), ('quite busy members', 0.6288), ('members public', 0.5889), ('quite', 0.3242)]","[('street', 0.5627), ('public', 0.5542), ('other members', 0.4653)]"
52.28675,-1.56105,4.0,0.6,0.8,0.4,safe,The walk through the park is nice and busy in the daytime. Felt very safe and was a scenic route.; The walk through the park is nice and busy in the daytime. Felt very safe and was a scenic route.,"[('park nice', 0.6938), ('safe', 0.4375), ('scenic', 0.416), ('busy daytime', 0.3986), ('route walk', 0.3301)]","[('park', 0.4643), ('safe', 0.4375), ('daytime', 0.3958), ('walk', 0.2866), ('busy', 0.218)]","[('walk park nice', 0.7759), ('daytime felt safe', 0.6322), ('park', 0.4643), ('busy daytime', 0.3986), ('route', 0.0843)]","[('scenic route', 0.5427), ('park', 0.4643), ('daytime', 0.3958), ('walk', 0.2866), ('felt', 0.1426)]"
52.2883,-1.5307,3.0,0.5,0.6,0.4,safe,The route included backstreets which were isolated and there was no lighting in the evening. I felt unsafe on the route.; The walk through the park is nice and busy in the daytime. Felt very safe and was a scenic route.; The route included backstreets which were isolated and there was no lighting in the evening. I felt unsafe on the route.; The walk through the park is nice and busy in the daytime. Felt very safe and was a scenic route.,"[('park nice', 0.369), ('isolated lighting', 0.3542), ('busy daytime', 0.2928), ('felt unsafe', 0.2904), ('route included', -0.0628)]","[('park', 0.2463), ('evening', 0.208), ('isolated', 0.1913), ('walk', 0.1402), ('busy', 0.1343)]","[('isolated lighting evening', 0.5111), ('park nice busy', 0.4747), ('busy daytime felt', 0.3196), ('felt unsafe', 0.2904), ('route route included', 0.0002)]","[('scenic route', 0.2903), ('park', 0.2463), ('daytime', 0.1674), ('walk', 0.1402), ('backstreets', 0.1188)]"
52.2897243,-1.5500951,3.0,0.6,0.4,0.6,safe,"The route was residential, making me feel at ease.; The route was residential, making me feel at ease.","[('residential', 0.7119), ('ease route', 0.6862), ('making feel', 0.4721), ('route', 0.3727), ('making', 0.3406)]","[('residential', 0.7119), ('ease', 0.6544), ('feel', 0.4183), ('route', 0.3727), ('making', 0.3406)]","[('ease route residential', 0.872), ('making feel ease', 0.7058), ('residential making', 0.6671), ('making feel', 0.4721), ('making', 0.3406)]","[('ease', 0.6544), ('route', 0.3727)]"
52.28397,-1.53666,3.0,0.8,0.8,0.2,safe,"The route was busy with the public, but there was a lot of cars which made me feel unsafe at times.; The route was busy with the public, but there was a lot of cars which made me feel unsafe at times.","[('busy public', 0.5604), ('lot cars', 0.3592), ('unsafe', 0.3211), ('public', 0.1818), ('times route', 0.0321)]","[('busy', 0.3785), ('unsafe', 0.3211), ('cars', 0.3133), ('public', 0.1818), ('route', 0.003)]","[('cars feel unsafe', 0.7099), ('busy public', 0.5604), ('lot cars', 0.3592), ('unsafe', 0.3211), ('times route', 0.0321)]","[('cars', 0.3133), ('public', 0.1818), ('lot', 0.1286), ('times', 0.0115), ('route', 0.003)]"
52.28502,-1.53352,2.0,0.4,0.4,0.4,unsafe,The route included backstreets which were isolated and there was no lighting in the evening. I felt unsafe on the route.; The route included backstreets which were isolated and there was no lighting in the evening. I felt unsafe on the route.,"[('unsafe route', 0.643), ('isolated lighting', 0.5442), ('lighting evening', 0.3723), ('included backstreets', 0.232), ('route route', 0.1834)]","[('unsafe', 0.5318), ('isolated', 0.3877), ('evening', 0.3389), ('backstreets', 0.3221), ('lighting', 0.1948)]","[('evening felt unsafe', 0.7467), ('backstreets isolated lighting', 0.5414), ('lighting evening', 0.3723), ('route route included', 0.1717), ('felt', 0.1071)]","[('evening', 0.3389), ('backstreets', 0.3221), ('lighting', 0.1948), ('route', 0.1466)]"
52.28648,-1.56386,4.0,0.6,0.8,0.4,safe,The walk through the park is nice and busy in the daytime. Felt very safe and was a scenic route.; The walk through the park is nice and busy in the daytime. Felt very safe and was a scenic route.,"[('park nice', 0.6938), ('safe', 0.4375), ('scenic', 0.416), ('busy daytime', 0.3986), ('route walk', 0.3301)]","[('park', 0.4643), ('safe', 0.4375), ('daytime', 0.3958), ('walk', 0.2866), ('busy', 0.218)]","[('walk park nice', 0.7759), ('daytime felt safe', 0.6322), ('park', 0.4643), ('busy daytime', 0.3986), ('route', 0.0843)]","[('scenic route', 0.5427), ('park', 0.4643), ('daytime', 0.3958), ('walk', 0.2866), ('felt', 0.1426)]"
52.28589,-1.54948,4.0,0.6,0.8,0.4,safe,The walk through the park is nice and busy in the daytime. Felt very safe and was a scenic route.; The walk through the park is nice and busy in the daytime. Felt very safe and was a scenic route.,"[('park nice', 0.6938), ('safe', 0.4375), ('scenic', 0.416), ('busy daytime', 0.3986), ('route walk', 0.3301)]","[('park', 0.4643), ('safe', 0.4375), ('daytime', 0.3958), ('walk', 0.2866), ('busy', 0.218)]","[('walk park nice', 0.7759), ('daytime felt safe', 0.6322), ('park', 0.4643), ('busy daytime', 0.3986), ('route', 0.0843)]","[('scenic route', 0.5427), ('park', 0.4643), ('daytime', 0.3958), ('walk', 0.2866), ('felt', 0.1426)]"
52.28746,-1.56498,2.0,0.4,0.4,0.6,unsafe,The route was isolated as it was far away from shops and any public spaces. The hospital was nearby which made me feel more safe but overall would have preferred a more busy route.; The route was isolated as it was far away from shops and any public spaces. The hospital was nearby which made me feel more safe but overall would have preferred a more busy route.,"[('away shops', 0.4378), ('busy route', 0.2991), ('shops public', 0.2677), ('hospital nearby', 0.2667), ('overall preferred', 0.1806)]","[('isolated', 0.3072), ('busy', 0.1983), ('hospital', 0.1886), ('shops', 0.1568), ('nearby', 0.1452)]","[('away shops public', 0.5348), ('overall preferred busy', 0.3259), ('hospital nearby', 0.2667), ('safe', 0.2519), ('spaces hospital', 0.2223)]","[('busy route', 0.2991), ('public spaces', 0.2023), ('hospital', 0.1886), ('shops', 0.1568), ('route', 0.0445)]"
52.28418,-1.53414,3.0,0.6,0.4,0.2,safe,"There was a long, isolated road with a lack of lighting on the route.; There was a long, isolated road with a lack of lighting on the route.","[('isolated road', 0.7717), ('long isolated', 0.6521), ('road', 0.5312), ('route long', 0.4862), ('lighting', 0.3005)]","[('isolated', 0.57), ('road', 0.5312), ('long', 0.454), ('route', 0.3725), ('lighting', 0.3005)]","[('long isolated road', 0.8514), ('lack lighting route', 0.7515), ('road', 0.5312), ('long', 0.454), ('lighting', 0.3005)]","[('isolated road', 0.7717), ('lack', 0.5557), ('route', 0.3725), ('lighting', 0.3005)]"
52.28478,-1.53391,2.0,0.4,0.4,0.3,unsafe,The route included backstreets which were isolated and there was no lighting in the evening. I felt unsafe on the route.; The route included backstreets which were isolated and there was no lighting in the evening. I felt unsafe on the route.; Quiet route  with no public services available,"[('unsafe route', 0.6167), ('quiet route', 0.4664), ('lighting evening', 0.3227), ('included backstreets', 0.1846), ('public services', 0.1312)]","[('unsafe', 0.5108), ('quiet', 0.3959), ('evening', 0.2969), ('backstreets', 0.2907), ('public', 0.1789)]","[('evening felt unsafe', 0.7017), ('quiet route public', 0.5395), ('included backstreets isolated', 0.3667), ('lighting evening', 0.3227), ('route public services', 0.1468)]","[('quiet route', 0.4664), ('evening', 0.2969), ('backstreets', 0.2907), ('lighting', 0.1523), ('public services', 0.1312)]"
52.28578,-1.5316,2.0,0.4,0.4,0.2,unsafe,"Not well lit, round back streets, feels unsafe especially at night; Not well lit, round back streets, feels unsafe especially at night","[('feels unsafe', 0.676), ('night lit', 0.5415), ('round streets', 0.3419), ('lit round', 0.207), ('especially', 0.1362)]","[('unsafe', 0.6215), ('night', 0.5194), ('streets', 0.394), ('lit', 0.1665), ('especially', 0.1362)]","[('unsafe especially night', 0.8677), ('streets feels unsafe', 0.8365), ('night lit round', 0.5397), ('streets feels', 0.4255), ('lit', 0.1665)]","[('night', 0.5194), ('round back streets', 0.4449)]"
52.28803,-1.54452,4.0,0.6,0.8,0.4,safe,The walk through the park is nice and busy in the daytime. Felt very safe and was a scenic route.; The walk through the park is nice and busy in the daytime. Felt very safe and was a scenic route.,"[('park nice', 0.6938), ('safe', 0.4375), ('scenic', 0.416), ('busy daytime', 0.3986), ('route walk', 0.3301)]","[('park', 0.4643), ('safe', 0.4375), ('daytime', 0.3958), ('walk', 0.2866), ('busy', 0.218)]","[('walk park nice', 0.7759), ('daytime felt safe', 0.6322), ('park', 0.4643), ('busy daytime', 0.3986), ('route', 0.0843)]","[('scenic route', 0.5427), ('park', 0.4643), ('daytime', 0.3958), ('walk', 0.2866), ('felt', 0.1426)]"
52.28794,-1.54571,4.0,0.6,0.8,0.4,safe,The walk through the park is nice and busy in the daytime. Felt very safe and was a scenic route.; The walk through the park is nice and busy in the daytime. Felt very safe and was a scenic route.,"[('park nice', 0.6938), ('safe', 0.4375), ('scenic', 0.416), ('busy daytime', 0.3986), ('route walk', 0.3301)]","[('park', 0.4643), ('safe', 0.4375), ('daytime', 0.3958), ('walk', 0.2866), ('busy', 0.218)]","[('walk park nice', 0.7759), ('daytime felt safe', 0.6322), ('park', 0.4643), ('busy daytime', 0.3986), ('route', 0.0843)]","[('scenic route', 0.5427), ('park', 0.4643), ('daytime', 0.3958), ('walk', 0.2866), ('felt', 0.1426)]"
52.27488,-1.52629,4.0,0.8,0.8,0.4,safe,The route felt fairly safe with some access to public spaces.; The route felt fairly safe with some access to public spaces.,"[('safe access', 0.8528), ('felt fairly', 0.6885), ('public', 0.5552), ('route felt', 0.5215), ('spaces route', 0.463)]","[('safe', 0.7503), ('public', 0.5552), ('felt', 0.46), ('spaces', 0.4411), ('route', 0.3972)]","[('fairly safe access', 0.8703), ('public spaces route', 0.5572), ('access public', 0.5137), ('spaces route', 0.463), ('felt', 0.46)]","[('public spaces', 0.6254), ('access', 0.4339), ('route', 0.3972)]"
52.2896,-1.55327,2.0,0.4,0.4,0.6,unsafe,The route was isolated as it was far away from shops and any public spaces. The hospital was nearby which made me feel more safe but overall would have preferred a more busy route.; The route was isolated as it was far away from shops and any public spaces. The hospital was nearby which made me feel more safe but overall would have preferred a more busy route.,"[('away shops', 0.4378), ('busy route', 0.2991), ('shops public', 0.2677), ('hospital nearby', 0.2667), ('overall preferred', 0.1806)]","[('isolated', 0.3072), ('busy', 0.1983), ('hospital', 0.1886), ('shops', 0.1568), ('nearby', 0.1452)]","[('away shops public', 0.5348), ('overall preferred busy', 0.3259), ('hospital nearby', 0.2667), ('safe', 0.2519), ('spaces hospital', 0.2223)]","[('busy route', 0.2991), ('public spaces', 0.2023), ('hospital', 0.1886), ('shops', 0.1568), ('route', 0.0445)]"
52.28744,-1.56499,2.0,0.4,0.4,0.6,unsafe,The route was isolated as it was far away from shops and any public spaces. The hospital was nearby which made me feel more safe but overall would have preferred a more busy route.; The route was isolated as it was far away from shops and any public spaces. The hospital was nearby which made me feel more safe but overall would have preferred a more busy route.,"[('away shops', 0.4378), ('busy route', 0.2991), ('shops public', 0.2677), ('hospital nearby', 0.2667), ('overall preferred', 0.1806)]","[('isolated', 0.3072), ('busy', 0.1983), ('hospital', 0.1886), ('shops', 0.1568), ('nearby', 0.1452)]","[('away shops public', 0.5348), ('overall preferred busy', 0.3259), ('hospital nearby', 0.2667), ('safe', 0.2519), ('spaces hospital', 0.2223)]","[('busy route', 0.2991), ('public spaces', 0.2023), ('hospital', 0.1886), ('shops', 0.1568), ('route', 0.0445)]"
52.28797,-1.53627,2.25,0.4,0.35,0.2,unsafe,"There was little lighting when we walked through the park, felt very unsafe.; There was little lighting when we walked through the park, felt very unsafe.; The route felt fairly safe with some street lighting, however there was nobody around at this time of night.; The route did not feel safe at all. I had to walk through a park by myself and felt helpless if anything were to happen.","[('unsafe route', 0.4389), ('walked park', 0.3089), ('night route', 0.2471), ('fairly safe', 0.1066), ('lighting time', 0.006)]","[('helpless', 0.3447), ('night', 0.1834), ('park', 0.1785), ('walk', 0.1), ('lighting', 0.0095)]","[('park felt unsafe', 0.6309), ('lighting walked park', 0.3797), ('little lighting', 0.3789), ('fairly safe street', 0.2823), ('lighting time', 0.006)]","[('little lighting', 0.3789), ('street lighting', 0.2337), ('night', 0.1834), ('park', 0.1785), ('anything', -0.0582)]"
52.27643,-1.52409,3.0,0.6,0.6,0.2,safe,"Well-lit street, was quite busy with other members of public.; Well-lit street, was quite busy with other members of public.","[('lit street', 0.7497), ('busy members', 0.6292), ('members public', 0.5889), ('lit', 0.4973), ('quite', 0.3242)]","[('street', 0.5627), ('public', 0.5542), ('busy', 0.5319), ('lit', 0.4973), ('members', 0.3455)]","[('public lit street', 0.7701), ('street quite busy', 0.7673), ('quite busy members', 0.6288), ('members public', 0.5889), ('quite', 0.3242)]","[('street', 0.5627), ('public', 0.5542), ('other members', 0.4653)]"
52.292597,-1.5369774,4.0,0.8,0.8,0.4,safe,"The route was well lit, busy, with lots of public spaces.; The route was well lit, busy, with lots of public spaces.","[('lots public', 0.7591), ('public spaces', 0.6067), ('busy', 0.5619), ('spaces route', 0.387), ('route', 0.2669)]","[('busy', 0.5619), ('public', 0.5401), ('lit', 0.5076), ('spaces', 0.394), ('route', 0.2669)]","[('lit busy lots', 0.8342), ('public spaces', 0.6067), ('lit', 0.5076), ('spaces route', 0.387), ('route', 0.2669)]","[('public spaces', 0.6067), ('lots', 0.4701), ('route', 0.2669)]"
52.28252,-1.55003,3.0,0.8,0.8,0.2,safe,"The route was busy with the public, but there was a lot of cars which made me feel unsafe at times.; The route was busy with the public, but there was a lot of cars which made me feel unsafe at times.","[('busy public', 0.5604), ('lot cars', 0.3592), ('unsafe', 0.3211), ('public', 0.1818), ('times route', 0.0321)]","[('busy', 0.3785), ('unsafe', 0.3211), ('cars', 0.3133), ('public', 0.1818), ('route', 0.003)]","[('cars feel unsafe', 0.7099), ('busy public', 0.5604), ('lot cars', 0.3592), ('unsafe', 0.3211), ('times route', 0.0321)]","[('cars', 0.3133), ('public', 0.1818), ('lot', 0.1286), ('times', 0.0115), ('route', 0.003)]"
52.28613,-1.54898,4.0,0.6,0.8,0.4,safe,The walk through the park is nice and busy in the daytime. Felt very safe and was a scenic route.; The walk through the park is nice and busy in the daytime. Felt very safe and was a scenic route.,"[('park nice', 0.6938), ('safe', 0.4375), ('scenic', 0.416), ('busy daytime', 0.3986), ('route walk', 0.3301)]","[('park', 0.4643), ('safe', 0.4375), ('daytime', 0.3958), ('walk', 0.2866), ('busy', 0.218)]","[('walk park nice', 0.7759), ('daytime felt safe', 0.6322), ('park', 0.4643), ('busy daytime', 0.3986), ('route', 0.0843)]","[('scenic route', 0.5427), ('park', 0.4643), ('daytime', 0.3958), ('walk', 0.2866), ('felt', 0.1426)]"
52.28785,-1.53888,3.0,0.5,0.7,0.4,safe,The walk through the park is nice and busy in the daytime. Felt very safe and was a scenic route.; The walk through the park is nice and busy in the daytime. Felt very safe and was a scenic route.; I don't enjoy walking by the park at night - too many drunk people and too dark,"[('park night', 0.5096), ('safe scenic', 0.3543), ('busy daytime', 0.3394), ('drunk people', 0.2793), ('walking', 0.1626)]","[('park', 0.2887), ('night', 0.2437), ('drunk', 0.2222), ('daytime', 0.2163), ('walking', 0.1626)]","[('walking park night', 0.6695), ('park nice busy', 0.609), ('daytime felt safe', 0.4056), ('drunk people', 0.2793), ('don', -0.0618)]","[('scenic route', 0.3551), ('many drunk people', 0.2972), ('night', 0.2437), ('daytime', 0.2163), ('walk', 0.1401)]"
52.29111,-1.57742,2.0,0.4,0.4,0.6,unsafe,The route was isolated as it was far away from shops and any public spaces. The hospital was nearby which made me feel more safe but overall would have preferred a more busy route.; The route was isolated as it was far away from shops and any public spaces. The hospital was nearby which made me feel more safe but overall would have preferred a more busy route.,"[('away shops', 0.4378), ('busy route', 0.2991), ('shops public', 0.2677), ('hospital nearby', 0.2667), ('overall preferred', 0.1806)]","[('isolated', 0.3072), ('busy', 0.1983), ('hospital', 0.1886), ('shops', 0.1568), ('nearby', 0.1452)]","[('away shops public', 0.5348), ('overall preferred busy', 0.3259), ('hospital nearby', 0.2667), ('safe', 0.2519), ('spaces hospital', 0.2223)]","[('busy route', 0.2991), ('public spaces', 0.2023), ('hospital', 0.1886), ('shops', 0.1568), ('route', 0.0445)]"
52.28772,-1.5655,2.0,0.4,0.4,0.6,unsafe,The route was isolated as it was far away from shops and any public spaces. The hospital was nearby which made me feel more safe but overall would have preferred a more busy route.; The route was isolated as it was far away from shops and any public spaces. The hospital was nearby which made me feel more safe but overall would have preferred a more busy route.,"[('away shops', 0.4378), ('busy route', 0.2991), ('shops public', 0.2677), ('hospital nearby', 0.2667), ('overall preferred', 0.1806)]","[('isolated', 0.3072), ('busy', 0.1983), ('hospital', 0.1886), ('shops', 0.1568), ('nearby', 0.1452)]","[('away shops public', 0.5348), ('overall preferred busy', 0.3259), ('hospital nearby', 0.2667), ('safe', 0.2519), ('spaces hospital', 0.2223)]","[('busy route', 0.2991), ('public spaces', 0.2023), ('hospital', 0.1886), ('shops', 0.1568), ('route', 0.0445)]"
52.27921,-1.54475,3.0,0.6,0.4,0.2,safe,"There was a long, isolated road with a lack of lighting on the route.; There was a long, isolated road with a lack of lighting on the route.","[('isolated road', 0.7717), ('long isolated', 0.6521), ('road', 0.5312), ('route long', 0.4862), ('lighting', 0.3005)]","[('isolated', 0.57), ('road', 0.5312), ('long', 0.454), ('route', 0.3725), ('lighting', 0.3005)]","[('long isolated road', 0.8514), ('lack lighting route', 0.7515), ('road', 0.5312), ('long', 0.454), ('lighting', 0.3005)]","[('isolated road', 0.7717), ('lack', 0.5557), ('route', 0.3725), ('lighting', 0.3005)]"
52.28491,-1.55395,4.0,0.6,0.8,0.4,safe,The walk through the park is nice and busy in the daytime. Felt very safe and was a scenic route.; The walk through the park is nice and busy in the daytime. Felt very safe and was a scenic route.,"[('park nice', 0.6938), ('safe', 0.4375), ('scenic', 0.416), ('busy daytime', 0.3986), ('route walk', 0.3301)]","[('park', 0.4643), ('safe', 0.4375), ('daytime', 0.3958), ('walk', 0.2866), ('busy', 0.218)]","[('walk park nice', 0.7759), ('daytime felt safe', 0.6322), ('park', 0.4643), ('busy daytime', 0.3986), ('route', 0.0843)]","[('scenic route', 0.5427), ('park', 0.4643), ('daytime', 0.3958), ('walk', 0.2866), ('felt', 0.1426)]"
52.28628,-1.56007,3.0,0.8,0.8,0.2,safe,"The route was busy with the public, but there was a lot of cars which made me feel unsafe at times.; The route was busy with the public, but there was a lot of cars which made me feel unsafe at times.","[('busy public', 0.5604), ('lot cars', 0.3592), ('unsafe', 0.3211), ('public', 0.1818), ('times route', 0.0321)]","[('busy', 0.3785), ('unsafe', 0.3211), ('cars', 0.3133), ('public', 0.1818), ('route', 0.003)]","[('cars feel unsafe', 0.7099), ('busy public', 0.5604), ('lot cars', 0.3592), ('unsafe', 0.3211), ('times route', 0.0321)]","[('cars', 0.3133), ('public', 0.1818), ('lot', 0.1286), ('times', 0.0115), ('route', 0.003)]"
52.28959,-1.55357,2.0,0.4,0.4,0.6,unsafe,The route was isolated as it was far away from shops and any public spaces. The hospital was nearby which made me feel more safe but overall would have preferred a more busy route.; The route was isolated as it was far away from shops and any public spaces. The hospital was nearby which made me feel more safe but overall would have preferred a more busy route.,"[('away shops', 0.4378), ('busy route', 0.2991), ('shops public', 0.2677), ('hospital nearby', 0.2667), ('overall preferred', 0.1806)]","[('isolated', 0.3072), ('busy', 0.1983), ('hospital', 0.1886), ('shops', 0.1568), ('nearby', 0.1452)]","[('away shops public', 0.5348), ('overall preferred busy', 0.3259), ('hospital nearby', 0.2667), ('safe', 0.2519), ('spaces hospital', 0.2223)]","[('busy route', 0.2991), ('public spaces', 0.2023), ('hospital', 0.1886), ('shops', 0.1568), ('route', 0.0445)]"
52.29134,-1.57801,2.5,0.6,0.6,0.4,unsafe,"The route was busy with the public, but there was a lot of cars which made me feel unsafe at times.; The route was isolated as it was far away from shops and any public spaces. The hospital was nearby which made me feel more safe but overall would have preferred a more busy route.; The route was busy with the public, but there was a lot of cars which made me feel unsafe at times.; The route was isolated as it was far away from shops and any public spaces. The hospital was nearby which made me feel more safe but overall would have preferred a more busy route.","[('busy route', 0.3729), ('hospital nearby', 0.2311), ('cars', 0.1932), ('isolated', 0.1011), ('shops', 0.0952)]","[('unsafe', 0.2223), ('cars', 0.1932), ('hospital', 0.1045), ('shops', 0.0952), ('nearby', 0.0527)]","[('cars feel unsafe', 0.586), ('away shops public', 0.4198), ('hospital nearby', 0.2311), ('lot cars', 0.2222), ('times route', -0.0546)]","[('busy route', 0.3729), ('cars', 0.1932), ('hospital', 0.1045), ('shops', 0.0952), ('times', -0.1172)]"
52.277348,-1.518688,2.0,0.4,0.4,0.2,unsafe,"On route there was a road which had no street lighting and felt very unsafe. It was residential, but there was no access to public spaces.; On route there was a road which had no street lighting and felt very unsafe. It was residential, but there was no access to public spaces.","[('unsafe residential', 0.7215), ('street lighting', 0.3342), ('road', 0.2989), ('residential', 0.2465), ('access public', 0.1257)]","[('unsafe', 0.5525), ('road', 0.2989), ('residential', 0.2465), ('lighting', 0.1376), ('felt', 0.0808)]","[('unsafe residential access', 0.7517), ('street lighting felt', 0.3424), ('road street', 0.3144), ('residential', 0.2465), ('access public', 0.1257)]","[('street lighting', 0.3342), ('road', 0.2989), ('public spaces', 0.21), ('route', 0.1095), ('access', 0.0537)]"
52.28775,-1.5641,2.0,0.4,0.4,0.6,unsafe,The route was isolated as it was far away from shops and any public spaces. The hospital was nearby which made me feel more safe but overall would have preferred a more busy route.; The route was isolated as it was far away from shops and any public spaces. The hospital was nearby which made me feel more safe but overall would have preferred a more busy route.,"[('away shops', 0.4378), ('busy route', 0.2991), ('shops public', 0.2677), ('hospital nearby', 0.2667), ('overall preferred', 0.1806)]","[('isolated', 0.3072), ('busy', 0.1983), ('hospital', 0.1886), ('shops', 0.1568), ('nearby', 0.1452)]","[('away shops public', 0.5348), ('overall preferred busy', 0.3259), ('hospital nearby', 0.2667), ('safe', 0.2519), ('spaces hospital', 0.2223)]","[('busy route', 0.2991), ('public spaces', 0.2023), ('hospital', 0.1886), ('shops', 0.1568), ('route', 0.0445)]"
52.28397,-1.53858,3.0,0.8,0.8,0.2,safe,"The route was busy with the public, but there was a lot of cars which made me feel unsafe at times.; The route was busy with the public, but there was a lot of cars which made me feel unsafe at times.","[('busy public', 0.5604), ('lot cars', 0.3592), ('unsafe', 0.3211), ('public', 0.1818), ('times route', 0.0321)]","[('busy', 0.3785), ('unsafe', 0.3211), ('cars', 0.3133), ('public', 0.1818), ('route', 0.003)]","[('cars feel unsafe', 0.7099), ('busy public', 0.5604), ('lot cars', 0.3592), ('unsafe', 0.3211), ('times route', 0.0321)]","[('cars', 0.3133), ('public', 0.1818), ('lot', 0.1286), ('times', 0.0115), ('route', 0.003)]"
52.28535,-1.55051,4.0,0.6,0.8,0.4,safe,The walk through the park is nice and busy in the daytime. Felt very safe and was a scenic route.; The walk through the park is nice and busy in the daytime. Felt very safe and was a scenic route.,"[('park nice', 0.6938), ('safe', 0.4375), ('scenic', 0.416), ('busy daytime', 0.3986), ('route walk', 0.3301)]","[('park', 0.4643), ('safe', 0.4375), ('daytime', 0.3958), ('walk', 0.2866), ('busy', 0.218)]","[('walk park nice', 0.7759), ('daytime felt safe', 0.6322), ('park', 0.4643), ('busy daytime', 0.3986), ('route', 0.0843)]","[('scenic route', 0.5427), ('park', 0.4643), ('daytime', 0.3958), ('walk', 0.2866), ('felt', 0.1426)]"
52.28765,-1.53256,2.0,0.4,0.4,0.4,unsafe,The route included backstreets which were isolated and there was no lighting in the evening. I felt unsafe on the route.; The route included backstreets which were isolated and there was no lighting in the evening. I felt unsafe on the route.,"[('unsafe route', 0.643), ('isolated lighting', 0.5442), ('lighting evening', 0.3723), ('included backstreets', 0.232), ('route route', 0.1834)]","[('unsafe', 0.5318), ('isolated', 0.3877), ('evening', 0.3389), ('backstreets', 0.3221), ('lighting', 0.1948)]","[('evening felt unsafe', 0.7467), ('backstreets isolated lighting', 0.5414), ('lighting evening', 0.3723), ('route route included', 0.1717), ('felt', 0.1071)]","[('evening', 0.3389), ('backstreets', 0.3221), ('lighting', 0.1948), ('route', 0.1466)]"
52.28968,-1.55093,2.0,0.4,0.4,0.6,unsafe,The route was isolated as it was far away from shops and any public spaces. The hospital was nearby which made me feel more safe but overall would have preferred a more busy route.; The route was isolated as it was far away from shops and any public spaces. The hospital was nearby which made me feel more safe but overall would have preferred a more busy route.,"[('away shops', 0.4378), ('busy route', 0.2991), ('shops public', 0.2677), ('hospital nearby', 0.2667), ('overall preferred', 0.1806)]","[('isolated', 0.3072), ('busy', 0.1983), ('hospital', 0.1886), ('shops', 0.1568), ('nearby', 0.1452)]","[('away shops public', 0.5348), ('overall preferred busy', 0.3259), ('hospital nearby', 0.2667), ('safe', 0.2519), ('spaces hospital', 0.2223)]","[('busy route', 0.2991), ('public spaces', 0.2023), ('hospital', 0.1886), ('shops', 0.1568), ('route', 0.0445)]"
52.28807,-1.54264,4.0,0.6,0.8,0.4,safe,The walk through the park is nice and busy in the daytime. Felt very safe and was a scenic route.; The walk through the park is nice and busy in the daytime. Felt very safe and was a scenic route.,"[('park nice', 0.6938), ('safe', 0.4375), ('scenic', 0.416), ('busy daytime', 0.3986), ('route walk', 0.3301)]","[('park', 0.4643), ('safe', 0.4375), ('daytime', 0.3958), ('walk', 0.2866), ('busy', 0.218)]","[('walk park nice', 0.7759), ('daytime felt safe', 0.6322), ('park', 0.4643), ('busy daytime', 0.3986), ('route', 0.0843)]","[('scenic route', 0.5427), ('park', 0.4643), ('daytime', 0.3958), ('walk', 0.2866), ('felt', 0.1426)]"
52.28499,-1.55289,4.0,0.6,0.8,0.4,safe,The walk through the park is nice and busy in the daytime. Felt very safe and was a scenic route.; The walk through the park is nice and busy in the daytime. Felt very safe and was a scenic route.,"[('park nice', 0.6938), ('safe', 0.4375), ('scenic', 0.416), ('busy daytime', 0.3986), ('route walk', 0.3301)]","[('park', 0.4643), ('safe', 0.4375), ('daytime', 0.3958), ('walk', 0.2866), ('busy', 0.218)]","[('walk park nice', 0.7759), ('daytime felt safe', 0.6322), ('park', 0.4643), ('busy daytime', 0.3986), ('route', 0.0843)]","[('scenic route', 0.5427), ('park', 0.4643), ('daytime', 0.3958), ('walk', 0.2866), ('felt', 0.1426)]"
52.28813,-1.54107,4.0,0.6,0.8,0.4,safe,The walk through the park is nice and busy in the daytime. Felt very safe and was a scenic route.; The walk through the park is nice and busy in the daytime. Felt very safe and was a scenic route.,"[('park nice', 0.6938), ('safe', 0.4375), ('scenic', 0.416), ('busy daytime', 0.3986), ('route walk', 0.3301)]","[('park', 0.4643), ('safe', 0.4375), ('daytime', 0.3958), ('walk', 0.2866), ('busy', 0.218)]","[('walk park nice', 0.7759), ('daytime felt safe', 0.6322), ('park', 0.4643), ('busy daytime', 0.3986), ('route', 0.0843)]","[('scenic route', 0.5427), ('park', 0.4643), ('daytime', 0.3958), ('walk', 0.2866), ('felt', 0.1426)]"
52.28994,-1.57412,2.0,0.4,0.4,0.6,unsafe,The route was isolated as it was far away from shops and any public spaces. The hospital was nearby which made me feel more safe but overall would have preferred a more busy route.; The route was isolated as it was far away from shops and any public spaces. The hospital was nearby which made me feel more safe but overall would have preferred a more busy route.,"[('away shops', 0.4378), ('busy route', 0.2991), ('shops public', 0.2677), ('hospital nearby', 0.2667), ('overall preferred', 0.1806)]","[('isolated', 0.3072), ('busy', 0.1983), ('hospital', 0.1886), ('shops', 0.1568), ('nearby', 0.1452)]","[('away shops public', 0.5348), ('overall preferred busy', 0.3259), ('hospital nearby', 0.2667), ('safe', 0.2519), ('spaces hospital', 0.2223)]","[('busy route', 0.2991), ('public spaces', 0.2023), ('hospital', 0.1886), ('shops', 0.1568), ('route', 0.0445)]"
52.28411,-1.53582,3.0,0.8,0.8,0.2,safe,"The route was busy with the public, but there was a lot of cars which made me feel unsafe at times.; The route was busy with the public, but there was a lot of cars which made me feel unsafe at times.","[('busy public', 0.5604), ('lot cars', 0.3592), ('unsafe', 0.3211), ('public', 0.1818), ('times route', 0.0321)]","[('busy', 0.3785), ('unsafe', 0.3211), ('cars', 0.3133), ('public', 0.1818), ('route', 0.003)]","[('cars feel unsafe', 0.7099), ('busy public', 0.5604), ('lot cars', 0.3592), ('unsafe', 0.3211), ('times route', 0.0321)]","[('cars', 0.3133), ('public', 0.1818), ('lot', 0.1286), ('times', 0.0115), ('route', 0.003)]"
52.2900115,-1.5445292,3.5,0.7,0.6,0.5,safe,"The route was residential, making me feel at ease.; The route was residential, making me feel at ease.; An enjoyable evening walk, thanks to the street lights and busy streets","[('enjoyable evening', 0.6886), ('walk thanks', 0.5357), ('busy streets', 0.4774), ('residential making', 0.4331), ('route', 0.2244)]","[('ease', 0.5225), ('evening', 0.5149), ('residential', 0.4815), ('streets', 0.409), ('lights', 0.3909)]","[('enjoyable evening walk', 0.8297), ('thanks street lights', 0.6114), ('residential making feel', 0.5948), ('busy streets', 0.4774), ('making', 0.1468)]","[('enjoyable evening walk', 0.8297), ('street lights', 0.5291), ('ease', 0.5225), ('busy streets', 0.4774), ('route', 0.2244)]"
52.28698,-1.53761,1.0,0.2,0.2,0.2,unsafe,"This route was terrible - had to go through dark, unlit roads.; This route was terrible - had to go through dark, unlit roads.; This route was terrible - had to go through dark, unlit roads.; This route was terrible - had to go through dark, unlit roads.; This route was terrible - had to go through dark, unlit roads.; This route was terrible - had to go through dark, unlit roads.","[('terrible dark', 0.7726), ('dark', 0.53), ('unlit roads', 0.4342), ('unlit', 0.3458), ('roads route', 0.2632)]","[('terrible', 0.6186), ('dark', 0.53), ('unlit', 0.3458), ('roads', 0.3104), ('route', 0.1826)]","[('terrible dark unlit', 0.8118), ('roads route terrible', 0.7452), ('dark', 0.53), ('unlit roads', 0.4342), ('roads route', 0.2632)]","[('unlit roads', 0.4342), ('route', 0.1826)]"
52.28477,-1.54724,3.333333333333333,0.6,0.6666666666666666,0.4,safe,A really nice walk to do in the evening.; The route was short and sweet - only thing is the start of it is very poorly lit after 12am,"[('short sweet', 0.4849), ('evening route', 0.4279), ('lit 12am', 0.3674), ('walk', 0.203), ('really nice', 0.1523)]","[('short', 0.4032), ('evening', 0.3875), ('12am', 0.3024), ('walk', 0.203), ('start', 0.0754)]","[('poorly lit 12am', 0.6791), ('short sweet thing', 0.4918), ('evening route', 0.4279), ('really nice walk', 0.3598), ('thing start', 0.1084)]","[('evening', 0.3875), ('nice walk', 0.3583), ('route', 0.0854), ('thing', 0.0838), ('start', 0.0754)]"
52.28556,-1.53567,2.0,0.4,0.4,0.3,unsafe,Walking through the park made me feel uneasy as there is no lighting on the paths.; I don't enjoy walking by the park at night - too many drunk people and too dark,"[('night drunk', 0.4708), ('uneasy lighting', 0.4197), ('park night', 0.4041), ('walking park', 0.2787), ('people', -0.0623)]","[('drunk', 0.3305), ('night', 0.2525), ('park', 0.1516), ('walking', 0.1124), ('lighting', 0.0134)]","[('park feel uneasy', 0.5968), ('night drunk', 0.4708), ('park night', 0.4041), ('walking park', 0.2787), ('lighting', 0.0134)]","[('many drunk people', 0.4058), ('night', 0.2525), ('park', 0.1516), ('lighting', 0.0134), ('paths', 0.0049)]"
52.28604,-1.53626,2.5,0.4,0.3,0.2,unsafe,"The route felt fairly safe with some street lighting, however there was nobody around at this time of night.; The route did not feel safe at all. I had to walk through a park by myself and felt helpless if anything were to happen.","[('felt helpless', 0.381), ('night route', 0.3066), ('walk park', 0.2931), ('fairly safe', 0.1904), ('lighting time', 0.0903)]","[('helpless', 0.3453), ('night', 0.2396), ('park', 0.1952), ('walk', 0.1617), ('lighting', 0.0799)]","[('park felt helpless', 0.581), ('night route', 0.3066), ('street lighting time', 0.2877), ('felt fairly safe', 0.2228), ('park', 0.1952)]","[('street lighting', 0.3024), ('nobody', 0.2774), ('night', 0.2396), ('park', 0.1952), ('route', 0.0106)]"
52.28459,-1.53544,2.5,0.4,0.3,0.2,unsafe,"The route felt fairly safe with some street lighting, however there was nobody around at this time of night.; The route did not feel safe at all. I had to walk through a park by myself and felt helpless if anything were to happen.","[('felt helpless', 0.381), ('night route', 0.3066), ('walk park', 0.2931), ('fairly safe', 0.1904), ('lighting time', 0.0903)]","[('helpless', 0.3453), ('night', 0.2396), ('park', 0.1952), ('walk', 0.1617), ('lighting', 0.0799)]","[('park felt helpless', 0.581), ('night route', 0.3066), ('street lighting time', 0.2877), ('felt fairly safe', 0.2228), ('park', 0.1952)]","[('street lighting', 0.3024), ('nobody', 0.2774), ('night', 0.2396), ('park', 0.1952), ('route', 0.0106)]"
52.28693,-1.54914,3.333333333333333,0.6,0.6666666666666666,0.4,safe,A really nice walk to do in the evening.; The route was short and sweet - only thing is the start of it is very poorly lit after 12am,"[('short sweet', 0.4849), ('evening route', 0.4279), ('lit 12am', 0.3674), ('walk', 0.203), ('really nice', 0.1523)]","[('short', 0.4032), ('evening', 0.3875), ('12am', 0.3024), ('walk', 0.203), ('start', 0.0754)]","[('poorly lit 12am', 0.6791), ('short sweet thing', 0.4918), ('evening route', 0.4279), ('really nice walk', 0.3598), ('thing start', 0.1084)]","[('evening', 0.3875), ('nice walk', 0.3583), ('route', 0.0854), ('thing', 0.0838), ('start', 0.0754)]"
52.28128,-1.5466,2.5,0.4,0.3,0.2,unsafe,"The route felt fairly safe with some street lighting, however there was nobody around at this time of night.; The route did not feel safe at all. I had to walk through a park by myself and felt helpless if anything were to happen.","[('felt helpless', 0.381), ('night route', 0.3066), ('walk park', 0.2931), ('fairly safe', 0.1904), ('lighting time', 0.0903)]","[('helpless', 0.3453), ('night', 0.2396), ('park', 0.1952), ('walk', 0.1617), ('lighting', 0.0799)]","[('park felt helpless', 0.581), ('night route', 0.3066), ('street lighting time', 0.2877), ('felt fairly safe', 0.2228), ('park', 0.1952)]","[('street lighting', 0.3024), ('nobody', 0.2774), ('night', 0.2396), ('park', 0.1952), ('route', 0.0106)]"
52.28987,-1.54604,2.0,0.4,0.6,0.4,unsafe,I don't enjoy walking by the park at night - too many drunk people and too dark,"[('night drunk', 0.6594), ('park night', 0.4406), ('walking park', 0.2037), ('don enjoy', 0.1264), ('people', 0.0513)]","[('drunk', 0.526), ('night', 0.3774), ('park', 0.132), ('walking', 0.118), ('don', -0.0177)]","[('park night drunk', 0.7046), ('walking park night', 0.5303), ('people dark', 0.4086), ('park', 0.132), ('walking', 0.118)]","[('many drunk people', 0.6006), ('night', 0.3774), ('park', 0.132)]"
52.29107,-1.54668,3.0,0.55,0.65,0.4,safe,A really nice walk to do in the evening.; The route was short and sweet - only thing is the start of it is very poorly lit after 12am; I don't enjoy walking by the park at night - too many drunk people and too dark,"[('night drunk', 0.5259), ('short sweet', 0.2917), ('lit 12am', 0.2083), ('walking park', 0.1971), ('people', -0.0957)]","[('drunk', 0.3404), ('short', 0.2023), ('12am', 0.1374), ('walking', 0.0672), ('park', 0.06)]","[('park night drunk', 0.5805), ('poorly lit 12am', 0.564), ('12am don enjoy', 0.2233), ('walking', 0.0672), ('park', 0.06)]","[('many drunk people', 0.4018), ('night', 0.2683), ('nice walk', 0.1891), ('park', 0.06), ('start', -0.1161)]"
52.2854409,-1.5373244,3.0,0.7,0.6,0.4,safe,Walking through park was pretty; The start of the route felt unsafe but then it got better with more public spaces,"[('park pretty', 0.4911), ('better public', 0.3872), ('felt unsafe', 0.2946), ('walking', 0.1938), ('start route', 0.0953)]","[('park', 0.3171), ('pretty', 0.2232), ('unsafe', 0.2054), ('walking', 0.1938), ('start', 0.0558)]","[('walking park pretty', 0.6497), ('better public spaces', 0.4784), ('pretty start route', 0.325), ('walking', 0.1938), ('unsafe got', 0.1635)]","[('more public spaces', 0.3832), ('park', 0.3171), ('start', 0.0558), ('route', 0.0274)]"
52.28748,-1.53651,2.5,0.4,0.3,0.2,unsafe,"The route felt fairly safe with some street lighting, however there was nobody around at this time of night.; The route did not feel safe at all. I had to walk through a park by myself and felt helpless if anything were to happen.","[('felt helpless', 0.381), ('night route', 0.3066), ('walk park', 0.2931), ('fairly safe', 0.1904), ('lighting time', 0.0903)]","[('helpless', 0.3453), ('night', 0.2396), ('park', 0.1952), ('walk', 0.1617), ('lighting', 0.0799)]","[('park felt helpless', 0.581), ('night route', 0.3066), ('street lighting time', 0.2877), ('felt fairly safe', 0.2228), ('park', 0.1952)]","[('street lighting', 0.3024), ('nobody', 0.2774), ('night', 0.2396), ('park', 0.1952), ('route', 0.0106)]"
52.28403,-1.53327,2.0,0.4,0.4,0.2,unsafe,Quiet route  with no public services available,"[('quiet route', 0.8177), ('route public', 0.4129), ('route', 0.3755), ('public services', 0.3733), ('services available', 0.3092)]","[('quiet', 0.7847), ('public', 0.4321), ('services', 0.3928), ('route', 0.3755), ('available', 0.2946)]","[('quiet route public', 0.8391), ('public', 0.4321), ('route', 0.3755), ('route public services', 0.3663), ('available', 0.2946)]","[('quiet route', 0.8177), ('public services', 0.3733)]"
52.28807,-1.5401,2.0,0.4,0.6,0.4,unsafe,I don't enjoy walking by the park at night - too many drunk people and too dark,"[('night drunk', 0.6594), ('park night', 0.4406), ('walking park', 0.2037), ('don enjoy', 0.1264), ('people', 0.0513)]","[('drunk', 0.526), ('night', 0.3774), ('park', 0.132), ('walking', 0.118), ('don', -0.0177)]","[('park night drunk', 0.7046), ('walking park night', 0.5303), ('people dark', 0.4086), ('park', 0.132), ('walking', 0.118)]","[('many drunk people', 0.6006), ('night', 0.3774), ('park', 0.132)]"
52.28269,-1.54571,2.5,0.4,0.3,0.2,unsafe,"The route felt fairly safe with some street lighting, however there was nobody around at this time of night.; The route did not feel safe at all. I had to walk through a park by myself and felt helpless if anything were to happen.","[('felt helpless', 0.381), ('night route', 0.3066), ('walk park', 0.2931), ('fairly safe', 0.1904), ('lighting time', 0.0903)]","[('helpless', 0.3453), ('night', 0.2396), ('park', 0.1952), ('walk', 0.1617), ('lighting', 0.0799)]","[('park felt helpless', 0.581), ('night route', 0.3066), ('street lighting time', 0.2877), ('felt fairly safe', 0.2228), ('park', 0.1952)]","[('street lighting', 0.3024), ('nobody', 0.2774), ('night', 0.2396), ('park', 0.1952), ('route', 0.0106)]"
52.28336,-1.54443,3.333333333333333,0.6,0.6666666666666666,0.4,safe,A really nice walk to do in the evening.; The route was short and sweet - only thing is the start of it is very poorly lit after 12am,"[('short sweet', 0.4849), ('evening route', 0.4279), ('lit 12am', 0.3674), ('walk', 0.203), ('really nice', 0.1523)]","[('short', 0.4032), ('evening', 0.3875), ('12am', 0.3024), ('walk', 0.203), ('start', 0.0754)]","[('poorly lit 12am', 0.6791), ('short sweet thing', 0.4918), ('evening route', 0.4279), ('really nice walk', 0.3598), ('thing start', 0.1084)]","[('evening', 0.3875), ('nice walk', 0.3583), ('route', 0.0854), ('thing', 0.0838), ('start', 0.0754)]"
52.28285,-1.54579,2.5,0.4,0.3,0.2,unsafe,"The route felt fairly safe with some street lighting, however there was nobody around at this time of night.; The route did not feel safe at all. I had to walk through a park by myself and felt helpless if anything were to happen.","[('felt helpless', 0.381), ('night route', 0.3066), ('walk park', 0.2931), ('fairly safe', 0.1904), ('lighting time', 0.0903)]","[('helpless', 0.3453), ('night', 0.2396), ('park', 0.1952), ('walk', 0.1617), ('lighting', 0.0799)]","[('park felt helpless', 0.581), ('night route', 0.3066), ('street lighting time', 0.2877), ('felt fairly safe', 0.2228), ('park', 0.1952)]","[('street lighting', 0.3024), ('nobody', 0.2774), ('night', 0.2396), ('park', 0.1952), ('route', 0.0106)]"
52.28325,-1.54678,3.333333333333333,0.6,0.6666666666666666,0.4,safe,A really nice walk to do in the evening.; The route was short and sweet - only thing is the start of it is very poorly lit after 12am,"[('short sweet', 0.4849), ('evening route', 0.4279), ('lit 12am', 0.3674), ('walk', 0.203), ('really nice', 0.1523)]","[('short', 0.4032), ('evening', 0.3875), ('12am', 0.3024), ('walk', 0.203), ('start', 0.0754)]","[('poorly lit 12am', 0.6791), ('short sweet thing', 0.4918), ('evening route', 0.4279), ('really nice walk', 0.3598), ('thing start', 0.1084)]","[('evening', 0.3875), ('nice walk', 0.3583), ('route', 0.0854), ('thing', 0.0838), ('start', 0.0754)]"
52.2833039,-1.5488877,4.0,0.8,0.8,0.5,safe,"Lots of shops around, with well-lit pathways. Busy with people; Many restaurants are open down this street, bringing a lively atmosphere.","[('restaurants open', 0.6554), ('street bringing', 0.4876), ('shops', 0.4593), ('pathways busy', 0.4566), ('open', 0.2779)]","[('restaurants', 0.4943), ('shops', 0.4593), ('lively', 0.3613), ('street', 0.3292), ('busy', 0.3215)]","[('busy people restaurants', 0.7897), ('street bringing lively', 0.6433), ('lots shops', 0.5406), ('busy people', 0.4819), ('pathways', 0.1343)]","[('many restaurants', 0.7204), ('lively atmosphere', 0.4802), ('shops', 0.4593), ('street', 0.3292), ('pathways', 0.1343)]"
52.2898457,-1.5466228,4.0,0.8,0.8,0.4,safe,"An enjoyable evening walk, thanks to the street lights and busy streets","[('enjoyable evening', 0.6922), ('evening walk', 0.6812), ('busy streets', 0.6722), ('lights', 0.4528), ('walk thanks', 0.4422)]","[('streets', 0.5305), ('evening', 0.5277), ('enjoyable', 0.4622), ('lights', 0.4528), ('busy', 0.4343)]","[('enjoyable evening walk', 0.8269), ('thanks street lights', 0.6951), ('busy streets', 0.6722), ('lights', 0.4528), ('walk', 0.4266)]","[('enjoyable evening walk', 0.8269), ('street lights', 0.6739), ('busy streets', 0.6722), ('thanks', 0.2655)]"
52.28894,-1.53799,2.0,0.4,0.2,0.2,unsafe,Walking through the park made me feel uneasy as there is no lighting on the paths.,"[('uneasy lighting', 0.5117), ('walking park', 0.4638), ('park feel', 0.3216), ('lighting paths', 0.2559), ('feel', 0.0766)]","[('uneasy', 0.404), ('walking', 0.3186), ('park', 0.3162), ('lighting', 0.1441), ('feel', 0.0766)]","[('park feel uneasy', 0.6819), ('uneasy lighting', 0.5117), ('walking', 0.3186), ('park', 0.3162), ('lighting', 0.1441)]","[('park', 0.3162), ('paths', 0.2046), ('lighting', 0.1441)]"
52.28823,-1.53807,2.0,0.4,0.2,0.2,unsafe,Walking through the park made me feel uneasy as there is no lighting on the paths.,"[('uneasy lighting', 0.5117), ('walking park', 0.4638), ('park feel', 0.3216), ('lighting paths', 0.2559), ('feel', 0.0766)]","[('uneasy', 0.404), ('walking', 0.3186), ('park', 0.3162), ('lighting', 0.1441), ('feel', 0.0766)]","[('park feel uneasy', 0.6819), ('uneasy lighting', 0.5117), ('walking', 0.3186), ('park', 0.3162), ('lighting', 0.1441)]","[('park', 0.3162), ('paths', 0.2046), ('lighting', 0.1441)]"
52.28416,-1.53771,2.5,0.4,0.3,0.2,unsafe,"The route felt fairly safe with some street lighting, however there was nobody around at this time of night.; The route did not feel safe at all. I had to walk through a park by myself and felt helpless if anything were to happen.","[('felt helpless', 0.381), ('night route', 0.3066), ('walk park', 0.2931), ('fairly safe', 0.1904), ('lighting time', 0.0903)]","[('helpless', 0.3453), ('night', 0.2396), ('park', 0.1952), ('walk', 0.1617), ('lighting', 0.0799)]","[('park felt helpless', 0.581), ('night route', 0.3066), ('street lighting time', 0.2877), ('felt fairly safe', 0.2228), ('park', 0.1952)]","[('street lighting', 0.3024), ('nobody', 0.2774), ('night', 0.2396), ('park', 0.1952), ('route', 0.0106)]"
52.28125,-1.54696,2.5,0.4,0.3,0.2,unsafe,"The route felt fairly safe with some street lighting, however there was nobody around at this time of night.; The route did not feel safe at all. I had to walk through a park by myself and felt helpless if anything were to happen.","[('felt helpless', 0.381), ('night route', 0.3066), ('walk park', 0.2931), ('fairly safe', 0.1904), ('lighting time', 0.0903)]","[('helpless', 0.3453), ('night', 0.2396), ('park', 0.1952), ('walk', 0.1617), ('lighting', 0.0799)]","[('park felt helpless', 0.581), ('night route', 0.3066), ('street lighting time', 0.2877), ('felt fairly safe', 0.2228), ('park', 0.1952)]","[('street lighting', 0.3024), ('nobody', 0.2774), ('night', 0.2396), ('park', 0.1952), ('route', 0.0106)]"
52.28686,-1.54923,3.333333333333333,0.6,0.6666666666666666,0.4,safe,A really nice walk to do in the evening.; The route was short and sweet - only thing is the start of it is very poorly lit after 12am,"[('short sweet', 0.4849), ('evening route', 0.4279), ('lit 12am', 0.3674), ('walk', 0.203), ('really nice', 0.1523)]","[('short', 0.4032), ('evening', 0.3875), ('12am', 0.3024), ('walk', 0.203), ('start', 0.0754)]","[('poorly lit 12am', 0.6791), ('short sweet thing', 0.4918), ('evening route', 0.4279), ('really nice walk', 0.3598), ('thing start', 0.1084)]","[('evening', 0.3875), ('nice walk', 0.3583), ('route', 0.0854), ('thing', 0.0838), ('start', 0.0754)]"
52.28164,-1.5455,2.5,0.4,0.3,0.2,unsafe,"The route felt fairly safe with some street lighting, however there was nobody around at this time of night.; The route did not feel safe at all. I had to walk through a park by myself and felt helpless if anything were to happen.","[('felt helpless', 0.381), ('night route', 0.3066), ('walk park', 0.2931), ('fairly safe', 0.1904), ('lighting time', 0.0903)]","[('helpless', 0.3453), ('night', 0.2396), ('park', 0.1952), ('walk', 0.1617), ('lighting', 0.0799)]","[('park felt helpless', 0.581), ('night route', 0.3066), ('street lighting time', 0.2877), ('felt fairly safe', 0.2228), ('park', 0.1952)]","[('street lighting', 0.3024), ('nobody', 0.2774), ('night', 0.2396), ('park', 0.1952), ('route', 0.0106)]"
52.2844,-1.53586,2.5,0.4,0.3,0.2,unsafe,"The route felt fairly safe with some street lighting, however there was nobody around at this time of night.; The route did not feel safe at all. I had to walk through a park by myself and felt helpless if anything were to happen.","[('felt helpless', 0.381), ('night route', 0.3066), ('walk park', 0.2931), ('fairly safe', 0.1904), ('lighting time', 0.0903)]","[('helpless', 0.3453), ('night', 0.2396), ('park', 0.1952), ('walk', 0.1617), ('lighting', 0.0799)]","[('park felt helpless', 0.581), ('night route', 0.3066), ('street lighting time', 0.2877), ('felt fairly safe', 0.2228), ('park', 0.1952)]","[('street lighting', 0.3024), ('nobody', 0.2774), ('night', 0.2396), ('park', 0.1952), ('route', 0.0106)]"
52.2789332,-1.5472643,4.0,0.8,0.8,0.5,safe,"Lots of shops around, with well-lit pathways. Busy with people; Many restaurants are open down this street, bringing a lively atmosphere.","[('restaurants open', 0.6554), ('street bringing', 0.4876), ('shops', 0.4593), ('pathways busy', 0.4566), ('open', 0.2779)]","[('restaurants', 0.4943), ('shops', 0.4593), ('lively', 0.3613), ('street', 0.3292), ('busy', 0.3215)]","[('busy people restaurants', 0.7897), ('street bringing lively', 0.6433), ('lots shops', 0.5406), ('busy people', 0.4819), ('pathways', 0.1343)]","[('many restaurants', 0.7204), ('lively atmosphere', 0.4802), ('shops', 0.4593), ('street', 0.3292), ('pathways', 0.1343)]"
52.28359,-1.5432,3.333333333333333,0.6,0.6666666666666666,0.4,safe,A really nice walk to do in the evening.; The route was short and sweet - only thing is the start of it is very poorly lit after 12am,"[('short sweet', 0.4849), ('evening route', 0.4279), ('lit 12am', 0.3674), ('walk', 0.203), ('really nice', 0.1523)]","[('short', 0.4032), ('evening', 0.3875), ('12am', 0.3024), ('walk', 0.203), ('start', 0.0754)]","[('poorly lit 12am', 0.6791), ('short sweet thing', 0.4918), ('evening route', 0.4279), ('really nice walk', 0.3598), ('thing start', 0.1084)]","[('evening', 0.3875), ('nice walk', 0.3583), ('route', 0.0854), ('thing', 0.0838), ('start', 0.0754)]"
52.28974,-1.54664,3.333333333333333,0.6,0.6666666666666666,0.4,safe,A really nice walk to do in the evening.; The route was short and sweet - only thing is the start of it is very poorly lit after 12am,"[('short sweet', 0.4849), ('evening route', 0.4279), ('lit 12am', 0.3674), ('walk', 0.203), ('really nice', 0.1523)]","[('short', 0.4032), ('evening', 0.3875), ('12am', 0.3024), ('walk', 0.203), ('start', 0.0754)]","[('poorly lit 12am', 0.6791), ('short sweet thing', 0.4918), ('evening route', 0.4279), ('really nice walk', 0.3598), ('thing start', 0.1084)]","[('evening', 0.3875), ('nice walk', 0.3583), ('route', 0.0854), ('thing', 0.0838), ('start', 0.0754)]"
52.2899,-1.54445,2.0,0.4,0.6,0.4,unsafe,I don't enjoy walking by the park at night - too many drunk people and too dark,"[('night drunk', 0.6594), ('park night', 0.4406), ('walking park', 0.2037), ('don enjoy', 0.1264), ('people', 0.0513)]","[('drunk', 0.526), ('night', 0.3774), ('park', 0.132), ('walking', 0.118), ('don', -0.0177)]","[('park night drunk', 0.7046), ('walking park night', 0.5303), ('people dark', 0.4086), ('park', 0.132), ('walking', 0.118)]","[('many drunk people', 0.6006), ('night', 0.3774), ('park', 0.132)]"
52.28394,-1.53196,3.6666666666666665,0.7333333333333333,0.7333333333333333,0.4666666666666666,safe,"I felt very safe on the route as it was well-lit.; Exposed to the public, even at night.; Residential area and away from the drunk public.","[('safe route', 0.6467), ('night residential', 0.492), ('exposed public', 0.4031), ('drunk public', 0.3904), ('away', 0.1918)]","[('safe', 0.5737), ('night', 0.4129), ('public', 0.3926), ('drunk', 0.3402), ('away', 0.1918)]","[('safe route lit', 0.7494), ('away drunk public', 0.4265), ('night', 0.4129), ('exposed public', 0.4031), ('residential', 0.3435)]","[('night', 0.4129), ('public', 0.3926), ('drunk public', 0.3904), ('residential area', 0.3557), ('route', 0.1981)]"
52.28767,-1.53763,2.0,0.4,0.2,0.2,unsafe,Walking through the park made me feel uneasy as there is no lighting on the paths.,"[('uneasy lighting', 0.5117), ('walking park', 0.4638), ('park feel', 0.3216), ('lighting paths', 0.2559), ('feel', 0.0766)]","[('uneasy', 0.404), ('walking', 0.3186), ('park', 0.3162), ('lighting', 0.1441), ('feel', 0.0766)]","[('park feel uneasy', 0.6819), ('uneasy lighting', 0.5117), ('walking', 0.3186), ('park', 0.3162), ('lighting', 0.1441)]","[('park', 0.3162), ('paths', 0.2046), ('lighting', 0.1441)]"
52.2861,-1.53629,2.5,0.4,0.3,0.2,unsafe,"The route felt fairly safe with some street lighting, however there was nobody around at this time of night.; The route did not feel safe at all. I had to walk through a park by myself and felt helpless if anything were to happen.","[('felt helpless', 0.381), ('night route', 0.3066), ('walk park', 0.2931), ('fairly safe', 0.1904), ('lighting time', 0.0903)]","[('helpless', 0.3453), ('night', 0.2396), ('park', 0.1952), ('walk', 0.1617), ('lighting', 0.0799)]","[('park felt helpless', 0.581), ('night route', 0.3066), ('street lighting time', 0.2877), ('felt fairly safe', 0.2228), ('park', 0.1952)]","[('street lighting', 0.3024), ('nobody', 0.2774), ('night', 0.2396), ('park', 0.1952), ('route', 0.0106)]"
52.2853,-1.53458,2.0,0.4,0.4,0.3,unsafe,Walking through the park made me feel uneasy as there is no lighting on the paths.; I don't enjoy walking by the park at night - too many drunk people and too dark,"[('night drunk', 0.4708), ('uneasy lighting', 0.4197), ('park night', 0.4041), ('walking park', 0.2787), ('people', -0.0623)]","[('drunk', 0.3305), ('night', 0.2525), ('park', 0.1516), ('walking', 0.1124), ('lighting', 0.0134)]","[('park feel uneasy', 0.5968), ('night drunk', 0.4708), ('park night', 0.4041), ('walking park', 0.2787), ('lighting', 0.0134)]","[('many drunk people', 0.4058), ('night', 0.2525), ('park', 0.1516), ('lighting', 0.0134), ('paths', 0.0049)]"
52.28324,-1.5448,2.5,0.4,0.3,0.2,unsafe,"The route felt fairly safe with some street lighting, however there was nobody around at this time of night.; The route did not feel safe at all. I had to walk through a park by myself and felt helpless if anything were to happen.","[('felt helpless', 0.381), ('night route', 0.3066), ('walk park', 0.2931), ('fairly safe', 0.1904), ('lighting time', 0.0903)]","[('helpless', 0.3453), ('night', 0.2396), ('park', 0.1952), ('walk', 0.1617), ('lighting', 0.0799)]","[('park felt helpless', 0.581), ('night route', 0.3066), ('street lighting time', 0.2877), ('felt fairly safe', 0.2228), ('park', 0.1952)]","[('street lighting', 0.3024), ('nobody', 0.2774), ('night', 0.2396), ('park', 0.1952), ('route', 0.0106)]"
52.28437,-1.53618,2.5,0.4,0.3,0.2,unsafe,"The route felt fairly safe with some street lighting, however there was nobody around at this time of night.; The route did not feel safe at all. I had to walk through a park by myself and felt helpless if anything were to happen.","[('felt helpless', 0.381), ('night route', 0.3066), ('walk park', 0.2931), ('fairly safe', 0.1904), ('lighting time', 0.0903)]","[('helpless', 0.3453), ('night', 0.2396), ('park', 0.1952), ('walk', 0.1617), ('lighting', 0.0799)]","[('park felt helpless', 0.581), ('night route', 0.3066), ('street lighting time', 0.2877), ('felt fairly safe', 0.2228), ('park', 0.1952)]","[('street lighting', 0.3024), ('nobody', 0.2774), ('night', 0.2396), ('park', 0.1952), ('route', 0.0106)]"
52.281418,-1.548171,3.142857142857143,0.6,0.5428571428571429,0.4,safe,"For this time of night I felt fairly safe - there were quite a few shops open with members of public nearby.; The route was extremely isolated and it with little street lighting.; I didn't like walking through the park but the rest was fine. The high street has good street lighting; Route was a nice walk - would've been better in the daytime though.; The route was long at the end.; Lots of shops around, with well-lit pathways. Busy with people; Many restaurants are open down this street, bringing a lively atmosphere.","[('street lighting', 0.4182), ('restaurants open', 0.3721), ('park rest', 0.2857), ('nearby route', 0.1758), ('extremely isolated', 0.1364)]","[('restaurants', 0.3019), ('night', 0.2828), ('rest', 0.1779), ('busy', 0.1335), ('park', 0.0926)]","[('good street lighting', 0.5777), ('walking park rest', 0.392), ('restaurants', 0.3019), ('open members public', 0.221), ('end lots', -0.017)]","[('good street lighting', 0.5777), ('few shops', 0.4464), ('many restaurants', 0.3766), ('park', 0.0926), ('end', 0.0179)]"
52.286249,-1.548171,3.0,0.6,0.4,0.4,safe,Route was a nice walk - would've been better in the daytime though.; The route was long at the end.,"[('better daytime', 0.6535), ('route long', 0.5408), ('route nice', 0.523), ('walk ve', 0.4271), ('end', 0.3451)]","[('daytime', 0.5343), ('long', 0.4702), ('better', 0.4544), ('walk', 0.4291), ('end', 0.3451)]","[('better daytime route', 0.7278), ('daytime route long', 0.695), ('nice walk ve', 0.637), ('route long end', 0.4873), ('ve better', 0.4188)]","[('nice walk', 0.6337), ('daytime', 0.5343), ('end', 0.3451), ('route', 0.3142)]"
52.28129,-1.54557,2.5,0.4,0.3,0.2,unsafe,"The route felt fairly safe with some street lighting, however there was nobody around at this time of night.; The route did not feel safe at all. I had to walk through a park by myself and felt helpless if anything were to happen.","[('felt helpless', 0.381), ('night route', 0.3066), ('walk park', 0.2931), ('fairly safe', 0.1904), ('lighting time', 0.0903)]","[('helpless', 0.3453), ('night', 0.2396), ('park', 0.1952), ('walk', 0.1617), ('lighting', 0.0799)]","[('park felt helpless', 0.581), ('night route', 0.3066), ('street lighting time', 0.2877), ('felt fairly safe', 0.2228), ('park', 0.1952)]","[('street lighting', 0.3024), ('nobody', 0.2774), ('night', 0.2396), ('park', 0.1952), ('route', 0.0106)]"
52.28437,-1.53638,2.5,0.4,0.3,0.2,unsafe,"The route felt fairly safe with some street lighting, however there was nobody around at this time of night.; The route did not feel safe at all. I had to walk through a park by myself and felt helpless if anything were to happen.","[('felt helpless', 0.381), ('night route', 0.3066), ('walk park', 0.2931), ('fairly safe', 0.1904), ('lighting time', 0.0903)]","[('helpless', 0.3453), ('night', 0.2396), ('park', 0.1952), ('walk', 0.1617), ('lighting', 0.0799)]","[('park felt helpless', 0.581), ('night route', 0.3066), ('street lighting time', 0.2877), ('felt fairly safe', 0.2228), ('park', 0.1952)]","[('street lighting', 0.3024), ('nobody', 0.2774), ('night', 0.2396), ('park', 0.1952), ('route', 0.0106)]"
52.28963,-1.5346,3.5,0.7,0.7,0.5,safe,"Felt very safe due to the high quantity of shops and people; walk though the greenery was pleasant, well-lit and busy because of the daytime","[('greenery pleasant', 0.6085), ('busy daytime', 0.5421), ('high quantity', 0.3215), ('quantity shops', 0.2809), ('walk', 0.2596)]","[('greenery', 0.4771), ('daytime', 0.4502), ('shops', 0.3227), ('high', 0.2614), ('walk', 0.2596)]","[('pleasant lit busy', 0.7051), ('high quantity shops', 0.4905), ('quantity shops', 0.2809), ('high', 0.2614), ('walk', 0.2596)]","[('greenery', 0.4771), ('daytime', 0.4502), ('shops', 0.3227), ('high quantity', 0.3215), ('people', 0.1237)]"
52.28128,-1.54569,2.5,0.4,0.3,0.2,unsafe,"The route felt fairly safe with some street lighting, however there was nobody around at this time of night.; The route did not feel safe at all. I had to walk through a park by myself and felt helpless if anything were to happen.","[('felt helpless', 0.381), ('night route', 0.3066), ('walk park', 0.2931), ('fairly safe', 0.1904), ('lighting time', 0.0903)]","[('helpless', 0.3453), ('night', 0.2396), ('park', 0.1952), ('walk', 0.1617), ('lighting', 0.0799)]","[('park felt helpless', 0.581), ('night route', 0.3066), ('street lighting time', 0.2877), ('felt fairly safe', 0.2228), ('park', 0.1952)]","[('street lighting', 0.3024), ('nobody', 0.2774), ('night', 0.2396), ('park', 0.1952), ('route', 0.0106)]"
52.28781,-1.53787,2.0,0.4,0.2,0.2,unsafe,Walking through the park made me feel uneasy as there is no lighting on the paths.,"[('uneasy lighting', 0.5117), ('walking park', 0.4638), ('park feel', 0.3216), ('lighting paths', 0.2559), ('feel', 0.0766)]","[('uneasy', 0.404), ('walking', 0.3186), ('park', 0.3162), ('lighting', 0.1441), ('feel', 0.0766)]","[('park feel uneasy', 0.6819), ('uneasy lighting', 0.5117), ('walking', 0.3186), ('park', 0.3162), ('lighting', 0.1441)]","[('park', 0.3162), ('paths', 0.2046), ('lighting', 0.1441)]"
52.28303,-1.54554,3.0,0.52,0.52,0.32,safe,"The route felt fairly safe with some street lighting, however there was nobody around at this time of night.; The route did not feel safe at all. I had to walk through a park by myself and felt helpless if anything were to happen.; A really nice walk to do in the evening.; The route was short and sweet - only thing is the start of it is very poorly lit after 12am","[('poorly lit', 0.3386), ('walk park', 0.2458), ('time night', 0.2358), ('lit 12am', 0.2011), ('fairly safe', 0.1337)]","[('helpless', 0.2345), ('night', 0.2201), ('park', 0.1405), ('12am', 0.1312), ('walk', 0.0867)]","[('poorly lit 12am', 0.5075), ('safe walk park', 0.3731), ('short sweet thing', 0.3139), ('lighting time night', 0.2914), ('did', -0.1561)]","[('street lighting', 0.2597), ('night', 0.2201), ('nice walk', 0.1937), ('nobody', 0.1518), ('park', 0.1405)]"
52.28706,-1.53687,2.0,0.4,0.2,0.2,unsafe,Walking through the park made me feel uneasy as there is no lighting on the paths.,"[('uneasy lighting', 0.5117), ('walking park', 0.4638), ('park feel', 0.3216), ('lighting paths', 0.2559), ('feel', 0.0766)]","[('uneasy', 0.404), ('walking', 0.3186), ('park', 0.3162), ('lighting', 0.1441), ('feel', 0.0766)]","[('park feel uneasy', 0.6819), ('uneasy lighting', 0.5117), ('walking', 0.3186), ('park', 0.3162), ('lighting', 0.1441)]","[('park', 0.3162), ('paths', 0.2046), ('lighting', 0.1441)]"
52.2836,-1.54297,3.333333333333333,0.6,0.6666666666666666,0.4,safe,A really nice walk to do in the evening.; The route was short and sweet - only thing is the start of it is very poorly lit after 12am,"[('short sweet', 0.4849), ('evening route', 0.4279), ('lit 12am', 0.3674), ('walk', 0.203), ('really nice', 0.1523)]","[('short', 0.4032), ('evening', 0.3875), ('12am', 0.3024), ('walk', 0.203), ('start', 0.0754)]","[('poorly lit 12am', 0.6791), ('short sweet thing', 0.4918), ('evening route', 0.4279), ('really nice walk', 0.3598), ('thing start', 0.1084)]","[('evening', 0.3875), ('nice walk', 0.3583), ('route', 0.0854), ('thing', 0.0838), ('start', 0.0754)]"
52.28554,-1.54724,3.333333333333333,0.6,0.6666666666666666,0.4,safe,A really nice walk to do in the evening.; The route was short and sweet - only thing is the start of it is very poorly lit after 12am,"[('short sweet', 0.4849), ('evening route', 0.4279), ('lit 12am', 0.3674), ('walk', 0.203), ('really nice', 0.1523)]","[('short', 0.4032), ('evening', 0.3875), ('12am', 0.3024), ('walk', 0.203), ('start', 0.0754)]","[('poorly lit 12am', 0.6791), ('short sweet thing', 0.4918), ('evening route', 0.4279), ('really nice walk', 0.3598), ('thing start', 0.1084)]","[('evening', 0.3875), ('nice walk', 0.3583), ('route', 0.0854), ('thing', 0.0838), ('start', 0.0754)]"
52.28898,-1.53803,2.0,0.4,0.2,0.2,unsafe,Walking through the park made me feel uneasy as there is no lighting on the paths.,"[('uneasy lighting', 0.5117), ('walking park', 0.4638), ('park feel', 0.3216), ('lighting paths', 0.2559), ('feel', 0.0766)]","[('uneasy', 0.404), ('walking', 0.3186), ('park', 0.3162), ('lighting', 0.1441), ('feel', 0.0766)]","[('park feel uneasy', 0.6819), ('uneasy lighting', 0.5117), ('walking', 0.3186), ('park', 0.3162), ('lighting', 0.1441)]","[('park', 0.3162), ('paths', 0.2046), ('lighting', 0.1441)]"
52.28136,-1.54574,2.5,0.4,0.3,0.2,unsafe,"The route felt fairly safe with some street lighting, however there was nobody around at this time of night.; The route did not feel safe at all. I had to walk through a park by myself and felt helpless if anything were to happen.","[('felt helpless', 0.381), ('night route', 0.3066), ('walk park', 0.2931), ('fairly safe', 0.1904), ('lighting time', 0.0903)]","[('helpless', 0.3453), ('night', 0.2396), ('park', 0.1952), ('walk', 0.1617), ('lighting', 0.0799)]","[('park felt helpless', 0.581), ('night route', 0.3066), ('street lighting time', 0.2877), ('felt fairly safe', 0.2228), ('park', 0.1952)]","[('street lighting', 0.3024), ('nobody', 0.2774), ('night', 0.2396), ('park', 0.1952), ('route', 0.0106)]"
52.28399,-1.53982,2.5,0.4,0.3,0.2,unsafe,"The route felt fairly safe with some street lighting, however there was nobody around at this time of night.; The route did not feel safe at all. I had to walk through a park by myself and felt helpless if anything were to happen.","[('felt helpless', 0.381), ('night route', 0.3066), ('walk park', 0.2931), ('fairly safe', 0.1904), ('lighting time', 0.0903)]","[('helpless', 0.3453), ('night', 0.2396), ('park', 0.1952), ('walk', 0.1617), ('lighting', 0.0799)]","[('park felt helpless', 0.581), ('night route', 0.3066), ('street lighting time', 0.2877), ('felt fairly safe', 0.2228), ('park', 0.1952)]","[('street lighting', 0.3024), ('nobody', 0.2774), ('night', 0.2396), ('park', 0.1952), ('route', 0.0106)]"
52.28694,-1.53705,2.333333333333333,0.4,0.26666666666666666,0.2,unsafe,"The route felt fairly safe with some street lighting, however there was nobody around at this time of night.; The route did not feel safe at all. I had to walk through a park by myself and felt helpless if anything were to happen.; Walking through the park made me feel uneasy as there is no lighting on the paths.","[('uneasy lighting', 0.3597), ('walking park', 0.331), ('street lighting', 0.2797), ('fairly safe', 0.1569), ('route', -0.035)]","[('helpless', 0.307), ('night', 0.2132), ('park', 0.175), ('walking', 0.1615), ('safe', 0.1293)]","[('park felt helpless', 0.5634), ('walking park', 0.331), ('night route', 0.2858), ('street lighting time', 0.2606), ('felt fairly safe', 0.191)]","[('street lighting', 0.2797), ('nobody', 0.2317), ('night', 0.2132), ('park', 0.175), ('paths', 0.0522)]"
52.28434,-1.53665,2.5,0.4,0.3,0.2,unsafe,"The route felt fairly safe with some street lighting, however there was nobody around at this time of night.; The route did not feel safe at all. I had to walk through a park by myself and felt helpless if anything were to happen.","[('felt helpless', 0.381), ('night route', 0.3066), ('walk park', 0.2931), ('fairly safe', 0.1904), ('lighting time', 0.0903)]","[('helpless', 0.3453), ('night', 0.2396), ('park', 0.1952), ('walk', 0.1617), ('lighting', 0.0799)]","[('park felt helpless', 0.581), ('night route', 0.3066), ('street lighting time', 0.2877), ('felt fairly safe', 0.2228), ('park', 0.1952)]","[('street lighting', 0.3024), ('nobody', 0.2774), ('night', 0.2396), ('park', 0.1952), ('route', 0.0106)]"
52.28778,-1.54773,3.333333333333333,0.6,0.6666666666666666,0.4,safe,A really nice walk to do in the evening.; The route was short and sweet - only thing is the start of it is very poorly lit after 12am,"[('short sweet', 0.4849), ('evening route', 0.4279), ('lit 12am', 0.3674), ('walk', 0.203), ('really nice', 0.1523)]","[('short', 0.4032), ('evening', 0.3875), ('12am', 0.3024), ('walk', 0.203), ('start', 0.0754)]","[('poorly lit 12am', 0.6791), ('short sweet thing', 0.4918), ('evening route', 0.4279), ('really nice walk', 0.3598), ('thing start', 0.1084)]","[('evening', 0.3875), ('nice walk', 0.3583), ('route', 0.0854), ('thing', 0.0838), ('start', 0.0754)]"
52.289,-1.53803,2.0,0.4,0.2,0.2,unsafe,Walking through the park made me feel uneasy as there is no lighting on the paths.,"[('uneasy lighting', 0.5117), ('walking park', 0.4638), ('park feel', 0.3216), ('lighting paths', 0.2559), ('feel', 0.0766)]","[('uneasy', 0.404), ('walking', 0.3186), ('park', 0.3162), ('lighting', 0.1441), ('feel', 0.0766)]","[('park feel uneasy', 0.6819), ('uneasy lighting', 0.5117), ('walking', 0.3186), ('park', 0.3162), ('lighting', 0.1441)]","[('park', 0.3162), ('paths', 0.2046), ('lighting', 0.1441)]"
52.28879,-1.5466,3.333333333333333,0.6,0.6666666666666666,0.4,safe,A really nice walk to do in the evening.; The route was short and sweet - only thing is the start of it is very poorly lit after 12am,"[('short sweet', 0.4849), ('evening route', 0.4279), ('lit 12am', 0.3674), ('walk', 0.203), ('really nice', 0.1523)]","[('short', 0.4032), ('evening', 0.3875), ('12am', 0.3024), ('walk', 0.203), ('start', 0.0754)]","[('poorly lit 12am', 0.6791), ('short sweet thing', 0.4918), ('evening route', 0.4279), ('really nice walk', 0.3598), ('thing start', 0.1084)]","[('evening', 0.3875), ('nice walk', 0.3583), ('route', 0.0854), ('thing', 0.0838), ('start', 0.0754)]"
52.28829,-1.54684,3.333333333333333,0.6,0.6666666666666666,0.4,safe,A really nice walk to do in the evening.; The route was short and sweet - only thing is the start of it is very poorly lit after 12am,"[('short sweet', 0.4849), ('evening route', 0.4279), ('lit 12am', 0.3674), ('walk', 0.203), ('really nice', 0.1523)]","[('short', 0.4032), ('evening', 0.3875), ('12am', 0.3024), ('walk', 0.203), ('start', 0.0754)]","[('poorly lit 12am', 0.6791), ('short sweet thing', 0.4918), ('evening route', 0.4279), ('really nice walk', 0.3598), ('thing start', 0.1084)]","[('evening', 0.3875), ('nice walk', 0.3583), ('route', 0.0854), ('thing', 0.0838), ('start', 0.0754)]"
52.28459,-1.54724,3.333333333333333,0.6,0.6666666666666666,0.4,safe,A really nice walk to do in the evening.; The route was short and sweet - only thing is the start of it is very poorly lit after 12am,"[('short sweet', 0.4849), ('evening route', 0.4279), ('lit 12am', 0.3674), ('walk', 0.203), ('really nice', 0.1523)]","[('short', 0.4032), ('evening', 0.3875), ('12am', 0.3024), ('walk', 0.203), ('start', 0.0754)]","[('poorly lit 12am', 0.6791), ('short sweet thing', 0.4918), ('evening route', 0.4279), ('really nice walk', 0.3598), ('thing start', 0.1084)]","[('evening', 0.3875), ('nice walk', 0.3583), ('route', 0.0854), ('thing', 0.0838), ('start', 0.0754)]"
52.28805,-1.53961,2.0,0.4,0.6,0.4,unsafe,I don't enjoy walking by the park at night - too many drunk people and too dark,"[('night drunk', 0.6594), ('park night', 0.4406), ('walking park', 0.2037), ('don enjoy', 0.1264), ('people', 0.0513)]","[('drunk', 0.526), ('night', 0.3774), ('park', 0.132), ('walking', 0.118), ('don', -0.0177)]","[('park night drunk', 0.7046), ('walking park night', 0.5303), ('people dark', 0.4086), ('park', 0.132), ('walking', 0.118)]","[('many drunk people', 0.6006), ('night', 0.3774), ('park', 0.132)]"
52.2789466,-1.5471869,2.6666666666666665,0.4666666666666666,0.4666666666666666,0.33333333333333337,safe,For this time of night I felt fairly safe - there were quite a few shops open with members of public nearby.; The route was extremely isolated and it with little street lighting.; I didn't like walking through the park but the rest was fine. The high street has good street lighting,"[('street lighting', 0.4259), ('park rest', 0.3606), ('extremely isolated', 0.2425), ('nearby route', 0.2077), ('open members', 0.1547)]","[('night', 0.338), ('safe', 0.2979), ('shops', 0.2478), ('walking', 0.2346), ('park', 0.1531)]","[('little street lighting', 0.5852), ('didn like walking', 0.462), ('park rest fine', 0.4373), ('shops open members', 0.28), ('nearby route extremely', 0.1043)]","[('little street lighting', 0.5852), ('night', 0.338), ('rest', 0.2691), ('high street', 0.1815), ('park', 0.1531)]"
52.2857,-1.53616,2.0,0.4,0.4,0.3,unsafe,Walking through the park made me feel uneasy as there is no lighting on the paths.; I don't enjoy walking by the park at night - too many drunk people and too dark,"[('night drunk', 0.4708), ('uneasy lighting', 0.4197), ('park night', 0.4041), ('walking park', 0.2787), ('people', -0.0623)]","[('drunk', 0.3305), ('night', 0.2525), ('park', 0.1516), ('walking', 0.1124), ('lighting', 0.0134)]","[('park feel uneasy', 0.5968), ('night drunk', 0.4708), ('park night', 0.4041), ('walking park', 0.2787), ('lighting', 0.0134)]","[('many drunk people', 0.4058), ('night', 0.2525), ('park', 0.1516), ('lighting', 0.0134), ('paths', 0.0049)]"
52.28673,-1.54981,3.333333333333333,0.6,0.6666666666666666,0.4,safe,A really nice walk to do in the evening.; The route was short and sweet - only thing is the start of it is very poorly lit after 12am,"[('short sweet', 0.4849), ('evening route', 0.4279), ('lit 12am', 0.3674), ('walk', 0.203), ('really nice', 0.1523)]","[('short', 0.4032), ('evening', 0.3875), ('12am', 0.3024), ('walk', 0.203), ('start', 0.0754)]","[('poorly lit 12am', 0.6791), ('short sweet thing', 0.4918), ('evening route', 0.4279), ('really nice walk', 0.3598), ('thing start', 0.1084)]","[('evening', 0.3875), ('nice walk', 0.3583), ('route', 0.0854), ('thing', 0.0838), ('start', 0.0754)]"
52.2856,-1.53589,2.0,0.4,0.4,0.3,unsafe,Walking through the park made me feel uneasy as there is no lighting on the paths.; I don't enjoy walking by the park at night - too many drunk people and too dark,"[('night drunk', 0.4708), ('uneasy lighting', 0.4197), ('park night', 0.4041), ('walking park', 0.2787), ('people', -0.0623)]","[('drunk', 0.3305), ('night', 0.2525), ('park', 0.1516), ('walking', 0.1124), ('lighting', 0.0134)]","[('park feel uneasy', 0.5968), ('night drunk', 0.4708), ('park night', 0.4041), ('walking park', 0.2787), ('lighting', 0.0134)]","[('many drunk people', 0.4058), ('night', 0.2525), ('park', 0.1516), ('lighting', 0.0134), ('paths', 0.0049)]"
52.28544,-1.53655,2.5,0.4,0.3,0.2,unsafe,"The route felt fairly safe with some street lighting, however there was nobody around at this time of night.; The route did not feel safe at all. I had to walk through a park by myself and felt helpless if anything were to happen.","[('felt helpless', 0.381), ('night route', 0.3066), ('walk park', 0.2931), ('fairly safe', 0.1904), ('lighting time', 0.0903)]","[('helpless', 0.3453), ('night', 0.2396), ('park', 0.1952), ('walk', 0.1617), ('lighting', 0.0799)]","[('park felt helpless', 0.581), ('night route', 0.3066), ('street lighting time', 0.2877), ('felt fairly safe', 0.2228), ('park', 0.1952)]","[('street lighting', 0.3024), ('nobody', 0.2774), ('night', 0.2396), ('park', 0.1952), ('route', 0.0106)]"
52.28972,-1.53543,3.5,0.7,0.7,0.5,safe,"Felt very safe due to the high quantity of shops and people; walk though the greenery was pleasant, well-lit and busy because of the daytime","[('greenery pleasant', 0.6085), ('busy daytime', 0.5421), ('high quantity', 0.3215), ('quantity shops', 0.2809), ('walk', 0.2596)]","[('greenery', 0.4771), ('daytime', 0.4502), ('shops', 0.3227), ('high', 0.2614), ('walk', 0.2596)]","[('pleasant lit busy', 0.7051), ('high quantity shops', 0.4905), ('quantity shops', 0.2809), ('high', 0.2614), ('walk', 0.2596)]","[('greenery', 0.4771), ('daytime', 0.4502), ('shops', 0.3227), ('high quantity', 0.3215), ('people', 0.1237)]"
52.28676,-1.54975,3.333333333333333,0.6,0.6666666666666666,0.4,safe,A really nice walk to do in the evening.; The route was short and sweet - only thing is the start of it is very poorly lit after 12am,"[('short sweet', 0.4849), ('evening route', 0.4279), ('lit 12am', 0.3674), ('walk', 0.203), ('really nice', 0.1523)]","[('short', 0.4032), ('evening', 0.3875), ('12am', 0.3024), ('walk', 0.203), ('start', 0.0754)]","[('poorly lit 12am', 0.6791), ('short sweet thing', 0.4918), ('evening route', 0.4279), ('really nice walk', 0.3598), ('thing start', 0.1084)]","[('evening', 0.3875), ('nice walk', 0.3583), ('route', 0.0854), ('thing', 0.0838), ('start', 0.0754)]"
52.28835,-1.53805,2.0,0.4,0.2,0.2,unsafe,Walking through the park made me feel uneasy as there is no lighting on the paths.,"[('uneasy lighting', 0.5117), ('walking park', 0.4638), ('park feel', 0.3216), ('lighting paths', 0.2559), ('feel', 0.0766)]","[('uneasy', 0.404), ('walking', 0.3186), ('park', 0.3162), ('lighting', 0.1441), ('feel', 0.0766)]","[('park feel uneasy', 0.6819), ('uneasy lighting', 0.5117), ('walking', 0.3186), ('park', 0.3162), ('lighting', 0.1441)]","[('park', 0.3162), ('paths', 0.2046), ('lighting', 0.1441)]"
52.28687,-1.53698,2.0,0.4,0.4,0.3,unsafe,Walking through the park made me feel uneasy as there is no lighting on the paths.; I don't enjoy walking by the park at night - too many drunk people and too dark,"[('night drunk', 0.4708), ('uneasy lighting', 0.4197), ('park night', 0.4041), ('walking park', 0.2787), ('people', -0.0623)]","[('drunk', 0.3305), ('night', 0.2525), ('park', 0.1516), ('walking', 0.1124), ('lighting', 0.0134)]","[('park feel uneasy', 0.5968), ('night drunk', 0.4708), ('park night', 0.4041), ('walking park', 0.2787), ('lighting', 0.0134)]","[('many drunk people', 0.4058), ('night', 0.2525), ('park', 0.1516), ('lighting', 0.0134), ('paths', 0.0049)]"
52.28788,-1.53797,2.0,0.4,0.2,0.2,unsafe,Walking through the park made me feel uneasy as there is no lighting on the paths.,"[('uneasy lighting', 0.5117), ('walking park', 0.4638), ('park feel', 0.3216), ('lighting paths', 0.2559), ('feel', 0.0766)]","[('uneasy', 0.404), ('walking', 0.3186), ('park', 0.3162), ('lighting', 0.1441), ('feel', 0.0766)]","[('park feel uneasy', 0.6819), ('uneasy lighting', 0.5117), ('walking', 0.3186), ('park', 0.3162), ('lighting', 0.1441)]","[('park', 0.3162), ('paths', 0.2046), ('lighting', 0.1441)]"
52.29147,-1.54715,3.0,0.55,0.65,0.4,safe,A really nice walk to do in the evening.; The route was short and sweet - only thing is the start of it is very poorly lit after 12am; I don't enjoy walking by the park at night - too many drunk people and too dark,"[('night drunk', 0.5259), ('short sweet', 0.2917), ('lit 12am', 0.2083), ('walking park', 0.1971), ('people', -0.0957)]","[('drunk', 0.3404), ('short', 0.2023), ('12am', 0.1374), ('walking', 0.0672), ('park', 0.06)]","[('park night drunk', 0.5805), ('poorly lit 12am', 0.564), ('12am don enjoy', 0.2233), ('walking', 0.0672), ('park', 0.06)]","[('many drunk people', 0.4018), ('night', 0.2683), ('nice walk', 0.1891), ('park', 0.06), ('start', -0.1161)]"
52.28984,-1.54405,2.0,0.4,0.6,0.4,unsafe,I don't enjoy walking by the park at night - too many drunk people and too dark,"[('night drunk', 0.6594), ('park night', 0.4406), ('walking park', 0.2037), ('don enjoy', 0.1264), ('people', 0.0513)]","[('drunk', 0.526), ('night', 0.3774), ('park', 0.132), ('walking', 0.118), ('don', -0.0177)]","[('park night drunk', 0.7046), ('walking park night', 0.5303), ('people dark', 0.4086), ('park', 0.132), ('walking', 0.118)]","[('many drunk people', 0.6006), ('night', 0.3774), ('park', 0.132)]"
52.28362,-1.54303,3.333333333333333,0.6,0.6666666666666666,0.4,safe,A really nice walk to do in the evening.; The route was short and sweet - only thing is the start of it is very poorly lit after 12am,"[('short sweet', 0.4849), ('evening route', 0.4279), ('lit 12am', 0.3674), ('walk', 0.203), ('really nice', 0.1523)]","[('short', 0.4032), ('evening', 0.3875), ('12am', 0.3024), ('walk', 0.203), ('start', 0.0754)]","[('poorly lit 12am', 0.6791), ('short sweet thing', 0.4918), ('evening route', 0.4279), ('really nice walk', 0.3598), ('thing start', 0.1084)]","[('evening', 0.3875), ('nice walk', 0.3583), ('route', 0.0854), ('thing', 0.0838), ('start', 0.0754)]"
52.28405,-1.53303,2.0,0.4,0.4,0.2,unsafe,Quiet route  with no public services available,"[('quiet route', 0.8177), ('route public', 0.4129), ('route', 0.3755), ('public services', 0.3733), ('services available', 0.3092)]","[('quiet', 0.7847), ('public', 0.4321), ('services', 0.3928), ('route', 0.3755), ('available', 0.2946)]","[('quiet route public', 0.8391), ('public', 0.4321), ('route', 0.3755), ('route public services', 0.3663), ('available', 0.2946)]","[('quiet route', 0.8177), ('public services', 0.3733)]"
52.28443,-1.53323,2.0,0.4,0.4,0.2,unsafe,Quiet route  with no public services available,"[('quiet route', 0.8177), ('route public', 0.4129), ('route', 0.3755), ('public services', 0.3733), ('services available', 0.3092)]","[('quiet', 0.7847), ('public', 0.4321), ('services', 0.3928), ('route', 0.3755), ('available', 0.2946)]","[('quiet route public', 0.8391), ('public', 0.4321), ('route', 0.3755), ('route public services', 0.3663), ('available', 0.2946)]","[('quiet route', 0.8177), ('public services', 0.3733)]"
52.28408,-1.53901,2.5,0.4,0.3,0.2,unsafe,"The route felt fairly safe with some street lighting, however there was nobody around at this time of night.; The route did not feel safe at all. I had to walk through a park by myself and felt helpless if anything were to happen.","[('felt helpless', 0.381), ('night route', 0.3066), ('walk park', 0.2931), ('fairly safe', 0.1904), ('lighting time', 0.0903)]","[('helpless', 0.3453), ('night', 0.2396), ('park', 0.1952), ('walk', 0.1617), ('lighting', 0.0799)]","[('park felt helpless', 0.581), ('night route', 0.3066), ('street lighting time', 0.2877), ('felt fairly safe', 0.2228), ('park', 0.1952)]","[('street lighting', 0.3024), ('nobody', 0.2774), ('night', 0.2396), ('park', 0.1952), ('route', 0.0106)]"
52.28479,-1.53544,2.5,0.4,0.3,0.2,unsafe,"The route felt fairly safe with some street lighting, however there was nobody around at this time of night.; The route did not feel safe at all. I had to walk through a park by myself and felt helpless if anything were to happen.","[('felt helpless', 0.381), ('night route', 0.3066), ('walk park', 0.2931), ('fairly safe', 0.1904), ('lighting time', 0.0903)]","[('helpless', 0.3453), ('night', 0.2396), ('park', 0.1952), ('walk', 0.1617), ('lighting', 0.0799)]","[('park felt helpless', 0.581), ('night route', 0.3066), ('street lighting time', 0.2877), ('felt fairly safe', 0.2228), ('park', 0.1952)]","[('street lighting', 0.3024), ('nobody', 0.2774), ('night', 0.2396), ('park', 0.1952), ('route', 0.0106)]"
52.28437,-1.53661,2.5,0.4,0.3,0.2,unsafe,"The route felt fairly safe with some street lighting, however there was nobody around at this time of night.; The route did not feel safe at all. I had to walk through a park by myself and felt helpless if anything were to happen.","[('felt helpless', 0.381), ('night route', 0.3066), ('walk park', 0.2931), ('fairly safe', 0.1904), ('lighting time', 0.0903)]","[('helpless', 0.3453), ('night', 0.2396), ('park', 0.1952), ('walk', 0.1617), ('lighting', 0.0799)]","[('park felt helpless', 0.581), ('night route', 0.3066), ('street lighting time', 0.2877), ('felt fairly safe', 0.2228), ('park', 0.1952)]","[('street lighting', 0.3024), ('nobody', 0.2774), ('night', 0.2396), ('park', 0.1952), ('route', 0.0106)]"
52.28415,-1.53795,2.5,0.4,0.3,0.2,unsafe,"The route felt fairly safe with some street lighting, however there was nobody around at this time of night.; The route did not feel safe at all. I had to walk through a park by myself and felt helpless if anything were to happen.","[('felt helpless', 0.381), ('night route', 0.3066), ('walk park', 0.2931), ('fairly safe', 0.1904), ('lighting time', 0.0903)]","[('helpless', 0.3453), ('night', 0.2396), ('park', 0.1952), ('walk', 0.1617), ('lighting', 0.0799)]","[('park felt helpless', 0.581), ('night route', 0.3066), ('street lighting time', 0.2877), ('felt fairly safe', 0.2228), ('park', 0.1952)]","[('street lighting', 0.3024), ('nobody', 0.2774), ('night', 0.2396), ('park', 0.1952), ('route', 0.0106)]"
52.28029,-1.53424,2.0,0.4,0.4,0.2,unsafe,Quiet route  with no public services available,"[('quiet route', 0.8177), ('route public', 0.4129), ('route', 0.3755), ('public services', 0.3733), ('services available', 0.3092)]","[('quiet', 0.7847), ('public', 0.4321), ('services', 0.3928), ('route', 0.3755), ('available', 0.2946)]","[('quiet route public', 0.8391), ('public', 0.4321), ('route', 0.3755), ('route public services', 0.3663), ('available', 0.2946)]","[('quiet route', 0.8177), ('public services', 0.3733)]"
52.2919643,-1.53576,3.0,0.6,0.7,0.3,safe,Short journey with street lights - was a club night so was busy as well; Long walk through the park feels dangerous at night - streets were full of drunk teenagers approaching me,"[('streets drunk', 0.5923), ('lights club', 0.1929), ('long walk', 0.1736), ('teenagers', 0.1541), ('park', -0.009)]","[('drunk', 0.3562), ('teenagers', 0.1541), ('club', 0.0759), ('park', -0.009), ('approaching', -0.0604)]","[('streets drunk teenagers', 0.695), ('club night', 0.4416), ('busy long walk', 0.381), ('short journey', 0.1315), ('walk park', 0.0809)]","[('drunk teenagers', 0.5579), ('club night', 0.4416), ('street lights', 0.2745), ('short journey', 0.1315), ('park', -0.009)]"
52.28416,-1.53212,3.6666666666666665,0.7333333333333333,0.7333333333333333,0.4666666666666666,safe,"I felt very safe on the route as it was well-lit.; Exposed to the public, even at night.; Residential area and away from the drunk public.","[('safe route', 0.6467), ('night residential', 0.492), ('exposed public', 0.4031), ('drunk public', 0.3904), ('away', 0.1918)]","[('safe', 0.5737), ('night', 0.4129), ('public', 0.3926), ('drunk', 0.3402), ('away', 0.1918)]","[('safe route lit', 0.7494), ('away drunk public', 0.4265), ('night', 0.4129), ('exposed public', 0.4031), ('residential', 0.3435)]","[('night', 0.4129), ('public', 0.3926), ('drunk public', 0.3904), ('residential area', 0.3557), ('route', 0.1981)]"
52.28554,-1.53538,2.0,0.4,0.4,0.3,unsafe,Walking through the park made me feel uneasy as there is no lighting on the paths.; I don't enjoy walking by the park at night - too many drunk people and too dark,"[('night drunk', 0.4708), ('uneasy lighting', 0.4197), ('park night', 0.4041), ('walking park', 0.2787), ('people', -0.0623)]","[('drunk', 0.3305), ('night', 0.2525), ('park', 0.1516), ('walking', 0.1124), ('lighting', 0.0134)]","[('park feel uneasy', 0.5968), ('night drunk', 0.4708), ('park night', 0.4041), ('walking park', 0.2787), ('lighting', 0.0134)]","[('many drunk people', 0.4058), ('night', 0.2525), ('park', 0.1516), ('lighting', 0.0134), ('paths', 0.0049)]"
52.28836,-1.53621,2.5,0.4,0.3,0.2,unsafe,"The route felt fairly safe with some street lighting, however there was nobody around at this time of night.; The route did not feel safe at all. I had to walk through a park by myself and felt helpless if anything were to happen.","[('felt helpless', 0.381), ('night route', 0.3066), ('walk park', 0.2931), ('fairly safe', 0.1904), ('lighting time', 0.0903)]","[('helpless', 0.3453), ('night', 0.2396), ('park', 0.1952), ('walk', 0.1617), ('lighting', 0.0799)]","[('park felt helpless', 0.581), ('night route', 0.3066), ('street lighting time', 0.2877), ('felt fairly safe', 0.2228), ('park', 0.1952)]","[('street lighting', 0.3024), ('nobody', 0.2774), ('night', 0.2396), ('park', 0.1952), ('route', 0.0106)]"
52.28573,-1.5473,3.333333333333333,0.6,0.6666666666666666,0.4,safe,A really nice walk to do in the evening.; The route was short and sweet - only thing is the start of it is very poorly lit after 12am,"[('short sweet', 0.4849), ('evening route', 0.4279), ('lit 12am', 0.3674), ('walk', 0.203), ('really nice', 0.1523)]","[('short', 0.4032), ('evening', 0.3875), ('12am', 0.3024), ('walk', 0.203), ('start', 0.0754)]","[('poorly lit 12am', 0.6791), ('short sweet thing', 0.4918), ('evening route', 0.4279), ('really nice walk', 0.3598), ('thing start', 0.1084)]","[('evening', 0.3875), ('nice walk', 0.3583), ('route', 0.0854), ('thing', 0.0838), ('start', 0.0754)]"
52.28138,-1.54705,2.5,0.4,0.3,0.2,unsafe,"The route felt fairly safe with some street lighting, however there was nobody around at this time of night.; The route did not feel safe at all. I had to walk through a park by myself and felt helpless if anything were to happen.","[('felt helpless', 0.381), ('night route', 0.3066), ('walk park', 0.2931), ('fairly safe', 0.1904), ('lighting time', 0.0903)]","[('helpless', 0.3453), ('night', 0.2396), ('park', 0.1952), ('walk', 0.1617), ('lighting', 0.0799)]","[('park felt helpless', 0.581), ('night route', 0.3066), ('street lighting time', 0.2877), ('felt fairly safe', 0.2228), ('park', 0.1952)]","[('street lighting', 0.3024), ('nobody', 0.2774), ('night', 0.2396), ('park', 0.1952), ('route', 0.0106)]"
52.28995,-1.54452,2.0,0.4,0.6,0.4,unsafe,I don't enjoy walking by the park at night - too many drunk people and too dark,"[('night drunk', 0.6594), ('park night', 0.4406), ('walking park', 0.2037), ('don enjoy', 0.1264), ('people', 0.0513)]","[('drunk', 0.526), ('night', 0.3774), ('park', 0.132), ('walking', 0.118), ('don', -0.0177)]","[('park night drunk', 0.7046), ('walking park night', 0.5303), ('people dark', 0.4086), ('park', 0.132), ('walking', 0.118)]","[('many drunk people', 0.6006), ('night', 0.3774), ('park', 0.132)]"
52.28807,-1.53799,2.0,0.4,0.2,0.2,unsafe,Walking through the park made me feel uneasy as there is no lighting on the paths.,"[('uneasy lighting', 0.5117), ('walking park', 0.4638), ('park feel', 0.3216), ('lighting paths', 0.2559), ('feel', 0.0766)]","[('uneasy', 0.404), ('walking', 0.3186), ('park', 0.3162), ('lighting', 0.1441), ('feel', 0.0766)]","[('park feel uneasy', 0.6819), ('uneasy lighting', 0.5117), ('walking', 0.3186), ('park', 0.3162), ('lighting', 0.1441)]","[('park', 0.3162), ('paths', 0.2046), ('lighting', 0.1441)]"
52.28888,-1.54656,3.333333333333333,0.6,0.6666666666666666,0.4,safe,A really nice walk to do in the evening.; The route was short and sweet - only thing is the start of it is very poorly lit after 12am,"[('short sweet', 0.4849), ('evening route', 0.4279), ('lit 12am', 0.3674), ('walk', 0.203), ('really nice', 0.1523)]","[('short', 0.4032), ('evening', 0.3875), ('12am', 0.3024), ('walk', 0.203), ('start', 0.0754)]","[('poorly lit 12am', 0.6791), ('short sweet thing', 0.4918), ('evening route', 0.4279), ('really nice walk', 0.3598), ('thing start', 0.1084)]","[('evening', 0.3875), ('nice walk', 0.3583), ('route', 0.0854), ('thing', 0.0838), ('start', 0.0754)]"
52.2897651,-1.5354354,3.0,0.6,0.7,0.3,safe,Short journey with street lights - was a club night so was busy as well; Long walk through the park feels dangerous at night - streets were full of drunk teenagers approaching me,"[('streets drunk', 0.5923), ('lights club', 0.1929), ('long walk', 0.1736), ('teenagers', 0.1541), ('park', -0.009)]","[('drunk', 0.3562), ('teenagers', 0.1541), ('club', 0.0759), ('park', -0.009), ('approaching', -0.0604)]","[('streets drunk teenagers', 0.695), ('club night', 0.4416), ('busy long walk', 0.381), ('short journey', 0.1315), ('walk park', 0.0809)]","[('drunk teenagers', 0.5579), ('club night', 0.4416), ('street lights', 0.2745), ('short journey', 0.1315), ('park', -0.009)]"
52.28945,-1.5352,3.5,0.7,0.7,0.5,safe,"Felt very safe due to the high quantity of shops and people; walk though the greenery was pleasant, well-lit and busy because of the daytime","[('greenery pleasant', 0.6085), ('busy daytime', 0.5421), ('high quantity', 0.3215), ('quantity shops', 0.2809), ('walk', 0.2596)]","[('greenery', 0.4771), ('daytime', 0.4502), ('shops', 0.3227), ('high', 0.2614), ('walk', 0.2596)]","[('pleasant lit busy', 0.7051), ('high quantity shops', 0.4905), ('quantity shops', 0.2809), ('high', 0.2614), ('walk', 0.2596)]","[('greenery', 0.4771), ('daytime', 0.4502), ('shops', 0.3227), ('high quantity', 0.3215), ('people', 0.1237)]"
52.28128,-1.5456,2.5,0.4,0.3,0.2,unsafe,"The route felt fairly safe with some street lighting, however there was nobody around at this time of night.; The route did not feel safe at all. I had to walk through a park by myself and felt helpless if anything were to happen.","[('felt helpless', 0.381), ('night route', 0.3066), ('walk park', 0.2931), ('fairly safe', 0.1904), ('lighting time', 0.0903)]","[('helpless', 0.3453), ('night', 0.2396), ('park', 0.1952), ('walk', 0.1617), ('lighting', 0.0799)]","[('park felt helpless', 0.581), ('night route', 0.3066), ('street lighting time', 0.2877), ('felt fairly safe', 0.2228), ('park', 0.1952)]","[('street lighting', 0.3024), ('nobody', 0.2774), ('night', 0.2396), ('park', 0.1952), ('route', 0.0106)]"
52.28677,-1.53687,2.25,0.4,0.35,0.25,unsafe,"The route felt fairly safe with some street lighting, however there was nobody around at this time of night.; The route did not feel safe at all. I had to walk through a park by myself and felt helpless if anything were to happen.; Walking through the park made me feel uneasy as there is no lighting on the paths.; I don't enjoy walking by the park at night - too many drunk people and too dark","[('night drunk', 0.3971), ('walking park', 0.2731), ('safe street', 0.2686), ('helpless', 0.2591), ('lighting time', 0.0088)]","[('helpless', 0.2591), ('drunk', 0.2415), ('night', 0.206), ('park', 0.1238), ('walking', 0.0918)]","[('walking park night', 0.539), ('park felt helpless', 0.5332), ('safe street lighting', 0.3606), ('drunk people', 0.3081), ('don', -0.0889)]","[('many drunk people', 0.3018), ('street lighting', 0.2455), ('night', 0.206), ('nobody', 0.1709), ('park', 0.1238)]"
52.28894,-1.53798,2.0,0.4,0.2,0.2,unsafe,Walking through the park made me feel uneasy as there is no lighting on the paths.,"[('uneasy lighting', 0.5117), ('walking park', 0.4638), ('park feel', 0.3216), ('lighting paths', 0.2559), ('feel', 0.0766)]","[('uneasy', 0.404), ('walking', 0.3186), ('park', 0.3162), ('lighting', 0.1441), ('feel', 0.0766)]","[('park feel uneasy', 0.6819), ('uneasy lighting', 0.5117), ('walking', 0.3186), ('park', 0.3162), ('lighting', 0.1441)]","[('park', 0.3162), ('paths', 0.2046), ('lighting', 0.1441)]"
52.29191,-1.54761,3.0,0.55,0.65,0.4,safe,A really nice walk to do in the evening.; The route was short and sweet - only thing is the start of it is very poorly lit after 12am; I don't enjoy walking by the park at night - too many drunk people and too dark,"[('night drunk', 0.5259), ('short sweet', 0.2917), ('lit 12am', 0.2083), ('walking park', 0.1971), ('people', -0.0957)]","[('drunk', 0.3404), ('short', 0.2023), ('12am', 0.1374), ('walking', 0.0672), ('park', 0.06)]","[('park night drunk', 0.5805), ('poorly lit 12am', 0.564), ('12am don enjoy', 0.2233), ('walking', 0.0672), ('park', 0.06)]","[('many drunk people', 0.4018), ('night', 0.2683), ('nice walk', 0.1891), ('park', 0.06), ('start', -0.1161)]"
52.28342,-1.54688,3.333333333333333,0.6,0.6666666666666666,0.4,safe,A really nice walk to do in the evening.; The route was short and sweet - only thing is the start of it is very poorly lit after 12am,"[('short sweet', 0.4849), ('evening route', 0.4279), ('lit 12am', 0.3674), ('walk', 0.203), ('really nice', 0.1523)]","[('short', 0.4032), ('evening', 0.3875), ('12am', 0.3024), ('walk', 0.203), ('start', 0.0754)]","[('poorly lit 12am', 0.6791), ('short sweet thing', 0.4918), ('evening route', 0.4279), ('really nice walk', 0.3598), ('thing start', 0.1084)]","[('evening', 0.3875), ('nice walk', 0.3583), ('route', 0.0854), ('thing', 0.0838), ('start', 0.0754)]"
52.28671,-1.54984,3.333333333333333,0.6,0.6666666666666666,0.4,safe,A really nice walk to do in the evening.; The route was short and sweet - only thing is the start of it is very poorly lit after 12am,"[('short sweet', 0.4849), ('evening route', 0.4279), ('lit 12am', 0.3674), ('walk', 0.203), ('really nice', 0.1523)]","[('short', 0.4032), ('evening', 0.3875), ('12am', 0.3024), ('walk', 0.203), ('start', 0.0754)]","[('poorly lit 12am', 0.6791), ('short sweet thing', 0.4918), ('evening route', 0.4279), ('really nice walk', 0.3598), ('thing start', 0.1084)]","[('evening', 0.3875), ('nice walk', 0.3583), ('route', 0.0854), ('thing', 0.0838), ('start', 0.0754)]"
52.28807,-1.53995,2.0,0.4,0.6,0.4,unsafe,I don't enjoy walking by the park at night - too many drunk people and too dark,"[('night drunk', 0.6594), ('park night', 0.4406), ('walking park', 0.2037), ('don enjoy', 0.1264), ('people', 0.0513)]","[('drunk', 0.526), ('night', 0.3774), ('park', 0.132), ('walking', 0.118), ('don', -0.0177)]","[('park night drunk', 0.7046), ('walking park night', 0.5303), ('people dark', 0.4086), ('park', 0.132), ('walking', 0.118)]","[('many drunk people', 0.6006), ('night', 0.3774), ('park', 0.132)]"
52.2865,-1.5367,2.5,0.4,0.3,0.2,unsafe,"The route felt fairly safe with some street lighting, however there was nobody around at this time of night.; The route did not feel safe at all. I had to walk through a park by myself and felt helpless if anything were to happen.","[('felt helpless', 0.381), ('night route', 0.3066), ('walk park', 0.2931), ('fairly safe', 0.1904), ('lighting time', 0.0903)]","[('helpless', 0.3453), ('night', 0.2396), ('park', 0.1952), ('walk', 0.1617), ('lighting', 0.0799)]","[('park felt helpless', 0.581), ('night route', 0.3066), ('street lighting time', 0.2877), ('felt fairly safe', 0.2228), ('park', 0.1952)]","[('street lighting', 0.3024), ('nobody', 0.2774), ('night', 0.2396), ('park', 0.1952), ('route', 0.0106)]"
52.28443,-1.53559,2.5,0.4,0.3,0.2,unsafe,"The route felt fairly safe with some street lighting, however there was nobody around at this time of night.; The route did not feel safe at all. I had to walk through a park by myself and felt helpless if anything were to happen.","[('felt helpless', 0.381), ('night route', 0.3066), ('walk park', 0.2931), ('fairly safe', 0.1904), ('lighting time', 0.0903)]","[('helpless', 0.3453), ('night', 0.2396), ('park', 0.1952), ('walk', 0.1617), ('lighting', 0.0799)]","[('park felt helpless', 0.581), ('night route', 0.3066), ('street lighting time', 0.2877), ('felt fairly safe', 0.2228), ('park', 0.1952)]","[('street lighting', 0.3024), ('nobody', 0.2774), ('night', 0.2396), ('park', 0.1952), ('route', 0.0106)]"
52.2807,-1.5345,2.0,0.4,0.4,0.2,unsafe,Quiet route  with no public services available,"[('quiet route', 0.8177), ('route public', 0.4129), ('route', 0.3755), ('public services', 0.3733), ('services available', 0.3092)]","[('quiet', 0.7847), ('public', 0.4321), ('services', 0.3928), ('route', 0.3755), ('available', 0.2946)]","[('quiet route public', 0.8391), ('public', 0.4321), ('route', 0.3755), ('route public services', 0.3663), ('available', 0.2946)]","[('quiet route', 0.8177), ('public services', 0.3733)]"
52.28698,-1.53696,2.0,0.4,0.2,0.2,unsafe,Walking through the park made me feel uneasy as there is no lighting on the paths.,"[('uneasy lighting', 0.5117), ('walking park', 0.4638), ('park feel', 0.3216), ('lighting paths', 0.2559), ('feel', 0.0766)]","[('uneasy', 0.404), ('walking', 0.3186), ('park', 0.3162), ('lighting', 0.1441), ('feel', 0.0766)]","[('park feel uneasy', 0.6819), ('uneasy lighting', 0.5117), ('walking', 0.3186), ('park', 0.3162), ('lighting', 0.1441)]","[('park', 0.3162), ('paths', 0.2046), ('lighting', 0.1441)]"
52.29001,-1.54453,2.0,0.4,0.6,0.4,unsafe,I don't enjoy walking by the park at night - too many drunk people and too dark,"[('night drunk', 0.6594), ('park night', 0.4406), ('walking park', 0.2037), ('don enjoy', 0.1264), ('people', 0.0513)]","[('drunk', 0.526), ('night', 0.3774), ('park', 0.132), ('walking', 0.118), ('don', -0.0177)]","[('park night drunk', 0.7046), ('walking park night', 0.5303), ('people dark', 0.4086), ('park', 0.132), ('walking', 0.118)]","[('many drunk people', 0.6006), ('night', 0.3774), ('park', 0.132)]"
52.28294,-1.54552,2.5,0.4,0.3,0.2,unsafe,"The route felt fairly safe with some street lighting, however there was nobody around at this time of night.; The route did not feel safe at all. I had to walk through a park by myself and felt helpless if anything were to happen.","[('felt helpless', 0.381), ('night route', 0.3066), ('walk park', 0.2931), ('fairly safe', 0.1904), ('lighting time', 0.0903)]","[('helpless', 0.3453), ('night', 0.2396), ('park', 0.1952), ('walk', 0.1617), ('lighting', 0.0799)]","[('park felt helpless', 0.581), ('night route', 0.3066), ('street lighting time', 0.2877), ('felt fairly safe', 0.2228), ('park', 0.1952)]","[('street lighting', 0.3024), ('nobody', 0.2774), ('night', 0.2396), ('park', 0.1952), ('route', 0.0106)]"
52.28931,-1.54004,2.0,0.4,0.6,0.4,unsafe,I don't enjoy walking by the park at night - too many drunk people and too dark,"[('night drunk', 0.6594), ('park night', 0.4406), ('walking park', 0.2037), ('don enjoy', 0.1264), ('people', 0.0513)]","[('drunk', 0.526), ('night', 0.3774), ('park', 0.132), ('walking', 0.118), ('don', -0.0177)]","[('park night drunk', 0.7046), ('walking park night', 0.5303), ('people dark', 0.4086), ('park', 0.132), ('walking', 0.118)]","[('many drunk people', 0.6006), ('night', 0.3774), ('park', 0.132)]"
52.28606,-1.53626,2.0,0.4,0.4,0.3,unsafe,Walking through the park made me feel uneasy as there is no lighting on the paths.; I don't enjoy walking by the park at night - too many drunk people and too dark,"[('night drunk', 0.4708), ('uneasy lighting', 0.4197), ('park night', 0.4041), ('walking park', 0.2787), ('people', -0.0623)]","[('drunk', 0.3305), ('night', 0.2525), ('park', 0.1516), ('walking', 0.1124), ('lighting', 0.0134)]","[('park feel uneasy', 0.5968), ('night drunk', 0.4708), ('park night', 0.4041), ('walking park', 0.2787), ('lighting', 0.0134)]","[('many drunk people', 0.4058), ('night', 0.2525), ('park', 0.1516), ('lighting', 0.0134), ('paths', 0.0049)]"
52.2923339,-1.5382023,3.0,0.6,0.7,0.3,safe,Short journey with street lights - was a club night so was busy as well; Long walk through the park feels dangerous at night - streets were full of drunk teenagers approaching me,"[('streets drunk', 0.5923), ('lights club', 0.1929), ('long walk', 0.1736), ('teenagers', 0.1541), ('park', -0.009)]","[('drunk', 0.3562), ('teenagers', 0.1541), ('club', 0.0759), ('park', -0.009), ('approaching', -0.0604)]","[('streets drunk teenagers', 0.695), ('club night', 0.4416), ('busy long walk', 0.381), ('short journey', 0.1315), ('walk park', 0.0809)]","[('drunk teenagers', 0.5579), ('club night', 0.4416), ('street lights', 0.2745), ('short journey', 0.1315), ('park', -0.009)]"
52.28869,-1.54655,3.333333333333333,0.6,0.6666666666666666,0.4,safe,A really nice walk to do in the evening.; The route was short and sweet - only thing is the start of it is very poorly lit after 12am,"[('short sweet', 0.4849), ('evening route', 0.4279), ('lit 12am', 0.3674), ('walk', 0.203), ('really nice', 0.1523)]","[('short', 0.4032), ('evening', 0.3875), ('12am', 0.3024), ('walk', 0.203), ('start', 0.0754)]","[('poorly lit 12am', 0.6791), ('short sweet thing', 0.4918), ('evening route', 0.4279), ('really nice walk', 0.3598), ('thing start', 0.1084)]","[('evening', 0.3875), ('nice walk', 0.3583), ('route', 0.0854), ('thing', 0.0838), ('start', 0.0754)]"
52.28379,-1.54127,2.5,0.4,0.3,0.2,unsafe,"The route felt fairly safe with some street lighting, however there was nobody around at this time of night.; The route did not feel safe at all. I had to walk through a park by myself and felt helpless if anything were to happen.","[('felt helpless', 0.381), ('night route', 0.3066), ('walk park', 0.2931), ('fairly safe', 0.1904), ('lighting time', 0.0903)]","[('helpless', 0.3453), ('night', 0.2396), ('park', 0.1952), ('walk', 0.1617), ('lighting', 0.0799)]","[('park felt helpless', 0.581), ('night route', 0.3066), ('street lighting time', 0.2877), ('felt fairly safe', 0.2228), ('park', 0.1952)]","[('street lighting', 0.3024), ('nobody', 0.2774), ('night', 0.2396), ('park', 0.1952), ('route', 0.0106)]"
52.28949,-1.53501,3.5,0.7,0.7,0.5,safe,"Felt very safe due to the high quantity of shops and people; walk though the greenery was pleasant, well-lit and busy because of the daytime","[('greenery pleasant', 0.6085), ('busy daytime', 0.5421), ('high quantity', 0.3215), ('quantity shops', 0.2809), ('walk', 0.2596)]","[('greenery', 0.4771), ('daytime', 0.4502), ('shops', 0.3227), ('high', 0.2614), ('walk', 0.2596)]","[('pleasant lit busy', 0.7051), ('high quantity shops', 0.4905), ('quantity shops', 0.2809), ('high', 0.2614), ('walk', 0.2596)]","[('greenery', 0.4771), ('daytime', 0.4502), ('shops', 0.3227), ('high quantity', 0.3215), ('people', 0.1237)]"
52.29037,-1.53552,3.5,0.7,0.7,0.5,safe,"Felt very safe due to the high quantity of shops and people; walk though the greenery was pleasant, well-lit and busy because of the daytime","[('greenery pleasant', 0.6085), ('busy daytime', 0.5421), ('high quantity', 0.3215), ('quantity shops', 0.2809), ('walk', 0.2596)]","[('greenery', 0.4771), ('daytime', 0.4502), ('shops', 0.3227), ('high', 0.2614), ('walk', 0.2596)]","[('pleasant lit busy', 0.7051), ('high quantity shops', 0.4905), ('quantity shops', 0.2809), ('high', 0.2614), ('walk', 0.2596)]","[('greenery', 0.4771), ('daytime', 0.4502), ('shops', 0.3227), ('high quantity', 0.3215), ('people', 0.1237)]"
52.28623,-1.53647,2.0,0.4,0.4,0.3,unsafe,Walking through the park made me feel uneasy as there is no lighting on the paths.; I don't enjoy walking by the park at night - too many drunk people and too dark,"[('night drunk', 0.4708), ('uneasy lighting', 0.4197), ('park night', 0.4041), ('walking park', 0.2787), ('people', -0.0623)]","[('drunk', 0.3305), ('night', 0.2525), ('park', 0.1516), ('walking', 0.1124), ('lighting', 0.0134)]","[('park feel uneasy', 0.5968), ('night drunk', 0.4708), ('park night', 0.4041), ('walking park', 0.2787), ('lighting', 0.0134)]","[('many drunk people', 0.4058), ('night', 0.2525), ('park', 0.1516), ('lighting', 0.0134), ('paths', 0.0049)]"
52.283,-1.54587,3.333333333333333,0.6,0.6666666666666666,0.4,safe,A really nice walk to do in the evening.; The route was short and sweet - only thing is the start of it is very poorly lit after 12am,"[('short sweet', 0.4849), ('evening route', 0.4279), ('lit 12am', 0.3674), ('walk', 0.203), ('really nice', 0.1523)]","[('short', 0.4032), ('evening', 0.3875), ('12am', 0.3024), ('walk', 0.203), ('start', 0.0754)]","[('poorly lit 12am', 0.6791), ('short sweet thing', 0.4918), ('evening route', 0.4279), ('really nice walk', 0.3598), ('thing start', 0.1084)]","[('evening', 0.3875), ('nice walk', 0.3583), ('route', 0.0854), ('thing', 0.0838), ('start', 0.0754)]"
52.28772,-1.5364,2.5,0.4,0.3,0.2,unsafe,"The route felt fairly safe with some street lighting, however there was nobody around at this time of night.; The route did not feel safe at all. I had to walk through a park by myself and felt helpless if anything were to happen.","[('felt helpless', 0.381), ('night route', 0.3066), ('walk park', 0.2931), ('fairly safe', 0.1904), ('lighting time', 0.0903)]","[('helpless', 0.3453), ('night', 0.2396), ('park', 0.1952), ('walk', 0.1617), ('lighting', 0.0799)]","[('park felt helpless', 0.581), ('night route', 0.3066), ('street lighting time', 0.2877), ('felt fairly safe', 0.2228), ('park', 0.1952)]","[('street lighting', 0.3024), ('nobody', 0.2774), ('night', 0.2396), ('park', 0.1952), ('route', 0.0106)]"
52.28663,-1.53679,2.0,0.4,0.4,0.3,unsafe,Walking through the park made me feel uneasy as there is no lighting on the paths.; I don't enjoy walking by the park at night - too many drunk people and too dark,"[('night drunk', 0.4708), ('uneasy lighting', 0.4197), ('park night', 0.4041), ('walking park', 0.2787), ('people', -0.0623)]","[('drunk', 0.3305), ('night', 0.2525), ('park', 0.1516), ('walking', 0.1124), ('lighting', 0.0134)]","[('park feel uneasy', 0.5968), ('night drunk', 0.4708), ('park night', 0.4041), ('walking park', 0.2787), ('lighting', 0.0134)]","[('many drunk people', 0.4058), ('night', 0.2525), ('park', 0.1516), ('lighting', 0.0134), ('paths', 0.0049)]"
52.28714,-1.54876,3.333333333333333,0.6,0.6666666666666666,0.4,safe,A really nice walk to do in the evening.; The route was short and sweet - only thing is the start of it is very poorly lit after 12am,"[('short sweet', 0.4849), ('evening route', 0.4279), ('lit 12am', 0.3674), ('walk', 0.203), ('really nice', 0.1523)]","[('short', 0.4032), ('evening', 0.3875), ('12am', 0.3024), ('walk', 0.203), ('start', 0.0754)]","[('poorly lit 12am', 0.6791), ('short sweet thing', 0.4918), ('evening route', 0.4279), ('really nice walk', 0.3598), ('thing start', 0.1084)]","[('evening', 0.3875), ('nice walk', 0.3583), ('route', 0.0854), ('thing', 0.0838), ('start', 0.0754)]"
52.28418,-1.53214,3.6666666666666665,0.7333333333333333,0.7333333333333333,0.4666666666666666,safe,"I felt very safe on the route as it was well-lit.; Exposed to the public, even at night.; Residential area and away from the drunk public.","[('safe route', 0.6467), ('night residential', 0.492), ('exposed public', 0.4031), ('drunk public', 0.3904), ('away', 0.1918)]","[('safe', 0.5737), ('night', 0.4129), ('public', 0.3926), ('drunk', 0.3402), ('away', 0.1918)]","[('safe route lit', 0.7494), ('away drunk public', 0.4265), ('night', 0.4129), ('exposed public', 0.4031), ('residential', 0.3435)]","[('night', 0.4129), ('public', 0.3926), ('drunk public', 0.3904), ('residential area', 0.3557), ('route', 0.1981)]"
52.28451,-1.53545,2.5,0.4,0.3,0.2,unsafe,"The route felt fairly safe with some street lighting, however there was nobody around at this time of night.; The route did not feel safe at all. I had to walk through a park by myself and felt helpless if anything were to happen.","[('felt helpless', 0.381), ('night route', 0.3066), ('walk park', 0.2931), ('fairly safe', 0.1904), ('lighting time', 0.0903)]","[('helpless', 0.3453), ('night', 0.2396), ('park', 0.1952), ('walk', 0.1617), ('lighting', 0.0799)]","[('park felt helpless', 0.581), ('night route', 0.3066), ('street lighting time', 0.2877), ('felt fairly safe', 0.2228), ('park', 0.1952)]","[('street lighting', 0.3024), ('nobody', 0.2774), ('night', 0.2396), ('park', 0.1952), ('route', 0.0106)]"
52.28579,-1.54732,3.333333333333333,0.6,0.6666666666666666,0.4,safe,A really nice walk to do in the evening.; The route was short and sweet - only thing is the start of it is very poorly lit after 12am,"[('short sweet', 0.4849), ('evening route', 0.4279), ('lit 12am', 0.3674), ('walk', 0.203), ('really nice', 0.1523)]","[('short', 0.4032), ('evening', 0.3875), ('12am', 0.3024), ('walk', 0.203), ('start', 0.0754)]","[('poorly lit 12am', 0.6791), ('short sweet thing', 0.4918), ('evening route', 0.4279), ('really nice walk', 0.3598), ('thing start', 0.1084)]","[('evening', 0.3875), ('nice walk', 0.3583), ('route', 0.0854), ('thing', 0.0838), ('start', 0.0754)]"
52.28709,-1.5489,3.333333333333333,0.6,0.6666666666666666,0.4,safe,A really nice walk to do in the evening.; The route was short and sweet - only thing is the start of it is very poorly lit after 12am,"[('short sweet', 0.4849), ('evening route', 0.4279), ('lit 12am', 0.3674), ('walk', 0.203), ('really nice', 0.1523)]","[('short', 0.4032), ('evening', 0.3875), ('12am', 0.3024), ('walk', 0.203), ('start', 0.0754)]","[('poorly lit 12am', 0.6791), ('short sweet thing', 0.4918), ('evening route', 0.4279), ('really nice walk', 0.3598), ('thing start', 0.1084)]","[('evening', 0.3875), ('nice walk', 0.3583), ('route', 0.0854), ('thing', 0.0838), ('start', 0.0754)]"
52.28718,-1.53751,2.0,0.4,0.6,0.4,unsafe,I don't enjoy walking by the park at night - too many drunk people and too dark,"[('night drunk', 0.6594), ('park night', 0.4406), ('walking park', 0.2037), ('don enjoy', 0.1264), ('people', 0.0513)]","[('drunk', 0.526), ('night', 0.3774), ('park', 0.132), ('walking', 0.118), ('don', -0.0177)]","[('park night drunk', 0.7046), ('walking park night', 0.5303), ('people dark', 0.4086), ('park', 0.132), ('walking', 0.118)]","[('many drunk people', 0.6006), ('night', 0.3774), ('park', 0.132)]"
52.28346,-1.54403,3.333333333333333,0.6,0.6666666666666666,0.4,safe,A really nice walk to do in the evening.; The route was short and sweet - only thing is the start of it is very poorly lit after 12am,"[('short sweet', 0.4849), ('evening route', 0.4279), ('lit 12am', 0.3674), ('walk', 0.203), ('really nice', 0.1523)]","[('short', 0.4032), ('evening', 0.3875), ('12am', 0.3024), ('walk', 0.203), ('start', 0.0754)]","[('poorly lit 12am', 0.6791), ('short sweet thing', 0.4918), ('evening route', 0.4279), ('really nice walk', 0.3598), ('thing start', 0.1084)]","[('evening', 0.3875), ('nice walk', 0.3583), ('route', 0.0854), ('thing', 0.0838), ('start', 0.0754)]"
52.28037,-1.53437,2.0,0.4,0.4,0.2,unsafe,Quiet route  with no public services available,"[('quiet route', 0.8177), ('route public', 0.4129), ('route', 0.3755), ('public services', 0.3733), ('services available', 0.3092)]","[('quiet', 0.7847), ('public', 0.4321), ('services', 0.3928), ('route', 0.3755), ('available', 0.2946)]","[('quiet route public', 0.8391), ('public', 0.4321), ('route', 0.3755), ('route public services', 0.3663), ('available', 0.2946)]","[('quiet route', 0.8177), ('public services', 0.3733)]"
52.28415,-1.5367,2.5,0.4,0.3,0.2,unsafe,"The route felt fairly safe with some street lighting, however there was nobody around at this time of night.; The route did not feel safe at all. I had to walk through a park by myself and felt helpless if anything were to happen.","[('felt helpless', 0.381), ('night route', 0.3066), ('walk park', 0.2931), ('fairly safe', 0.1904), ('lighting time', 0.0903)]","[('helpless', 0.3453), ('night', 0.2396), ('park', 0.1952), ('walk', 0.1617), ('lighting', 0.0799)]","[('park felt helpless', 0.581), ('night route', 0.3066), ('street lighting time', 0.2877), ('felt fairly safe', 0.2228), ('park', 0.1952)]","[('street lighting', 0.3024), ('nobody', 0.2774), ('night', 0.2396), ('park', 0.1952), ('route', 0.0106)]"
52.28681,-1.54941,3.333333333333333,0.6,0.6666666666666666,0.4,safe,A really nice walk to do in the evening.; The route was short and sweet - only thing is the start of it is very poorly lit after 12am,"[('short sweet', 0.4849), ('evening route', 0.4279), ('lit 12am', 0.3674), ('walk', 0.203), ('really nice', 0.1523)]","[('short', 0.4032), ('evening', 0.3875), ('12am', 0.3024), ('walk', 0.203), ('start', 0.0754)]","[('poorly lit 12am', 0.6791), ('short sweet thing', 0.4918), ('evening route', 0.4279), ('really nice walk', 0.3598), ('thing start', 0.1084)]","[('evening', 0.3875), ('nice walk', 0.3583), ('route', 0.0854), ('thing', 0.0838), ('start', 0.0754)]"
52.28874,-1.53809,2.0,0.4,0.2,0.2,unsafe,Walking through the park made me feel uneasy as there is no lighting on the paths.,"[('uneasy lighting', 0.5117), ('walking park', 0.4638), ('park feel', 0.3216), ('lighting paths', 0.2559), ('feel', 0.0766)]","[('uneasy', 0.404), ('walking', 0.3186), ('park', 0.3162), ('lighting', 0.1441), ('feel', 0.0766)]","[('park feel uneasy', 0.6819), ('uneasy lighting', 0.5117), ('walking', 0.3186), ('park', 0.3162), ('lighting', 0.1441)]","[('park', 0.3162), ('paths', 0.2046), ('lighting', 0.1441)]"
52.28131,-1.54571,2.5,0.4,0.3,0.2,unsafe,"The route felt fairly safe with some street lighting, however there was nobody around at this time of night.; The route did not feel safe at all. I had to walk through a park by myself and felt helpless if anything were to happen.","[('felt helpless', 0.381), ('night route', 0.3066), ('walk park', 0.2931), ('fairly safe', 0.1904), ('lighting time', 0.0903)]","[('helpless', 0.3453), ('night', 0.2396), ('park', 0.1952), ('walk', 0.1617), ('lighting', 0.0799)]","[('park felt helpless', 0.581), ('night route', 0.3066), ('street lighting time', 0.2877), ('felt fairly safe', 0.2228), ('park', 0.1952)]","[('street lighting', 0.3024), ('nobody', 0.2774), ('night', 0.2396), ('park', 0.1952), ('route', 0.0106)]"
52.28612,-1.54787,3.333333333333333,0.6,0.6666666666666666,0.4,safe,A really nice walk to do in the evening.; The route was short and sweet - only thing is the start of it is very poorly lit after 12am,"[('short sweet', 0.4849), ('evening route', 0.4279), ('lit 12am', 0.3674), ('walk', 0.203), ('really nice', 0.1523)]","[('short', 0.4032), ('evening', 0.3875), ('12am', 0.3024), ('walk', 0.203), ('start', 0.0754)]","[('poorly lit 12am', 0.6791), ('short sweet thing', 0.4918), ('evening route', 0.4279), ('really nice walk', 0.3598), ('thing start', 0.1084)]","[('evening', 0.3875), ('nice walk', 0.3583), ('route', 0.0854), ('thing', 0.0838), ('start', 0.0754)]"
52.28279,-1.5458,2.5,0.4,0.3,0.2,unsafe,"The route felt fairly safe with some street lighting, however there was nobody around at this time of night.; The route did not feel safe at all. I had to walk through a park by myself and felt helpless if anything were to happen.","[('felt helpless', 0.381), ('night route', 0.3066), ('walk park', 0.2931), ('fairly safe', 0.1904), ('lighting time', 0.0903)]","[('helpless', 0.3453), ('night', 0.2396), ('park', 0.1952), ('walk', 0.1617), ('lighting', 0.0799)]","[('park felt helpless', 0.581), ('night route', 0.3066), ('street lighting time', 0.2877), ('felt fairly safe', 0.2228), ('park', 0.1952)]","[('street lighting', 0.3024), ('nobody', 0.2774), ('night', 0.2396), ('park', 0.1952), ('route', 0.0106)]"
52.28321,-1.54669,3.333333333333333,0.6,0.6666666666666666,0.4,safe,A really nice walk to do in the evening.; The route was short and sweet - only thing is the start of it is very poorly lit after 12am,"[('short sweet', 0.4849), ('evening route', 0.4279), ('lit 12am', 0.3674), ('walk', 0.203), ('really nice', 0.1523)]","[('short', 0.4032), ('evening', 0.3875), ('12am', 0.3024), ('walk', 0.203), ('start', 0.0754)]","[('poorly lit 12am', 0.6791), ('short sweet thing', 0.4918), ('evening route', 0.4279), ('really nice walk', 0.3598), ('thing start', 0.1084)]","[('evening', 0.3875), ('nice walk', 0.3583), ('route', 0.0854), ('thing', 0.0838), ('start', 0.0754)]"
52.28602,-1.53626,2.0,0.4,0.4,0.3,unsafe,Walking through the park made me feel uneasy as there is no lighting on the paths.; I don't enjoy walking by the park at night - too many drunk people and too dark,"[('night drunk', 0.4708), ('uneasy lighting', 0.4197), ('park night', 0.4041), ('walking park', 0.2787), ('people', -0.0623)]","[('drunk', 0.3305), ('night', 0.2525), ('park', 0.1516), ('walking', 0.1124), ('lighting', 0.0134)]","[('park feel uneasy', 0.5968), ('night drunk', 0.4708), ('park night', 0.4041), ('walking park', 0.2787), ('lighting', 0.0134)]","[('many drunk people', 0.4058), ('night', 0.2525), ('park', 0.1516), ('lighting', 0.0134), ('paths', 0.0049)]"
52.28366,-1.54227,2.5,0.4,0.3,0.2,unsafe,"The route felt fairly safe with some street lighting, however there was nobody around at this time of night.; The route did not feel safe at all. I had to walk through a park by myself and felt helpless if anything were to happen.","[('felt helpless', 0.381), ('night route', 0.3066), ('walk park', 0.2931), ('fairly safe', 0.1904), ('lighting time', 0.0903)]","[('helpless', 0.3453), ('night', 0.2396), ('park', 0.1952), ('walk', 0.1617), ('lighting', 0.0799)]","[('park felt helpless', 0.581), ('night route', 0.3066), ('street lighting time', 0.2877), ('felt fairly safe', 0.2228), ('park', 0.1952)]","[('street lighting', 0.3024), ('nobody', 0.2774), ('night', 0.2396), ('park', 0.1952), ('route', 0.0106)]"
52.28818,-1.5401,2.0,0.4,0.6,0.4,unsafe,I don't enjoy walking by the park at night - too many drunk people and too dark,"[('night drunk', 0.6594), ('park night', 0.4406), ('walking park', 0.2037), ('don enjoy', 0.1264), ('people', 0.0513)]","[('drunk', 0.526), ('night', 0.3774), ('park', 0.132), ('walking', 0.118), ('don', -0.0177)]","[('park night drunk', 0.7046), ('walking park night', 0.5303), ('people dark', 0.4086), ('park', 0.132), ('walking', 0.118)]","[('many drunk people', 0.6006), ('night', 0.3774), ('park', 0.132)]"
52.28895,-1.53801,2.0,0.4,0.2,0.2,unsafe,Walking through the park made me feel uneasy as there is no lighting on the paths.,"[('uneasy lighting', 0.5117), ('walking park', 0.4638), ('park feel', 0.3216), ('lighting paths', 0.2559), ('feel', 0.0766)]","[('uneasy', 0.404), ('walking', 0.3186), ('park', 0.3162), ('lighting', 0.1441), ('feel', 0.0766)]","[('park feel uneasy', 0.6819), ('uneasy lighting', 0.5117), ('walking', 0.3186), ('park', 0.3162), ('lighting', 0.1441)]","[('park', 0.3162), ('paths', 0.2046), ('lighting', 0.1441)]"
52.28099,-1.5346,2.0,0.4,0.4,0.2,unsafe,Quiet route  with no public services available,"[('quiet route', 0.8177), ('route public', 0.4129), ('route', 0.3755), ('public services', 0.3733), ('services available', 0.3092)]","[('quiet', 0.7847), ('public', 0.4321), ('services', 0.3928), ('route', 0.3755), ('available', 0.2946)]","[('quiet route public', 0.8391), ('public', 0.4321), ('route', 0.3755), ('route public services', 0.3663), ('available', 0.2946)]","[('quiet route', 0.8177), ('public services', 0.3733)]"
52.28901,-1.53802,2.0,0.4,0.2,0.2,unsafe,Walking through the park made me feel uneasy as there is no lighting on the paths.,"[('uneasy lighting', 0.5117), ('walking park', 0.4638), ('park feel', 0.3216), ('lighting paths', 0.2559), ('feel', 0.0766)]","[('uneasy', 0.404), ('walking', 0.3186), ('park', 0.3162), ('lighting', 0.1441), ('feel', 0.0766)]","[('park feel uneasy', 0.6819), ('uneasy lighting', 0.5117), ('walking', 0.3186), ('park', 0.3162), ('lighting', 0.1441)]","[('park', 0.3162), ('paths', 0.2046), ('lighting', 0.1441)]"
52.28403,-1.53316,3.25,0.65,0.65,0.4,safe,"I felt very safe on the route as it was well-lit.; Exposed to the public, even at night.; Residential area and away from the drunk public.; Quiet route  with no public services available","[('public quiet', 0.6102), ('public night', 0.4928), ('residential', 0.3265), ('route lit', 0.3119), ('drunk', 0.2849)]","[('safe', 0.5148), ('night', 0.3639), ('residential', 0.3265), ('drunk', 0.2849), ('away', 0.2571)]","[('quiet route public', 0.6957), ('night residential area', 0.4749), ('route lit', 0.3119), ('drunk', 0.2849), ('away', 0.2571)]","[('quiet route', 0.5734), ('night', 0.3639), ('drunk public', 0.3568), ('residential area', 0.3177), ('public services', 0.2805)]"
52.28529959999999,-1.5345806,3.2,0.64,0.64,0.44000000000000006,safe,"The route was quite long however it was a busy route, even at this time of night. The start was dark but rest was fine; Path was busy with members of the public at 11pm.; Police cars were patrolling the streets nearby which gave me comfort on the journey; The street was quite isolated and dark on my journey.; An enjoyable evening walk, thanks to the street lights and busy streets","[('11pm police', 0.5117), ('busy streets', 0.4627), ('police cars', 0.3858), ('dark journey', 0.3034), ('enjoyable', 0.0701)]","[('night', 0.3361), ('11pm', 0.3283), ('police', 0.2939), ('cars', 0.1838), ('thanks', -0.0758)]","[('11pm police cars', 0.5885), ('busy streets', 0.4627), ('route time night', 0.426), ('street quite isolated', 0.2216), ('nearby gave comfort', 0.1835)]","[('enjoyable evening walk', 0.5435), ('busy streets', 0.4627), ('police cars', 0.3858), ('rest', 0.0983), ('start', -0.0603)]"
52.2851,-1.53592,2.5,0.4,0.3,0.2,unsafe,"The route felt fairly safe with some street lighting, however there was nobody around at this time of night.; The route did not feel safe at all. I had to walk through a park by myself and felt helpless if anything were to happen.","[('felt helpless', 0.381), ('night route', 0.3066), ('walk park', 0.2931), ('fairly safe', 0.1904), ('lighting time', 0.0903)]","[('helpless', 0.3453), ('night', 0.2396), ('park', 0.1952), ('walk', 0.1617), ('lighting', 0.0799)]","[('park felt helpless', 0.581), ('night route', 0.3066), ('street lighting time', 0.2877), ('felt fairly safe', 0.2228), ('park', 0.1952)]","[('street lighting', 0.3024), ('nobody', 0.2774), ('night', 0.2396), ('park', 0.1952), ('route', 0.0106)]"
52.28409,-1.53262,3.6666666666666665,0.7333333333333333,0.7333333333333333,0.4666666666666666,safe,"I felt very safe on the route as it was well-lit.; Exposed to the public, even at night.; Residential area and away from the drunk public.","[('safe route', 0.6467), ('night residential', 0.492), ('exposed public', 0.4031), ('drunk public', 0.3904), ('away', 0.1918)]","[('safe', 0.5737), ('night', 0.4129), ('public', 0.3926), ('drunk', 0.3402), ('away', 0.1918)]","[('safe route lit', 0.7494), ('away drunk public', 0.4265), ('night', 0.4129), ('exposed public', 0.4031), ('residential', 0.3435)]","[('night', 0.4129), ('public', 0.3926), ('drunk public', 0.3904), ('residential area', 0.3557), ('route', 0.1981)]"
52.28532,-1.53666,2.5,0.4,0.3,0.2,unsafe,"The route felt fairly safe with some street lighting, however there was nobody around at this time of night.; The route did not feel safe at all. I had to walk through a park by myself and felt helpless if anything were to happen.","[('felt helpless', 0.381), ('night route', 0.3066), ('walk park', 0.2931), ('fairly safe', 0.1904), ('lighting time', 0.0903)]","[('helpless', 0.3453), ('night', 0.2396), ('park', 0.1952), ('walk', 0.1617), ('lighting', 0.0799)]","[('park felt helpless', 0.581), ('night route', 0.3066), ('street lighting time', 0.2877), ('felt fairly safe', 0.2228), ('park', 0.1952)]","[('street lighting', 0.3024), ('nobody', 0.2774), ('night', 0.2396), ('park', 0.1952), ('route', 0.0106)]"
52.28616,-1.53637,2.0,0.4,0.4,0.3,unsafe,Walking through the park made me feel uneasy as there is no lighting on the paths.; I don't enjoy walking by the park at night - too many drunk people and too dark,"[('night drunk', 0.4708), ('uneasy lighting', 0.4197), ('park night', 0.4041), ('walking park', 0.2787), ('people', -0.0623)]","[('drunk', 0.3305), ('night', 0.2525), ('park', 0.1516), ('walking', 0.1124), ('lighting', 0.0134)]","[('park feel uneasy', 0.5968), ('night drunk', 0.4708), ('park night', 0.4041), ('walking park', 0.2787), ('lighting', 0.0134)]","[('many drunk people', 0.4058), ('night', 0.2525), ('park', 0.1516), ('lighting', 0.0134), ('paths', 0.0049)]"
52.28347,-1.54692,3.333333333333333,0.6,0.6666666666666666,0.4,safe,A really nice walk to do in the evening.; The route was short and sweet - only thing is the start of it is very poorly lit after 12am,"[('short sweet', 0.4849), ('evening route', 0.4279), ('lit 12am', 0.3674), ('walk', 0.203), ('really nice', 0.1523)]","[('short', 0.4032), ('evening', 0.3875), ('12am', 0.3024), ('walk', 0.203), ('start', 0.0754)]","[('poorly lit 12am', 0.6791), ('short sweet thing', 0.4918), ('evening route', 0.4279), ('really nice walk', 0.3598), ('thing start', 0.1084)]","[('evening', 0.3875), ('nice walk', 0.3583), ('route', 0.0854), ('thing', 0.0838), ('start', 0.0754)]"
52.28368,-1.5431,3.333333333333333,0.6,0.6666666666666666,0.4,safe,A really nice walk to do in the evening.; The route was short and sweet - only thing is the start of it is very poorly lit after 12am,"[('short sweet', 0.4849), ('evening route', 0.4279), ('lit 12am', 0.3674), ('walk', 0.203), ('really nice', 0.1523)]","[('short', 0.4032), ('evening', 0.3875), ('12am', 0.3024), ('walk', 0.203), ('start', 0.0754)]","[('poorly lit 12am', 0.6791), ('short sweet thing', 0.4918), ('evening route', 0.4279), ('really nice walk', 0.3598), ('thing start', 0.1084)]","[('evening', 0.3875), ('nice walk', 0.3583), ('route', 0.0854), ('thing', 0.0838), ('start', 0.0754)]"
52.28621,-1.53646,2.5,0.4,0.3,0.2,unsafe,"The route felt fairly safe with some street lighting, however there was nobody around at this time of night.; The route did not feel safe at all. I had to walk through a park by myself and felt helpless if anything were to happen.","[('felt helpless', 0.381), ('night route', 0.3066), ('walk park', 0.2931), ('fairly safe', 0.1904), ('lighting time', 0.0903)]","[('helpless', 0.3453), ('night', 0.2396), ('park', 0.1952), ('walk', 0.1617), ('lighting', 0.0799)]","[('park felt helpless', 0.581), ('night route', 0.3066), ('street lighting time', 0.2877), ('felt fairly safe', 0.2228), ('park', 0.1952)]","[('street lighting', 0.3024), ('nobody', 0.2774), ('night', 0.2396), ('park', 0.1952), ('route', 0.0106)]"
52.28862,-1.54005,2.0,0.4,0.6,0.4,unsafe,I don't enjoy walking by the park at night - too many drunk people and too dark,"[('night drunk', 0.6594), ('park night', 0.4406), ('walking park', 0.2037), ('don enjoy', 0.1264), ('people', 0.0513)]","[('drunk', 0.526), ('night', 0.3774), ('park', 0.132), ('walking', 0.118), ('don', -0.0177)]","[('park night drunk', 0.7046), ('walking park night', 0.5303), ('people dark', 0.4086), ('park', 0.132), ('walking', 0.118)]","[('many drunk people', 0.6006), ('night', 0.3774), ('park', 0.132)]"
52.2923727,-1.5481874,3.333333333333333,0.6666666666666666,0.5333333333333333,0.4,safe,"Route was a nice walk - would've been better in the daytime though.; The route was long at the end.; An enjoyable evening walk, thanks to the street lights and busy streets","[('enjoyable evening', 0.6687), ('busy streets', 0.4883), ('walk thanks', 0.4654), ('route long', 0.3942), ('end', 0.1526)]","[('evening', 0.4813), ('streets', 0.3703), ('lights', 0.3427), ('long', 0.3175), ('thanks', 0.2495)]","[('enjoyable evening walk', 0.8233), ('thanks street lights', 0.6051), ('ve better daytime', 0.543), ('busy streets', 0.4883), ('ve', 0.0888)]","[('enjoyable evening walk', 0.8233), ('street lights', 0.4995), ('busy streets', 0.4883), ('daytime', 0.4779), ('end', 0.1526)]"
52.28691,-1.53702,2.5,0.4,0.3,0.2,unsafe,"The route felt fairly safe with some street lighting, however there was nobody around at this time of night.; The route did not feel safe at all. I had to walk through a park by myself and felt helpless if anything were to happen.","[('felt helpless', 0.381), ('night route', 0.3066), ('walk park', 0.2931), ('fairly safe', 0.1904), ('lighting time', 0.0903)]","[('helpless', 0.3453), ('night', 0.2396), ('park', 0.1952), ('walk', 0.1617), ('lighting', 0.0799)]","[('park felt helpless', 0.581), ('night route', 0.3066), ('street lighting time', 0.2877), ('felt fairly safe', 0.2228), ('park', 0.1952)]","[('street lighting', 0.3024), ('nobody', 0.2774), ('night', 0.2396), ('park', 0.1952), ('route', 0.0106)]"
52.28354,-1.54357,3.333333333333333,0.6,0.6666666666666666,0.4,safe,A really nice walk to do in the evening.; The route was short and sweet - only thing is the start of it is very poorly lit after 12am,"[('short sweet', 0.4849), ('evening route', 0.4279), ('lit 12am', 0.3674), ('walk', 0.203), ('really nice', 0.1523)]","[('short', 0.4032), ('evening', 0.3875), ('12am', 0.3024), ('walk', 0.203), ('start', 0.0754)]","[('poorly lit 12am', 0.6791), ('short sweet thing', 0.4918), ('evening route', 0.4279), ('really nice walk', 0.3598), ('thing start', 0.1084)]","[('evening', 0.3875), ('nice walk', 0.3583), ('route', 0.0854), ('thing', 0.0838), ('start', 0.0754)]"
52.28136,-1.54553,2.5,0.4,0.3,0.2,unsafe,"The route felt fairly safe with some street lighting, however there was nobody around at this time of night.; The route did not feel safe at all. I had to walk through a park by myself and felt helpless if anything were to happen.","[('felt helpless', 0.381), ('night route', 0.3066), ('walk park', 0.2931), ('fairly safe', 0.1904), ('lighting time', 0.0903)]","[('helpless', 0.3453), ('night', 0.2396), ('park', 0.1952), ('walk', 0.1617), ('lighting', 0.0799)]","[('park felt helpless', 0.581), ('night route', 0.3066), ('street lighting time', 0.2877), ('felt fairly safe', 0.2228), ('park', 0.1952)]","[('street lighting', 0.3024), ('nobody', 0.2774), ('night', 0.2396), ('park', 0.1952), ('route', 0.0106)]"
52.28829,-1.53571,2.5,0.4,0.3,0.2,unsafe,"The route felt fairly safe with some street lighting, however there was nobody around at this time of night.; The route did not feel safe at all. I had to walk through a park by myself and felt helpless if anything were to happen.","[('felt helpless', 0.381), ('night route', 0.3066), ('walk park', 0.2931), ('fairly safe', 0.1904), ('lighting time', 0.0903)]","[('helpless', 0.3453), ('night', 0.2396), ('park', 0.1952), ('walk', 0.1617), ('lighting', 0.0799)]","[('park felt helpless', 0.581), ('night route', 0.3066), ('street lighting time', 0.2877), ('felt fairly safe', 0.2228), ('park', 0.1952)]","[('street lighting', 0.3024), ('nobody', 0.2774), ('night', 0.2396), ('park', 0.1952), ('route', 0.0106)]"
52.28282,-1.54582,2.5,0.4,0.3,0.2,unsafe,"The route felt fairly safe with some street lighting, however there was nobody around at this time of night.; The route did not feel safe at all. I had to walk through a park by myself and felt helpless if anything were to happen.","[('felt helpless', 0.381), ('night route', 0.3066), ('walk park', 0.2931), ('fairly safe', 0.1904), ('lighting time', 0.0903)]","[('helpless', 0.3453), ('night', 0.2396), ('park', 0.1952), ('walk', 0.1617), ('lighting', 0.0799)]","[('park felt helpless', 0.581), ('night route', 0.3066), ('street lighting time', 0.2877), ('felt fairly safe', 0.2228), ('park', 0.1952)]","[('street lighting', 0.3024), ('nobody', 0.2774), ('night', 0.2396), ('park', 0.1952), ('route', 0.0106)]"
52.28724,-1.53689,2.0,0.4,0.2,0.2,unsafe,Walking through the park made me feel uneasy as there is no lighting on the paths.,"[('uneasy lighting', 0.5117), ('walking park', 0.4638), ('park feel', 0.3216), ('lighting paths', 0.2559), ('feel', 0.0766)]","[('uneasy', 0.404), ('walking', 0.3186), ('park', 0.3162), ('lighting', 0.1441), ('feel', 0.0766)]","[('park feel uneasy', 0.6819), ('uneasy lighting', 0.5117), ('walking', 0.3186), ('park', 0.3162), ('lighting', 0.1441)]","[('park', 0.3162), ('paths', 0.2046), ('lighting', 0.1441)]"
52.28443,-1.5356,2.5,0.4,0.3,0.2,unsafe,"The route felt fairly safe with some street lighting, however there was nobody around at this time of night.; The route did not feel safe at all. I had to walk through a park by myself and felt helpless if anything were to happen.","[('felt helpless', 0.381), ('night route', 0.3066), ('walk park', 0.2931), ('fairly safe', 0.1904), ('lighting time', 0.0903)]","[('helpless', 0.3453), ('night', 0.2396), ('park', 0.1952), ('walk', 0.1617), ('lighting', 0.0799)]","[('park felt helpless', 0.581), ('night route', 0.3066), ('street lighting time', 0.2877), ('felt fairly safe', 0.2228), ('park', 0.1952)]","[('street lighting', 0.3024), ('nobody', 0.2774), ('night', 0.2396), ('park', 0.1952), ('route', 0.0106)]"
52.28352,-1.54377,2.5,0.4,0.3,0.2,unsafe,"The route felt fairly safe with some street lighting, however there was nobody around at this time of night.; The route did not feel safe at all. I had to walk through a park by myself and felt helpless if anything were to happen.","[('felt helpless', 0.381), ('night route', 0.3066), ('walk park', 0.2931), ('fairly safe', 0.1904), ('lighting time', 0.0903)]","[('helpless', 0.3453), ('night', 0.2396), ('park', 0.1952), ('walk', 0.1617), ('lighting', 0.0799)]","[('park felt helpless', 0.581), ('night route', 0.3066), ('street lighting time', 0.2877), ('felt fairly safe', 0.2228), ('park', 0.1952)]","[('street lighting', 0.3024), ('nobody', 0.2774), ('night', 0.2396), ('park', 0.1952), ('route', 0.0106)]"
52.28436,-1.53586,2.5,0.4,0.3,0.2,unsafe,"The route felt fairly safe with some street lighting, however there was nobody around at this time of night.; The route did not feel safe at all. I had to walk through a park by myself and felt helpless if anything were to happen.","[('felt helpless', 0.381), ('night route', 0.3066), ('walk park', 0.2931), ('fairly safe', 0.1904), ('lighting time', 0.0903)]","[('helpless', 0.3453), ('night', 0.2396), ('park', 0.1952), ('walk', 0.1617), ('lighting', 0.0799)]","[('park felt helpless', 0.581), ('night route', 0.3066), ('street lighting time', 0.2877), ('felt fairly safe', 0.2228), ('park', 0.1952)]","[('street lighting', 0.3024), ('nobody', 0.2774), ('night', 0.2396), ('park', 0.1952), ('route', 0.0106)]"
52.28377,-1.54315,3.333333333333333,0.6,0.6666666666666666,0.4,safe,A really nice walk to do in the evening.; The route was short and sweet - only thing is the start of it is very poorly lit after 12am,"[('short sweet', 0.4849), ('evening route', 0.4279), ('lit 12am', 0.3674), ('walk', 0.203), ('really nice', 0.1523)]","[('short', 0.4032), ('evening', 0.3875), ('12am', 0.3024), ('walk', 0.203), ('start', 0.0754)]","[('poorly lit 12am', 0.6791), ('short sweet thing', 0.4918), ('evening route', 0.4279), ('really nice walk', 0.3598), ('thing start', 0.1084)]","[('evening', 0.3875), ('nice walk', 0.3583), ('route', 0.0854), ('thing', 0.0838), ('start', 0.0754)]"
52.28143,-1.54555,2.5,0.4,0.3,0.2,unsafe,"The route felt fairly safe with some street lighting, however there was nobody around at this time of night.; The route did not feel safe at all. I had to walk through a park by myself and felt helpless if anything were to happen.","[('felt helpless', 0.381), ('night route', 0.3066), ('walk park', 0.2931), ('fairly safe', 0.1904), ('lighting time', 0.0903)]","[('helpless', 0.3453), ('night', 0.2396), ('park', 0.1952), ('walk', 0.1617), ('lighting', 0.0799)]","[('park felt helpless', 0.581), ('night route', 0.3066), ('street lighting time', 0.2877), ('felt fairly safe', 0.2228), ('park', 0.1952)]","[('street lighting', 0.3024), ('nobody', 0.2774), ('night', 0.2396), ('park', 0.1952), ('route', 0.0106)]"
52.28182,-1.54551,2.5,0.4,0.3,0.2,unsafe,"The route felt fairly safe with some street lighting, however there was nobody around at this time of night.; The route did not feel safe at all. I had to walk through a park by myself and felt helpless if anything were to happen.","[('felt helpless', 0.381), ('night route', 0.3066), ('walk park', 0.2931), ('fairly safe', 0.1904), ('lighting time', 0.0903)]","[('helpless', 0.3453), ('night', 0.2396), ('park', 0.1952), ('walk', 0.1617), ('lighting', 0.0799)]","[('park felt helpless', 0.581), ('night route', 0.3066), ('street lighting time', 0.2877), ('felt fairly safe', 0.2228), ('park', 0.1952)]","[('street lighting', 0.3024), ('nobody', 0.2774), ('night', 0.2396), ('park', 0.1952), ('route', 0.0106)]"
52.28795,-1.53915,2.0,0.4,0.6,0.4,unsafe,I don't enjoy walking by the park at night - too many drunk people and too dark,"[('night drunk', 0.6594), ('park night', 0.4406), ('walking park', 0.2037), ('don enjoy', 0.1264), ('people', 0.0513)]","[('drunk', 0.526), ('night', 0.3774), ('park', 0.132), ('walking', 0.118), ('don', -0.0177)]","[('park night drunk', 0.7046), ('walking park night', 0.5303), ('people dark', 0.4086), ('park', 0.132), ('walking', 0.118)]","[('many drunk people', 0.6006), ('night', 0.3774), ('park', 0.132)]"
52.2834728,-1.5469188,3.0,0.6,0.4,0.4,safe,Route was a nice walk - would've been better in the daytime though.; The route was long at the end.,"[('better daytime', 0.6535), ('route long', 0.5408), ('route nice', 0.523), ('walk ve', 0.4271), ('end', 0.3451)]","[('daytime', 0.5343), ('long', 0.4702), ('better', 0.4544), ('walk', 0.4291), ('end', 0.3451)]","[('better daytime route', 0.7278), ('daytime route long', 0.695), ('nice walk ve', 0.637), ('route long end', 0.4873), ('ve better', 0.4188)]","[('nice walk', 0.6337), ('daytime', 0.5343), ('end', 0.3451), ('route', 0.3142)]"
52.28342,-1.5442,2.5,0.4,0.3,0.2,unsafe,"The route felt fairly safe with some street lighting, however there was nobody around at this time of night.; The route did not feel safe at all. I had to walk through a park by myself and felt helpless if anything were to happen.","[('felt helpless', 0.381), ('night route', 0.3066), ('walk park', 0.2931), ('fairly safe', 0.1904), ('lighting time', 0.0903)]","[('helpless', 0.3453), ('night', 0.2396), ('park', 0.1952), ('walk', 0.1617), ('lighting', 0.0799)]","[('park felt helpless', 0.581), ('night route', 0.3066), ('street lighting time', 0.2877), ('felt fairly safe', 0.2228), ('park', 0.1952)]","[('street lighting', 0.3024), ('nobody', 0.2774), ('night', 0.2396), ('park', 0.1952), ('route', 0.0106)]"
52.28594,-1.54749,3.333333333333333,0.6,0.6666666666666666,0.4,safe,A really nice walk to do in the evening.; The route was short and sweet - only thing is the start of it is very poorly lit after 12am,"[('short sweet', 0.4849), ('evening route', 0.4279), ('lit 12am', 0.3674), ('walk', 0.203), ('really nice', 0.1523)]","[('short', 0.4032), ('evening', 0.3875), ('12am', 0.3024), ('walk', 0.203), ('start', 0.0754)]","[('poorly lit 12am', 0.6791), ('short sweet thing', 0.4918), ('evening route', 0.4279), ('really nice walk', 0.3598), ('thing start', 0.1084)]","[('evening', 0.3875), ('nice walk', 0.3583), ('route', 0.0854), ('thing', 0.0838), ('start', 0.0754)]"
52.28438,-1.53647,2.5,0.4,0.3,0.2,unsafe,"The route felt fairly safe with some street lighting, however there was nobody around at this time of night.; The route did not feel safe at all. I had to walk through a park by myself and felt helpless if anything were to happen.","[('felt helpless', 0.381), ('night route', 0.3066), ('walk park', 0.2931), ('fairly safe', 0.1904), ('lighting time', 0.0903)]","[('helpless', 0.3453), ('night', 0.2396), ('park', 0.1952), ('walk', 0.1617), ('lighting', 0.0799)]","[('park felt helpless', 0.581), ('night route', 0.3066), ('street lighting time', 0.2877), ('felt fairly safe', 0.2228), ('park', 0.1952)]","[('street lighting', 0.3024), ('nobody', 0.2774), ('night', 0.2396), ('park', 0.1952), ('route', 0.0106)]"
52.28527,-1.54722,3.333333333333333,0.6,0.6666666666666666,0.4,safe,A really nice walk to do in the evening.; The route was short and sweet - only thing is the start of it is very poorly lit after 12am,"[('short sweet', 0.4849), ('evening route', 0.4279), ('lit 12am', 0.3674), ('walk', 0.203), ('really nice', 0.1523)]","[('short', 0.4032), ('evening', 0.3875), ('12am', 0.3024), ('walk', 0.203), ('start', 0.0754)]","[('poorly lit 12am', 0.6791), ('short sweet thing', 0.4918), ('evening route', 0.4279), ('really nice walk', 0.3598), ('thing start', 0.1084)]","[('evening', 0.3875), ('nice walk', 0.3583), ('route', 0.0854), ('thing', 0.0838), ('start', 0.0754)]"
52.28727,-1.53664,2.5,0.4,0.3,0.2,unsafe,"The route felt fairly safe with some street lighting, however there was nobody around at this time of night.; The route did not feel safe at all. I had to walk through a park by myself and felt helpless if anything were to happen.","[('felt helpless', 0.381), ('night route', 0.3066), ('walk park', 0.2931), ('fairly safe', 0.1904), ('lighting time', 0.0903)]","[('helpless', 0.3453), ('night', 0.2396), ('park', 0.1952), ('walk', 0.1617), ('lighting', 0.0799)]","[('park felt helpless', 0.581), ('night route', 0.3066), ('street lighting time', 0.2877), ('felt fairly safe', 0.2228), ('park', 0.1952)]","[('street lighting', 0.3024), ('nobody', 0.2774), ('night', 0.2396), ('park', 0.1952), ('route', 0.0106)]"
52.2837661,-1.5431489,2.6666666666666665,0.4666666666666666,0.4666666666666666,0.33333333333333337,safe,For this time of night I felt fairly safe - there were quite a few shops open with members of public nearby.; The route was extremely isolated and it with little street lighting.; I didn't like walking through the park but the rest was fine. The high street has good street lighting,"[('street lighting', 0.4259), ('park rest', 0.3606), ('extremely isolated', 0.2425), ('nearby route', 0.2077), ('open members', 0.1547)]","[('night', 0.338), ('safe', 0.2979), ('shops', 0.2478), ('walking', 0.2346), ('park', 0.1531)]","[('little street lighting', 0.5852), ('didn like walking', 0.462), ('park rest fine', 0.4373), ('shops open members', 0.28), ('nearby route extremely', 0.1043)]","[('little street lighting', 0.5852), ('night', 0.338), ('rest', 0.2691), ('high street', 0.1815), ('park', 0.1531)]"
52.28996,-1.54479,2.0,0.4,0.6,0.4,unsafe,I don't enjoy walking by the park at night - too many drunk people and too dark,"[('night drunk', 0.6594), ('park night', 0.4406), ('walking park', 0.2037), ('don enjoy', 0.1264), ('people', 0.0513)]","[('drunk', 0.526), ('night', 0.3774), ('park', 0.132), ('walking', 0.118), ('don', -0.0177)]","[('park night drunk', 0.7046), ('walking park night', 0.5303), ('people dark', 0.4086), ('park', 0.132), ('walking', 0.118)]","[('many drunk people', 0.6006), ('night', 0.3774), ('park', 0.132)]"
52.28661,-1.54955,3.333333333333333,0.6,0.6666666666666666,0.4,safe,A really nice walk to do in the evening.; The route was short and sweet - only thing is the start of it is very poorly lit after 12am,"[('short sweet', 0.4849), ('evening route', 0.4279), ('lit 12am', 0.3674), ('walk', 0.203), ('really nice', 0.1523)]","[('short', 0.4032), ('evening', 0.3875), ('12am', 0.3024), ('walk', 0.203), ('start', 0.0754)]","[('poorly lit 12am', 0.6791), ('short sweet thing', 0.4918), ('evening route', 0.4279), ('really nice walk', 0.3598), ('thing start', 0.1084)]","[('evening', 0.3875), ('nice walk', 0.3583), ('route', 0.0854), ('thing', 0.0838), ('start', 0.0754)]"
52.28964,-1.54227,2.0,0.4,0.6,0.4,unsafe,I don't enjoy walking by the park at night - too many drunk people and too dark,"[('night drunk', 0.6594), ('park night', 0.4406), ('walking park', 0.2037), ('don enjoy', 0.1264), ('people', 0.0513)]","[('drunk', 0.526), ('night', 0.3774), ('park', 0.132), ('walking', 0.118), ('don', -0.0177)]","[('park night drunk', 0.7046), ('walking park night', 0.5303), ('people dark', 0.4086), ('park', 0.132), ('walking', 0.118)]","[('many drunk people', 0.6006), ('night', 0.3774), ('park', 0.132)]"
52.28992,-1.545,2.0,0.4,0.6,0.4,unsafe,I don't enjoy walking by the park at night - too many drunk people and too dark,"[('night drunk', 0.6594), ('park night', 0.4406), ('walking park', 0.2037), ('don enjoy', 0.1264), ('people', 0.0513)]","[('drunk', 0.526), ('night', 0.3774), ('park', 0.132), ('walking', 0.118), ('don', -0.0177)]","[('park night drunk', 0.7046), ('walking park night', 0.5303), ('people dark', 0.4086), ('park', 0.132), ('walking', 0.118)]","[('many drunk people', 0.6006), ('night', 0.3774), ('park', 0.132)]"
52.2918076,-1.5381524,3.0,0.6,0.7,0.3,safe,Short journey with street lights - was a club night so was busy as well; Long walk through the park feels dangerous at night - streets were full of drunk teenagers approaching me,"[('streets drunk', 0.5923), ('lights club', 0.1929), ('long walk', 0.1736), ('teenagers', 0.1541), ('park', -0.009)]","[('drunk', 0.3562), ('teenagers', 0.1541), ('club', 0.0759), ('park', -0.009), ('approaching', -0.0604)]","[('streets drunk teenagers', 0.695), ('club night', 0.4416), ('busy long walk', 0.381), ('short journey', 0.1315), ('walk park', 0.0809)]","[('drunk teenagers', 0.5579), ('club night', 0.4416), ('street lights', 0.2745), ('short journey', 0.1315), ('park', -0.009)]"
52.28431,-1.53668,2.5,0.4,0.3,0.2,unsafe,"The route felt fairly safe with some street lighting, however there was nobody around at this time of night.; The route did not feel safe at all. I had to walk through a park by myself and felt helpless if anything were to happen.","[('felt helpless', 0.381), ('night route', 0.3066), ('walk park', 0.2931), ('fairly safe', 0.1904), ('lighting time', 0.0903)]","[('helpless', 0.3453), ('night', 0.2396), ('park', 0.1952), ('walk', 0.1617), ('lighting', 0.0799)]","[('park felt helpless', 0.581), ('night route', 0.3066), ('street lighting time', 0.2877), ('felt fairly safe', 0.2228), ('park', 0.1952)]","[('street lighting', 0.3024), ('nobody', 0.2774), ('night', 0.2396), ('park', 0.1952), ('route', 0.0106)]"
52.28821,-1.53808,2.0,0.4,0.2,0.2,unsafe,Walking through the park made me feel uneasy as there is no lighting on the paths.,"[('uneasy lighting', 0.5117), ('walking park', 0.4638), ('park feel', 0.3216), ('lighting paths', 0.2559), ('feel', 0.0766)]","[('uneasy', 0.404), ('walking', 0.3186), ('park', 0.3162), ('lighting', 0.1441), ('feel', 0.0766)]","[('park feel uneasy', 0.6819), ('uneasy lighting', 0.5117), ('walking', 0.3186), ('park', 0.3162), ('lighting', 0.1441)]","[('park', 0.3162), ('paths', 0.2046), ('lighting', 0.1441)]"
52.28313,-1.54652,3.333333333333333,0.6,0.6666666666666666,0.4,safe,A really nice walk to do in the evening.; The route was short and sweet - only thing is the start of it is very poorly lit after 12am,"[('short sweet', 0.4849), ('evening route', 0.4279), ('lit 12am', 0.3674), ('walk', 0.203), ('really nice', 0.1523)]","[('short', 0.4032), ('evening', 0.3875), ('12am', 0.3024), ('walk', 0.203), ('start', 0.0754)]","[('poorly lit 12am', 0.6791), ('short sweet thing', 0.4918), ('evening route', 0.4279), ('really nice walk', 0.3598), ('thing start', 0.1084)]","[('evening', 0.3875), ('nice walk', 0.3583), ('route', 0.0854), ('thing', 0.0838), ('start', 0.0754)]"
52.28995,-1.53547,3.5,0.7,0.7,0.5,safe,"Felt very safe due to the high quantity of shops and people; walk though the greenery was pleasant, well-lit and busy because of the daytime","[('greenery pleasant', 0.6085), ('busy daytime', 0.5421), ('high quantity', 0.3215), ('quantity shops', 0.2809), ('walk', 0.2596)]","[('greenery', 0.4771), ('daytime', 0.4502), ('shops', 0.3227), ('high', 0.2614), ('walk', 0.2596)]","[('pleasant lit busy', 0.7051), ('high quantity shops', 0.4905), ('quantity shops', 0.2809), ('high', 0.2614), ('walk', 0.2596)]","[('greenery', 0.4771), ('daytime', 0.4502), ('shops', 0.3227), ('high quantity', 0.3215), ('people', 0.1237)]"
52.28414,-1.53831,2.5,0.4,0.3,0.2,unsafe,"The route felt fairly safe with some street lighting, however there was nobody around at this time of night.; The route did not feel safe at all. I had to walk through a park by myself and felt helpless if anything were to happen.","[('felt helpless', 0.381), ('night route', 0.3066), ('walk park', 0.2931), ('fairly safe', 0.1904), ('lighting time', 0.0903)]","[('helpless', 0.3453), ('night', 0.2396), ('park', 0.1952), ('walk', 0.1617), ('lighting', 0.0799)]","[('park felt helpless', 0.581), ('night route', 0.3066), ('street lighting time', 0.2877), ('felt fairly safe', 0.2228), ('park', 0.1952)]","[('street lighting', 0.3024), ('nobody', 0.2774), ('night', 0.2396), ('park', 0.1952), ('route', 0.0106)]"
52.28253,-1.54557,2.5,0.4,0.3,0.2,unsafe,"The route felt fairly safe with some street lighting, however there was nobody around at this time of night.; The route did not feel safe at all. I had to walk through a park by myself and felt helpless if anything were to happen.","[('felt helpless', 0.381), ('night route', 0.3066), ('walk park', 0.2931), ('fairly safe', 0.1904), ('lighting time', 0.0903)]","[('helpless', 0.3453), ('night', 0.2396), ('park', 0.1952), ('walk', 0.1617), ('lighting', 0.0799)]","[('park felt helpless', 0.581), ('night route', 0.3066), ('street lighting time', 0.2877), ('felt fairly safe', 0.2228), ('park', 0.1952)]","[('street lighting', 0.3024), ('nobody', 0.2774), ('night', 0.2396), ('park', 0.1952), ('route', 0.0106)]"
52.28903,-1.54001,2.0,0.4,0.6,0.4,unsafe,I don't enjoy walking by the park at night - too many drunk people and too dark,"[('night drunk', 0.6594), ('park night', 0.4406), ('walking park', 0.2037), ('don enjoy', 0.1264), ('people', 0.0513)]","[('drunk', 0.526), ('night', 0.3774), ('park', 0.132), ('walking', 0.118), ('don', -0.0177)]","[('park night drunk', 0.7046), ('walking park night', 0.5303), ('people dark', 0.4086), ('park', 0.132), ('walking', 0.118)]","[('many drunk people', 0.6006), ('night', 0.3774), ('park', 0.132)]"
52.28907,-1.54004,2.0,0.4,0.6,0.4,unsafe,I don't enjoy walking by the park at night - too many drunk people and too dark,"[('night drunk', 0.6594), ('park night', 0.4406), ('walking park', 0.2037), ('don enjoy', 0.1264), ('people', 0.0513)]","[('drunk', 0.526), ('night', 0.3774), ('park', 0.132), ('walking', 0.118), ('don', -0.0177)]","[('park night drunk', 0.7046), ('walking park night', 0.5303), ('people dark', 0.4086), ('park', 0.132), ('walking', 0.118)]","[('many drunk people', 0.6006), ('night', 0.3774), ('park', 0.132)]"
52.28888,-1.54002,2.0,0.4,0.6,0.4,unsafe,I don't enjoy walking by the park at night - too many drunk people and too dark,"[('night drunk', 0.6594), ('park night', 0.4406), ('walking park', 0.2037), ('don enjoy', 0.1264), ('people', 0.0513)]","[('drunk', 0.526), ('night', 0.3774), ('park', 0.132), ('walking', 0.118), ('don', -0.0177)]","[('park night drunk', 0.7046), ('walking park night', 0.5303), ('people dark', 0.4086), ('park', 0.132), ('walking', 0.118)]","[('many drunk people', 0.6006), ('night', 0.3774), ('park', 0.132)]"
52.2904,-1.53484,3.5,0.7,0.7,0.5,safe,"Felt very safe due to the high quantity of shops and people; walk though the greenery was pleasant, well-lit and busy because of the daytime","[('greenery pleasant', 0.6085), ('busy daytime', 0.5421), ('high quantity', 0.3215), ('quantity shops', 0.2809), ('walk', 0.2596)]","[('greenery', 0.4771), ('daytime', 0.4502), ('shops', 0.3227), ('high', 0.2614), ('walk', 0.2596)]","[('pleasant lit busy', 0.7051), ('high quantity shops', 0.4905), ('quantity shops', 0.2809), ('high', 0.2614), ('walk', 0.2596)]","[('greenery', 0.4771), ('daytime', 0.4502), ('shops', 0.3227), ('high quantity', 0.3215), ('people', 0.1237)]"
52.28389,-1.54707,3.333333333333333,0.6,0.6666666666666666,0.4,safe,A really nice walk to do in the evening.; The route was short and sweet - only thing is the start of it is very poorly lit after 12am,"[('short sweet', 0.4849), ('evening route', 0.4279), ('lit 12am', 0.3674), ('walk', 0.203), ('really nice', 0.1523)]","[('short', 0.4032), ('evening', 0.3875), ('12am', 0.3024), ('walk', 0.203), ('start', 0.0754)]","[('poorly lit 12am', 0.6791), ('short sweet thing', 0.4918), ('evening route', 0.4279), ('really nice walk', 0.3598), ('thing start', 0.1084)]","[('evening', 0.3875), ('nice walk', 0.3583), ('route', 0.0854), ('thing', 0.0838), ('start', 0.0754)]"
52.28312,-1.54515,3.0,0.52,0.52,0.32,safe,"The route felt fairly safe with some street lighting, however there was nobody around at this time of night.; The route did not feel safe at all. I had to walk through a park by myself and felt helpless if anything were to happen.; A really nice walk to do in the evening.; The route was short and sweet - only thing is the start of it is very poorly lit after 12am","[('poorly lit', 0.3386), ('walk park', 0.2458), ('time night', 0.2358), ('lit 12am', 0.2011), ('fairly safe', 0.1337)]","[('helpless', 0.2345), ('night', 0.2201), ('park', 0.1405), ('12am', 0.1312), ('walk', 0.0867)]","[('poorly lit 12am', 0.5075), ('safe walk park', 0.3731), ('short sweet thing', 0.3139), ('lighting time night', 0.2914), ('did', -0.1561)]","[('street lighting', 0.2597), ('night', 0.2201), ('nice walk', 0.1937), ('nobody', 0.1518), ('park', 0.1405)]"
52.28942,-1.53536,3.5,0.7,0.7,0.5,safe,"Felt very safe due to the high quantity of shops and people; walk though the greenery was pleasant, well-lit and busy because of the daytime","[('greenery pleasant', 0.6085), ('busy daytime', 0.5421), ('high quantity', 0.3215), ('quantity shops', 0.2809), ('walk', 0.2596)]","[('greenery', 0.4771), ('daytime', 0.4502), ('shops', 0.3227), ('high', 0.2614), ('walk', 0.2596)]","[('pleasant lit busy', 0.7051), ('high quantity shops', 0.4905), ('quantity shops', 0.2809), ('high', 0.2614), ('walk', 0.2596)]","[('greenery', 0.4771), ('daytime', 0.4502), ('shops', 0.3227), ('high quantity', 0.3215), ('people', 0.1237)]"
52.2879016,-1.535144,3.0,0.7,0.6,0.4,safe,Walking through park was pretty; The start of the route felt unsafe but then it got better with more public spaces,"[('park pretty', 0.4911), ('better public', 0.3872), ('felt unsafe', 0.2946), ('walking', 0.1938), ('start route', 0.0953)]","[('park', 0.3171), ('pretty', 0.2232), ('unsafe', 0.2054), ('walking', 0.1938), ('start', 0.0558)]","[('walking park pretty', 0.6497), ('better public spaces', 0.4784), ('pretty start route', 0.325), ('walking', 0.1938), ('unsafe got', 0.1635)]","[('more public spaces', 0.3832), ('park', 0.3171), ('start', 0.0558), ('route', 0.0274)]"
52.28638,-1.5366,2.0,0.4,0.4,0.3,unsafe,Walking through the park made me feel uneasy as there is no lighting on the paths.; I don't enjoy walking by the park at night - too many drunk people and too dark,"[('night drunk', 0.4708), ('uneasy lighting', 0.4197), ('park night', 0.4041), ('walking park', 0.2787), ('people', -0.0623)]","[('drunk', 0.3305), ('night', 0.2525), ('park', 0.1516), ('walking', 0.1124), ('lighting', 0.0134)]","[('park feel uneasy', 0.5968), ('night drunk', 0.4708), ('park night', 0.4041), ('walking park', 0.2787), ('lighting', 0.0134)]","[('many drunk people', 0.4058), ('night', 0.2525), ('park', 0.1516), ('lighting', 0.0134), ('paths', 0.0049)]"
52.28421,-1.54717,3.333333333333333,0.6,0.6666666666666666,0.4,safe,A really nice walk to do in the evening.; The route was short and sweet - only thing is the start of it is very poorly lit after 12am,"[('short sweet', 0.4849), ('evening route', 0.4279), ('lit 12am', 0.3674), ('walk', 0.203), ('really nice', 0.1523)]","[('short', 0.4032), ('evening', 0.3875), ('12am', 0.3024), ('walk', 0.203), ('start', 0.0754)]","[('poorly lit 12am', 0.6791), ('short sweet thing', 0.4918), ('evening route', 0.4279), ('really nice walk', 0.3598), ('thing start', 0.1084)]","[('evening', 0.3875), ('nice walk', 0.3583), ('route', 0.0854), ('thing', 0.0838), ('start', 0.0754)]"
52.28444,-1.53554,2.5,0.4,0.3,0.2,unsafe,"The route felt fairly safe with some street lighting, however there was nobody around at this time of night.; The route did not feel safe at all. I had to walk through a park by myself and felt helpless if anything were to happen.","[('felt helpless', 0.381), ('night route', 0.3066), ('walk park', 0.2931), ('fairly safe', 0.1904), ('lighting time', 0.0903)]","[('helpless', 0.3453), ('night', 0.2396), ('park', 0.1952), ('walk', 0.1617), ('lighting', 0.0799)]","[('park felt helpless', 0.581), ('night route', 0.3066), ('street lighting time', 0.2877), ('felt fairly safe', 0.2228), ('park', 0.1952)]","[('street lighting', 0.3024), ('nobody', 0.2774), ('night', 0.2396), ('park', 0.1952), ('route', 0.0106)]"
52.28725,-1.54856,3.333333333333333,0.6,0.6666666666666666,0.4,safe,A really nice walk to do in the evening.; The route was short and sweet - only thing is the start of it is very poorly lit after 12am,"[('short sweet', 0.4849), ('evening route', 0.4279), ('lit 12am', 0.3674), ('walk', 0.203), ('really nice', 0.1523)]","[('short', 0.4032), ('evening', 0.3875), ('12am', 0.3024), ('walk', 0.203), ('start', 0.0754)]","[('poorly lit 12am', 0.6791), ('short sweet thing', 0.4918), ('evening route', 0.4279), ('really nice walk', 0.3598), ('thing start', 0.1084)]","[('evening', 0.3875), ('nice walk', 0.3583), ('route', 0.0854), ('thing', 0.0838), ('start', 0.0754)]"
52.28806,-1.54728,3.333333333333333,0.6,0.6666666666666666,0.4,safe,A really nice walk to do in the evening.; The route was short and sweet - only thing is the start of it is very poorly lit after 12am,"[('short sweet', 0.4849), ('evening route', 0.4279), ('lit 12am', 0.3674), ('walk', 0.203), ('really nice', 0.1523)]","[('short', 0.4032), ('evening', 0.3875), ('12am', 0.3024), ('walk', 0.203), ('start', 0.0754)]","[('poorly lit 12am', 0.6791), ('short sweet thing', 0.4918), ('evening route', 0.4279), ('really nice walk', 0.3598), ('thing start', 0.1084)]","[('evening', 0.3875), ('nice walk', 0.3583), ('route', 0.0854), ('thing', 0.0838), ('start', 0.0754)]"
52.29061,-1.54664,3.0,0.55,0.65,0.4,safe,A really nice walk to do in the evening.; The route was short and sweet - only thing is the start of it is very poorly lit after 12am; I don't enjoy walking by the park at night - too many drunk people and too dark,"[('night drunk', 0.5259), ('short sweet', 0.2917), ('lit 12am', 0.2083), ('walking park', 0.1971), ('people', -0.0957)]","[('drunk', 0.3404), ('short', 0.2023), ('12am', 0.1374), ('walking', 0.0672), ('park', 0.06)]","[('park night drunk', 0.5805), ('poorly lit 12am', 0.564), ('12am don enjoy', 0.2233), ('walking', 0.0672), ('park', 0.06)]","[('many drunk people', 0.4018), ('night', 0.2683), ('nice walk', 0.1891), ('park', 0.06), ('start', -0.1161)]"
52.28996,-1.5466,3.0,0.55,0.65,0.4,safe,A really nice walk to do in the evening.; The route was short and sweet - only thing is the start of it is very poorly lit after 12am; I don't enjoy walking by the park at night - too many drunk people and too dark,"[('night drunk', 0.5259), ('short sweet', 0.2917), ('lit 12am', 0.2083), ('walking park', 0.1971), ('people', -0.0957)]","[('drunk', 0.3404), ('short', 0.2023), ('12am', 0.1374), ('walking', 0.0672), ('park', 0.06)]","[('park night drunk', 0.5805), ('poorly lit 12am', 0.564), ('12am don enjoy', 0.2233), ('walking', 0.0672), ('park', 0.06)]","[('many drunk people', 0.4018), ('night', 0.2683), ('nice walk', 0.1891), ('park', 0.06), ('start', -0.1161)]"
52.28139,-1.5455,2.5,0.4,0.3,0.2,unsafe,"The route felt fairly safe with some street lighting, however there was nobody around at this time of night.; The route did not feel safe at all. I had to walk through a park by myself and felt helpless if anything were to happen.","[('felt helpless', 0.381), ('night route', 0.3066), ('walk park', 0.2931), ('fairly safe', 0.1904), ('lighting time', 0.0903)]","[('helpless', 0.3453), ('night', 0.2396), ('park', 0.1952), ('walk', 0.1617), ('lighting', 0.0799)]","[('park felt helpless', 0.581), ('night route', 0.3066), ('street lighting time', 0.2877), ('felt fairly safe', 0.2228), ('park', 0.1952)]","[('street lighting', 0.3024), ('nobody', 0.2774), ('night', 0.2396), ('park', 0.1952), ('route', 0.0106)]"
52.28793,-1.54751,3.333333333333333,0.6,0.6666666666666666,0.4,safe,A really nice walk to do in the evening.; The route was short and sweet - only thing is the start of it is very poorly lit after 12am,"[('short sweet', 0.4849), ('evening route', 0.4279), ('lit 12am', 0.3674), ('walk', 0.203), ('really nice', 0.1523)]","[('short', 0.4032), ('evening', 0.3875), ('12am', 0.3024), ('walk', 0.203), ('start', 0.0754)]","[('poorly lit 12am', 0.6791), ('short sweet thing', 0.4918), ('evening route', 0.4279), ('really nice walk', 0.3598), ('thing start', 0.1084)]","[('evening', 0.3875), ('nice walk', 0.3583), ('route', 0.0854), ('thing', 0.0838), ('start', 0.0754)]"
52.28236,-1.53124,3.6666666666666665,0.7333333333333333,0.7333333333333333,0.4666666666666666,safe,"I felt very safe on the route as it was well-lit.; Exposed to the public, even at night.; Residential area and away from the drunk public.","[('safe route', 0.6467), ('night residential', 0.492), ('exposed public', 0.4031), ('drunk public', 0.3904), ('away', 0.1918)]","[('safe', 0.5737), ('night', 0.4129), ('public', 0.3926), ('drunk', 0.3402), ('away', 0.1918)]","[('safe route lit', 0.7494), ('away drunk public', 0.4265), ('night', 0.4129), ('exposed public', 0.4031), ('residential', 0.3435)]","[('night', 0.4129), ('public', 0.3926), ('drunk public', 0.3904), ('residential area', 0.3557), ('route', 0.1981)]"
52.28851,-1.54663,3.333333333333333,0.6,0.6666666666666666,0.4,safe,A really nice walk to do in the evening.; The route was short and sweet - only thing is the start of it is very poorly lit after 12am,"[('short sweet', 0.4849), ('evening route', 0.4279), ('lit 12am', 0.3674), ('walk', 0.203), ('really nice', 0.1523)]","[('short', 0.4032), ('evening', 0.3875), ('12am', 0.3024), ('walk', 0.203), ('start', 0.0754)]","[('poorly lit 12am', 0.6791), ('short sweet thing', 0.4918), ('evening route', 0.4279), ('really nice walk', 0.3598), ('thing start', 0.1084)]","[('evening', 0.3875), ('nice walk', 0.3583), ('route', 0.0854), ('thing', 0.0838), ('start', 0.0754)]"
52.28588,-1.53633,2.25,0.4,0.35,0.25,unsafe,"The route felt fairly safe with some street lighting, however there was nobody around at this time of night.; The route did not feel safe at all. I had to walk through a park by myself and felt helpless if anything were to happen.; Walking through the park made me feel uneasy as there is no lighting on the paths.; I don't enjoy walking by the park at night - too many drunk people and too dark","[('night drunk', 0.3971), ('walking park', 0.2731), ('safe street', 0.2686), ('helpless', 0.2591), ('lighting time', 0.0088)]","[('helpless', 0.2591), ('drunk', 0.2415), ('night', 0.206), ('park', 0.1238), ('walking', 0.0918)]","[('walking park night', 0.539), ('park felt helpless', 0.5332), ('safe street lighting', 0.3606), ('drunk people', 0.3081), ('don', -0.0889)]","[('many drunk people', 0.3018), ('street lighting', 0.2455), ('night', 0.206), ('nobody', 0.1709), ('park', 0.1238)]"
52.28714,-1.53685,2.0,0.4,0.2,0.2,unsafe,Walking through the park made me feel uneasy as there is no lighting on the paths.,"[('uneasy lighting', 0.5117), ('walking park', 0.4638), ('park feel', 0.3216), ('lighting paths', 0.2559), ('feel', 0.0766)]","[('uneasy', 0.404), ('walking', 0.3186), ('park', 0.3162), ('lighting', 0.1441), ('feel', 0.0766)]","[('park feel uneasy', 0.6819), ('uneasy lighting', 0.5117), ('walking', 0.3186), ('park', 0.3162), ('lighting', 0.1441)]","[('park', 0.3162), ('paths', 0.2046), ('lighting', 0.1441)]"
52.28301,-1.54622,3.333333333333333,0.6,0.6666666666666666,0.4,safe,A really nice walk to do in the evening.; The route was short and sweet - only thing is the start of it is very poorly lit after 12am,"[('short sweet', 0.4849), ('evening route', 0.4279), ('lit 12am', 0.3674), ('walk', 0.203), ('really nice', 0.1523)]","[('short', 0.4032), ('evening', 0.3875), ('12am', 0.3024), ('walk', 0.203), ('start', 0.0754)]","[('poorly lit 12am', 0.6791), ('short sweet thing', 0.4918), ('evening route', 0.4279), ('really nice walk', 0.3598), ('thing start', 0.1084)]","[('evening', 0.3875), ('nice walk', 0.3583), ('route', 0.0854), ('thing', 0.0838), ('start', 0.0754)]"
52.28324,-1.54675,3.333333333333333,0.6,0.6666666666666666,0.4,safe,A really nice walk to do in the evening.; The route was short and sweet - only thing is the start of it is very poorly lit after 12am,"[('short sweet', 0.4849), ('evening route', 0.4279), ('lit 12am', 0.3674), ('walk', 0.203), ('really nice', 0.1523)]","[('short', 0.4032), ('evening', 0.3875), ('12am', 0.3024), ('walk', 0.203), ('start', 0.0754)]","[('poorly lit 12am', 0.6791), ('short sweet thing', 0.4918), ('evening route', 0.4279), ('really nice walk', 0.3598), ('thing start', 0.1084)]","[('evening', 0.3875), ('nice walk', 0.3583), ('route', 0.0854), ('thing', 0.0838), ('start', 0.0754)]"
52.28524,-1.53659,2.5,0.4,0.3,0.2,unsafe,"The route felt fairly safe with some street lighting, however there was nobody around at this time of night.; The route did not feel safe at all. I had to walk through a park by myself and felt helpless if anything were to happen.","[('felt helpless', 0.381), ('night route', 0.3066), ('walk park', 0.2931), ('fairly safe', 0.1904), ('lighting time', 0.0903)]","[('helpless', 0.3453), ('night', 0.2396), ('park', 0.1952), ('walk', 0.1617), ('lighting', 0.0799)]","[('park felt helpless', 0.581), ('night route', 0.3066), ('street lighting time', 0.2877), ('felt fairly safe', 0.2228), ('park', 0.1952)]","[('street lighting', 0.3024), ('nobody', 0.2774), ('night', 0.2396), ('park', 0.1952), ('route', 0.0106)]"
52.28407,-1.53203,3.6666666666666665,0.7333333333333333,0.7333333333333333,0.4666666666666666,safe,"I felt very safe on the route as it was well-lit.; Exposed to the public, even at night.; Residential area and away from the drunk public.","[('safe route', 0.6467), ('night residential', 0.492), ('exposed public', 0.4031), ('drunk public', 0.3904), ('away', 0.1918)]","[('safe', 0.5737), ('night', 0.4129), ('public', 0.3926), ('drunk', 0.3402), ('away', 0.1918)]","[('safe route lit', 0.7494), ('away drunk public', 0.4265), ('night', 0.4129), ('exposed public', 0.4031), ('residential', 0.3435)]","[('night', 0.4129), ('public', 0.3926), ('drunk public', 0.3904), ('residential area', 0.3557), ('route', 0.1981)]"
52.28831,-1.5362,2.5,0.4,0.3,0.2,unsafe,"The route felt fairly safe with some street lighting, however there was nobody around at this time of night.; The route did not feel safe at all. I had to walk through a park by myself and felt helpless if anything were to happen.","[('felt helpless', 0.381), ('night route', 0.3066), ('walk park', 0.2931), ('fairly safe', 0.1904), ('lighting time', 0.0903)]","[('helpless', 0.3453), ('night', 0.2396), ('park', 0.1952), ('walk', 0.1617), ('lighting', 0.0799)]","[('park felt helpless', 0.581), ('night route', 0.3066), ('street lighting time', 0.2877), ('felt fairly safe', 0.2228), ('park', 0.1952)]","[('street lighting', 0.3024), ('nobody', 0.2774), ('night', 0.2396), ('park', 0.1952), ('route', 0.0106)]"
52.28361,-1.5429,2.5,0.4,0.3,0.2,unsafe,"The route felt fairly safe with some street lighting, however there was nobody around at this time of night.; The route did not feel safe at all. I had to walk through a park by myself and felt helpless if anything were to happen.","[('felt helpless', 0.381), ('night route', 0.3066), ('walk park', 0.2931), ('fairly safe', 0.1904), ('lighting time', 0.0903)]","[('helpless', 0.3453), ('night', 0.2396), ('park', 0.1952), ('walk', 0.1617), ('lighting', 0.0799)]","[('park felt helpless', 0.581), ('night route', 0.3066), ('street lighting time', 0.2877), ('felt fairly safe', 0.2228), ('park', 0.1952)]","[('street lighting', 0.3024), ('nobody', 0.2774), ('night', 0.2396), ('park', 0.1952), ('route', 0.0106)]"
52.28753,-1.53743,2.0,0.4,0.2,0.2,unsafe,Walking through the park made me feel uneasy as there is no lighting on the paths.,"[('uneasy lighting', 0.5117), ('walking park', 0.4638), ('park feel', 0.3216), ('lighting paths', 0.2559), ('feel', 0.0766)]","[('uneasy', 0.404), ('walking', 0.3186), ('park', 0.3162), ('lighting', 0.1441), ('feel', 0.0766)]","[('park feel uneasy', 0.6819), ('uneasy lighting', 0.5117), ('walking', 0.3186), ('park', 0.3162), ('lighting', 0.1441)]","[('park', 0.3162), ('paths', 0.2046), ('lighting', 0.1441)]"
52.2844,-1.53563,2.5,0.4,0.3,0.2,unsafe,"The route felt fairly safe with some street lighting, however there was nobody around at this time of night.; The route did not feel safe at all. I had to walk through a park by myself and felt helpless if anything were to happen.","[('felt helpless', 0.381), ('night route', 0.3066), ('walk park', 0.2931), ('fairly safe', 0.1904), ('lighting time', 0.0903)]","[('helpless', 0.3453), ('night', 0.2396), ('park', 0.1952), ('walk', 0.1617), ('lighting', 0.0799)]","[('park felt helpless', 0.581), ('night route', 0.3066), ('street lighting time', 0.2877), ('felt fairly safe', 0.2228), ('park', 0.1952)]","[('street lighting', 0.3024), ('nobody', 0.2774), ('night', 0.2396), ('park', 0.1952), ('route', 0.0106)]"
52.28818,-1.53804,2.0,0.4,0.2,0.2,unsafe,Walking through the park made me feel uneasy as there is no lighting on the paths.,"[('uneasy lighting', 0.5117), ('walking park', 0.4638), ('park feel', 0.3216), ('lighting paths', 0.2559), ('feel', 0.0766)]","[('uneasy', 0.404), ('walking', 0.3186), ('park', 0.3162), ('lighting', 0.1441), ('feel', 0.0766)]","[('park feel uneasy', 0.6819), ('uneasy lighting', 0.5117), ('walking', 0.3186), ('park', 0.3162), ('lighting', 0.1441)]","[('park', 0.3162), ('paths', 0.2046), ('lighting', 0.1441)]"
52.28862,-1.54656,3.333333333333333,0.6,0.6666666666666666,0.4,safe,A really nice walk to do in the evening.; The route was short and sweet - only thing is the start of it is very poorly lit after 12am,"[('short sweet', 0.4849), ('evening route', 0.4279), ('lit 12am', 0.3674), ('walk', 0.203), ('really nice', 0.1523)]","[('short', 0.4032), ('evening', 0.3875), ('12am', 0.3024), ('walk', 0.203), ('start', 0.0754)]","[('poorly lit 12am', 0.6791), ('short sweet thing', 0.4918), ('evening route', 0.4279), ('really nice walk', 0.3598), ('thing start', 0.1084)]","[('evening', 0.3875), ('nice walk', 0.3583), ('route', 0.0854), ('thing', 0.0838), ('start', 0.0754)]"
52.28663,-1.5496,3.333333333333333,0.6,0.6666666666666666,0.4,safe,A really nice walk to do in the evening.; The route was short and sweet - only thing is the start of it is very poorly lit after 12am,"[('short sweet', 0.4849), ('evening route', 0.4279), ('lit 12am', 0.3674), ('walk', 0.203), ('really nice', 0.1523)]","[('short', 0.4032), ('evening', 0.3875), ('12am', 0.3024), ('walk', 0.203), ('start', 0.0754)]","[('poorly lit 12am', 0.6791), ('short sweet thing', 0.4918), ('evening route', 0.4279), ('really nice walk', 0.3598), ('thing start', 0.1084)]","[('evening', 0.3875), ('nice walk', 0.3583), ('route', 0.0854), ('thing', 0.0838), ('start', 0.0754)]"
52.28721,-1.5369,2.0,0.4,0.2,0.2,unsafe,Walking through the park made me feel uneasy as there is no lighting on the paths.,"[('uneasy lighting', 0.5117), ('walking park', 0.4638), ('park feel', 0.3216), ('lighting paths', 0.2559), ('feel', 0.0766)]","[('uneasy', 0.404), ('walking', 0.3186), ('park', 0.3162), ('lighting', 0.1441), ('feel', 0.0766)]","[('park feel uneasy', 0.6819), ('uneasy lighting', 0.5117), ('walking', 0.3186), ('park', 0.3162), ('lighting', 0.1441)]","[('park', 0.3162), ('paths', 0.2046), ('lighting', 0.1441)]"
52.29117,-1.54673,3.0,0.55,0.65,0.4,safe,A really nice walk to do in the evening.; The route was short and sweet - only thing is the start of it is very poorly lit after 12am; I don't enjoy walking by the park at night - too many drunk people and too dark,"[('night drunk', 0.5259), ('short sweet', 0.2917), ('lit 12am', 0.2083), ('walking park', 0.1971), ('people', -0.0957)]","[('drunk', 0.3404), ('short', 0.2023), ('12am', 0.1374), ('walking', 0.0672), ('park', 0.06)]","[('park night drunk', 0.5805), ('poorly lit 12am', 0.564), ('12am don enjoy', 0.2233), ('walking', 0.0672), ('park', 0.06)]","[('many drunk people', 0.4018), ('night', 0.2683), ('nice walk', 0.1891), ('park', 0.06), ('start', -0.1161)]"
52.28138,-1.54587,2.5,0.4,0.3,0.2,unsafe,"The route felt fairly safe with some street lighting, however there was nobody around at this time of night.; The route did not feel safe at all. I had to walk through a park by myself and felt helpless if anything were to happen.","[('felt helpless', 0.381), ('night route', 0.3066), ('walk park', 0.2931), ('fairly safe', 0.1904), ('lighting time', 0.0903)]","[('helpless', 0.3453), ('night', 0.2396), ('park', 0.1952), ('walk', 0.1617), ('lighting', 0.0799)]","[('park felt helpless', 0.581), ('night route', 0.3066), ('street lighting time', 0.2877), ('felt fairly safe', 0.2228), ('park', 0.1952)]","[('street lighting', 0.3024), ('nobody', 0.2774), ('night', 0.2396), ('park', 0.1952), ('route', 0.0106)]"
52.2812,-1.54693,2.5,0.4,0.3,0.2,unsafe,"The route felt fairly safe with some street lighting, however there was nobody around at this time of night.; The route did not feel safe at all. I had to walk through a park by myself and felt helpless if anything were to happen.","[('felt helpless', 0.381), ('night route', 0.3066), ('walk park', 0.2931), ('fairly safe', 0.1904), ('lighting time', 0.0903)]","[('helpless', 0.3453), ('night', 0.2396), ('park', 0.1952), ('walk', 0.1617), ('lighting', 0.0799)]","[('park felt helpless', 0.581), ('night route', 0.3066), ('street lighting time', 0.2877), ('felt fairly safe', 0.2228), ('park', 0.1952)]","[('street lighting', 0.3024), ('nobody', 0.2774), ('night', 0.2396), ('park', 0.1952), ('route', 0.0106)]"
52.28441,-1.53562,2.5,0.4,0.3,0.2,unsafe,"The route felt fairly safe with some street lighting, however there was nobody around at this time of night.; The route did not feel safe at all. I had to walk through a park by myself and felt helpless if anything were to happen.","[('felt helpless', 0.381), ('night route', 0.3066), ('walk park', 0.2931), ('fairly safe', 0.1904), ('lighting time', 0.0903)]","[('helpless', 0.3453), ('night', 0.2396), ('park', 0.1952), ('walk', 0.1617), ('lighting', 0.0799)]","[('park felt helpless', 0.581), ('night route', 0.3066), ('street lighting time', 0.2877), ('felt fairly safe', 0.2228), ('park', 0.1952)]","[('street lighting', 0.3024), ('nobody', 0.2774), ('night', 0.2396), ('park', 0.1952), ('route', 0.0106)]"
52.28767,-1.53839,2.0,0.4,0.6,0.4,unsafe,I don't enjoy walking by the park at night - too many drunk people and too dark,"[('night drunk', 0.6594), ('park night', 0.4406), ('walking park', 0.2037), ('don enjoy', 0.1264), ('people', 0.0513)]","[('drunk', 0.526), ('night', 0.3774), ('park', 0.132), ('walking', 0.118), ('don', -0.0177)]","[('park night drunk', 0.7046), ('walking park night', 0.5303), ('people dark', 0.4086), ('park', 0.132), ('walking', 0.118)]","[('many drunk people', 0.6006), ('night', 0.3774), ('park', 0.132)]"
52.28739,-1.53718,2.0,0.4,0.2,0.2,unsafe,Walking through the park made me feel uneasy as there is no lighting on the paths.,"[('uneasy lighting', 0.5117), ('walking park', 0.4638), ('park feel', 0.3216), ('lighting paths', 0.2559), ('feel', 0.0766)]","[('uneasy', 0.404), ('walking', 0.3186), ('park', 0.3162), ('lighting', 0.1441), ('feel', 0.0766)]","[('park feel uneasy', 0.6819), ('uneasy lighting', 0.5117), ('walking', 0.3186), ('park', 0.3162), ('lighting', 0.1441)]","[('park', 0.3162), ('paths', 0.2046), ('lighting', 0.1441)]"
52.28406,-1.54712,3.333333333333333,0.6,0.6666666666666666,0.4,safe,A really nice walk to do in the evening.; The route was short and sweet - only thing is the start of it is very poorly lit after 12am,"[('short sweet', 0.4849), ('evening route', 0.4279), ('lit 12am', 0.3674), ('walk', 0.203), ('really nice', 0.1523)]","[('short', 0.4032), ('evening', 0.3875), ('12am', 0.3024), ('walk', 0.203), ('start', 0.0754)]","[('poorly lit 12am', 0.6791), ('short sweet thing', 0.4918), ('evening route', 0.4279), ('really nice walk', 0.3598), ('thing start', 0.1084)]","[('evening', 0.3875), ('nice walk', 0.3583), ('route', 0.0854), ('thing', 0.0838), ('start', 0.0754)]"
52.2785643,-1.545145,3.0,0.6,0.4,0.4,safe,Route was a nice walk - would've been better in the daytime though.; The route was long at the end.,"[('better daytime', 0.6535), ('route long', 0.5408), ('route nice', 0.523), ('walk ve', 0.4271), ('end', 0.3451)]","[('daytime', 0.5343), ('long', 0.4702), ('better', 0.4544), ('walk', 0.4291), ('end', 0.3451)]","[('better daytime route', 0.7278), ('daytime route long', 0.695), ('nice walk ve', 0.637), ('route long end', 0.4873), ('ve better', 0.4188)]","[('nice walk', 0.6337), ('daytime', 0.5343), ('end', 0.3451), ('route', 0.3142)]"
52.28036,-1.53431,2.0,0.4,0.4,0.2,unsafe,Quiet route  with no public services available,"[('quiet route', 0.8177), ('route public', 0.4129), ('route', 0.3755), ('public services', 0.3733), ('services available', 0.3092)]","[('quiet', 0.7847), ('public', 0.4321), ('services', 0.3928), ('route', 0.3755), ('available', 0.2946)]","[('quiet route public', 0.8391), ('public', 0.4321), ('route', 0.3755), ('route public services', 0.3663), ('available', 0.2946)]","[('quiet route', 0.8177), ('public services', 0.3733)]"
52.28125,-1.5467,2.5,0.4,0.3,0.2,unsafe,"The route felt fairly safe with some street lighting, however there was nobody around at this time of night.; The route did not feel safe at all. I had to walk through a park by myself and felt helpless if anything were to happen.","[('felt helpless', 0.381), ('night route', 0.3066), ('walk park', 0.2931), ('fairly safe', 0.1904), ('lighting time', 0.0903)]","[('helpless', 0.3453), ('night', 0.2396), ('park', 0.1952), ('walk', 0.1617), ('lighting', 0.0799)]","[('park felt helpless', 0.581), ('night route', 0.3066), ('street lighting time', 0.2877), ('felt fairly safe', 0.2228), ('park', 0.1952)]","[('street lighting', 0.3024), ('nobody', 0.2774), ('night', 0.2396), ('park', 0.1952), ('route', 0.0106)]"
52.29237,-1.54819,3.0,0.55,0.65,0.4,safe,A really nice walk to do in the evening.; The route was short and sweet - only thing is the start of it is very poorly lit after 12am; I don't enjoy walking by the park at night - too many drunk people and too dark,"[('night drunk', 0.5259), ('short sweet', 0.2917), ('lit 12am', 0.2083), ('walking park', 0.1971), ('people', -0.0957)]","[('drunk', 0.3404), ('short', 0.2023), ('12am', 0.1374), ('walking', 0.0672), ('park', 0.06)]","[('park night drunk', 0.5805), ('poorly lit 12am', 0.564), ('12am don enjoy', 0.2233), ('walking', 0.0672), ('park', 0.06)]","[('many drunk people', 0.4018), ('night', 0.2683), ('nice walk', 0.1891), ('park', 0.06), ('start', -0.1161)]"
52.28597,-1.53628,2.5,0.4,0.3,0.2,unsafe,"The route felt fairly safe with some street lighting, however there was nobody around at this time of night.; The route did not feel safe at all. I had to walk through a park by myself and felt helpless if anything were to happen.","[('felt helpless', 0.381), ('night route', 0.3066), ('walk park', 0.2931), ('fairly safe', 0.1904), ('lighting time', 0.0903)]","[('helpless', 0.3453), ('night', 0.2396), ('park', 0.1952), ('walk', 0.1617), ('lighting', 0.0799)]","[('park felt helpless', 0.581), ('night route', 0.3066), ('street lighting time', 0.2877), ('felt fairly safe', 0.2228), ('park', 0.1952)]","[('street lighting', 0.3024), ('nobody', 0.2774), ('night', 0.2396), ('park', 0.1952), ('route', 0.0106)]"
52.28296,-1.54551,2.5,0.4,0.3,0.2,unsafe,"The route felt fairly safe with some street lighting, however there was nobody around at this time of night.; The route did not feel safe at all. I had to walk through a park by myself and felt helpless if anything were to happen.","[('felt helpless', 0.381), ('night route', 0.3066), ('walk park', 0.2931), ('fairly safe', 0.1904), ('lighting time', 0.0903)]","[('helpless', 0.3453), ('night', 0.2396), ('park', 0.1952), ('walk', 0.1617), ('lighting', 0.0799)]","[('park felt helpless', 0.581), ('night route', 0.3066), ('street lighting time', 0.2877), ('felt fairly safe', 0.2228), ('park', 0.1952)]","[('street lighting', 0.3024), ('nobody', 0.2774), ('night', 0.2396), ('park', 0.1952), ('route', 0.0106)]"
52.2884,-1.53827,2.0,0.4,0.2,0.2,unsafe,Walking through the park made me feel uneasy as there is no lighting on the paths.,"[('uneasy lighting', 0.5117), ('walking park', 0.4638), ('park feel', 0.3216), ('lighting paths', 0.2559), ('feel', 0.0766)]","[('uneasy', 0.404), ('walking', 0.3186), ('park', 0.3162), ('lighting', 0.1441), ('feel', 0.0766)]","[('park feel uneasy', 0.6819), ('uneasy lighting', 0.5117), ('walking', 0.3186), ('park', 0.3162), ('lighting', 0.1441)]","[('park', 0.3162), ('paths', 0.2046), ('lighting', 0.1441)]"
52.28968,-1.54256,2.0,0.4,0.6,0.4,unsafe,I don't enjoy walking by the park at night - too many drunk people and too dark,"[('night drunk', 0.6594), ('park night', 0.4406), ('walking park', 0.2037), ('don enjoy', 0.1264), ('people', 0.0513)]","[('drunk', 0.526), ('night', 0.3774), ('park', 0.132), ('walking', 0.118), ('don', -0.0177)]","[('park night drunk', 0.7046), ('walking park night', 0.5303), ('people dark', 0.4086), ('park', 0.132), ('walking', 0.118)]","[('many drunk people', 0.6006), ('night', 0.3774), ('park', 0.132)]"
