Latitude,Longitude,Safety Score,Lighting Rating,Crowd Rating,Emergency Rating,Crimes,Severity Score,Public Spaces,Keywords
52.2855,-1.55803,44.19064274730773,0.8,0.8,0.2,5,6.0,0,"['cars', 'public', 'lot', 'times', 'route']"
52.28688,-1.53362,32.811247219160535,0.6,0.4,0.2,622,6.2901639344262295,31,"['isolated road', 'lack', 'route', 'lighting']"
52.27925,-1.54465,34.1030435155311,0.6,0.4,0.2,60,5.566666666666666,10,"['isolated road', 'lack', 'route', 'lighting']"
52.290777,-1.533494,50.337037372579175,0.75,0.8,0.35,783,4.902275769745649,56,"['many shops', 'parade', 'public spaces', 'safer choice', 'lots']"
52.27595,-1.51643,36.05742773349463,0.6,0.6,0.2,98,6.204081632653061,5,"['street', 'public', 'other members']"
52.28569,-1.53394,34.22895921926342,0.6,0.4,0.2,511,6.351297405189621,56,"['isolated road', 'lack', 'route', 'lighting']"
52.2760706,-1.5164124,28.34842055885233,0.4,0.4,0.2,102,6.264705882352941,5,"['street lighting', 'road', 'public spaces', 'route', 'access']"
52.28398,-1.53755,43.32961788463504,0.8,0.8,0.2,301,6.285234899328859,4,"['cars', 'public', 'lot', 'times', 'route']"
52.2913,-1.57789,54.00097500653966,0.6,0.6,0.4,0,0.0,1,"['busy route', 'cars', 'hospital', 'shops', 'times']"
52.28414,-1.53665,42.729076495594434,0.8,0.8,0.2,380,6.874666666666666,18,"['cars', 'public', 'lot', 'times', 'route']"
52.2843,-1.53489,21.12411684730093,0.2,0.2,0.2,543,6.5111940298507465,45,"['unlit roads', 'route']"
52.28377,-1.5404,44.88866970013486,0.8,0.8,0.2,164,5.574074074074074,0,"['cars', 'public', 'lot', 'times', 'route']"
52.2866,-1.54848,46.0904058667096,0.6,0.8,0.4,34,5.294117647058823,2,"['scenic route', 'park', 'daytime', 'walk', 'felt']"
52.29140349999999,-1.5782611,42.31393129770992,0.4,0.4,0.2,0,0.0,0,"['little lighting', 'night', 'park', 'public spaces', 'access']"
52.28624,-1.53316,33.76747402656388,0.6,0.4,0.2,571,6.265124555160142,46,"['isolated road', 'lack', 'route', 'lighting']"
52.2818,-1.53485,30.514795783139803,0.5,0.4,0.2,252,6.350597609561753,19,"['isolated road', 'lack', 'route', 'public services', 'lighting']"
52.28959,-1.55339,36.44418548113131,0.4,0.4,0.6,66,5.96969696969697,0,"['busy route', 'public spaces', 'hospital', 'shops', 'route']"
52.2851,-1.56291,48.38504438070557,0.6,0.8,0.4,62,4.306451612903226,4,"['scenic route', 'park', 'daytime', 'walk', 'felt']"
52.2762849,-1.5356019,32.913360654180536,0.6,0.4,0.2,212,5.785714285714286,2,"['cemetery', 'more people', 'walk', 'route']"
52.28728,-1.53574,44.50961281202181,0.6,0.8,0.4,495,6.278008298755187,26,"['scenic route', 'park', 'daytime', 'walk', 'felt']"
52.28541,-1.55786,44.19064274730773,0.8,0.8,0.2,5,6.0,0,"['cars', 'public', 'lot', 'times', 'route']"
52.28725,-1.53562,44.509102837713606,0.6,0.8,0.4,497,6.276859504132231,26,"['scenic route', 'park', 'daytime', 'walk', 'felt']"
52.2899,-1.53796,39.85685158052527,0.6,0.4,0.4,543,5.007518796992481,39,"['main high street', 'route']"
52.28806,-1.56727,44.61804482632192,0.8,0.8,0.2,130,5.746153846153846,1,"['cars', 'public', 'lot', 'times', 'route']"
52.28694,-1.53704,39.259996462868905,0.5,0.7,0.4,487,6.381551362683438,14,"['scenic route', 'many drunk people', 'night', 'daytime', 'walk']"
52.27543,-1.52666,48.54281933992704,0.8,0.8,0.4,116,5.868421052631579,3,"['public spaces', 'access', 'route']"
52.28681,-1.56078,44.15056610421868,0.6,0.8,0.4,92,6.206521739130435,6,"['scenic route', 'park', 'daytime', 'walk', 'felt']"
52.2948,-1.53725,36.27672575866345,0.6,0.4,0.4,360,6.197101449275363,14,"['main high street', 'route']"
52.27632,-1.5322,48.84320391537573,0.8,0.8,0.4,290,5.67719298245614,6,"['public spaces', 'access', 'route']"
52.28503,-1.53542,20.42951045311414,0.2,0.2,0.2,528,6.615384615384615,36,"['unlit roads', 'route']"
52.28789,-1.54591,44.91761348334656,0.6,0.8,0.4,27,5.814814814814815,2,"['scenic route', 'park', 'daytime', 'walk', 'felt']"
52.2875364,-1.541341,30.77418090220166,0.4,0.6,0.2,132,6.565891472868217,3,"['drunk people', 'lots', 'route']"
52.27641,-1.52057,34.1877514781577,0.6,0.6,0.2,140,6.914285714285715,1,"['street', 'public', 'other members']"
52.28444,-1.53546,23.42017705890438,0.3,0.25,0.2,540,6.597744360902255,36,"['unlit roads', 'night', 'street lighting', 'park', 'anything']"
52.28617,-1.55979,47.34900050100631,0.6,0.8,0.4,12,4.833333333333333,5,"['scenic route', 'park', 'daytime', 'walk', 'felt']"
52.28582,-1.53308,34.31512655833055,0.6,0.4,0.2,501,6.396341463414634,59,"['isolated road', 'lack', 'route', 'lighting']"
52.29094,-1.57684,54.00097500653966,0.6,0.6,0.4,0,0.0,1,"['busy route', 'cars', 'hospital', 'shops', 'times']"
52.28051,-1.53824,30.756405048406148,0.6,0.4,0.2,120,6.766666666666667,0,"['isolated road', 'lack', 'route', 'lighting']"
52.28776,-1.56568,44.69252016729431,0.8,0.8,0.2,144,5.826388888888889,6,"['cars', 'public', 'lot', 'times', 'route']"
52.28514,-1.53637,19.301682669360048,0.2,0.2,0.2,367,6.8535911602209945,21,"['unlit roads', 'route']"
52.2907119,-1.5829859,42.31393129770992,0.4,0.4,0.2,0,0.0,0,"['little lighting', 'night', 'park', 'public spaces', 'access']"
52.28552,-1.56332,47.869809329613375,0.6,0.8,0.4,66,4.53030303030303,4,"['scenic route', 'park', 'daytime', 'walk', 'felt']"
52.29034,-1.57535,50.260516991272496,0.4,0.4,0.6,0,0.0,1,"['busy route', 'public spaces', 'hospital', 'shops', 'route']"
52.28754,-1.53444,33.06596211894558,0.6,0.4,0.2,500,6.253112033195021,31,"['isolated road', 'lack', 'route', 'lighting']"
52.2889352,-1.5379752,46.73967069238879,0.6,0.8,0.4,409,5.280701754385965,30,"['afternoons', 'greenery', 'public', 'route']"
52.28261,-1.55083,47.67571528242476,0.8,0.8,0.2,71,4.436619718309859,1,"['cars', 'public', 'lot', 'times', 'route']"
52.29016,-1.5435,36.35049236875344,0.4,0.4,0.6,102,6.06,3,"['busy route', 'public spaces', 'hospital', 'shops', 'route']"
52.27932,-1.54493,34.4007474323325,0.6,0.4,0.2,48,5.395833333333333,8,"['isolated road', 'lack', 'route', 'lighting']"
52.2935,-1.53832,38.60549160814261,0.6,0.4,0.4,466,5.515625,33,"['main high street', 'route']"
52.28554,-1.55808,46.71321412194144,0.6,0.8,0.4,1,5.0,0,"['scenic route', 'park', 'daytime', 'walk', 'felt']"
52.29026,-1.58006,53.945610687022906,0.6,0.6,0.4,0,0.0,0,"['busy route', 'cars', 'hospital', 'shops', 'times']"
52.2902,-1.54262,35.904061290691494,0.4,0.4,0.6,125,6.2682926829268295,4,"['busy route', 'public spaces', 'hospital', 'shops', 'route']"
52.27963,-1.5455,37.23383443839206,0.6,0.4,0.2,127,4.140495867768595,11,"['isolated road', 'lack', 'route', 'lighting']"
52.28398,-1.53688,42.440823887446975,0.8,0.8,0.2,331,6.984709480122324,16,"['cars', 'public', 'lot', 'times', 'route']"
52.28613,-1.53312,32.51645421607106,0.4666666666666666,0.4,0.2666666666666666,513,6.382178217821783,48,"['isolated road', 'backstreets', 'evening', 'park', 'lighting']"
52.286249,-1.570058,41.2985756129938,0.6,0.4,0.6,25,5.68,1,"['ease', 'route']"
52.28788,-1.56659,37.56261358048138,0.4,0.4,0.6,116,5.5344827586206895,4,"['busy route', 'public spaces', 'hospital', 'shops', 'route']"
52.28245,-1.54654,49.13359418154615,0.8,0.8,0.2,119,3.8135593220338975,4,"['cars', 'public', 'lot', 'times', 'route']"
52.28702,-1.53692,34.782566281105744,0.5,0.55,0.3,467,6.24945295404814,17,"['scenic route', 'street lighting', 'night', 'walk', 'nobody']"
52.28773,-1.53487,29.24943020349716,0.4,0.4,0.2,494,6.134171907756813,31,"['little lighting', 'park']"
52.28842,-1.53515,34.38578945176289,0.6,0.4,0.2,500,5.780991735537191,37,"['isolated road', 'lack', 'route', 'lighting']"
52.28960319999999,-1.5530564,40.51861296204734,0.6,0.4,0.6,66,5.96969696969697,0,"['ease', 'route']"
52.27956,-1.54404,33.5504252498639,0.6,0.4,0.2,90,5.788888888888889,10,"['isolated road', 'lack', 'route', 'lighting']"
52.28908,-1.53848,32.91570709191548,0.5,0.3,0.3,480,5.452025586353945,29,"['main high street', 'park', 'lighting', 'paths', 'route']"
52.27458,-1.52582,47.5857510325632,0.8,0.8,0.4,129,6.286821705426356,3,"['public spaces', 'access', 'route']"
52.28942,-1.53777,39.36886790523369,0.6,0.4,0.4,503,5.119433198380567,33,"['main high street', 'route']"
52.2867355,-1.5244127,30.148527655106687,0.4,0.4,0.2,166,5.280487804878049,4,"['main roads', 'route']"
52.28638,-1.53128,29.41619332371769,0.4,0.4,0.2,510,6.193612774451098,41,"['night', 'round back streets']"
52.28506,-1.5523,47.95251863730904,0.6,0.8,0.4,8,4.5,2,"['scenic route', 'park', 'daytime', 'walk', 'felt']"
52.28874,-1.56179,35.13237054154146,0.4,0.4,0.6,198,6.619289340101523,6,"['busy route', 'public spaces', 'hospital', 'shops', 'route']"
52.28662,-1.56082,44.04131600806443,0.8,0.8,0.2,72,6.166666666666667,6,"['cars', 'public', 'lot', 'times', 'route']"
52.29084,-1.57659,50.260516991272496,0.4,0.4,0.6,0,0.0,1,"['busy route', 'public spaces', 'hospital', 'shops', 'route']"
52.28502,-1.55704,45.27166154442975,0.6,0.8,0.4,8,5.625,0,"['scenic route', 'park', 'daytime', 'walk', 'felt']"
52.29121,-1.57794,50.260516991272496,0.4,0.4,0.6,0,0.0,1,"['busy route', 'public spaces', 'hospital', 'shops', 'route']"
52.2853,-1.53361,34.12604380875784,0.4,0.4,0.4,565,6.297297297297297,58,"['evening', 'backstreets', 'lighting', 'route']"
52.27633,-1.52121,34.084617662950855,0.6,0.6,0.2,127,6.9921259842519685,2,"['street', 'public', 'other members']"
52.28727,-1.56382,44.75635262332373,0.8,0.8,0.2,171,5.777777777777778,6,"['cars', 'public', 'lot', 'times', 'route']"
52.272517,-1.526155,33.52888323678718,0.6,0.4,0.2,84,5.630952380952381,3,"['cemetery', 'more people', 'walk', 'route']"
52.28958,-1.55344,36.38034289088659,0.4,0.4,0.6,63,6.0,0,"['busy route', 'public spaces', 'hospital', 'shops', 'route']"
52.28249,-1.55023,46.96557056334652,0.8,0.8,0.2,85,4.738095238095238,1,"['cars', 'public', 'lot', 'times', 'route']"
52.28252,-1.55016,47.03123868946762,0.8,0.8,0.2,97,4.697916666666667,1,"['cars', 'public', 'lot', 'times', 'route']"
52.28226,-1.54954,47.75847190698687,0.8,0.8,0.2,71,4.4,1,"['cars', 'public', 'lot', 'times', 'route']"
52.27635,-1.53088,48.94192841742401,0.8,0.8,0.4,285,5.635714285714286,6,"['public spaces', 'access', 'route']"
52.28653,-1.53332,32.265232421238125,0.4666666666666666,0.4,0.2666666666666666,518,6.286836935166994,40,"['isolated road', 'backstreets', 'evening', 'park', 'lighting']"
52.28131,-1.53498,31.791076216490165,0.6,0.4,0.2,184,6.413043478260869,6,"['isolated road', 'lack', 'route', 'lighting']"
52.29014,-1.58454,53.945610687022906,0.6,0.6,0.4,0,0.0,0,"['busy route', 'cars', 'hospital', 'shops', 'times']"
52.28211,-1.54861,48.95752612166823,0.8,0.8,0.2,59,3.931034482758621,3,"['cars', 'public', 'lot', 'times', 'route']"
52.28538,-1.53146,30.087751723077226,0.4,0.4,0.2,588,6.268166089965398,58,"['night', 'round back streets']"
52.29001,-1.57894,53.945610687022906,0.6,0.6,0.4,0,0.0,0,"['busy route', 'cars', 'hospital', 'shops', 'times']"
52.28315,-1.55396,44.85453843469373,0.8,0.8,0.2,41,5.682926829268292,0,"['cars', 'public', 'lot', 'times', 'route']"
52.2859,-1.55897,47.18290754245597,0.6,0.8,0.4,12,4.833333333333333,2,"['scenic route', 'park', 'daytime', 'walk', 'felt']"
52.28726,-1.53566,44.50961281202181,0.6,0.8,0.4,495,6.278008298755187,26,"['scenic route', 'park', 'daytime', 'walk', 'felt']"
52.28788,-1.56656,45.28207922933634,0.8,0.8,0.2,116,5.5344827586206895,4,"['cars', 'public', 'lot', 'times', 'route']"
52.27509,-1.52648,48.18335634466712,0.8,0.8,0.4,96,6.042553191489362,3,"['public spaces', 'access', 'route']"
52.2936,-1.53702,39.09712546260631,0.6,0.4,0.4,506,5.564681724845996,45,"['main high street', 'route']"
52.290809,-1.5830862,42.31393129770992,0.4,0.4,0.2,0,0.0,0,"['little lighting', 'night', 'park', 'public spaces', 'access']"
52.28253,-1.55049,47.02215780825311,0.8,0.8,0.2,98,4.701030927835052,1,"['cars', 'public', 'lot', 'times', 'route']"
52.28354,-1.54218,47.5221244904239,0.8,0.8,0.2,165,4.463414634146342,3,"['cars', 'public', 'lot', 'times', 'route']"
52.29226,-1.5382,39.564759955666446,0.6,0.4,0.4,721,5.338571428571429,52,"['main high street', 'route']"
52.2865,-1.53728,19.26790272985402,0.2,0.2,0.2,387,6.520942408376963,8,"['unlit roads', 'route']"
52.28223,-1.5349,31.01156771737836,0.5,0.4,0.2,313,6.362179487179487,30,"['isolated road', 'lack', 'route', 'public services', 'lighting']"
52.27637,-1.52971,48.88305584410059,0.8,0.8,0.4,280,5.666666666666667,6,"['public spaces', 'access', 'route']"
52.28729,-1.5341,37.37313100849512,0.5,0.6,0.3,487,6.20042194092827,37,"['scenic route', 'park', 'little lighting', 'daytime', 'walk']"
52.28774,-1.53234,39.83035572060079,0.5,0.6,0.4,472,6.144736842105263,40,"['scenic route', 'park', 'daytime', 'walk', 'backstreets']"
52.28969,-1.55026,36.86782839528556,0.4,0.4,0.6,80,5.772151898734177,0,"['busy route', 'public spaces', 'hospital', 'shops', 'route']"
52.29097,-1.58302,53.945610687022906,0.6,0.6,0.4,0,0.0,0,"['busy route', 'cars', 'hospital', 'shops', 'times']"
52.28967,-1.55088,36.26651364843613,0.4,0.4,0.6,83,6.036585365853658,0,"['busy route', 'public spaces', 'hospital', 'shops', 'route']"
52.28218,-1.54736,49.13359418154615,0.8,0.8,0.2,119,3.8135593220338975,4,"['cars', 'public', 'lot', 'times', 'route']"
52.29612,-1.53701,38.42559676351342,0.6,0.4,0.4,28,5.178571428571429,2,"['main high street', 'route']"
52.29117,-1.57778,57.97998264012746,0.8,0.8,0.2,0,0.0,1,"['cars', 'public', 'lot', 'times', 'route']"
52.28574,-1.53636,23.32802271741061,0.3,0.275,0.225,355,6.86,23,"['unlit roads', 'many drunk people', 'night', 'lighting', 'park']"
52.29023,-1.57507,54.00097500653966,0.6,0.6,0.4,0,0.0,1,"['busy route', 'cars', 'hospital', 'shops', 'times']"
52.28958,-1.55372,36.38034289088659,0.4,0.4,0.6,63,6.0,0,"['busy route', 'public spaces', 'hospital', 'shops', 'route']"
52.28656,-1.56379,45.19648264717855,0.6,0.8,0.4,159,5.6918238993710695,6,"['scenic route', 'park', 'daytime', 'walk', 'felt']"
52.28726,-1.56413,44.75635262332373,0.8,0.8,0.2,171,5.777777777777778,6,"['cars', 'public', 'lot', 'times', 'route']"
52.28799,-1.54528,45.349422877608816,0.6,0.8,0.4,40,5.615384615384615,2,"['scenic route', 'park', 'daytime', 'walk', 'felt']"
52.29057,-1.58019,57.92461832061069,0.8,0.8,0.2,0,0.0,0,"['cars', 'public', 'lot', 'times', 'route']"
52.28695,-1.53701,34.36545620223301,0.5,0.55,0.3,487,6.381551362683438,15,"['scenic route', 'street lighting', 'night', 'walk', 'nobody']"
52.28565,-1.54992,46.37649293246833,0.6,0.8,0.4,36,5.166666666666667,2,"['scenic route', 'park', 'daytime', 'walk', 'felt']"
52.28665,-1.56084,44.27032364165221,0.6,0.8,0.4,72,6.166666666666667,6,"['scenic route', 'park', 'daytime', 'walk', 'felt']"
52.28679,-1.53738,19.52882696544108,0.2,0.2,0.2,418,6.326086956521739,6,"['unlit roads', 'route']"
52.2851,-1.53618,19.727587951901,0.2,0.2,0.2,400,6.738578680203045,25,"['unlit roads', 'route']"
52.29631,-1.537,38.42559676351342,0.6,0.4,0.4,28,5.178571428571429,2,"['main high street', 'route']"
52.28997,-1.57908,53.945610687022906,0.6,0.6,0.4,0,0.0,0,"['busy route', 'cars', 'hospital', 'shops', 'times']"
52.28475,-1.53377,31.96845656073283,0.4,0.4,0.3,576,6.273851590106007,53,"['quiet route', 'evening', 'backstreets', 'lighting', 'public services']"
52.28279,-1.55354,44.85453843469373,0.8,0.8,0.2,41,5.682926829268292,0,"['cars', 'public', 'lot', 'times', 'route']"
52.28309,-1.54473,47.3618270173935,0.8,0.8,0.2,133,4.590909090909091,4,"['cars', 'public', 'lot', 'times', 'route']"
52.27645,-1.51993,33.329886560425834,0.6,0.6,0.2,101,7.316831683168317,1,"['street', 'public', 'other members']"
52.28211,-1.53491,30.679381800277696,0.5,0.4,0.2,313,6.362179487179487,24,"['isolated road', 'lack', 'route', 'public services', 'lighting']"
52.28509,-1.5357,20.19007287369752,0.2,0.2,0.2,411,6.7227722772277225,33,"['unlit roads', 'route']"
52.28729,-1.53337,33.093132868003806,0.4,0.4,0.4,467,6.2505494505494505,35,"['evening', 'backstreets', 'lighting', 'route']"
52.2856,-1.56199,47.29363618148953,0.6,0.8,0.4,12,4.833333333333333,4,"['scenic route', 'park', 'daytime', 'walk', 'felt']"
52.289077,-1.5384772,44.56766319878571,0.6,0.7,0.425,480,5.452025586353945,29,"['busy route', 'police cars', 'afternoons', 'night', 'rest']"
52.28835,-1.56838,38.35286691567804,0.4,0.4,0.6,96,5.125,1,"['busy route', 'public spaces', 'hospital', 'shops', 'route']"
52.28392,-1.53917,44.56054375742357,0.8,0.8,0.2,194,5.723958333333333,1,"['cars', 'public', 'lot', 'times', 'route']"
52.2883539,-1.5380516,45.44103109315362,0.6,0.8,0.4,331,5.872274143302181,27,"['afternoons', 'greenery', 'public', 'route']"
52.2913,-1.57814,54.00097500653966,0.6,0.6,0.4,0,0.0,1,"['busy route', 'cars', 'hospital', 'shops', 'times']"
52.2853,-1.53665,19.30016395634392,0.2,0.2,0.2,338,6.870870870870871,21,"['unlit roads', 'route']"
52.28827,-1.53619,28.693767335531845,0.4,0.35,0.2,496,5.970893970893971,36,"['little lighting', 'street lighting', 'night', 'park', 'anything']"
52.28712,-1.53468,44.663062368752776,0.6,0.8,0.4,484,6.238900634249472,27,"['scenic route', 'park', 'daytime', 'walk', 'felt']"
52.28023,-1.54084,31.735976427858336,0.6,0.4,0.2,143,6.314685314685315,0,"['isolated road', 'lack', 'route', 'lighting']"
52.28406,-1.53513,39.49234263915484,0.6166666666666666,0.6166666666666666,0.3333333333333333,512,6.523715415019763,41,"['drunk public', 'unlit roads', 'night', 'cars', 'residential area']"
52.28972,-1.5501,36.86782839528556,0.4,0.4,0.6,80,5.772151898734177,0,"['busy route', 'public spaces', 'hospital', 'shops', 'route']"
52.27902,-1.54565,38.44361817701959,0.6,0.4,0.2,157,3.615894039735099,13,"['isolated road', 'lack', 'route', 'lighting']"
52.28486,-1.53346,31.82333262430471,0.4,0.4,0.3,590,6.334482758620689,53,"['quiet route', 'evening', 'backstreets', 'lighting', 'public services']"
52.28779,-1.5352,29.17227165485236,0.4,0.4,0.2,493,6.092436974789916,28,"['little lighting', 'park']"
52.28736,-1.53318,39.40479715343165,0.5,0.6,0.4,478,6.263948497854077,37,"['scenic route', 'park', 'daytime', 'walk', 'backstreets']"
52.28251,-1.55001,47.75847190698687,0.8,0.8,0.2,71,4.4,1,"['cars', 'public', 'lot', 'times', 'route']"
52.28549,-1.56326,47.816180106679454,0.6,0.8,0.4,71,4.549295774647887,4,"['scenic route', 'park', 'daytime', 'walk', 'felt']"
52.28633,-1.56024,47.175357186935294,0.8,0.8,0.2,12,4.833333333333333,6,"['cars', 'public', 'lot', 'times', 'route']"
52.29599,-1.5374,37.72842858688049,0.6,0.4,0.4,61,5.459016393442623,2,"['main high street', 'route']"
52.28653,-1.56066,43.83605577532144,0.8,0.8,0.2,56,6.267857142857143,6,"['cars', 'public', 'lot', 'times', 'route']"
52.28097,-1.53633,30.924866363685027,0.6,0.4,0.2,146,6.726027397260274,2,"['isolated road', 'lack', 'route', 'lighting']"
52.28991,-1.5792,53.945610687022906,0.6,0.6,0.4,0,0.0,0,"['busy route', 'cars', 'hospital', 'shops', 'times']"
52.29311,-1.53828,38.61470213820326,0.6,0.4,0.4,603,5.447863247863248,35,"['main high street', 'route']"
52.27856,-1.54559,38.39835447756503,0.6,0.4,0.2,159,3.633986928104575,13,"['isolated road', 'lack', 'route', 'lighting']"
52.27856,-1.54535,38.28762583853148,0.6,0.4,0.2,159,3.633986928104575,11,"['isolated road', 'lack', 'route', 'lighting']"
52.27642,-1.52697,48.473067691432746,0.8,0.8,0.4,168,5.8121212121212125,1,"['public spaces', 'access', 'route']"
52.28726,-1.5356,44.509102837713606,0.6,0.8,0.4,497,6.276859504132231,26,"['scenic route', 'park', 'daytime', 'walk', 'felt']"
52.28616,-1.54912,46.04803069551661,0.6,0.8,0.4,25,5.32,2,"['scenic route', 'park', 'daytime', 'walk', 'felt']"
52.29012,-1.54394,36.77559415706457,0.4,0.4,0.6,86,5.882352941176471,3,"['busy route', 'public spaces', 'hospital', 'shops', 'route']"
52.28508,-1.53553,20.484874772630924,0.2,0.2,0.2,528,6.615384615384615,37,"['unlit roads', 'route']"
52.2812049,-1.5469286,33.01413259927578,0.4,0.4,0.2,154,4.235294117647059,9,"['street lighting', 'road', 'public spaces', 'route', 'access']"
52.28985,-1.54662,36.187494620643065,0.4,0.5,0.5,68,5.955223880597015,0,"['many drunk people', 'night', 'park', 'hospital', 'shops']"
52.28937,-1.55954,35.489130067112654,0.4,0.4,0.6,178,6.420454545454546,4,"['busy route', 'public spaces', 'hospital', 'shops', 'route']"
52.28909,-1.53767,39.03426804486892,0.6,0.4,0.4,550,5.157407407407407,30,"['main high street', 'route']"
52.27924,-1.54296,33.32896797179679,0.6,0.4,0.2,90,5.788888888888889,6,"['isolated road', 'lack', 'route', 'lighting']"
52.28705,-1.56206,44.91339311443171,0.8,0.8,0.2,166,5.710843373493976,6,"['cars', 'public', 'lot', 'times', 'route']"
52.27626,-1.53483,48.68950298239938,0.8,0.8,0.4,193,5.770833333333333,4,"['public spaces', 'access', 'route']"
52.28742,-1.56498,37.1831286156112,0.4,0.4,0.6,153,5.725490196078432,6,"['busy route', 'public spaces', 'hospital', 'shops', 'route']"
52.28616,-1.54906,46.04803069551661,0.6,0.8,0.4,25,5.32,2,"['scenic route', 'park', 'daytime', 'walk', 'felt']"
52.29125,-1.57803,57.97998264012746,0.8,0.8,0.2,0,0.0,1,"['cars', 'public', 'lot', 'times', 'route']"
52.28534,-1.53664,19.30016395634392,0.2,0.2,0.2,338,6.870870870870871,21,"['unlit roads', 'route']"
52.29302,-1.53706,31.795869795505016,0.4,0.4,0.2,688,5.165919282511211,47,"['little lighting', 'park']"
52.28866,-1.56201,34.91847574935979,0.4,0.4,0.6,198,6.741116751269035,7,"['busy route', 'public spaces', 'hospital', 'shops', 'route']"
52.28732,-1.5474,44.86453897186842,0.6,0.8,0.4,24,5.791666666666667,0,"['scenic route', 'park', 'daytime', 'walk', 'felt']"
52.28273,-1.53471,30.736645962899424,0.5,0.4,0.2,385,6.46875,31,"['isolated road', 'lack', 'route', 'public services', 'lighting']"
52.2844,-1.53153,30.00388604651064,0.4,0.4,0.2,608,6.240802675585284,56,"['night', 'round back streets']"
52.28816,-1.53979,45.4210808540839,0.6,0.8,0.4,158,5.915032679738562,19,"['scenic route', 'park', 'daytime', 'walk', 'felt']"
52.27607,-1.51742,34.96261815452907,0.6,0.6,0.2,126,6.674603174603175,5,"['street', 'public', 'other members']"
52.28236,-1.5312424,50.28716908962235,0.8,0.8,0.4,411,5.839108910891089,42,"['public street', 'daytime', 'people', 'route']"
52.28545,-1.53294,34.10321939817853,0.4,0.4,0.4,548,6.37360594795539,60,"['evening', 'backstreets', 'lighting', 'route']"
52.28788,-1.53469,33.57122984492149,0.6,0.4,0.2,531,5.988304093567251,31,"['isolated road', 'lack', 'route', 'lighting']"
52.28252,-1.55296,44.85453843469373,0.8,0.8,0.2,41,5.682926829268292,0,"['cars', 'public', 'lot', 'times', 'route']"
52.28471,-1.55646,45.37861500570297,0.7,0.8,0.3,8,5.625,4,"['scenic route', 'cars', 'daytime', 'walk', 'lot']"
52.28707,-1.52483,28.83487659840605,0.4,0.4,0.2,110,5.805555555555555,4,"['night', 'round back streets']"
52.28768,-1.54006,20.02481887215964,0.2,0.2,0.2,151,6.275862068965517,6,"['unlit roads', 'route']"
52.28619,-1.56407,47.05432062026125,0.6,0.8,0.4,88,4.920454545454546,6,"['scenic route', 'park', 'daytime', 'walk', 'felt']"
52.2888,-1.57006,36.567449213588674,0.4,0.4,0.6,29,5.965517241379311,1,"['busy route', 'public spaces', 'hospital', 'shops', 'route']"
52.29122,-1.57793,50.260516991272496,0.4,0.4,0.6,0,0.0,1,"['busy route', 'public spaces', 'hospital', 'shops', 'route']"
52.28708,-1.53386,45.12032750571545,0.6,0.8,0.4,515,6.157057654075547,33,"['scenic route', 'park', 'daytime', 'walk', 'felt']"
52.28959,-1.55337,36.44418548113131,0.4,0.4,0.6,66,5.96969696969697,0,"['busy route', 'public spaces', 'hospital', 'shops', 'route']"
52.28749,-1.53436,33.0251346586463,0.6,0.4,0.2,487,6.255274261603375,30,"['isolated road', 'lack', 'route', 'lighting']"
52.28793,-1.53475,33.68938252725634,0.6,0.4,0.2,511,6.026315789473684,34,"['isolated road', 'lack', 'route', 'lighting']"
52.2762555,-1.5348337,30.37207295695409,0.4666666666666666,0.4,0.2,193,5.770833333333333,4,"['street lighting', 'cemetery', 'road', 'walk', 'more people']"
52.2876,-1.56522,40.71879662283566,0.6,0.6,0.4,141,5.801418439716312,5,"['busy route', 'cars', 'hospital', 'shops', 'times']"
52.2854,-1.55777,44.19064274730773,0.8,0.8,0.2,5,6.0,0,"['cars', 'public', 'lot', 'times', 'route']"
52.27856,-1.54514,37.77253342421133,0.6,0.4,0.2,80,3.925,10,"['isolated road', 'lack', 'route', 'lighting']"
52.28542,-1.5579,44.41965038089551,0.6,0.8,0.4,5,6.0,0,"['scenic route', 'park', 'daytime', 'walk', 'felt']"
52.28245,-1.55269,44.85453843469373,0.8,0.8,0.2,41,5.682926829268292,0,"['cars', 'public', 'lot', 'times', 'route']"
52.281384,-1.5470501,33.06949691879256,0.4,0.4,0.2,154,4.235294117647059,10,"['street lighting', 'road', 'public spaces', 'route', 'access']"
52.28735,-1.53417,33.301956256230184,0.6,0.4,0.2,487,6.255274261603375,35,"['isolated road', 'lack', 'route', 'lighting']"
52.286249,-1.533494,37.06797317220828,0.5333333333333334,0.575,0.275,586,6.220486111111111,44,"['drunk people', 'isolated streets', 'more public spaces', 'park', 'start']"
52.28038,-1.53972,30.565668852015733,0.6,0.4,0.2,121,6.851239669421488,0,"['isolated road', 'lack', 'route', 'lighting']"
52.28757,-1.56476,37.127764296094426,0.4,0.4,0.6,153,5.725490196078432,5,"['busy route', 'public spaces', 'hospital', 'shops', 'route']"
52.28964,-1.57311,57.97998264012746,0.8,0.8,0.2,0,0.0,1,"['cars', 'public', 'lot', 'times', 'route']"
52.28332,-1.54408,49.235794402540016,0.8,0.8,0.2,160,3.69811320754717,3,"['cars', 'public', 'lot', 'times', 'route']"
52.28748,-1.56509,37.03370292708526,0.4,0.4,0.6,141,5.801418439716312,6,"['busy route', 'public spaces', 'hospital', 'shops', 'route']"
52.28345,-1.53435,31.686933828584763,0.5,0.4,0.2,465,6.280434782608696,43,"['isolated road', 'lack', 'route', 'public services', 'lighting']"
52.2793,-1.52981,37.06052889603311,0.6,0.6,0.2,380,5.772117962466488,14,"['street', 'public', 'other members']"
52.28557,-1.53472,32.374763263989955,0.5,0.4,0.25,491,6.5227272727272725,48,"['isolated road', 'many drunk people', 'night', 'park', 'lighting']"
52.28636,-1.56032,45.47113779617896,0.6,0.8,0.4,41,5.658536585365853,6,"['scenic route', 'park', 'daytime', 'walk', 'felt']"
52.2883984,-1.5382739,45.4775206068902,0.6,0.8,0.4,325,5.859872611464968,27,"['afternoons', 'greenery', 'public', 'route']"
52.29004,-1.57979,53.945610687022906,0.6,0.6,0.4,0,0.0,0,"['busy route', 'cars', 'hospital', 'shops', 'times']"
52.27619,-1.51641,36.304704231937954,0.6,0.6,0.2,91,6.0989010989010985,5,"['street', 'public', 'other members']"
52.2899038,-1.579364,42.31393129770992,0.4,0.4,0.2,0,0.0,0,"['little lighting', 'night', 'park', 'public spaces', 'access']"
52.28766,-1.56437,37.06641576731738,0.4,0.4,0.6,148,5.756756756756757,5,"['busy route', 'public spaces', 'hospital', 'shops', 'route']"
52.2840609,-1.5351349,32.32631210480369,0.45,0.5,0.25,512,6.523715415019763,41,"['drunk people', 'little lighting', 'night', 'shops', 'park']"
52.284,-1.53412,38.69973985540405,0.625,0.525,0.3,562,6.311030741410488,55,"['isolated road', 'drunk public', 'night', 'residential area', 'lighting']"
52.28551,-1.5365,19.379461460723324,0.2,0.2,0.2,373,6.839673913043479,22,"['unlit roads', 'route']"
52.28715,-1.53747,43.98734884030399,0.6,0.8,0.4,422,6.1307506053268765,9,"['scenic route', 'park', 'daytime', 'walk', 'felt']"
52.2794,-1.54578,37.34456307742561,0.6,0.4,0.2,127,4.140495867768595,13,"['isolated road', 'lack', 'route', 'lighting']"
52.29031,-1.53654,32.55668153593819,0.4,0.4,0.2,792,4.989623865110247,58,"['little lighting', 'park']"
52.28683,-1.53357,30.705351996692578,0.4,0.4,0.3,622,6.2901639344262295,32,"['little lighting', 'park', 'backstreets', 'evening', 'lighting']"
52.28372,-1.53421,32.26022117909627,0.5,0.4,0.2,518,6.2074363992172215,52,"['isolated road', 'lack', 'route', 'public services', 'lighting']"
52.28582,-1.55874,46.95389990886819,0.8,0.8,0.2,12,4.833333333333333,2,"['cars', 'public', 'lot', 'times', 'route']"
52.29414,-1.53713,38.78894019184702,0.6,0.4,0.4,484,5.545064377682404,38,"['main high street', 'route']"
52.27959,-1.54576,37.45529171645917,0.6,0.4,0.2,127,4.140495867768595,15,"['isolated road', 'lack', 'route', 'lighting']"
52.28443,-1.55604,45.26411118890908,0.8,0.8,0.2,8,5.625,4,"['cars', 'public', 'lot', 'times', 'route']"
52.28238,-1.54998,47.75847190698687,0.8,0.8,0.2,71,4.4,1,"['cars', 'public', 'lot', 'times', 'route']"
52.28592,-1.56422,46.7286658482837,0.6,0.8,0.4,94,5.01063829787234,4,"['scenic route', 'park', 'daytime', 'walk', 'felt']"
52.28702,-1.53322,33.06062998628694,0.4,0.4,0.4,537,6.216730038022813,35,"['evening', 'backstreets', 'lighting', 'route']"
52.28574,-1.56431,47.44325999599495,0.6,0.8,0.4,84,4.7023809523809526,4,"['scenic route', 'park', 'daytime', 'walk', 'felt']"
52.28652,-1.54854,46.0904058667096,0.6,0.8,0.4,34,5.294117647058823,2,"['scenic route', 'park', 'daytime', 'walk', 'felt']"
52.28799,-1.53174,39.45685651832792,0.5,0.6,0.4,331,6.2625,34,"['scenic route', 'park', 'daytime', 'walk', 'backstreets']"
52.29009,-1.53802,40.17509961439392,0.6,0.4,0.4,563,5.048913043478261,47,"['main high street', 'route']"
52.28791,-1.5347,33.57122984492149,0.6,0.4,0.2,531,5.988304093567251,31,"['isolated road', 'lack', 'route', 'lighting']"
52.2901428,-1.5845361,48.17748091603053,0.5,0.4,0.4,0,0.0,0,"['little lighting', 'night', 'park', 'ease', 'access']"
52.28492,-1.53438,33.525034166249945,0.6,0.4,0.2,565,6.386690647482014,46,"['isolated road', 'lack', 'route', 'lighting']"
52.27638,-1.52292,34.464802025944955,0.6,0.6,0.2,162,6.777777777777778,1,"['street', 'public', 'other members']"
52.2930159,-1.5370596,51.538236207718754,0.7,0.9,0.4,688,5.165919282511211,47,"['shops', 'public spaces', 'ease', 'many people', 'route']"
52.28712,-1.53681,34.527954750975695,0.5,0.5333333333333333,0.3,464,6.251101321585903,18,"['scenic route', 'street lighting', 'night', 'nobody', 'walk']"
52.28968,-1.55082,36.45310337681681,0.4,0.4,0.6,75,5.95945945945946,0,"['busy route', 'public spaces', 'hospital', 'shops', 'route']"
52.28855,-1.53626,30.55622719749337,0.4,0.4,0.2,530,5.61284046692607,36,"['little lighting', 'park']"
52.29095,-1.58167,53.945610687022906,0.6,0.6,0.4,0,0.0,0,"['busy route', 'cars', 'hospital', 'shops', 'times']"
52.28434,-1.55584,45.42102097454856,0.8,0.8,0.2,9,5.555555555555555,4,"['cars', 'public', 'lot', 'times', 'route']"
52.29081,-1.58082,53.945610687022906,0.6,0.6,0.4,0,0.0,0,"['busy route', 'cars', 'hospital', 'shops', 'times']"
52.28248,-1.55001,47.75847190698687,0.8,0.8,0.2,71,4.4,1,"['cars', 'public', 'lot', 'times', 'route']"
52.28806,-1.54344,43.89650195565089,0.6,0.8,0.4,94,6.293478260869565,5,"['scenic route', 'park', 'daytime', 'walk', 'felt']"
52.28629,-1.54861,46.0904058667096,0.6,0.8,0.4,34,5.294117647058823,2,"['scenic route', 'park', 'daytime', 'walk', 'felt']"
52.28275,-1.55349,44.85453843469373,0.8,0.8,0.2,41,5.682926829268292,0,"['cars', 'public', 'lot', 'times', 'route']"
52.27627,-1.5342,48.45825863509165,0.8,0.8,0.4,254,5.880952380952381,6,"['public spaces', 'access', 'route']"
52.2863,-1.53189,29.520771632223685,0.4,0.4,0.2,500,6.230142566191447,44,"['night', 'round back streets']"
52.28668,-1.53731,19.33453324006078,0.2,0.2,0.2,452,6.447427293064877,8,"['unlit roads', 'route']"
52.288495,-1.5306291,38.74668822680757,0.65,0.55,0.25,282,5.863970588235294,22,"['many shops', 'parade', 'safer choice', 'park', 'lighting']"
52.28323,-1.53446,30.884692077535306,0.5,0.4,0.2,451,6.538975501113586,38,"['isolated road', 'lack', 'route', 'public services', 'lighting']"
52.28579389999999,-1.5332444,49.91627159649849,0.8,0.8,0.4,501,6.396341463414634,59,"['public spaces', 'lots', 'route']"
52.28214,-1.54747,49.13359418154615,0.8,0.8,0.2,119,3.8135593220338975,4,"['cars', 'public', 'lot', 'times', 'route']"
52.28655,-1.56064,44.27032364165221,0.6,0.8,0.4,72,6.166666666666667,6,"['scenic route', 'park', 'daytime', 'walk', 'felt']"
52.28951,-1.55518,36.32299825663923,0.4,0.4,0.6,47,6.085106382978723,2,"['busy route', 'public spaces', 'hospital', 'shops', 'route']"
52.28714,-1.53329,32.94606833478974,0.4,0.4,0.4,485,6.255274261603375,33,"['evening', 'backstreets', 'lighting', 'route']"
52.28517,-1.55178,47.95251863730904,0.6,0.8,0.4,8,4.5,2,"['scenic route', 'park', 'daytime', 'walk', 'felt']"
52.28138,-1.53471,31.53571052977717,0.6,0.4,0.2,202,6.54228855721393,7,"['isolated road', 'lack', 'route', 'lighting']"
52.28755,-1.53444,33.06596211894558,0.6,0.4,0.2,500,6.253112033195021,31,"['isolated road', 'lack', 'route', 'lighting']"
52.27921,-1.54481,34.456111751849285,0.6,0.4,0.2,48,5.395833333333333,9,"['isolated road', 'lack', 'route', 'lighting']"
52.29094,-1.58286,53.945610687022906,0.6,0.6,0.4,0,0.0,0,"['busy route', 'cars', 'hospital', 'shops', 'times']"
52.28741,-1.53865,20.0174241527538,0.2,0.2,0.2,233,6.25,7,"['unlit roads', 'route']"
52.28403,-1.53464,21.167461490765906,0.2,0.2,0.2,512,6.484189723320158,44,"['unlit roads', 'route']"
52.28634,-1.56102,44.12920661734767,0.6,0.8,0.4,23,6.260869565217392,6,"['scenic route', 'park', 'daytime', 'walk', 'felt']"
52.29001,-1.57887,50.20515267175573,0.4,0.4,0.6,0,0.0,0,"['busy route', 'public spaces', 'hospital', 'shops', 'route']"
52.28793,-1.5348,33.68938252725634,0.6,0.4,0.2,511,6.026315789473684,34,"['isolated road', 'lack', 'route', 'lighting']"
52.28974,-1.54926,36.51113655653569,0.4,0.4,0.6,67,5.9393939393939394,0,"['busy route', 'public spaces', 'hospital', 'shops', 'route']"
52.28796,-1.5668,37.51223477417254,0.4,0.4,0.6,119,5.554621848739496,4,"['busy route', 'public spaces', 'hospital', 'shops', 'route']"
52.28997,-1.57858,53.945610687022906,0.6,0.6,0.4,0,0.0,0,"['busy route', 'cars', 'hospital', 'shops', 'times']"
52.28838,-1.53065,39.6769100482855,0.5,0.6,0.4,291,5.882562277580071,22,"['scenic route', 'park', 'daytime', 'walk', 'backstreets']"
52.27593,-1.51663,36.05742773349463,0.6,0.6,0.2,98,6.204081632653061,5,"['street', 'public', 'other members']"
52.28658,-1.56075,44.27032364165221,0.6,0.8,0.4,72,6.166666666666667,6,"['scenic route', 'park', 'daytime', 'walk', 'felt']"
52.2878584,-1.5363235,45.01096642425869,0.6,0.8,0.4,506,5.9427402862985685,27,"['afternoons', 'greenery', 'public', 'route']"
52.28766,-1.56534,40.77416094235244,0.6,0.6,0.4,141,5.801418439716312,6,"['busy route', 'cars', 'hospital', 'shops', 'times']"
52.27444,-1.52549,47.32099623876619,0.8,0.8,0.4,172,6.377906976744186,3,"['public spaces', 'access', 'route']"
52.28754,-1.54134,19.23792136021693,0.2,0.2,0.2,132,6.565891472868217,3,"['unlit roads', 'route']"
52.28726,-1.56445,44.84124573568912,0.8,0.8,0.2,148,5.756756756756757,6,"['cars', 'public', 'lot', 'times', 'route']"
52.28243,-1.53486,31.095402230316083,0.5,0.4,0.2,292,6.3883161512027495,32,"['isolated road', 'lack', 'route', 'public services', 'lighting']"
52.27646,-1.52497,35.3723557977344,0.6,0.6,0.2,174,6.362068965517241,1,"['street', 'public', 'other members']"
52.28295,-1.55368,44.85453843469373,0.8,0.8,0.2,41,5.682926829268292,0,"['cars', 'public', 'lot', 'times', 'route']"
52.28727,-1.53421,45.13149569525458,0.6,0.8,0.4,474,6.233766233766234,35,"['scenic route', 'park', 'daytime', 'walk', 'felt']"
52.29093,-1.58276,57.92461832061069,0.8,0.8,0.2,0,0.0,0,"['cars', 'public', 'lot', 'times', 'route']"
52.28959,-1.55341,36.44418548113131,0.4,0.4,0.6,66,5.96969696969697,0,"['busy route', 'public spaces', 'hospital', 'shops', 'route']"
52.29353,-1.53805,38.63013106521906,0.6,0.4,0.4,464,5.505592841163311,33,"['main high street', 'route']"
52.28657,-1.52949,30.105078874829065,0.4,0.4,0.2,285,5.802158273381295,32,"['night', 'round back streets']"
52.27424,-1.525,47.13748739495285,0.8,0.8,0.4,180,6.455555555555556,3,"['public spaces', 'access', 'route']"
52.28796939999999,-1.5362706,45.17538164983947,0.6,0.8,0.4,494,5.97907949790795,31,"['afternoons', 'greenery', 'public', 'route']"
52.2896,-1.55306,36.44418548113131,0.4,0.4,0.6,66,5.96969696969697,0,"['busy route', 'public spaces', 'hospital', 'shops', 'route']"
52.29019,-1.58442,53.945610687022906,0.6,0.6,0.4,0,0.0,0,"['busy route', 'cars', 'hospital', 'shops', 'times']"
52.2885,-1.53063,39.73189815047169,0.5,0.6,0.4,282,5.863970588235294,22,"['scenic route', 'park', 'daytime', 'walk', 'backstreets']"
52.28439,-1.55596,45.26411118890908,0.8,0.8,0.2,8,5.625,4,"['cars', 'public', 'lot', 'times', 'route']"
52.28711,-1.54778,45.04316825651394,0.6,0.8,0.4,34,5.705882352941177,0,"['scenic route', 'park', 'daytime', 'walk', 'felt']"
52.2847851,-1.5325758,49.813816358489575,0.8,0.8,0.4,618,6.284539473684211,56,"['public street', 'daytime', 'people', 'route']"
52.28815,-1.56762,37.1853814088802,0.4,0.4,0.6,118,5.627118644067797,1,"['busy route', 'public spaces', 'hospital', 'shops', 'route']"
52.28413,-1.53464,21.184998849660257,0.2,0.2,0.2,558,6.471869328493648,45,"['unlit roads', 'route']"
52.28816,-1.53619,28.785773457224245,0.4,0.35,0.2,492,5.90356394129979,35,"['little lighting', 'street lighting', 'night', 'park', 'anything']"
52.28731,-1.56472,44.90259426446616,0.8,0.8,0.2,153,5.725490196078432,6,"['cars', 'public', 'lot', 'times', 'route']"
52.2742,-1.52487,47.13748739495285,0.8,0.8,0.4,180,6.455555555555556,3,"['public spaces', 'access', 'route']"
52.28506,-1.53357,33.87394166307952,0.4,0.4,0.4,576,6.304424778761062,54,"['evening', 'backstreets', 'lighting', 'route']"
52.27472,-1.52606,47.64105697444584,0.8,0.8,0.4,95,6.28421052631579,3,"['public spaces', 'access', 'route']"
52.29071,-1.58299,53.945610687022906,0.6,0.6,0.4,0,0.0,0,"['busy route', 'cars', 'hospital', 'shops', 'times']"
52.27957,-1.5459,37.45529171645917,0.6,0.4,0.2,127,4.140495867768595,15,"['isolated road', 'lack', 'route', 'lighting']"
52.29139,-1.5783,53.945610687022906,0.6,0.6,0.4,0,0.0,0,"['busy route', 'cars', 'hospital', 'shops', 'times']"
52.28969,-1.55079,36.45310337681681,0.4,0.4,0.6,75,5.95945945945946,0,"['busy route', 'public spaces', 'hospital', 'shops', 'route']"
52.28459,-1.55636,45.26411118890908,0.8,0.8,0.2,8,5.625,4,"['cars', 'public', 'lot', 'times', 'route']"
52.286249,-1.540875,33.577120277626484,0.52,0.52,0.32,118,6.879310344827586,3,"['enjoyable evening walk', 'busy streets', 'police cars', 'little lighting', 'park']"
52.2902,-1.5387,40.07286747202771,0.4,0.4,0.6,565,5.0650994575045205,46,"['busy route', 'public spaces', 'hospital', 'shops', 'route']"
52.27633,-1.51851,34.827944801203145,0.6,0.6,0.2,132,6.681818181818182,3,"['street', 'public', 'other members']"
52.28821,-1.56298,36.7415351098096,0.4,0.4,0.6,173,5.884393063583815,5,"['busy route', 'public spaces', 'hospital', 'shops', 'route']"
52.28594,-1.54932,46.04803069551661,0.6,0.8,0.4,25,5.32,2,"['scenic route', 'park', 'daytime', 'walk', 'felt']"
52.28724,-1.53434,29.047948522863564,0.4,0.4,0.2,473,6.245119305856833,31,"['little lighting', 'park']"
52.27432,-1.52477,47.13748739495285,0.8,0.8,0.4,180,6.455555555555556,3,"['public spaces', 'access', 'route']"
52.27585,-1.51667,36.30722681951626,0.6,0.6,0.2,94,6.095744680851064,5,"['street', 'public', 'other members']"
52.28726,-1.53345,45.10649164662976,0.6,0.8,0.4,467,6.2505494505494505,35,"['scenic route', 'park', 'daytime', 'walk', 'felt']"
52.28904,-1.53767,39.03426804486892,0.6,0.4,0.4,550,5.157407407407407,30,"['main high street', 'route']"
52.2914,-1.57826,57.92461832061069,0.8,0.8,0.2,0,0.0,0,"['cars', 'public', 'lot', 'times', 'route']"
52.2758,-1.52685,48.46436789418016,0.8,0.8,0.4,126,5.846774193548387,1,"['public spaces', 'access', 'route']"
52.28699,-1.53323,33.06062998628694,0.4,0.4,0.4,537,6.216730038022813,35,"['evening', 'backstreets', 'lighting', 'route']"
52.28511,-1.53628,22.382354056485205,0.3,0.25,0.2,367,6.8535911602209945,23,"['unlit roads', 'night', 'street lighting', 'park', 'anything']"
52.2863,-1.56011,47.404364820523085,0.6,0.8,0.4,12,4.833333333333333,6,"['scenic route', 'park', 'daytime', 'walk', 'felt']"
52.29021,-1.5418,36.28272365341643,0.4,0.4,0.6,152,6.22972972972973,10,"['busy route', 'public spaces', 'hospital', 'shops', 'route']"
52.28659,-1.53338,33.29071956588498,0.6,0.4,0.2,601,6.3141891891891895,40,"['isolated road', 'lack', 'route', 'lighting']"
52.28724,-1.53554,44.48768876333176,0.6,0.8,0.4,496,6.287784679089027,26,"['scenic route', 'park', 'daytime', 'walk', 'felt']"
52.2854,-1.56318,47.816180106679454,0.6,0.8,0.4,71,4.549295774647887,4,"['scenic route', 'park', 'daytime', 'walk', 'felt']"
52.28751,-1.53444,33.08049897816308,0.6,0.4,0.2,487,6.255274261603375,31,"['isolated road', 'lack', 'route', 'lighting']"
52.27645,-1.52624,36.08080219549812,0.6,0.6,0.2,147,6.061643835616438,1,"['street', 'public', 'other members']"
52.28674,-1.52441,29.90997803678608,0.4,0.4,0.2,166,5.280487804878049,4,"['night', 'round back streets']"
52.28526,-1.53365,34.12604380875784,0.4,0.4,0.4,565,6.297297297297297,58,"['evening', 'backstreets', 'lighting', 'route']"
52.27587,-1.51677,36.30722681951626,0.6,0.6,0.2,94,6.095744680851064,5,"['street', 'public', 'other members']"
52.28801,-1.53938,44.67120828963329,0.6,0.8,0.4,280,5.940959409594096,10,"['scenic route', 'park', 'daytime', 'walk', 'felt']"
52.28211,-1.54772,49.086308787827896,0.8,0.8,0.2,124,3.829268292682927,4,"['cars', 'public', 'lot', 'times', 'route']"
52.2931277,-1.5359592,43.74780851242829,0.8,0.6,0.2,683,5.27190332326284,52,"['many shops', 'parade', 'safer choice', 'public', 'route']"
52.28429,-1.53484,21.12411684730093,0.2,0.2,0.2,543,6.5111940298507465,45,"['unlit roads', 'route']"
52.28785,-1.53471,33.51586552540471,0.6,0.4,0.2,531,5.988304093567251,30,"['isolated road', 'lack', 'route', 'lighting']"
52.29134,-1.57799,50.260516991272496,0.4,0.4,0.6,0,0.0,1,"['busy route', 'public spaces', 'hospital', 'shops', 'route']"
52.28646,-1.56055,44.06506340890922,0.6,0.8,0.4,56,6.267857142857143,6,"['scenic route', 'park', 'daytime', 'walk', 'felt']"
52.29051,-1.58014,53.945610687022906,0.6,0.6,0.4,0,0.0,0,"['busy route', 'cars', 'hospital', 'shops', 'times']"
52.2861809,-1.5318264,35.638179660570216,0.5,0.6,0.2,500,6.230142566191447,46,"['isolated streets', 'many public spaces', 'route']"
52.28821,-1.53106,33.00655743255182,0.4,0.4,0.4,338,6.0703363914373085,23,"['evening', 'backstreets', 'lighting', 'route']"
52.28337,-1.53438,31.467865386071264,0.5,0.4,0.2,465,6.331887201735358,41,"['isolated road', 'lack', 'route', 'public services', 'lighting']"
52.2885,-1.56897,46.072332564533,0.8,0.8,0.2,96,5.125,1,"['cars', 'public', 'lot', 'times', 'route']"
52.28621,-1.54867,46.0904058667096,0.6,0.8,0.4,34,5.294117647058823,2,"['scenic route', 'park', 'daytime', 'walk', 'felt']"
52.28254,-1.55011,47.67254790557007,0.8,0.8,0.2,86,4.423529411764706,1,"['cars', 'public', 'lot', 'times', 'route']"
52.28644,-1.56319,45.25360384729108,0.6,0.8,0.4,143,5.678321678321678,6,"['scenic route', 'park', 'daytime', 'walk', 'felt']"
52.28426,-1.53476,21.17948116681771,0.2,0.2,0.2,543,6.5111940298507465,46,"['unlit roads', 'route']"
52.281047,-1.5446566,31.43022327697488,0.4,0.4,0.2,156,4.84516129032258,5,"['street lighting', 'road', 'public spaces', 'route', 'access']"
52.28726,-1.53821,20.02628090936559,0.2,0.2,0.2,232,6.246636771300448,7,"['unlit roads', 'route']"
52.28761,-1.54672,44.91761348334656,0.6,0.8,0.4,27,5.814814814814815,2,"['scenic route', 'park', 'daytime', 'walk', 'felt']"
52.28689,-1.53364,28.736819738244503,0.4,0.4,0.2,622,6.2901639344262295,31,"['little lighting', 'park']"
52.2874242,-1.5356918,44.22954423695785,0.6,0.8,0.4,492,6.27348643006263,25,"['afternoons', 'greenery', 'public', 'route']"
52.290212,-1.5418035,40.35715113433246,0.6,0.4,0.6,152,6.22972972972973,10,"['ease', 'route']"
52.28959,-1.55343,36.44418548113131,0.4,0.4,0.6,66,5.96969696969697,0,"['busy route', 'public spaces', 'hospital', 'shops', 'route']"
52.29094,-1.58259,50.20515267175573,0.4,0.4,0.6,0,0.0,0,"['busy route', 'public spaces', 'hospital', 'shops', 'route']"
52.28819,-1.54012,45.53180949311745,0.6,0.8,0.4,158,5.915032679738562,21,"['scenic route', 'park', 'daytime', 'walk', 'felt']"
52.28787,-1.5663,45.39280786836989,0.8,0.8,0.2,116,5.5344827586206895,6,"['cars', 'public', 'lot', 'times', 'route']"
52.27646,-1.51919,34.30106540095978,0.6,0.6,0.2,139,6.913669064748201,3,"['street', 'public', 'other members']"
52.29054,-1.57827,50.20515267175573,0.4,0.4,0.6,0,0.0,0,"['busy route', 'public spaces', 'hospital', 'shops', 'route']"
52.28819,-1.5403,45.46515302240504,0.6,0.8,0.4,149,5.951388888888889,21,"['scenic route', 'park', 'daytime', 'walk', 'felt']"
52.28784,-1.56382,36.981522654952,0.4,0.4,0.6,171,5.777777777777778,5,"['busy route', 'public spaces', 'hospital', 'shops', 'route']"
52.27586,-1.51665,36.30722681951626,0.6,0.6,0.2,94,6.095744680851064,5,"['street', 'public', 'other members']"
52.28658,-1.56061,44.27032364165221,0.6,0.8,0.4,72,6.166666666666667,6,"['scenic route', 'park', 'daytime', 'walk', 'felt']"
52.28757,-1.5382,44.02059733465868,0.6,0.8,0.4,232,6.246636771300448,9,"['scenic route', 'park', 'daytime', 'walk', 'felt']"
52.2961,-1.53742,38.42559676351342,0.6,0.4,0.4,28,5.178571428571429,2,"['main high street', 'route']"
52.28793,-1.5667,45.23170042302751,0.8,0.8,0.2,119,5.554621848739496,4,"['cars', 'public', 'lot', 'times', 'route']"
52.2902,-1.53805,40.119735294877145,0.6,0.4,0.4,563,5.048913043478261,46,"['main high street', 'route']"
52.28455,-1.53545,20.45023431081277,0.2,0.2,0.2,540,6.597744360902255,36,"['unlit roads', 'route']"
52.27632,-1.52168,34.02925334343408,0.6,0.6,0.2,127,6.9921259842519685,1,"['street', 'public', 'other members']"
52.27517,-1.52654,48.18335634466712,0.8,0.8,0.4,96,6.042553191489362,3,"['public spaces', 'access', 'route']"
52.28442,-1.5352,20.94317892090483,0.2,0.2,0.2,544,6.517690875232774,42,"['unlit roads', 'route']"
52.29015,-1.57997,53.945610687022906,0.6,0.6,0.4,0,0.0,0,"['busy route', 'cars', 'hospital', 'shops', 'times']"
52.28573,-1.53308,32.14264092175965,0.4,0.4,0.3,528,6.383429672447013,59,"['little lighting', 'park', 'backstreets', 'evening', 'lighting']"
52.29081,-1.58309,53.945610687022906,0.6,0.6,0.4,0,0.0,0,"['busy route', 'cars', 'hospital', 'shops', 'times']"
52.28486,-1.55428,47.82346706798669,0.6,0.8,0.4,9,4.555555555555555,2,"['scenic route', 'park', 'daytime', 'walk', 'felt']"
52.27593,-1.52691,48.46436789418016,0.8,0.8,0.4,126,5.846774193548387,1,"['public spaces', 'access', 'route']"
52.28947,-1.5725,36.52497531094255,0.4,0.4,0.6,6,6.0,1,"['busy route', 'public spaces', 'hospital', 'shops', 'route']"
52.29114,-1.57753,57.97998264012746,0.8,0.8,0.2,0,0.0,1,"['cars', 'public', 'lot', 'times', 'route']"
52.28646,-1.56076,44.06506340890922,0.6,0.8,0.4,56,6.267857142857143,6,"['scenic route', 'park', 'daytime', 'walk', 'felt']"
52.28525,-1.53662,19.30016395634392,0.2,0.2,0.2,338,6.870870870870871,21,"['unlit roads', 'route']"
52.28805,-1.5349,33.73415408778726,0.6,0.4,0.2,509,5.953346855983773,32,"['isolated road', 'lack', 'route', 'lighting']"
52.29078,-1.57815,57.97998264012746,0.8,0.8,0.2,0,0.0,1,"['cars', 'public', 'lot', 'times', 'route']"
52.28248,-1.55028,46.96557056334652,0.8,0.8,0.2,85,4.738095238095238,1,"['cars', 'public', 'lot', 'times', 'route']"
52.27598,-1.51715,35.893703834210775,0.6,0.6,0.2,107,6.271028037383178,5,"['street', 'public', 'other members']"
52.28782,-1.56596,37.0057637046623,0.4,0.4,0.6,147,5.809523809523809,6,"['busy route', 'public spaces', 'hospital', 'shops', 'route']"
52.28494,-1.55356,47.82346706798669,0.6,0.8,0.4,9,4.555555555555555,2,"['scenic route', 'park', 'daytime', 'walk', 'felt']"
52.28503,-1.53355,33.87394166307952,0.4,0.4,0.4,576,6.304424778761062,54,"['evening', 'backstreets', 'lighting', 'route']"
52.28474,-1.53544,20.431109259079072,0.2,0.2,0.2,533,6.611428571428571,36,"['unlit roads', 'route']"
52.29131,-1.53673,32.60188187915396,0.4,0.4,0.2,831,5.209737827715355,68,"['little lighting', 'park']"
52.28964,-1.55163,35.99699158569942,0.4,0.4,0.6,85,6.154761904761905,0,"['busy route', 'public spaces', 'hospital', 'shops', 'route']"
52.27608,-1.51758,34.863203011014235,0.6,0.6,0.2,122,6.721311475409836,5,"['street', 'public', 'other members']"
52.2792974,-1.5298098,35.017760573105456,0.5,0.6,0.2,366,5.7855153203342615,14,"['isolated streets', 'many public spaces', 'route']"
52.28779,-1.53467,33.32068872680555,0.6,0.4,0.2,502,6.129896907216495,31,"['isolated road', 'lack', 'route', 'lighting']"
52.27968,-1.54216,32.61772936563288,0.6,0.4,0.2,109,6.091743119266055,6,"['isolated road', 'lack', 'route', 'lighting']"
52.2857262,-1.5330768,49.97183939504209,0.7,0.9,0.4,528,6.383429672447013,59,"['shops', 'public spaces', 'ease', 'many people', 'route']"
52.286249,-1.526155,29.47157506440877,0.4,0.4,0.2,143,5.652482269503546,6,"['main roads', 'route']"
52.27435,-1.52474,47.13748739495285,0.8,0.8,0.4,180,6.455555555555556,3,"['public spaces', 'access', 'route']"
52.2873121,-1.5357703,44.2710631937012,0.6,0.8,0.4,495,6.278008298755187,26,"['afternoons', 'greenery', 'public', 'route']"
52.2909716,-1.5830234,42.31393129770992,0.4,0.4,0.2,0,0.0,0,"['little lighting', 'night', 'park', 'public spaces', 'access']"
52.28506,-1.53542,23.399453201205745,0.3,0.25,0.2,528,6.615384615384615,36,"['unlit roads', 'night', 'street lighting', 'park', 'anything']"
52.28678,-1.54828,46.0904058667096,0.6,0.8,0.4,34,5.294117647058823,2,"['scenic route', 'park', 'daytime', 'walk', 'felt']"
52.28603,-1.53736,20.69682384183085,0.2,0.2,0.2,265,5.942748091603053,8,"['unlit roads', 'route']"
52.27966,-1.5453,36.91549499546266,0.6,0.4,0.2,133,4.251968503937008,10,"['isolated road', 'lack', 'route', 'lighting']"
52.29134,-1.57822,53.945610687022906,0.6,0.6,0.4,0,0.0,0,"['busy route', 'cars', 'hospital', 'shops', 'times']"
52.29141,-1.57826,50.20515267175573,0.4,0.4,0.6,0,0.0,0,"['busy route', 'public spaces', 'hospital', 'shops', 'route']"
52.28603,-1.55937,47.11999286741852,0.8,0.8,0.2,12,4.833333333333333,5,"['cars', 'public', 'lot', 'times', 'route']"
52.28903,-1.53796,38.63251335000324,0.6,0.4,0.4,459,5.429844097995546,30,"['main high street', 'route']"
52.28755,-1.53914,19.90669551372024,0.2,0.2,0.2,233,6.25,5,"['unlit roads', 'route']"
52.28903,-1.53799,38.507556743999,0.6,0.4,0.4,486,5.466386554621849,30,"['main high street', 'route']"
52.2912,-1.53811,39.37346983008704,0.6,0.4,0.4,757,5.401639344262295,52,"['main high street', 'route']"
52.2858,-1.53649,19.49411634360204,0.2,0.2,0.2,346,6.853372434017595,24,"['unlit roads', 'route']"
52.28248,-1.55215,47.65175232787628,0.8,0.8,0.2,60,4.433333333333334,0,"['cars', 'public', 'lot', 'times', 'route']"
52.28264,-1.55111,47.69266355882847,0.8,0.8,0.2,59,4.440677966101695,1,"['cars', 'public', 'lot', 'times', 'route']"
52.28793,-1.53478,33.68938252725634,0.6,0.4,0.2,511,6.026315789473684,34,"['isolated road', 'lack', 'route', 'lighting']"
52.27919,-1.5457,37.34456307742561,0.6,0.4,0.2,127,4.140495867768595,13,"['isolated road', 'lack', 'route', 'lighting']"
52.28217,-1.54919,47.97520944836444,0.8,0.8,0.2,72,4.352112676056338,3,"['cars', 'public', 'lot', 'times', 'route']"
52.27606,-1.52694,48.56862059111187,0.8,0.8,0.4,162,5.773584905660377,1,"['public spaces', 'access', 'route']"
52.27962,-1.54523,34.222588235159904,0.6,0.4,0.2,54,5.518518518518518,10,"['isolated road', 'lack', 'route', 'lighting']"
52.28483,-1.55438,47.82346706798669,0.6,0.8,0.4,9,4.555555555555555,2,"['scenic route', 'park', 'daytime', 'walk', 'felt']"
52.28807,-1.5438,43.82567962188862,0.6,0.8,0.4,87,6.329411764705882,5,"['scenic route', 'park', 'daytime', 'walk', 'felt']"
52.28581699999999,-1.5330837,49.91627159649849,0.8,0.8,0.4,501,6.396341463414634,59,"['public spaces', 'lots', 'route']"
52.2852,-1.53652,19.2919039738776,0.2,0.2,0.2,366,6.858725761772853,21,"['unlit roads', 'route']"
52.2871,-1.53666,44.10240788569353,0.6,0.8,0.4,485,6.267932489451477,18,"['scenic route', 'park', 'daytime', 'walk', 'felt']"
52.2894565,-1.5591778,39.56355754802868,0.6,0.4,0.6,178,6.420454545454546,4,"['ease', 'route']"
52.28959,-1.55338,36.44418548113131,0.4,0.4,0.6,66,5.96969696969697,0,"['busy route', 'public spaces', 'hospital', 'shops', 'route']"
52.28945,-1.55792,37.03353185139832,0.4,0.4,0.6,77,5.75,2,"['busy route', 'public spaces', 'hospital', 'shops', 'route']"
52.28699,-1.53319,33.06062998628694,0.4,0.4,0.4,537,6.216730038022813,35,"['evening', 'backstreets', 'lighting', 'route']"
52.291387,-1.5783038,42.31393129770992,0.4,0.4,0.2,0,0.0,0,"['little lighting', 'night', 'park', 'public spaces', 'access']"
52.28946,-1.55918,35.489130067112654,0.4,0.4,0.6,178,6.420454545454546,4,"['busy route', 'public spaces', 'hospital', 'shops', 'route']"
52.28788,-1.56643,37.673342219514936,0.4,0.4,0.6,116,5.5344827586206895,6,"['busy route', 'public spaces', 'hospital', 'shops', 'route']"
52.2896,-1.55258,36.272579812123766,0.4,0.4,0.6,63,6.047619047619048,0,"['busy route', 'public spaces', 'hospital', 'shops', 'route']"
52.2854,-1.5504,45.779331972774784,0.6,0.8,0.4,45,5.422222222222223,2,"['scenic route', 'park', 'daytime', 'walk', 'felt']"
52.28855,-1.53521,34.63408583362042,0.6,0.4,0.2,524,5.616141732283465,36,"['isolated road', 'lack', 'route', 'lighting']"
52.28688,-1.52646,28.98429574985072,0.4,0.4,0.2,142,5.814285714285714,8,"['night', 'round back streets']"
52.29116,-1.57764,50.260516991272496,0.4,0.4,0.6,0,0.0,1,"['busy route', 'public spaces', 'hospital', 'shops', 'route']"
52.28669,-1.56092,43.78171978524022,0.8,0.8,0.2,84,6.273809523809524,6,"['cars', 'public', 'lot', 'times', 'route']"
52.28422,-1.53473,21.188979493399508,0.2,0.2,0.2,546,6.504638218923933,46,"['unlit roads', 'route']"
52.2902026,-1.5386973,44.2580235919773,0.6,0.4,0.6,565,5.0650994575045205,48,"['ease', 'route']"
52.28743,-1.56501,40.77416094235244,0.6,0.6,0.4,141,5.801418439716312,6,"['busy route', 'cars', 'hospital', 'shops', 'times']"
52.28817,-1.54053,45.46515302240504,0.6,0.8,0.4,149,5.951388888888889,21,"['scenic route', 'park', 'daytime', 'walk', 'felt']"
52.28713,-1.5351,44.66168726953466,0.6,0.8,0.4,476,6.245161290322581,27,"['scenic route', 'park', 'daytime', 'walk', 'felt']"
52.28458,-1.53426,33.87910232608588,0.6,0.4,0.2,574,6.3699115044247785,52,"['isolated road', 'lack', 'route', 'lighting']"
52.28996540000001,-1.5785805,42.31393129770992,0.4,0.4,0.2,0,0.0,0,"['little lighting', 'night', 'park', 'public spaces', 'access']"
52.28342,-1.5436,49.235794402540016,0.8,0.8,0.2,160,3.69811320754717,3,"['cars', 'public', 'lot', 'times', 'route']"
52.28762,-1.53478,29.105604190443422,0.4,0.4,0.2,496,6.148535564853557,29,"['little lighting', 'park']"
52.29035,-1.58405,53.945610687022906,0.6,0.6,0.4,0,0.0,0,"['busy route', 'cars', 'hospital', 'shops', 'times']"
52.28151,-1.53475,30.05318584730996,0.5,0.4,0.2,170,6.411764705882353,11,"['isolated road', 'lack', 'route', 'public services', 'lighting']"
52.27642,-1.52703,48.5837963304663,0.8,0.8,0.4,168,5.8121212121212125,3,"['public spaces', 'access', 'route']"
52.28554,-1.5501,45.779331972774784,0.6,0.8,0.4,45,5.422222222222223,2,"['scenic route', 'park', 'daytime', 'walk', 'felt']"
52.280894,-1.5445862,31.651680555041988,0.4,0.4,0.2,156,4.84516129032258,9,"['street lighting', 'road', 'public spaces', 'route', 'access']"
52.2899,-1.57936,53.945610687022906,0.6,0.6,0.4,0,0.0,0,"['busy route', 'cars', 'hospital', 'shops', 'times']"
52.28464,-1.55642,45.26411118890908,0.8,0.8,0.2,8,5.625,4,"['cars', 'public', 'lot', 'times', 'route']"
52.29047,-1.58365,53.945610687022906,0.6,0.6,0.4,0,0.0,0,"['busy route', 'cars', 'hospital', 'shops', 'times']"
52.28032,-1.54049,31.391841931550257,0.6,0.4,0.2,130,6.476923076923077,0,"['isolated road', 'lack', 'route', 'lighting']"
52.28476,-1.55544,45.49311882249686,0.6,0.8,0.4,8,5.625,4,"['scenic route', 'park', 'daytime', 'walk', 'felt']"
52.2882476,-1.5380635,45.54277647869551,0.6,0.8,0.4,318,5.834951456310679,27,"['afternoons', 'greenery', 'public', 'route']"
52.29062,-1.53807,39.82371139665597,0.6,0.4,0.4,701,5.173076923076923,50,"['main high street', 'route']"
52.28436,-1.53507,21.013388208267376,0.2,0.2,0.2,543,6.5111940298507465,43,"['unlit roads', 'route']"
52.28885,-1.56141,35.08796231101773,0.4,0.4,0.6,200,6.63819095477387,6,"['busy route', 'public spaces', 'hospital', 'shops', 'route']"
52.28749,-1.53441,33.0251346586463,0.6,0.4,0.2,487,6.255274261603375,30,"['isolated road', 'lack', 'route', 'lighting']"
52.28726,-1.56333,44.75635262332373,0.8,0.8,0.2,171,5.777777777777778,6,"['cars', 'public', 'lot', 'times', 'route']"
52.2821,-1.54798,49.03094446831112,0.8,0.8,0.2,124,3.829268292682927,3,"['cars', 'public', 'lot', 'times', 'route']"
52.28639,-1.56041,45.24213016259117,0.8,0.8,0.2,41,5.658536585365853,6,"['cars', 'public', 'lot', 'times', 'route']"
52.28485,-1.53145,29.877934117259592,0.4,0.4,0.2,599,6.254668930390492,54,"['night', 'round back streets']"
52.28244,-1.55252,44.40354381115002,0.8,0.8,0.2,35,5.885714285714286,0,"['cars', 'public', 'lot', 'times', 'route']"
52.28713,-1.53791,20.034212909404964,0.2,0.2,0.2,271,6.216730038022813,7,"['unlit roads', 'route']"
52.2763825,-1.5284333,28.98951296577239,0.4,0.4,0.2,167,5.908536585365853,4,"['street lighting', 'road', 'public spaces', 'route', 'access']"
52.29086,-1.58311,53.945610687022906,0.6,0.6,0.4,0,0.0,0,"['busy route', 'cars', 'hospital', 'shops', 'times']"
52.28376,-1.55485,44.75949890508248,0.8,0.8,0.2,19,5.789473684210527,2,"['cars', 'public', 'lot', 'times', 'route']"
52.28743,-1.53793,44.00412615104336,0.6,0.8,0.4,245,6.194915254237288,7,"['scenic route', 'park', 'daytime', 'walk', 'felt']"
52.28752,-1.56476,37.1831286156112,0.4,0.4,0.6,153,5.725490196078432,6,"['busy route', 'public spaces', 'hospital', 'shops', 'route']"
52.27628,-1.5356,48.51450569234848,0.8,0.8,0.4,212,5.785714285714286,2,"['public spaces', 'access', 'route']"
52.28903,-1.53794,38.63251335000324,0.6,0.4,0.4,459,5.429844097995546,30,"['main high street', 'route']"
52.28683,-1.56127,43.51840668288614,0.8,0.8,0.2,103,6.378640776699029,6,"['cars', 'public', 'lot', 'times', 'route']"
52.27645,-1.52028,33.90857226346979,0.6,0.6,0.2,116,7.051724137931035,1,"['street', 'public', 'other members']"
52.28683,-1.56086,44.15056610421868,0.6,0.8,0.4,92,6.206521739130435,6,"['scenic route', 'park', 'daytime', 'walk', 'felt']"
52.29064,-1.58028,53.945610687022906,0.6,0.6,0.4,0,0.0,0,"['busy route', 'cars', 'hospital', 'shops', 'times']"
52.27903,-1.54334,33.178051808258566,0.6,0.4,0.2,75,5.866666666666666,6,"['isolated road', 'lack', 'route', 'lighting']"
52.28525,-1.56258,48.38504438070557,0.6,0.8,0.4,62,4.306451612903226,4,"['scenic route', 'park', 'daytime', 'walk', 'felt']"
52.29092,-1.58136,53.945610687022906,0.6,0.6,0.4,0,0.0,0,"['busy route', 'cars', 'hospital', 'shops', 'times']"
52.28523,-1.53365,34.12604380875784,0.4,0.4,0.4,565,6.297297297297297,58,"['evening', 'backstreets', 'lighting', 'route']"
52.28994,-1.54488,36.95489349296609,0.4,0.4,0.6,75,5.8108108108108105,3,"['busy route', 'public spaces', 'hospital', 'shops', 'route']"
52.28768,-1.53979,19.91409023312608,0.2,0.2,0.2,151,6.275862068965517,4,"['unlit roads', 'route']"
52.29359,-1.53717,39.18088233730106,0.6,0.4,0.4,502,5.527950310559007,45,"['main high street', 'route']"
52.2824,-1.55,47.75847190698687,0.8,0.8,0.2,71,4.4,1,"['cars', 'public', 'lot', 'times', 'route']"
52.284399,-1.5315297,30.24243566483125,0.4,0.4,0.2,608,6.240802675585284,56,"['main roads', 'route']"
52.2895,-1.55855,35.62126648786079,0.4,0.4,0.6,147,6.3310344827586205,2,"['busy route', 'public spaces', 'hospital', 'shops', 'route']"
52.28718,-1.53541,44.51926015218046,0.6,0.8,0.4,506,6.265720081135902,26,"['scenic route', 'park', 'daytime', 'walk', 'felt']"
52.28291,-1.53462,30.70058770664706,0.5,0.4,0.2,383,6.486910994764398,31,"['isolated road', 'lack', 'route', 'public services', 'lighting']"
52.2913023,-1.5778892,42.3692956172267,0.4,0.4,0.2,0,0.0,1,"['little lighting', 'night', 'park', 'public spaces', 'access']"
52.28776,-1.53862,44.22498626216548,0.6,0.8,0.4,287,6.115523465703971,9,"['scenic route', 'park', 'daytime', 'walk', 'felt']"
52.28998,-1.57966,53.945610687022906,0.6,0.6,0.4,0,0.0,0,"['busy route', 'cars', 'hospital', 'shops', 'times']"
52.28273,-1.54573,48.980024625920194,0.8,0.8,0.2,131,3.869230769230769,4,"['cars', 'public', 'lot', 'times', 'route']"
52.28632,-1.53186,29.520771632223685,0.4,0.4,0.2,500,6.230142566191447,44,"['night', 'round back streets']"
52.29629,-1.53701,38.42559676351342,0.6,0.4,0.4,28,5.178571428571429,2,"['main high street', 'route']"
52.28416929999999,-1.5321236,50.074618909309486,0.8,0.8,0.4,636,6.252396166134186,60,"['public street', 'daytime', 'people', 'route']"
52.28924,-1.56007,35.59985870614621,0.4,0.4,0.6,178,6.420454545454546,6,"['busy route', 'public spaces', 'hospital', 'shops', 'route']"
52.27632,-1.53311,48.71887148825708,0.8,0.8,0.4,288,5.735915492957746,6,"['public spaces', 'access', 'route']"
52.2827,-1.55337,44.85453843469373,0.8,0.8,0.2,41,5.682926829268292,0,"['cars', 'public', 'lot', 'times', 'route']"
52.2826,-1.5515,47.69266355882847,0.8,0.8,0.2,59,4.440677966101695,1,"['cars', 'public', 'lot', 'times', 'route']"
52.28536,-1.55769,44.19064274730773,0.8,0.8,0.2,5,6.0,0,"['cars', 'public', 'lot', 'times', 'route']"
52.2875,-1.53289,39.34943283391488,0.5,0.6,0.4,478,6.263948497854077,36,"['scenic route', 'park', 'daytime', 'walk', 'backstreets']"
52.2721847,-1.5256998,33.194603617282475,0.6,0.4,0.2,93,5.870967741935484,7,"['cemetery', 'more people', 'walk', 'route']"
52.28538,-1.55773,44.41965038089551,0.6,0.8,0.4,5,6.0,0,"['scenic route', 'park', 'daytime', 'walk', 'felt']"
52.28731,-1.53577,44.50961281202181,0.6,0.8,0.4,495,6.278008298755187,26,"['scenic route', 'park', 'daytime', 'walk', 'felt']"
52.28721,-1.56292,44.82615072662596,0.8,0.8,0.2,162,5.753086419753086,6,"['cars', 'public', 'lot', 'times', 'route']"
52.28544,-1.55795,44.19064274730773,0.8,0.8,0.2,5,6.0,0,"['cars', 'public', 'lot', 'times', 'route']"
52.27638,-1.52843,42.610696171879255,0.7,0.7,0.3,167,5.908536585365853,4,"['public spaces', 'street', 'other members', 'access', 'route']"
52.2812835,-1.5456867,33.06949691879256,0.4,0.4,0.2,154,4.235294117647059,10,"['street lighting', 'road', 'public spaces', 'route', 'access']"
52.27648,-1.52008,33.612488496228295,0.6,0.6,0.2,106,7.188679245283019,1,"['street', 'public', 'other members']"
52.28924,-1.57167,45.48209263122816,0.8,0.8,0.2,11,5.454545454545454,1,"['cars', 'public', 'lot', 'times', 'route']"
52.28753,-1.56515,44.69780425642345,0.8,0.8,0.2,141,5.801418439716312,5,"['cars', 'public', 'lot', 'times', 'route']"
52.2869,-1.53339,32.49529782607572,0.4,0.4,0.4,607,6.333892617449664,31,"['evening', 'backstreets', 'lighting', 'route']"
52.28806,-1.53153,45.25896855542775,0.6,0.8,0.4,320,6.17741935483871,31,"['scenic route', 'park', 'daytime', 'walk', 'felt']"
52.28944,-1.5567,37.31023762898549,0.4,0.4,0.6,51,5.647058823529412,2,"['busy route', 'public spaces', 'hospital', 'shops', 'route']"
52.27635,-1.51873,34.54206561180578,0.6,0.6,0.2,139,6.805755395683454,3,"['street', 'public', 'other members']"
52.28675,-1.56105,43.80954608415313,0.6,0.8,0.4,99,6.353535353535354,6,"['scenic route', 'park', 'daytime', 'walk', 'felt']"
52.2883,-1.5307,39.6769100482855,0.5,0.6,0.4,291,5.882562277580071,22,"['scenic route', 'park', 'daytime', 'walk', 'backstreets']"
52.2897243,-1.5500951,40.94225587620159,0.6,0.4,0.6,80,5.772151898734177,0,"['ease', 'route']"
52.28397,-1.53666,42.45131090690359,0.8,0.8,0.2,352,6.968299711815562,16,"['cars', 'public', 'lot', 'times', 'route']"
52.28502,-1.53352,33.87394166307952,0.4,0.4,0.4,576,6.304424778761062,54,"['evening', 'backstreets', 'lighting', 'route']"
52.28648,-1.56386,45.25360384729108,0.6,0.8,0.4,143,5.678321678321678,6,"['scenic route', 'park', 'daytime', 'walk', 'felt']"
52.28589,-1.54948,46.03116422803161,0.6,0.8,0.4,31,5.32258064516129,2,"['scenic route', 'park', 'daytime', 'walk', 'felt']"
52.28746,-1.56498,37.1831286156112,0.4,0.4,0.6,153,5.725490196078432,6,"['busy route', 'public spaces', 'hospital', 'shops', 'route']"
52.28418,-1.53414,34.09650484553406,0.6,0.4,0.2,590,6.333907056798623,55,"['isolated road', 'lack', 'route', 'lighting']"
52.28478,-1.53391,31.82933837103593,0.4,0.4,0.3,594,6.328767123287672,53,"['quiet route', 'evening', 'backstreets', 'lighting', 'public services']"
52.28578,-1.5316,30.091778590115787,0.4,0.4,0.2,518,6.341846758349705,59,"['night', 'round back streets']"
52.28803,-1.54452,43.77031530237184,0.6,0.8,0.4,87,6.329411764705882,4,"['scenic route', 'park', 'daytime', 'walk', 'felt']"
52.28794,-1.54571,44.693325337420426,0.6,0.8,0.4,33,5.909090909090909,2,"['scenic route', 'park', 'daytime', 'walk', 'felt']"
52.27488,-1.52629,47.69107879197487,0.8,0.8,0.4,102,6.257425742574258,3,"['public spaces', 'access', 'route']"
52.2896,-1.55327,36.44418548113131,0.4,0.4,0.6,66,5.96969696969697,0,"['busy route', 'public spaces', 'hospital', 'shops', 'route']"
52.28744,-1.56499,37.03370292708526,0.4,0.4,0.6,141,5.801418439716312,6,"['busy route', 'public spaces', 'hospital', 'shops', 'route']"
52.28797,-1.53627,28.402957985717343,0.4,0.35,0.2,494,5.97907949790795,31,"['little lighting', 'street lighting', 'night', 'park', 'anything']"
52.27643,-1.52409,34.65321340188802,0.6,0.6,0.2,207,6.666666666666667,1,"['street', 'public', 'other members']"
52.292597,-1.5369774,51.47133401442832,0.8,0.8,0.4,763,5.233783783783784,52,"['public spaces', 'lots', 'route']"
52.28252,-1.55003,47.72666083547253,0.8,0.8,0.2,83,4.402439024390244,1,"['cars', 'public', 'lot', 'times', 'route']"
52.28613,-1.54898,46.04803069551661,0.6,0.8,0.4,25,5.32,2,"['scenic route', 'park', 'daytime', 'walk', 'felt']"
52.28785,-1.53888,40.46250762593172,0.5,0.7,0.4,290,5.7785714285714285,7,"['scenic route', 'many drunk people', 'night', 'daytime', 'walk']"
52.29111,-1.57742,50.260516991272496,0.4,0.4,0.6,0,0.0,1,"['busy route', 'public spaces', 'hospital', 'shops', 'route']"
52.28772,-1.5655,36.97305451843935,0.4,0.4,0.6,144,5.826388888888889,6,"['busy route', 'public spaces', 'hospital', 'shops', 'route']"
52.27921,-1.54475,34.1030435155311,0.6,0.4,0.2,60,5.566666666666666,10,"['isolated road', 'lack', 'route', 'lighting']"
52.28491,-1.55395,47.82346706798669,0.6,0.8,0.4,9,4.555555555555555,2,"['scenic route', 'park', 'daytime', 'walk', 'felt']"
52.28628,-1.56007,47.175357186935294,0.8,0.8,0.2,12,4.833333333333333,6,"['cars', 'public', 'lot', 'times', 'route']"
52.28959,-1.55357,36.38034289088659,0.4,0.4,0.6,63,6.0,0,"['busy route', 'public spaces', 'hospital', 'shops', 'route']"
52.29134,-1.57801,54.00097500653966,0.6,0.6,0.4,0,0.0,1,"['busy route', 'cars', 'hospital', 'shops', 'times']"
52.277348,-1.518688,27.739263122592224,0.4,0.4,0.2,130,6.469230769230769,3,"['street lighting', 'road', 'public spaces', 'route', 'access']"
52.28775,-1.5641,36.981522654952,0.4,0.4,0.6,171,5.777777777777778,5,"['busy route', 'public spaces', 'hospital', 'shops', 'route']"
52.28397,-1.53858,44.20942510447565,0.8,0.8,0.2,221,5.9132420091324205,3,"['cars', 'public', 'lot', 'times', 'route']"
52.28535,-1.55051,45.779331972774784,0.6,0.8,0.4,45,5.422222222222223,2,"['scenic route', 'park', 'daytime', 'walk', 'felt']"
52.28765,-1.53256,33.529762393450426,0.4,0.4,0.4,472,6.144736842105263,39,"['evening', 'backstreets', 'lighting', 'route']"
52.28968,-1.55093,36.477235459846696,0.4,0.4,0.6,77,5.947368421052632,0,"['busy route', 'public spaces', 'hospital', 'shops', 'route']"
52.28807,-1.54264,43.95186627516767,0.6,0.8,0.4,94,6.293478260869565,6,"['scenic route', 'park', 'daytime', 'walk', 'felt']"
52.28499,-1.55289,47.82346706798669,0.6,0.8,0.4,9,4.555555555555555,2,"['scenic route', 'park', 'daytime', 'walk', 'felt']"
52.28813,-1.54107,44.35196981656341,0.6,0.8,0.4,118,6.321739130434783,15,"['scenic route', 'park', 'daytime', 'walk', 'felt']"
52.28994,-1.57412,50.260516991272496,0.4,0.4,0.6,0,0.0,1,"['busy route', 'public spaces', 'hospital', 'shops', 'route']"
52.28411,-1.53582,43.42240907138182,0.8,0.8,0.2,453,6.739910313901345,27,"['cars', 'public', 'lot', 'times', 'route']"
52.2900115,-1.5445292,44.70498347004167,0.7,0.6,0.5,86,5.882352941176471,3,"['enjoyable evening walk', 'street lights', 'ease', 'busy streets', 'route']"
52.28698,-1.53761,19.65090925813148,0.2,0.2,0.2,449,6.247165532879818,6,"['unlit roads', 'route']"
52.28477,-1.54724,45.768907210456966,0.6,0.6666666666666666,0.4,131,4.007692307692308,1,"['evening', 'nice walk', 'route', 'thing', 'start']"
52.28556,-1.53567,30.56120563629824,0.4,0.4,0.3,434,6.644028103044496,38,"['many drunk people', 'night', 'park', 'lighting', 'paths']"
52.28604,-1.53626,25.867143235930723,0.4,0.3,0.2,353,6.810344827586207,26,"['street lighting', 'nobody', 'night', 'park', 'route']"
52.28459,-1.53544,26.6286694253166,0.4,0.3,0.2,540,6.597744360902255,36,"['street lighting', 'nobody', 'night', 'park', 'route']"
52.28693,-1.54914,43.08365410518583,0.6,0.6666666666666666,0.4,25,5.32,2,"['evening', 'nice walk', 'route', 'thing', 'start']"
52.28128,-1.5466,30.96548928520477,0.4,0.3,0.2,154,4.235294117647059,10,"['street lighting', 'nobody', 'night', 'park', 'route']"
52.28987,-1.54604,36.07858873619164,0.4,0.6,0.4,65,5.984375,0,"['many drunk people', 'night', 'park']"
52.29107,-1.54668,41.37955194227163,0.55,0.65,0.4,135,5.446969696969697,4,"['many drunk people', 'night', 'nice walk', 'park', 'start']"
52.2854409,-1.5373244,42.48769862924669,0.7,0.6,0.4,263,5.992307692307692,7,"['more public spaces', 'park', 'start', 'route']"
52.28748,-1.53651,26.579900249818245,0.4,0.3,0.2,485,6.260042283298097,21,"['street lighting', 'nobody', 'night', 'park', 'route']"
52.28403,-1.53327,30.22460416779976,0.4,0.4,0.2,560,6.310344827586207,57,"['quiet route', 'public services']"
52.28807,-1.5401,37.08327378647552,0.4,0.6,0.4,158,5.915032679738562,18,"['many drunk people', 'night', 'park']"
52.28269,-1.54571,31.50387958775226,0.4,0.3,0.2,131,3.869230769230769,4,"['street lighting', 'nobody', 'night', 'park', 'route']"
52.28336,-1.54443,45.0235605143508,0.6,0.6666666666666666,0.4,121,4.425,4,"['evening', 'nice walk', 'route', 'thing', 'start']"
52.28285,-1.54579,31.50387958775226,0.4,0.3,0.2,131,3.869230769230769,4,"['street lighting', 'nobody', 'night', 'park', 'route']"
52.28325,-1.54678,46.24465566917719,0.6,0.6666666666666666,0.4,131,3.869230769230769,4,"['evening', 'nice walk', 'route', 'thing', 'start']"
52.2833039,-1.5488877,54.71892677940728,0.8,0.8,0.5,71,4.014285714285714,3,"['many restaurants', 'lively atmosphere', 'shops', 'street', 'pathways']"
52.2898457,-1.5466228,48.30422072438837,0.8,0.8,0.4,66,5.830769230769231,0,"['enjoyable evening walk', 'street lights', 'busy streets', 'thanks']"
52.28894,-1.53799,27.48981966699048,0.4,0.2,0.2,436,5.330985915492958,30,"['park', 'paths', 'lighting']"
52.28823,-1.53807,26.57700107356814,0.4,0.2,0.2,299,5.790378006872852,27,"['park', 'paths', 'lighting']"
52.28416,-1.53771,26.24114642069905,0.4,0.3,0.2,289,6.114982578397212,4,"['street lighting', 'nobody', 'night', 'park', 'route']"
52.28125,-1.54696,30.910124965688,0.4,0.3,0.2,154,4.235294117647059,9,"['street lighting', 'nobody', 'night', 'park', 'route']"
52.28686,-1.54923,43.08365410518583,0.6,0.6666666666666666,0.4,25,5.32,2,"['evening', 'nice walk', 'route', 'thing', 'start']"
52.28164,-1.5455,30.562584293843663,0.4,0.3,0.2,164,4.306748466257669,6,"['street lighting', 'nobody', 'night', 'park', 'route']"
52.2844,-1.53586,25.99057865295038,0.4,0.3,0.2,444,6.750572082379863,28,"['street lighting', 'nobody', 'night', 'park', 'route']"
52.2789332,-1.5472643,57.42497154009418,0.8,0.8,0.5,122,3.0,13,"['many restaurants', 'lively atmosphere', 'shops', 'street', 'pathways']"
52.28359,-1.5432,46.79053596633757,0.6,0.6666666666666666,0.4,121,3.611570247933885,3,"['evening', 'nice walk', 'route', 'thing', 'start']"
52.28974,-1.54664,41.74251588978278,0.6,0.6666666666666666,0.4,66,5.830769230769231,0,"['evening', 'nice walk', 'route', 'thing', 'start']"
52.2899,-1.54445,36.44162469141572,0.4,0.6,0.4,86,5.882352941176471,3,"['many drunk people', 'night', 'park']"
52.28394,-1.53196,48.29699061761608,0.7333333333333333,0.7333333333333333,0.4666666666666666,616,6.254125412541254,60,"['night', 'public', 'drunk public', 'residential area', 'route']"
52.28767,-1.53763,25.03177097014048,0.4,0.2,0.2,359,6.051428571428572,11,"['park', 'paths', 'lighting']"
52.2861,-1.53629,25.98412873066333,0.4,0.3,0.2,422,6.71462829736211,26,"['street lighting', 'nobody', 'night', 'park', 'route']"
52.2853,-1.53458,31.46910233311988,0.4,0.4,0.3,520,6.446393762183236,49,"['many drunk people', 'night', 'park', 'lighting', 'paths']"
52.28324,-1.5448,30.28278443292585,0.4,0.3,0.2,121,4.425,4,"['street lighting', 'nobody', 'night', 'park', 'route']"
52.28437,-1.53618,25.75084396444638,0.4,0.3,0.2,433,6.765807962529274,24,"['street lighting', 'nobody', 'night', 'park', 'route']"
52.281418,-1.548171,44.96037725141884,0.6,0.5428571428571429,0.4,59,3.931034482758621,9,"['good street lighting', 'few shops', 'many restaurants', 'park', 'end']"
52.286249,-1.548171,38.39002418732029,0.6,0.4,0.4,34,5.294117647058823,2,"['nice walk', 'daytime', 'end', 'route']"
52.28129,-1.54557,30.673312932877216,0.4,0.3,0.2,164,4.306748466257669,8,"['street lighting', 'nobody', 'night', 'park', 'route']"
52.28437,-1.53638,25.332937941856752,0.4,0.3,0.2,399,6.878172588832487,20,"['street lighting', 'nobody', 'night', 'park', 'route']"
52.28963,-1.5346,49.23476256924763,0.7,0.7,0.5,649,5.242088607594937,44,"['greenery', 'daytime', 'shops', 'high quantity', 'people']"
52.28128,-1.54569,30.96548928520477,0.4,0.3,0.2,154,4.235294117647059,10,"['street lighting', 'nobody', 'night', 'park', 'route']"
52.28781,-1.53787,24.83915815445849,0.4,0.2,0.2,327,6.163522012578617,11,"['park', 'paths', 'lighting']"
52.28303,-1.54554,40.08024019081061,0.52,0.52,0.32,141,3.9785714285714286,4,"['street lighting', 'night', 'nice walk', 'nobody', 'park']"
52.28706,-1.53687,24.81173147710824,0.4,0.2,0.2,456,6.242152466367713,17,"['park', 'paths', 'lighting']"
52.2836,-1.54297,46.79053596633757,0.6,0.6666666666666666,0.4,121,3.611570247933885,3,"['evening', 'nice walk', 'route', 'thing', 'start']"
52.28554,-1.54724,43.60319989818031,0.6,0.6666666666666666,0.4,26,5.115384615384615,3,"['evening', 'nice walk', 'route', 'thing', 'start']"
52.28898,-1.53803,27.48981966699048,0.4,0.2,0.2,436,5.330985915492958,30,"['park', 'paths', 'lighting']"
52.28136,-1.54574,30.96548928520477,0.4,0.3,0.2,154,4.235294117647059,10,"['street lighting', 'nobody', 'night', 'park', 'route']"
52.28399,-1.53982,26.93153954820894,0.4,0.3,0.2,189,5.796791443850268,1,"['street lighting', 'nobody', 'night', 'park', 'route']"
52.28694,-1.53705,25.3127954450572,0.4,0.2666666666666666,0.2,487,6.381551362683438,14,"['street lighting', 'nobody', 'night', 'park', 'paths']"
52.28434,-1.53665,25.284936032615125,0.4,0.3,0.2,371,6.890710382513661,19,"['street lighting', 'nobody', 'night', 'park', 'route']"
52.28778,-1.54773,41.5894722318921,0.6,0.6666666666666666,0.4,37,5.918918918918919,0,"['evening', 'nice walk', 'route', 'thing', 'start']"
52.289,-1.53803,27.114426973006623,0.4,0.2,0.2,486,5.466386554621849,30,"['park', 'paths', 'lighting']"
52.28879,-1.5466,42.26668654401456,0.6,0.6666666666666666,0.4,50,5.66,2,"['evening', 'nice walk', 'route', 'thing', 'start']"
52.28829,-1.54684,42.00467849941956,0.6,0.6666666666666666,0.4,33,5.787878787878788,2,"['evening', 'nice walk', 'route', 'thing', 'start']"
52.28459,-1.54724,45.817898679943255,0.6,0.6666666666666666,0.4,132,3.984732824427481,1,"['evening', 'nice walk', 'route', 'thing', 'start']"
52.28805,-1.53961,36.78053225837883,0.4,0.6,0.4,153,5.905405405405405,12,"['many drunk people', 'night', 'park']"
52.2789466,-1.5471869,40.9889028378041,0.4666666666666666,0.4666666666666666,0.3333333333333333,122,3.0,13,"['little street lighting', 'night', 'rest', 'high street', 'park']"
52.2857,-1.53616,29.86124042570324,0.4,0.4,0.3,388,6.740837696335079,28,"['many drunk people', 'night', 'park', 'lighting', 'paths']"
52.28673,-1.54981,43.06678763770081,0.6,0.6666666666666666,0.4,31,5.32258064516129,2,"['evening', 'nice walk', 'route', 'thing', 'start']"
52.2856,-1.53589,30.027333384253563,0.4,0.4,0.3,388,6.740837696335079,31,"['many drunk people', 'night', 'park', 'lighting', 'paths']"
52.28544,-1.53655,25.52570340789819,0.4,0.3,0.2,366,6.858725761772853,22,"['street lighting', 'nobody', 'night', 'park', 'route']"
52.28972,-1.53543,49.05219640838581,0.7,0.7,0.5,674,5.254573170731708,42,"['greenery', 'daytime', 'shops', 'high quantity', 'people']"
52.28676,-1.54975,43.06678763770081,0.6,0.6666666666666666,0.4,31,5.32258064516129,2,"['evening', 'nice walk', 'route', 'thing', 'start']"
52.28835,-1.53805,26.34751964277194,0.4,0.2,0.2,331,5.872274143302181,27,"['park', 'paths', 'lighting']"
52.28687,-1.53698,29.6646367219101,0.4,0.4,0.3,474,6.387096774193548,13,"['many drunk people', 'night', 'park', 'lighting', 'paths']"
52.28788,-1.53797,25.80885871754616,0.4,0.2,0.2,295,5.79020979020979,13,"['park', 'paths', 'lighting']"
52.29147,-1.54715,42.04072896903848,0.55,0.65,0.4,105,5.176470588235294,4,"['many drunk people', 'night', 'nice walk', 'park', 'start']"
52.28984,-1.54405,36.668571469453504,0.4,0.6,0.4,84,5.783132530120482,3,"['many drunk people', 'night', 'park']"
52.28362,-1.54303,46.79053596633757,0.6,0.6666666666666666,0.4,121,3.611570247933885,3,"['evening', 'nice walk', 'route', 'thing', 'start']"
52.28405,-1.53303,30.244388115531883,0.4,0.4,0.2,568,6.295169946332737,57,"['quiet route', 'public services']"
52.28443,-1.53323,30.148766935372628,0.4,0.4,0.2,603,6.317032040472175,57,"['quiet route', 'public services']"
52.28408,-1.53901,26.733280066307707,0.4,0.3,0.2,221,5.9132420091324205,3,"['street lighting', 'nobody', 'night', 'park', 'route']"
52.28479,-1.53544,26.60954437358289,0.4,0.3,0.2,533,6.611428571428571,36,"['street lighting', 'nobody', 'night', 'park', 'route']"
52.28437,-1.53661,25.340300352131905,0.4,0.3,0.2,371,6.890710382513661,20,"['street lighting', 'nobody', 'night', 'park', 'route']"
52.28415,-1.53795,26.998960309253462,0.4,0.3,0.2,203,5.8059701492537314,3,"['street lighting', 'nobody', 'night', 'park', 'route']"
52.28029,-1.53424,28.350511312955373,0.4,0.4,0.2,212,6.258373205741627,12,"['quiet route', 'public services']"
52.2919643,-1.53576,44.88487360717184,0.6,0.7,0.3,867,5.166069295101553,76,"['drunk teenagers', 'club night', 'street lights', 'short journey', 'park']"
52.28416,-1.53212,48.215819475288896,0.7333333333333333,0.7333333333333333,0.4666666666666666,636,6.252396166134186,59,"['night', 'public', 'drunk public', 'residential area', 'route']"
52.28554,-1.53538,30.845738327717065,0.4,0.4,0.3,472,6.537634408602151,40,"['many drunk people', 'night', 'park', 'lighting', 'paths']"
52.28836,-1.53621,28.418779193063003,0.4,0.3,0.2,462,5.823660714285714,37,"['street lighting', 'nobody', 'night', 'park', 'route']"
52.28573,-1.5473,43.60319989818031,0.6,0.6666666666666666,0.4,26,5.115384615384615,3,"['evening', 'nice walk', 'route', 'thing', 'start']"
52.28138,-1.54705,30.96548928520477,0.4,0.3,0.2,154,4.235294117647059,10,"['street lighting', 'nobody', 'night', 'park', 'route']"
52.28995,-1.54452,36.44162469141572,0.4,0.6,0.4,86,5.882352941176471,3,"['many drunk people', 'night', 'park']"
52.28807,-1.53799,26.41077356320272,0.4,0.2,0.2,314,5.727868852459016,22,"['park', 'paths', 'lighting']"
52.28888,-1.54656,42.26668654401456,0.6,0.6666666666666666,0.4,50,5.66,2,"['evening', 'nice walk', 'route', 'thing', 'start']"
52.2897651,-1.5354354,43.67092928922508,0.6,0.7,0.3,777,4.998678996036988,45,"['drunk teenagers', 'club night', 'street lights', 'short journey', 'park']"
52.28945,-1.5352,48.95620144375521,0.7,0.7,0.5,662,5.231007751937985,39,"['greenery', 'daytime', 'shops', 'high quantity', 'people']"
52.28128,-1.5456,30.673312932877216,0.4,0.3,0.2,164,4.306748466257669,8,"['street lighting', 'nobody', 'night', 'park', 'route']"
52.28677,-1.53687,27.775273001239707,0.4,0.35,0.25,457,6.424778761061947,14,"['many drunk people', 'street lighting', 'night', 'nobody', 'park']"
52.28894,-1.53798,27.64615924200711,0.4,0.2,0.2,409,5.280701754385965,30,"['park', 'paths', 'lighting']"
52.29191,-1.54761,42.08539918366576,0.55,0.65,0.4,124,5.140495867768595,4,"['many drunk people', 'night', 'nice walk', 'park', 'start']"
52.28342,-1.54688,46.24465566917719,0.6,0.6666666666666666,0.4,131,3.869230769230769,4,"['evening', 'nice walk', 'route', 'thing', 'start']"
52.28671,-1.54984,43.06678763770081,0.6,0.6666666666666666,0.4,31,5.32258064516129,2,"['evening', 'nice walk', 'route', 'thing', 'start']"
52.28807,-1.53995,36.97254514744196,0.4,0.6,0.4,158,5.915032679738562,16,"['many drunk people', 'night', 'park']"
52.2865,-1.5367,25.810898819644063,0.4,0.3,0.2,398,6.4987277353689565,14,"['street lighting', 'nobody', 'night', 'park', 'route']"
52.28443,-1.53559,26.55203575050832,0.4,0.3,0.2,480,6.6723044397463,36,"['street lighting', 'nobody', 'night', 'park', 'route']"
52.2807,-1.5345,27.516051838477463,0.4,0.4,0.2,228,6.526548672566372,8,"['quiet route', 'public services']"
52.28698,-1.53696,24.72481646540576,0.4,0.2,0.2,467,6.24945295404814,16,"['park', 'paths', 'lighting']"
52.29001,-1.54453,36.44162469141572,0.4,0.6,0.4,86,5.882352941176471,3,"['many drunk people', 'night', 'park']"
52.28294,-1.54552,31.235774541955653,0.4,0.3,0.2,141,3.9785714285714286,4,"['street lighting', 'nobody', 'night', 'park', 'route']"
52.28931,-1.54004,37.51255795033688,0.4,0.6,0.4,275,5.75925925925926,23,"['many drunk people', 'night', 'park']"
52.28606,-1.53626,29.7627546848618,0.4,0.4,0.3,422,6.71462829736211,26,"['many drunk people', 'night', 'park', 'lighting', 'paths']"
52.2923339,-1.5382023,43.387946163056576,0.6,0.7,0.3,692,5.413690476190476,52,"['drunk teenagers', 'club night', 'street lights', 'short journey', 'park']"
52.28869,-1.54655,41.896385757836455,0.6,0.6666666666666666,0.4,36,5.833333333333333,2,"['evening', 'nice walk', 'route', 'thing', 'start']"
52.28379,-1.54127,29.09677008140379,0.4,0.3,0.2,183,4.824175824175824,1,"['street lighting', 'nobody', 'night', 'park', 'route']"
52.28949,-1.53501,49.05522323313711,0.7,0.7,0.5,663,5.2631578947368425,42,"['greenery', 'daytime', 'shops', 'high quantity', 'people']"
52.29037,-1.53552,50.043237494105874,0.7,0.7,0.5,938,5.146179401993355,65,"['greenery', 'daytime', 'shops', 'high quantity', 'people']"
52.28623,-1.53647,29.811130999691315,0.4,0.4,0.3,447,6.519274376417234,20,"['many drunk people', 'night', 'park', 'lighting', 'paths']"
52.283,-1.54587,46.24465566917719,0.6,0.6666666666666666,0.4,131,3.869230769230769,4,"['evening', 'nice walk', 'route', 'thing', 'start']"
52.28772,-1.5364,27.01666213491365,0.4,0.3,0.2,494,6.150943396226415,25,"['street lighting', 'nobody', 'night', 'park', 'route']"
52.28663,-1.53679,29.65239321146278,0.4,0.4,0.3,460,6.428571428571429,14,"['many drunk people', 'night', 'park', 'lighting', 'paths']"
52.28714,-1.54876,42.548842596423846,0.6,0.6666666666666666,0.4,29,5.551724137931035,2,"['evening', 'nice walk', 'route', 'thing', 'start']"
52.28418,-1.53214,48.27118379480567,0.7333333333333333,0.7333333333333333,0.4666666666666666,636,6.252396166134186,60,"['night', 'public', 'drunk public', 'residential area', 'route']"
52.28451,-1.53545,26.6286694253166,0.4,0.3,0.2,540,6.597744360902255,36,"['street lighting', 'nobody', 'night', 'park', 'route']"
52.28579,-1.54732,43.54783557866354,0.6,0.6666666666666666,0.4,26,5.115384615384615,2,"['evening', 'nice walk', 'route', 'thing', 'start']"
52.28709,-1.5489,42.22646891556113,0.6,0.6666666666666666,0.4,20,5.7,2,"['evening', 'nice walk', 'route', 'thing', 'start']"
52.28718,-1.53751,35.70490609221238,0.4,0.6,0.4,422,6.1307506053268765,9,"['many drunk people', 'night', 'park']"
52.28346,-1.54403,46.50042544579701,0.6,0.6666666666666666,0.4,160,3.69811320754717,3,"['evening', 'nice walk', 'route', 'thing', 'start']"
52.28037,-1.53437,27.922037167480298,0.4,0.4,0.2,223,6.3954545454545455,10,"['quiet route', 'public services']"
52.28415,-1.5367,25.196086968248583,0.4,0.3,0.2,359,6.887323943661972,17,"['street lighting', 'nobody', 'night', 'park', 'route']"
52.28681,-1.54941,43.08365410518583,0.6,0.6666666666666666,0.4,25,5.32,2,"['evening', 'nice walk', 'route', 'thing', 'start']"
52.28874,-1.53809,26.92742140480388,0.4,0.2,0.2,349,5.563421828908554,26,"['park', 'paths', 'lighting']"
52.28131,-1.54571,30.96548928520477,0.4,0.3,0.2,154,4.235294117647059,10,"['street lighting', 'nobody', 'night', 'park', 'route']"
52.28612,-1.54787,42.625637618821216,0.6,0.6666666666666666,0.4,39,5.461538461538462,0,"['evening', 'nice walk', 'route', 'thing', 'start']"
52.28279,-1.5458,31.50387958775226,0.4,0.3,0.2,131,3.869230769230769,4,"['street lighting', 'nobody', 'night', 'park', 'route']"
52.28321,-1.54669,46.24465566917719,0.6,0.6666666666666666,0.4,131,3.869230769230769,4,"['evening', 'nice walk', 'route', 'thing', 'start']"
52.28602,-1.53626,29.6457691901292,0.4,0.4,0.3,353,6.810344827586207,26,"['many drunk people', 'night', 'park', 'lighting', 'paths']"
52.28366,-1.54227,29.938851427879133,0.4,0.3,0.2,174,4.502890173410405,3,"['street lighting', 'nobody', 'night', 'park', 'route']"
52.28818,-1.5401,37.249366745025846,0.4,0.6,0.4,158,5.915032679738562,21,"['many drunk people', 'night', 'park']"
52.28895,-1.53801,27.48981966699048,0.4,0.2,0.2,436,5.330985915492958,30,"['park', 'paths', 'lighting']"
52.28099,-1.5346,27.60892861388237,0.4,0.4,0.2,192,6.481675392670157,7,"['quiet route', 'public services']"
52.28901,-1.53802,27.114426973006623,0.4,0.2,0.2,486,5.466386554621849,30,"['park', 'paths', 'lighting']"
52.28403,-1.53316,43.56906981665472,0.65,0.65,0.4,560,6.310344827586207,57,"['quiet route', 'night', 'drunk public', 'residential area', 'public services']"
52.28529959999999,-1.5345806,43.51394966136416,0.64,0.64,0.44,520,6.446393762183236,49,"['enjoyable evening walk', 'busy streets', 'police cars', 'rest', 'start']"
52.2851,-1.53592,26.07211602495515,0.4,0.3,0.2,400,6.738578680203045,28,"['street lighting', 'nobody', 'night', 'park', 'route']"
52.28409,-1.53262,48.23285609829389,0.7333333333333333,0.7333333333333333,0.4666666666666666,579,6.284710017574692,59,"['night', 'public', 'drunk public', 'residential area', 'route']"
52.28532,-1.53666,25.42323475133096,0.4,0.3,0.2,338,6.870870870870871,20,"['street lighting', 'nobody', 'night', 'park', 'route']"
52.28616,-1.53637,29.51986540619631,0.4,0.4,0.3,383,6.722222222222222,21,"['many drunk people', 'night', 'park', 'lighting', 'paths']"
52.28347,-1.54692,46.24465566917719,0.6,0.6666666666666666,0.4,131,3.869230769230769,4,"['evening', 'nice walk', 'route', 'thing', 'start']"
52.28368,-1.5431,46.51860751650776,0.6,0.6666666666666666,0.4,130,3.723076923076923,3,"['evening', 'nice walk', 'route', 'thing', 'start']"
52.28621,-1.53646,26.03250504549284,0.4,0.3,0.2,447,6.519274376417234,20,"['street lighting', 'nobody', 'night', 'park', 'route']"
52.28862,-1.54005,37.92813525740885,0.4,0.6,0.4,193,5.58288770053476,21,"['many drunk people', 'night', 'park']"
52.2923727,-1.5481874,42.411634412011765,0.6666666666666666,0.5333333333333333,0.4,123,5.191666666666666,4,"['enjoyable evening walk', 'street lights', 'busy streets', 'daytime', 'end']"
52.28691,-1.53702,25.82388614444604,0.4,0.3,0.2,487,6.381551362683438,12,"['street lighting', 'nobody', 'night', 'park', 'route']"
52.28354,-1.54357,46.92147029893295,0.6,0.6666666666666666,0.4,135,3.537313432835821,3,"['evening', 'nice walk', 'route', 'thing', 'start']"
52.28136,-1.54553,30.673312932877216,0.4,0.3,0.2,164,4.306748466257669,8,"['street lighting', 'nobody', 'night', 'park', 'route']"
52.28829,-1.53571,28.328026718878498,0.4,0.3,0.2,465,5.8381374722838135,36,"['street lighting', 'nobody', 'night', 'park', 'route']"
52.28282,-1.54582,31.50387958775226,0.4,0.3,0.2,131,3.869230769230769,4,"['street lighting', 'nobody', 'night', 'park', 'route']"
52.28724,-1.53689,24.83252731988212,0.4,0.2,0.2,457,6.257847533632287,18,"['park', 'paths', 'lighting']"
52.28443,-1.5356,26.54589776504536,0.4,0.3,0.2,479,6.675847457627119,36,"['street lighting', 'nobody', 'night', 'park', 'route']"
52.28352,-1.54377,31.75964936437208,0.4,0.3,0.2,160,3.69811320754717,3,"['street lighting', 'nobody', 'night', 'park', 'route']"
52.28436,-1.53586,25.99057865295038,0.4,0.3,0.2,444,6.750572082379863,28,"['street lighting', 'nobody', 'night', 'park', 'route']"
52.28377,-1.54315,46.51860751650776,0.6,0.6666666666666666,0.4,130,3.723076923076923,3,"['evening', 'nice walk', 'route', 'thing', 'start']"
52.28143,-1.54555,30.673312932877216,0.4,0.3,0.2,164,4.306748466257669,8,"['street lighting', 'nobody', 'night', 'park', 'route']"
52.28182,-1.54551,30.562584293843663,0.4,0.3,0.2,164,4.306748466257669,6,"['street lighting', 'nobody', 'night', 'park', 'route']"
52.28795,-1.53915,36.339947669309616,0.4,0.6,0.4,261,6.027777777777778,12,"['many drunk people', 'night', 'park']"
52.2834728,-1.5469188,41.50865058011867,0.6,0.4,0.4,131,3.869230769230769,4,"['nice walk', 'daytime', 'end', 'route']"
52.28342,-1.5442,31.75964936437208,0.4,0.3,0.2,160,3.69811320754717,3,"['street lighting', 'nobody', 'night', 'park', 'route']"
52.28594,-1.54749,43.43710693962998,0.6,0.6666666666666666,0.4,26,5.115384615384615,0,"['evening', 'nice walk', 'route', 'thing', 'start']"
52.28438,-1.53647,25.332937941856752,0.4,0.3,0.2,399,6.878172588832487,20,"['street lighting', 'nobody', 'night', 'park', 'route']"
52.28527,-1.54722,43.60319989818031,0.6,0.6666666666666666,0.4,26,5.115384615384615,3,"['evening', 'nice walk', 'route', 'thing', 'start']"
52.28727,-1.53664,26.43322089294401,0.4,0.3,0.2,487,6.275789473684211,19,"['street lighting', 'nobody', 'night', 'park', 'route']"
52.2837661,-1.5431489,38.79596120607518,0.4666666666666666,0.4666666666666666,0.3333333333333333,130,3.723076923076923,3,"['little street lighting', 'night', 'rest', 'high street', 'park']"
52.28996,-1.54479,36.62092402731724,0.4,0.6,0.4,75,5.8108108108108105,3,"['many drunk people', 'night', 'park']"
52.28661,-1.54955,43.06678763770081,0.6,0.6666666666666666,0.4,31,5.32258064516129,2,"['evening', 'nice walk', 'route', 'thing', 'start']"
52.28964,-1.54227,36.69069353609514,0.4,0.6,0.4,147,5.776223776223776,5,"['many drunk people', 'night', 'park']"
52.28992,-1.545,36.01243292765189,0.4,0.6,0.4,90,6.045454545454546,2,"['many drunk people', 'night', 'park']"
52.2918076,-1.5381524,43.37633164383078,0.6,0.7,0.3,763,5.383265856950067,53,"['drunk teenagers', 'club night', 'street lights', 'short journey', 'park']"
52.28431,-1.53668,25.225212476523485,0.4,0.3,0.2,350,6.904624277456647,18,"['street lighting', 'nobody', 'night', 'park', 'route']"
52.28821,-1.53808,26.521636754051364,0.4,0.2,0.2,299,5.790378006872852,26,"['park', 'paths', 'lighting']"
52.28313,-1.54652,46.24465566917719,0.6,0.6666666666666666,0.4,131,3.869230769230769,4,"['evening', 'nice walk', 'route', 'thing', 'start']"
52.28995,-1.53547,49.97739346367992,0.7,0.7,0.5,777,4.998678996036988,53,"['greenery', 'daytime', 'shops', 'high quantity', 'people']"
52.28414,-1.53831,27.04461947200013,0.4,0.3,0.2,208,5.781553398058253,3,"['street lighting', 'nobody', 'night', 'park', 'route']"
52.28253,-1.54557,31.235774541955653,0.4,0.3,0.2,141,3.9785714285714286,4,"['street lighting', 'nobody', 'night', 'park', 'route']"
52.28903,-1.54001,37.213149351788,0.4,0.6,0.4,282,5.840579710144928,21,"['many drunk people', 'night', 'park']"
52.28907,-1.54004,37.223959101193024,0.4,0.6,0.4,281,5.836363636363636,21,"['many drunk people', 'night', 'park']"
52.28888,-1.54002,37.67339739004707,0.4,0.6,0.4,232,5.668141592920354,21,"['many drunk people', 'night', 'park']"
52.2904,-1.53484,50.39067965891307,0.7,0.7,0.5,898,5.12037037037037,69,"['greenery', 'daytime', 'shops', 'high quantity', 'people']"
52.28389,-1.54707,46.22802453041534,0.6,0.6666666666666666,0.4,127,3.880952380952381,4,"['evening', 'nice walk', 'route', 'thing', 'start']"
52.28312,-1.54515,39.83500736840991,0.52,0.52,0.32,147,4.082191780821918,4,"['street lighting', 'night', 'nice walk', 'nobody', 'park']"
52.28942,-1.53536,48.848046352856485,0.7,0.7,0.5,681,5.266968325791855,39,"['greenery', 'daytime', 'shops', 'high quantity', 'people']"
52.2879016,-1.535144,43.33126106778708,0.7,0.6,0.4,522,5.950396825396825,28,"['more public spaces', 'park', 'start', 'route']"
52.28638,-1.5366,29.822001890157534,0.4,0.4,0.3,419,6.506053268765133,19,"['many drunk people', 'night', 'park', 'lighting', 'paths']"
52.28421,-1.54717,46.11729589138179,0.6,0.6666666666666666,0.4,127,3.880952380952381,2,"['evening', 'nice walk', 'route', 'thing', 'start']"
52.28444,-1.53554,26.60754019376106,0.4,0.3,0.2,529,6.614942528735632,36,"['street lighting', 'nobody', 'night', 'park', 'route']"
52.28725,-1.54856,41.95031041177145,0.6,0.6666666666666666,0.4,32,5.8125,2,"['evening', 'nice walk', 'route', 'thing', 'start']"
52.28806,-1.54728,42.01089102057119,0.6,0.6666666666666666,0.4,24,5.791666666666667,2,"['evening', 'nice walk', 'route', 'thing', 'start']"
52.29061,-1.54664,40.228675142552525,0.55,0.65,0.4,108,5.980952380952381,4,"['many drunk people', 'night', 'nice walk', 'park', 'start']"
52.28996,-1.5466,40.18474086744156,0.55,0.65,0.4,77,5.972972972972973,2,"['many drunk people', 'night', 'nice walk', 'park', 'start']"
52.28139,-1.5455,30.562584293843663,0.4,0.3,0.2,164,4.306748466257669,6,"['street lighting', 'nobody', 'night', 'park', 'route']"
52.28793,-1.54751,41.90016238153763,0.6,0.6666666666666666,0.4,24,5.791666666666667,0,"['evening', 'nice walk', 'route', 'thing', 'start']"
52.28236,-1.53124,48.48373397511853,0.7333333333333333,0.7333333333333333,0.4666666666666666,411,5.839108910891089,42,"['night', 'public', 'drunk public', 'residential area', 'route']"
52.28851,-1.54663,42.00467849941956,0.6,0.6666666666666666,0.4,33,5.787878787878788,2,"['evening', 'nice walk', 'route', 'thing', 'start']"
52.28588,-1.53633,27.70241824410652,0.4,0.35,0.25,340,6.86865671641791,27,"['many drunk people', 'street lighting', 'night', 'nobody', 'park']"
52.28714,-1.53685,24.85137949302572,0.4,0.2,0.2,461,6.246119733924612,18,"['park', 'paths', 'lighting']"
52.28301,-1.54622,46.24465566917719,0.6,0.6666666666666666,0.4,131,3.869230769230769,4,"['evening', 'nice walk', 'route', 'thing', 'start']"
52.28324,-1.54675,46.24465566917719,0.6,0.6666666666666666,0.4,131,3.869230769230769,4,"['evening', 'nice walk', 'route', 'thing', 'start']"
52.28524,-1.53659,25.533963390364512,0.4,0.3,0.2,338,6.870870870870871,22,"['street lighting', 'nobody', 'night', 'park', 'route']"
52.28407,-1.53203,48.2968091147678,0.7333333333333333,0.7333333333333333,0.4666666666666666,575,6.229681978798586,58,"['night', 'public', 'drunk public', 'residential area', 'route']"
52.28831,-1.5362,28.363414873546223,0.4,0.3,0.2,462,5.823660714285714,36,"['street lighting', 'nobody', 'night', 'park', 'route']"
52.28361,-1.5429,32.049759884912646,0.4,0.3,0.2,121,3.611570247933885,3,"['street lighting', 'nobody', 'night', 'park', 'route']"
52.28753,-1.53743,24.777779336122528,0.4,0.2,0.2,431,6.144893111638955,12,"['park', 'paths', 'lighting']"
52.2844,-1.53563,26.54589776504536,0.4,0.3,0.2,479,6.675847457627119,36,"['street lighting', 'nobody', 'night', 'park', 'route']"
52.28818,-1.53804,26.57686652175305,0.4,0.2,0.2,314,5.727868852459016,25,"['park', 'paths', 'lighting']"
52.28862,-1.54656,42.00467849941956,0.6,0.6666666666666666,0.4,33,5.787878787878788,2,"['evening', 'nice walk', 'route', 'thing', 'start']"
52.28663,-1.5496,43.06678763770081,0.6,0.6666666666666666,0.4,31,5.32258064516129,2,"['evening', 'nice walk', 'route', 'thing', 'start']"
52.28721,-1.5369,24.85319749829575,0.4,0.2,0.2,455,6.249438202247191,18,"['park', 'paths', 'lighting']"
52.29117,-1.54673,41.37955194227163,0.55,0.65,0.4,135,5.446969696969697,4,"['many drunk people', 'night', 'nice walk', 'park', 'start']"
52.28138,-1.54587,30.96548928520477,0.4,0.3,0.2,154,4.235294117647059,10,"['street lighting', 'nobody', 'night', 'park', 'route']"
52.2812,-1.54693,30.910124965688,0.4,0.3,0.2,154,4.235294117647059,9,"['street lighting', 'nobody', 'night', 'park', 'route']"
52.28441,-1.53562,26.54589776504536,0.4,0.3,0.2,479,6.675847457627119,36,"['street lighting', 'nobody', 'night', 'park', 'route']"
52.28767,-1.53839,35.9543627019503,0.4,0.6,0.4,278,6.141791044776119,10,"['many drunk people', 'night', 'park']"
52.28739,-1.53718,24.5276784613948,0.4,0.2,0.2,455,6.2725225225225225,13,"['park', 'paths', 'lighting']"
52.28406,-1.54712,46.11729589138179,0.6,0.6666666666666666,0.4,127,3.880952380952381,2,"['evening', 'nice walk', 'route', 'thing', 'start']"
52.2785643,-1.545145,41.83741892039453,0.6,0.4,0.4,80,3.925,10,"['nice walk', 'daytime', 'end', 'route']"
52.28036,-1.53431,28.032765806513847,0.4,0.4,0.2,223,6.3954545454545455,12,"['quiet route', 'public services']"
52.28125,-1.5467,30.910124965688,0.4,0.3,0.2,154,4.235294117647059,9,"['street lighting', 'nobody', 'night', 'park', 'route']"
52.29237,-1.54819,41.97270311430185,0.55,0.65,0.4,123,5.191666666666666,4,"['many drunk people', 'night', 'nice walk', 'park', 'start']"
52.28597,-1.53628,25.867143235930723,0.4,0.3,0.2,353,6.810344827586207,26,"['street lighting', 'nobody', 'night', 'park', 'route']"
52.28296,-1.54551,31.235774541955653,0.4,0.3,0.2,141,3.9785714285714286,4,"['street lighting', 'nobody', 'night', 'park', 'route']"
52.2884,-1.53827,26.38400915650853,0.4,0.2,0.2,325,5.859872611464968,27,"['park', 'paths', 'lighting']"
52.28968,-1.54256,36.64510467207342,0.4,0.6,0.4,132,5.782945736434108,4,"['many drunk people', 'night', 'park']"
52.2855,-1.55803,44.19058605320746,0.8,0.8,0.2,5,6.0,0,"['cars', 'public', 'lot', 'times', 'route']"
52.28688,-1.53362,32.80470608622416,0.6,0.4,0.2,622,6.2901639344262295,31,"['isolated road', 'lack', 'route', 'lighting']"
52.27925,-1.54465,34.1022894839975,0.6,0.4,0.2,60,5.566666666666666,10,"['isolated road', 'lack', 'route', 'lighting']"
52.290777,-1.533494,50.32572259628804,0.75,0.8,0.35,783,4.902275769745649,56,"['many shops', 'parade', 'public spaces', 'safer choice', 'lots']"
52.27595,-1.51643,36.0563732232296,0.6,0.6,0.2,98,6.204081632653061,5,"['street', 'public', 'other members']"
52.28569,-1.53394,34.223673948543286,0.6,0.4,0.2,511,6.351297405189621,56,"['isolated road', 'lack', 'route', 'lighting']"
52.2760706,-1.5164124,28.347340536242164,0.4,0.4,0.2,102,6.264705882352941,5,"['street lighting', 'road', 'public spaces', 'route', 'access']"
52.28398,-1.53755,43.32644827539529,0.8,0.8,0.2,301,6.285234899328859,4,"['cars', 'public', 'lot', 'times', 'route']"
52.2913,-1.57789,54.00097500653966,0.6,0.6,0.4,0,0.0,1,"['busy route', 'cars', 'hospital', 'shops', 'times']"
52.28414,-1.53665,42.72570992432823,0.8,0.8,0.2,380,6.874666666666666,18,"['cars', 'public', 'lot', 'times', 'route']"
52.2843,-1.53489,21.11874672077519,0.2,0.2,0.2,543,6.5111940298507465,45,"['unlit roads', 'route']"
52.28377,-1.5404,44.886612124251336,0.8,0.8,0.2,164,5.574074074074074,0,"['cars', 'public', 'lot', 'times', 'route']"
52.2866,-1.54848,46.08995231390744,0.6,0.8,0.4,34,5.294117647058823,2,"['scenic route', 'park', 'daytime', 'walk', 'felt']"
52.29140349999999,-1.5782611,42.31393129770992,0.4,0.4,0.2,0,0.0,0,"['little lighting', 'night', 'park', 'public spaces', 'access']"
52.28624,-1.53316,33.76142869530913,0.6,0.4,0.2,571,6.265124555160142,46,"['isolated road', 'lack', 'route', 'lighting']"
52.2818,-1.53485,30.512188848368147,0.5,0.4,0.2,252,6.350597609561753,19,"['isolated road', 'lack', 'route', 'public services', 'lighting']"
52.28959,-1.55339,36.44343144959771,0.4,0.4,0.6,66,5.96969696969697,0,"['busy route', 'public spaces', 'hospital', 'shops', 'route']"
52.2851,-1.56291,48.3840437298358,0.6,0.8,0.4,62,4.306451612903226,4,"['scenic route', 'park', 'daytime', 'walk', 'felt']"
52.2762849,-1.5356019,32.910828047729865,0.6,0.4,0.2,212,5.785714285714286,2,"['cemetery', 'more people', 'walk', 'route']"
52.28728,-1.53574,44.50439019149656,0.6,0.8,0.4,495,6.278008298755187,26,"['scenic route', 'park', 'daytime', 'walk', 'felt']"
52.28541,-1.55786,44.19058605320746,0.8,0.8,0.2,5,6.0,0,"['cars', 'public', 'lot', 'times', 'route']"
52.28725,-1.53562,44.50385749721382,0.6,0.8,0.4,497,6.276859504132231,26,"['scenic route', 'park', 'daytime', 'walk', 'felt']"
52.2899,-1.53796,39.84916692968286,0.6,0.4,0.4,543,5.007518796992481,39,"['main high street', 'route']"
52.28806,-1.56727,44.61647723444944,0.8,0.8,0.2,130,5.746153846153846,1,"['cars', 'public', 'lot', 'times', 'route']"
52.28694,-1.53704,39.2550011896706,0.5,0.7,0.4,487,6.381551362683438,14,"['scenic route', 'many drunk people', 'night', 'daytime', 'walk']"
52.27543,-1.52666,48.54146077025055,0.8,0.8,0.4,116,5.868421052631579,3,"['public spaces', 'access', 'route']"
52.28681,-1.56078,44.14957679216895,0.6,0.8,0.4,92,6.206521739130435,6,"['scenic route', 'park', 'daytime', 'walk', 'felt']"
52.2948,-1.53725,36.27284492425187,0.6,0.4,0.4,360,6.197101449275363,14,"['main high street', 'route']"
52.27632,-1.5322,48.83965028938543,0.8,0.8,0.4,290,5.67719298245614,6,"['public spaces', 'access', 'route']"
52.28503,-1.53542,20.42444461720072,0.2,0.2,0.2,528,6.615384615384615,36,"['unlit roads', 'route']"
52.28789,-1.54591,44.91729316168002,0.6,0.8,0.4,27,5.814814814814815,2,"['scenic route', 'park', 'daytime', 'walk', 'felt']"
52.2875364,-1.541341,30.772895923826688,0.4,0.6,0.2,132,6.565891472868217,3,"['drunk people', 'lots', 'route']"
52.27641,-1.52057,34.18652688559185,0.6,0.6,0.2,140,6.914285714285715,1,"['street', 'public', 'other members']"
52.28444,-1.53546,23.41496908770094,0.3,0.25,0.2,540,6.597744360902255,36,"['unlit roads', 'night', 'street lighting', 'park', 'anything']"
52.28617,-1.55979,47.34882474929547,0.6,0.8,0.4,12,4.833333333333333,5,"['scenic route', 'park', 'daytime', 'walk', 'felt']"
52.28582,-1.53308,34.31000868856126,0.6,0.4,0.2,501,6.396341463414634,59,"['isolated road', 'lack', 'route', 'lighting']"
52.29094,-1.57684,54.00097500653966,0.6,0.6,0.4,0,0.0,1,"['busy route', 'cars', 'hospital', 'shops', 'times']"
52.28051,-1.53824,30.755305182860894,0.6,0.4,0.2,120,6.766666666666667,0,"['isolated road', 'lack', 'route', 'lighting']"
52.28776,-1.56568,44.69081650958117,0.8,0.8,0.2,144,5.826388888888889,6,"['cars', 'public', 'lot', 'times', 'route']"
52.28514,-1.53637,19.29840934464507,0.2,0.2,0.2,367,6.8535911602209945,21,"['unlit roads', 'route']"
52.2907119,-1.5829859,42.31393129770992,0.4,0.4,0.2,0,0.0,0,"['little lighting', 'night', 'park', 'public spaces', 'access']"
52.28552,-1.56332,47.86878600110349,0.6,0.8,0.4,66,4.53030303030303,4,"['scenic route', 'park', 'daytime', 'walk', 'felt']"
52.29034,-1.57535,50.260516991272496,0.4,0.4,0.6,0,0.0,1,"['busy route', 'public spaces', 'hospital', 'shops', 'route']"
52.28754,-1.53444,33.06065145789324,0.6,0.4,0.2,500,6.253112033195021,31,"['isolated road', 'lack', 'route', 'lighting']"
52.2889352,-1.5379752,46.734199164664325,0.6,0.8,0.4,409,5.280701754385965,30,"['afternoons', 'greenery', 'public', 'route']"
52.28261,-1.55083,47.67459557394441,0.8,0.8,0.2,71,4.436619718309859,1,"['cars', 'public', 'lot', 'times', 'route']"
52.29016,-1.5435,36.3493531575026,0.4,0.4,0.6,102,6.06,3,"['busy route', 'public spaces', 'hospital', 'shops', 'route']"
52.27932,-1.54493,34.40012096252451,0.6,0.4,0.2,48,5.395833333333333,8,"['isolated road', 'lack', 'route', 'lighting']"
52.2935,-1.53832,38.5995678719251,0.6,0.4,0.4,466,5.515625,33,"['main high street', 'route']"
52.28554,-1.55808,46.71319994841637,0.6,0.8,0.4,1,5.0,0,"['scenic route', 'park', 'daytime', 'walk', 'felt']"
52.29026,-1.58006,53.945610687022906,0.6,0.6,0.4,0,0.0,0,"['busy route', 'cars', 'hospital', 'shops', 'times']"
52.2902,-1.54262,35.9027390045114,0.4,0.4,0.6,125,6.2682926829268295,4,"['busy route', 'public spaces', 'hospital', 'shops', 'route']"
52.27963,-1.5455,37.231724972743024,0.6,0.4,0.2,127,4.140495867768595,11,"['isolated road', 'lack', 'route', 'lighting']"
52.28398,-1.53688,42.43799467846701,0.8,0.8,0.2,331,6.984709480122324,16,"['cars', 'public', 'lot', 'times', 'route']"
52.28613,-1.53312,32.51119316635098,0.4666666666666666,0.4,0.2666666666666666,513,6.382178217821783,48,"['isolated road', 'backstreets', 'evening', 'park', 'lighting']"
52.286249,-1.570058,41.29826946485234,0.6,0.4,0.6,25,5.68,1,"['ease', 'route']"
52.28788,-1.56659,37.56114520328437,0.4,0.4,0.6,116,5.5344827586206895,4,"['busy route', 'public spaces', 'hospital', 'shops', 'route']"
52.28245,-1.54654,49.13150731015187,0.8,0.8,0.2,119,3.8135593220338975,4,"['cars', 'public', 'lot', 'times', 'route']"
52.28702,-1.53692,34.77760127976739,0.5,0.55,0.3,467,6.24945295404814,17,"['scenic route', 'street lighting', 'night', 'walk', 'nobody']"
52.28773,-1.53487,29.24401671325354,0.4,0.4,0.2,494,6.134171907756813,31,"['little lighting', 'park']"
52.28842,-1.53515,34.37980962982318,0.6,0.4,0.2,500,5.780991735537191,37,"['isolated road', 'lack', 'route', 'lighting']"
52.28960319999999,-1.5530564,40.51785893051374,0.6,0.4,0.6,66,5.96969696969697,0,"['ease', 'route']"
52.27956,-1.54404,33.54935089666377,0.6,0.4,0.2,90,5.788888888888889,10,"['isolated road', 'lack', 'route', 'lighting']"
52.28908,-1.53848,32.90951885229701,0.5,0.3,0.3,480,5.452025586353945,29,"['main high street', 'park', 'lighting', 'paths', 'route']"
52.27458,-1.52582,47.58439320886171,0.8,0.8,0.4,129,6.286821705426356,3,"['public spaces', 'access', 'route']"
52.28942,-1.53777,39.36190891674142,0.6,0.4,0.4,503,5.119433198380567,33,"['main high street', 'route']"
52.2867355,-1.5244127,30.146306836576446,0.4,0.4,0.2,166,5.280487804878049,4,"['main roads', 'route']"
52.28638,-1.53128,29.41069043139231,0.4,0.4,0.2,510,6.193612774451098,41,"['night', 'round back streets']"
52.28506,-1.5523,47.95239391028844,0.6,0.8,0.4,8,4.5,2,"['scenic route', 'park', 'daytime', 'walk', 'felt']"
52.28874,-1.56179,35.13047304468499,0.4,0.4,0.6,198,6.619289340101523,6,"['busy route', 'public spaces', 'hospital', 'shops', 'route']"
52.28662,-1.56082,44.04053362948069,0.8,0.8,0.2,72,6.166666666666667,6,"['cars', 'public', 'lot', 'times', 'route']"
52.29084,-1.57659,50.260516991272496,0.4,0.4,0.6,0,0.0,1,"['busy route', 'public spaces', 'hospital', 'shops', 'route']"
52.28502,-1.55704,45.27156232975428,0.6,0.8,0.4,8,5.625,0,"['scenic route', 'park', 'daytime', 'walk', 'felt']"
52.29121,-1.57794,50.260516991272496,0.4,0.4,0.6,0,0.0,1,"['busy route', 'public spaces', 'hospital', 'shops', 'route']"
52.2853,-1.53361,34.12011352925587,0.4,0.4,0.4,565,6.297297297297297,58,"['evening', 'backstreets', 'lighting', 'route']"
52.27633,-1.52121,34.083534805635686,0.6,0.6,0.2,127,6.9921259842519685,2,"['street', 'public', 'other members']"
52.28727,-1.56382,44.75430596630396,0.8,0.8,0.2,171,5.777777777777778,6,"['cars', 'public', 'lot', 'times', 'route']"
52.272517,-1.526155,33.52784290004721,0.6,0.4,0.2,84,5.630952380952381,3,"['cemetery', 'more people', 'walk', 'route']"
52.28958,-1.55344,36.37962854522318,0.4,0.4,0.6,63,6.0,0,"['busy route', 'public spaces', 'hospital', 'shops', 'route']"
52.28249,-1.55023,46.96430270778273,0.8,0.8,0.2,85,4.738095238095238,1,"['cars', 'public', 'lot', 'times', 'route']"
52.28252,-1.55016,47.02978079477352,0.8,0.8,0.2,97,4.697916666666667,1,"['cars', 'public', 'lot', 'times', 'route']"
52.28226,-1.54954,47.75734482827349,0.8,0.8,0.2,71,4.4,1,"['cars', 'public', 'lot', 'times', 'route']"
52.27635,-1.53088,48.93840255058449,0.8,0.8,0.4,285,5.635714285714286,6,"['public spaces', 'access', 'route']"
52.28653,-1.53332,32.25978009726494,0.4666666666666666,0.4,0.2666666666666666,518,6.286836935166994,40,"['isolated road', 'backstreets', 'evening', 'park', 'lighting']"
52.28131,-1.53498,31.789205311181234,0.6,0.4,0.2,184,6.413043478260869,6,"['isolated road', 'lack', 'route', 'lighting']"
52.29014,-1.58454,53.945610687022906,0.6,0.6,0.4,0,0.0,0,"['busy route', 'cars', 'hospital', 'shops', 'times']"
52.28211,-1.54861,48.95651110177649,0.8,0.8,0.2,59,3.931034482758621,3,"['cars', 'public', 'lot', 'times', 'route']"
52.28538,-1.53146,30.08153147788007,0.4,0.4,0.2,588,6.268166089965398,58,"['night', 'round back streets']"
52.29001,-1.57894,53.945610687022906,0.6,0.6,0.4,0,0.0,0,"['busy route', 'cars', 'hospital', 'shops', 'times']"
52.28315,-1.55396,44.85403669190634,0.8,0.8,0.2,41,5.682926829268292,0,"['cars', 'public', 'lot', 'times', 'route']"
52.2859,-1.55897,47.18273179074513,0.6,0.8,0.4,12,4.833333333333333,2,"['scenic route', 'park', 'daytime', 'walk', 'felt']"
52.28726,-1.53566,44.50439019149656,0.6,0.8,0.4,495,6.278008298755187,26,"['scenic route', 'park', 'daytime', 'walk', 'felt']"
52.28788,-1.56656,45.28061085213933,0.8,0.8,0.2,116,5.5344827586206895,4,"['cars', 'public', 'lot', 'times', 'route']"
52.27509,-1.52648,48.18227939801346,0.8,0.8,0.4,96,6.042553191489362,3,"['public spaces', 'access', 'route']"
52.2936,-1.53702,39.090763616217,0.6,0.4,0.4,506,5.564681724845996,45,"['main high street', 'route']"
52.290809,-1.5830862,42.31393129770992,0.4,0.4,0.2,0,0.0,0,"['little lighting', 'night', 'park', 'public spaces', 'access']"
52.28253,-1.55049,47.02068574886195,0.8,0.8,0.2,98,4.701030927835052,1,"['cars', 'public', 'lot', 'times', 'route']"
52.28354,-1.54218,47.51953488368532,0.8,0.8,0.2,165,4.463414634146342,3,"['cars', 'public', 'lot', 'times', 'route']"
52.29226,-1.5382,39.5552328239335,0.6,0.4,0.4,721,5.338571428571429,52,"['main high street', 'route']"
52.2865,-1.53728,19.26408609638105,0.2,0.2,0.2,387,6.520942408376963,8,"['unlit roads', 'route']"
52.28223,-1.5349,31.00834001503995,0.5,0.4,0.2,313,6.362179487179487,30,"['isolated road', 'lack', 'route', 'public services', 'lighting']"
52.27637,-1.52971,48.87961640201749,0.8,0.8,0.4,280,5.666666666666667,6,"['public spaces', 'access', 'route']"
52.28729,-1.5341,37.367885685887074,0.5,0.6,0.3,487,6.20042194092827,37,"['scenic route', 'park', 'little lighting', 'daytime', 'walk']"
52.28774,-1.53234,39.82519745264616,0.5,0.6,0.4,472,6.144736842105263,40,"['scenic route', 'park', 'daytime', 'walk', 'backstreets']"
52.28969,-1.55026,36.86686961910882,0.4,0.4,0.6,80,5.772151898734177,0,"['busy route', 'public spaces', 'hospital', 'shops', 'route']"
52.29097,-1.58302,53.945610687022906,0.6,0.6,0.4,0,0.0,0,"['busy route', 'cars', 'hospital', 'shops', 'times']"
52.28967,-1.55088,36.26558113419539,0.4,0.4,0.6,83,6.036585365853658,0,"['busy route', 'public spaces', 'hospital', 'shops', 'route']"
52.28218,-1.54736,49.13150731015187,0.8,0.8,0.2,119,3.8135593220338975,4,"['cars', 'public', 'lot', 'times', 'route']"
52.29612,-1.53701,38.4252140783366,0.6,0.4,0.4,28,5.178571428571429,2,"['main high street', 'route']"
52.29117,-1.57778,57.97998264012746,0.8,0.8,0.2,0,0.0,1,"['cars', 'public', 'lot', 'times', 'route']"
52.28574,-1.53636,23.324862871732023,0.3,0.275,0.225,355,6.86,23,"['unlit roads', 'many drunk people', 'night', 'lighting', 'park']"
52.29023,-1.57507,54.00097500653966,0.6,0.6,0.4,0,0.0,1,"['busy route', 'cars', 'hospital', 'shops', 'times']"
52.28958,-1.55372,36.37962854522318,0.4,0.4,0.6,63,6.0,0,"['busy route', 'public spaces', 'hospital', 'shops', 'route']"
52.28656,-1.56379,45.19454087424428,0.6,0.8,0.4,159,5.6918238993710695,6,"['scenic route', 'park', 'daytime', 'walk', 'felt']"
52.28726,-1.56413,44.75430596630396,0.8,0.8,0.2,171,5.777777777777778,6,"['cars', 'public', 'lot', 'times', 'route']"
52.28799,-1.54528,45.34892571396029,0.6,0.8,0.4,40,5.615384615384615,2,"['scenic route', 'park', 'daytime', 'walk', 'felt']"
52.29057,-1.58019,57.92461832061069,0.8,0.8,0.2,0,0.0,0,"['cars', 'public', 'lot', 'times', 'route']"
52.28695,-1.53701,34.36046092903472,0.5,0.55,0.3,487,6.381551362683438,15,"['scenic route', 'street lighting', 'night', 'walk', 'nobody']"
52.28565,-1.54992,46.375999693795976,0.6,0.8,0.4,36,5.166666666666667,2,"['scenic route', 'park', 'daytime', 'walk', 'felt']"
52.28665,-1.56084,44.26954126306848,0.6,0.8,0.4,72,6.166666666666667,6,"['scenic route', 'park', 'daytime', 'walk', 'felt']"
52.28679,-1.53738,19.524473721276596,0.2,0.2,0.2,418,6.326086956521739,6,"['unlit roads', 'route']"
52.2851,-1.53618,19.723889884954403,0.2,0.2,0.2,400,6.738578680203045,25,"['unlit roads', 'route']"
52.29631,-1.537,38.4252140783366,0.6,0.4,0.4,28,5.178571428571429,2,"['main high street', 'route']"
52.28997,-1.57908,53.945610687022906,0.6,0.6,0.4,0,0.0,0,"['busy route', 'cars', 'hospital', 'shops', 'times']"
52.28475,-1.53377,31.96237254254349,0.4,0.4,0.3,576,6.273851590106007,53,"['quiet route', 'evening', 'backstreets', 'lighting', 'public services']"
52.28279,-1.55354,44.85403669190634,0.8,0.8,0.2,41,5.682926829268292,0,"['cars', 'public', 'lot', 'times', 'route']"
52.28309,-1.54473,47.35978770483671,0.8,0.8,0.2,133,4.590909090909091,4,"['cars', 'public', 'lot', 'times', 'route']"
52.27645,-1.51993,33.32911835536716,0.6,0.6,0.2,101,7.316831683168317,1,"['street', 'public', 'other members']"
52.28211,-1.53491,30.676154097939285,0.5,0.4,0.2,313,6.362179487179487,24,"['isolated road', 'lack', 'route', 'public services', 'lighting']"
52.28509,-1.5357,20.186254694442603,0.2,0.2,0.2,411,6.7227722772277225,33,"['unlit roads', 'route']"
52.28729,-1.53337,33.08816931821546,0.4,0.4,0.4,467,6.2505494505494505,35,"['evening', 'backstreets', 'lighting', 'route']"
52.2856,-1.56199,47.29346042977869,0.6,0.8,0.4,12,4.833333333333333,4,"['scenic route', 'park', 'daytime', 'walk', 'felt']"
52.289077,-1.5384772,44.56147495916724,0.6,0.7,0.425,480,5.452025586353945,29,"['busy route', 'police cars', 'afternoons', 'night', 'rest']"
52.28835,-1.56838,38.35154027373169,0.4,0.4,0.6,96,5.125,1,"['busy route', 'public spaces', 'hospital', 'shops', 'route']"
52.28392,-1.53917,44.55819222197396,0.8,0.8,0.2,194,5.723958333333333,1,"['cars', 'public', 'lot', 'times', 'route']"
52.2883539,-1.5380516,45.43715810015888,0.6,0.8,0.4,331,5.872274143302181,27,"['afternoons', 'greenery', 'public', 'route']"
52.2913,-1.57814,54.00097500653966,0.6,0.6,0.4,0,0.0,1,"['busy route', 'cars', 'hospital', 'shops', 'times']"
52.2853,-1.53665,19.297165842929665,0.2,0.2,0.2,338,6.870870870870871,21,"['unlit roads', 'route']"
52.28827,-1.53619,28.68810235730969,0.4,0.35,0.2,496,5.970893970893971,36,"['little lighting', 'street lighting', 'night', 'park', 'anything']"
52.28712,-1.53468,44.65790215085418,0.6,0.8,0.4,484,6.238900634249472,27,"['scenic route', 'park', 'daytime', 'walk', 'felt']"
52.28023,-1.54084,31.734482538316204,0.6,0.4,0.2,143,6.314685314685315,0,"['isolated road', 'lack', 'route', 'lighting']"
52.28406,-1.53513,39.48729726758796,0.6166666666666666,0.6166666666666666,0.3333333333333333,512,6.523715415019763,41,"['drunk public', 'unlit roads', 'night', 'cars', 'residential area']"
52.28972,-1.5501,36.86686961910882,0.4,0.4,0.6,80,5.772151898734177,0,"['busy route', 'public spaces', 'hospital', 'shops', 'route']"
52.27902,-1.54565,38.440776939043495,0.6,0.4,0.2,157,3.615894039735099,13,"['isolated road', 'lack', 'route', 'lighting']"
52.28486,-1.53346,31.817202134844912,0.4,0.4,0.3,590,6.334482758620689,53,"['quiet route', 'evening', 'backstreets', 'lighting', 'public services']"
52.28779,-1.5352,29.1668107981227,0.4,0.4,0.2,493,6.092436974789916,28,"['little lighting', 'park']"
52.28736,-1.53318,39.399734844756,0.5,0.6,0.4,478,6.263948497854077,37,"['scenic route', 'park', 'daytime', 'walk', 'backstreets']"
52.28251,-1.55001,47.75734482827349,0.8,0.8,0.2,71,4.4,1,"['cars', 'public', 'lot', 'times', 'route']"
52.28549,-1.56326,47.81508307583922,0.6,0.8,0.4,71,4.549295774647887,4,"['scenic route', 'park', 'daytime', 'walk', 'felt']"
52.28633,-1.56024,47.17518143522446,0.8,0.8,0.2,12,4.833333333333333,6,"['cars', 'public', 'lot', 'times', 'route']"
52.29599,-1.5374,37.72764337359174,0.6,0.4,0.4,61,5.459016393442623,2,"['main high street', 'route']"
52.28653,-1.56066,43.835463321973606,0.8,0.8,0.2,56,6.267857142857143,6,"['cars', 'public', 'lot', 'times', 'route']"
52.28097,-1.53633,30.92351137468855,0.6,0.4,0.2,146,6.726027397260274,2,"['isolated road', 'lack', 'route', 'lighting']"
52.28991,-1.5792,53.945610687022906,0.6,0.6,0.4,0,0.0,0,"['busy route', 'cars', 'hospital', 'shops', 'times']"
52.29311,-1.53828,38.60692104738448,0.6,0.4,0.4,603,5.447863247863248,35,"['main high street', 'route']"
52.27856,-1.54559,38.39548520026682,0.6,0.4,0.2,159,3.633986928104575,13,"['isolated road', 'lack', 'route', 'lighting']"
52.27856,-1.54535,38.28475656123327,0.6,0.4,0.2,159,3.633986928104575,11,"['isolated road', 'lack', 'route', 'lighting']"
52.27642,-1.52697,48.471073296065406,0.8,0.8,0.4,168,5.8121212121212125,1,"['public spaces', 'access', 'route']"
52.28726,-1.5356,44.50385749721382,0.6,0.8,0.4,497,6.276859504132231,26,"['scenic route', 'park', 'daytime', 'walk', 'felt']"
52.28616,-1.54912,46.04769903503003,0.6,0.8,0.4,25,5.32,2,"['scenic route', 'park', 'daytime', 'walk', 'felt']"
52.29012,-1.54394,36.774590337995065,0.4,0.4,0.6,86,5.882352941176471,3,"['busy route', 'public spaces', 'hospital', 'shops', 'route']"
52.28508,-1.53553,20.479808936717497,0.2,0.2,0.2,528,6.615384615384615,37,"['unlit roads', 'route']"
52.2812049,-1.5469286,33.01161604821317,0.4,0.4,0.2,154,4.235294117647059,9,"['street lighting', 'road', 'public spaces', 'route', 'access']"
52.28985,-1.54662,36.18671494983725,0.4,0.5,0.5,68,5.955223880597015,0,"['many drunk people', 'night', 'park', 'hospital', 'shops']"
52.28937,-1.55954,35.487323909043226,0.4,0.4,0.6,178,6.420454545454546,4,"['busy route', 'public spaces', 'hospital', 'shops', 'route']"
52.28909,-1.53767,39.02671801804351,0.6,0.4,0.4,550,5.157407407407407,30,"['main high street', 'route']"
52.27924,-1.54296,33.32789361859666,0.6,0.4,0.2,90,5.788888888888889,6,"['isolated road', 'lack', 'route', 'lighting']"
52.28705,-1.56206,44.91137480446207,0.8,0.8,0.2,166,5.710843373493976,6,"['cars', 'public', 'lot', 'times', 'route']"
52.27626,-1.53483,48.68718921348844,0.8,0.8,0.4,193,5.770833333333333,4,"['public spaces', 'access', 'route']"
52.28742,-1.56498,37.18127471853235,0.4,0.4,0.6,153,5.725490196078432,6,"['busy route', 'public spaces', 'hospital', 'shops', 'route']"
52.28616,-1.54906,46.04769903503003,0.6,0.8,0.4,25,5.32,2,"['scenic route', 'park', 'daytime', 'walk', 'felt']"
52.29125,-1.57803,57.97998264012746,0.8,0.8,0.2,0,0.0,1,"['cars', 'public', 'lot', 'times', 'route']"
52.28534,-1.53664,19.297165842929665,0.2,0.2,0.2,338,6.870870870870871,21,"['unlit roads', 'route']"
52.29302,-1.53706,31.78644199882717,0.4,0.4,0.2,688,5.165919282511211,47,"['little lighting', 'park']"
52.28866,-1.56201,34.916646630768426,0.4,0.4,0.6,198,6.741116751269035,7,"['busy route', 'public spaces', 'hospital', 'shops', 'route']"
52.28732,-1.5474,44.86425266666206,0.6,0.8,0.4,24,5.791666666666667,0,"['scenic route', 'park', 'daytime', 'walk', 'felt']"
52.28273,-1.53471,30.73279209284899,0.5,0.4,0.2,385,6.46875,31,"['isolated road', 'lack', 'route', 'public services', 'lighting']"
52.2844,-1.53153,29.997407067485188,0.4,0.4,0.2,608,6.240802675585284,56,"['night', 'round back streets']"
52.28816,-1.53979,45.41925126506372,0.6,0.8,0.4,158,5.915032679738562,19,"['scenic route', 'park', 'daytime', 'walk', 'felt']"
52.27607,-1.51742,34.96143041312839,0.6,0.6,0.2,126,6.674603174603175,5,"['street', 'public', 'other members']"
52.28236,-1.5312424,50.28232138620277,0.8,0.8,0.4,411,5.839108910891089,42,"['public street', 'daytime', 'people', 'route']"
52.28545,-1.53294,34.09758609112312,0.4,0.4,0.4,548,6.37360594795539,60,"['evening', 'backstreets', 'lighting', 'route']"
52.28788,-1.53469,33.56519132646266,0.6,0.4,0.2,531,5.988304093567251,31,"['isolated road', 'lack', 'route', 'lighting']"
52.28252,-1.55296,44.85403669190634,0.8,0.8,0.2,41,5.682926829268292,0,"['cars', 'public', 'lot', 'times', 'route']"
52.28471,-1.55646,45.37851579102749,0.7,0.8,0.3,8,5.625,4,"['scenic route', 'cars', 'daytime', 'walk', 'lot']"
52.28707,-1.52483,28.83356869700953,0.4,0.4,0.2,110,5.805555555555555,4,"['night', 'round back streets']"
52.28768,-1.54006,20.02322479045754,0.2,0.2,0.2,151,6.275862068965517,6,"['unlit roads', 'route']"
52.28619,-1.56407,47.0530535071202,0.6,0.8,0.4,88,4.920454545454546,6,"['scenic route', 'park', 'daytime', 'walk', 'felt']"
52.2888,-1.57006,36.56711755310209,0.4,0.4,0.6,29,5.965517241379311,1,"['busy route', 'public spaces', 'hospital', 'shops', 'route']"
52.29122,-1.57793,50.260516991272496,0.4,0.4,0.6,0,0.0,1,"['busy route', 'public spaces', 'hospital', 'shops', 'route']"
52.28708,-1.53386,45.11471729762906,0.6,0.8,0.4,515,6.157057654075547,33,"['scenic route', 'park', 'daytime', 'walk', 'felt']"
52.28959,-1.55337,36.44343144959771,0.4,0.4,0.6,66,5.96969696969697,0,"['busy route', 'public spaces', 'hospital', 'shops', 'route']"
52.28749,-1.53436,33.01996505974055,0.6,0.4,0.2,487,6.255274261603375,30,"['isolated road', 'lack', 'route', 'lighting']"
52.28793,-1.53475,33.68362650953136,0.6,0.4,0.2,511,6.026315789473684,34,"['isolated road', 'lack', 'route', 'lighting']"
52.2762555,-1.5348337,30.369759188043144,0.4666666666666666,0.4,0.2,193,5.770833333333333,4,"['street lighting', 'cemetery', 'road', 'walk', 'more people']"
52.2876,-1.56522,40.71711847746764,0.6,0.6,0.4,141,5.801418439716312,5,"['busy route', 'cars', 'hospital', 'shops', 'times']"
52.2854,-1.55777,44.19058605320746,0.8,0.8,0.2,5,6.0,0,"['cars', 'public', 'lot', 'times', 'route']"
52.27856,-1.54514,37.771155757574746,0.6,0.4,0.2,80,3.925,10,"['isolated road', 'lack', 'route', 'lighting']"
52.28542,-1.5579,44.419593686795245,0.6,0.8,0.4,5,6.0,0,"['scenic route', 'park', 'daytime', 'walk', 'felt']"
52.28245,-1.55269,44.85403669190634,0.8,0.8,0.2,41,5.682926829268292,0,"['cars', 'public', 'lot', 'times', 'route']"
52.281384,-1.5470501,33.066980367729954,0.4,0.4,0.2,154,4.235294117647059,10,"['street lighting', 'road', 'public spaces', 'route', 'access']"
52.28735,-1.53417,33.29678665732443,0.6,0.4,0.2,487,6.255274261603375,35,"['isolated road', 'lack', 'route', 'lighting']"
52.286249,-1.533494,37.06169488132411,0.5333333333333334,0.575,0.275,586,6.220486111111111,44,"['drunk people', 'isolated streets', 'more public spaces', 'park', 'start']"
52.28038,-1.53972,30.56458882940557,0.6,0.4,0.2,121,6.851239669421488,0,"['isolated road', 'lack', 'route', 'lighting']"
52.28757,-1.56476,37.12591039901557,0.4,0.4,0.6,153,5.725490196078432,5,"['busy route', 'public spaces', 'hospital', 'shops', 'route']"
52.28964,-1.57311,57.97998264012746,0.8,0.8,0.2,0,0.0,1,"['cars', 'public', 'lot', 'times', 'route']"
52.28332,-1.54408,49.232936164126365,0.8,0.8,0.2,160,3.69811320754717,3,"['cars', 'public', 'lot', 'times', 'route']"
52.28748,-1.56509,37.03202478171725,0.4,0.4,0.6,141,5.801418439716312,6,"['busy route', 'public spaces', 'hospital', 'shops', 'route']"
52.28345,-1.53435,31.68203092895575,0.5,0.4,0.2,465,6.280434782608696,43,"['isolated road', 'lack', 'route', 'public services', 'lighting']"
52.2793,-1.52981,37.0559746726379,0.6,0.6,0.2,380,5.772117962466488,14,"['street', 'public', 'other members']"
52.28557,-1.53472,32.369923456155135,0.5,0.4,0.25,491,6.5227272727272725,48,"['isolated road', 'many drunk people', 'night', 'park', 'lighting']"
52.28636,-1.56032,45.470633218686544,0.6,0.8,0.4,41,5.658536585365853,6,"['scenic route', 'park', 'daytime', 'walk', 'felt']"
52.2883984,-1.5382739,45.47370639393409,0.6,0.8,0.4,325,5.859872611464968,27,"['afternoons', 'greenery', 'public', 'route']"
52.29004,-1.57979,53.945610687022906,0.6,0.6,0.4,0,0.0,0,"['busy route', 'cars', 'hospital', 'shops', 'times']"
52.27619,-1.51641,36.30369791165815,0.6,0.6,0.2,91,6.0989010989010985,5,"['street', 'public', 'other members']"
52.2899038,-1.579364,42.31393129770992,0.4,0.4,0.2,0,0.0,0,"['little lighting', 'night', 'park', 'public spaces', 'access']"
52.28766,-1.56437,37.06463557256888,0.4,0.4,0.6,148,5.756756756756757,5,"['busy route', 'public spaces', 'hospital', 'shops', 'route']"
52.2840609,-1.5351349,32.321266733236826,0.45,0.5,0.25,512,6.523715415019763,41,"['drunk people', 'little lighting', 'night', 'shops', 'park']"
52.284,-1.53412,38.693862942919566,0.625,0.525,0.3,562,6.311030741410488,55,"['isolated road', 'drunk public', 'night', 'residential area', 'lighting']"
52.28551,-1.5365,19.37611990583157,0.2,0.2,0.2,373,6.839673913043479,22,"['unlit roads', 'route']"
52.28715,-1.53747,43.98272026806643,0.6,0.8,0.4,422,6.1307506053268765,9,"['scenic route', 'park', 'daytime', 'walk', 'felt']"
52.2794,-1.54578,37.34245361177658,0.6,0.4,0.2,127,4.140495867768595,13,"['isolated road', 'lack', 'route', 'lighting']"
52.29031,-1.53654,32.54543280876556,0.4,0.4,0.2,792,4.989623865110247,58,"['little lighting', 'park']"
52.28683,-1.53357,30.698810863756208,0.4,0.4,0.3,622,6.2901639344262295,32,"['little lighting', 'park', 'backstreets', 'evening', 'lighting']"
52.28372,-1.53421,32.254652265186664,0.5,0.4,0.2,518,6.2074363992172215,52,"['isolated road', 'lack', 'route', 'public services', 'lighting']"
52.28582,-1.55874,46.95372415715735,0.8,0.8,0.2,12,4.833333333333333,2,"['cars', 'public', 'lot', 'times', 'route']"
52.29414,-1.53713,38.782828032528734,0.6,0.4,0.4,484,5.545064377682404,38,"['main high street', 'route']"
52.27959,-1.54576,37.45318225081013,0.6,0.4,0.2,127,4.140495867768595,15,"['isolated road', 'lack', 'route', 'lighting']"
52.28443,-1.55604,45.2640119742336,0.8,0.8,0.2,8,5.625,4,"['cars', 'public', 'lot', 'times', 'route']"
52.28238,-1.54998,47.75734482827349,0.8,0.8,0.2,71,4.4,1,"['cars', 'public', 'lot', 'times', 'route']"
52.28592,-1.56422,46.72733637163235,0.6,0.8,0.4,94,5.01063829787234,4,"['scenic route', 'park', 'daytime', 'walk', 'felt']"
52.28702,-1.53322,33.05487095431238,0.4,0.4,0.4,537,6.216730038022813,35,"['evening', 'backstreets', 'lighting', 'route']"
52.28574,-1.56431,47.441998552263925,0.6,0.8,0.4,84,4.7023809523809526,4,"['scenic route', 'park', 'daytime', 'walk', 'felt']"
52.28652,-1.54854,46.08995231390744,0.6,0.8,0.4,34,5.294117647058823,2,"['scenic route', 'park', 'daytime', 'walk', 'felt']"
52.28799,-1.53174,39.45334966932187,0.5,0.6,0.4,331,6.2625,34,"['scenic route', 'park', 'daytime', 'walk', 'backstreets']"
52.29009,-1.53802,40.16719798201072,0.6,0.4,0.4,563,5.048913043478261,47,"['main high street', 'route']"
52.28791,-1.5347,33.56519132646266,0.6,0.4,0.2,531,5.988304093567251,31,"['isolated road', 'lack', 'route', 'lighting']"
52.2901428,-1.5845361,48.17748091603053,0.5,0.4,0.4,0,0.0,0,"['little lighting', 'night', 'park', 'ease', 'access']"
52.28492,-1.53438,33.51924705988251,0.6,0.4,0.2,565,6.386690647482014,46,"['isolated road', 'lack', 'route', 'lighting']"
52.27638,-1.52292,34.46332230992789,0.6,0.6,0.2,162,6.777777777777778,1,"['street', 'public', 'other members']"
52.2930159,-1.5370596,51.528808411040906,0.7,0.9,0.4,688,5.165919282511211,47,"['shops', 'public spaces', 'ease', 'many people', 'route']"
52.28712,-1.53681,34.523023812823865,0.5,0.5333333333333333,0.3,464,6.251101321585903,18,"['scenic route', 'street lighting', 'night', 'nobody', 'walk']"
52.28968,-1.55082,36.45224434627723,0.4,0.4,0.6,75,5.95945945945946,0,"['busy route', 'public spaces', 'hospital', 'shops', 'route']"
52.28855,-1.53626,30.54963595683787,0.4,0.4,0.2,530,5.61284046692607,36,"['little lighting', 'park']"
52.29095,-1.58167,53.945610687022906,0.6,0.6,0.4,0,0.0,0,"['busy route', 'cars', 'hospital', 'shops', 'times']"
52.28434,-1.55584,45.42090758634802,0.8,0.8,0.2,9,5.555555555555555,4,"['cars', 'public', 'lot', 'times', 'route']"
52.29081,-1.58082,53.945610687022906,0.6,0.6,0.4,0,0.0,0,"['busy route', 'cars', 'hospital', 'shops', 'times']"
52.28248,-1.55001,47.75734482827349,0.8,0.8,0.2,71,4.4,1,"['cars', 'public', 'lot', 'times', 'route']"
52.28806,-1.54344,43.895514307449766,0.6,0.8,0.4,94,6.293478260869565,5,"['scenic route', 'park', 'daytime', 'walk', 'felt']"
52.28629,-1.54861,46.08995231390744,0.6,0.8,0.4,34,5.294117647058823,2,"['scenic route', 'park', 'daytime', 'walk', 'felt']"
52.28275,-1.55349,44.85403669190634,0.8,0.8,0.2,41,5.682926829268292,0,"['cars', 'public', 'lot', 'times', 'route']"
52.27627,-1.5342,48.45529285871773,0.8,0.8,0.4,254,5.880952380952381,6,"['public spaces', 'access', 'route']"
52.2863,-1.53189,29.515428415339716,0.4,0.4,0.2,500,6.230142566191447,44,"['night', 'round back streets']"
52.28668,-1.53731,19.329981376020967,0.2,0.2,0.2,452,6.447427293064877,8,"['unlit roads', 'route']"
52.288495,-1.5306291,38.74338193943424,0.65,0.55,0.25,282,5.863970588235294,22,"['many shops', 'parade', 'safer choice', 'park', 'lighting']"
52.28323,-1.53446,30.880267323977268,0.5,0.4,0.2,451,6.538975501113586,38,"['isolated road', 'lack', 'route', 'public services', 'lighting']"
52.28579389999999,-1.5332444,49.9111537267292,0.8,0.8,0.4,501,6.396341463414634,59,"['public spaces', 'lots', 'route']"
52.28214,-1.54747,49.13150731015187,0.8,0.8,0.2,119,3.8135593220338975,4,"['cars', 'public', 'lot', 'times', 'route']"
52.28655,-1.56064,44.26954126306848,0.6,0.8,0.4,72,6.166666666666667,6,"['scenic route', 'park', 'daytime', 'walk', 'felt']"
52.28951,-1.55518,36.32247667091674,0.4,0.4,0.6,47,6.085106382978723,2,"['busy route', 'public spaces', 'hospital', 'shops', 'route']"
52.28714,-1.53329,32.94091996626965,0.4,0.4,0.4,485,6.255274261603375,33,"['evening', 'backstreets', 'lighting', 'route']"
52.28517,-1.55178,47.95239391028844,0.6,0.8,0.4,8,4.5,2,"['scenic route', 'park', 'daytime', 'walk', 'felt']"
52.28138,-1.53471,31.533730608200795,0.6,0.4,0.2,202,6.54228855721393,7,"['isolated road', 'lack', 'route', 'lighting']"
52.28755,-1.53444,33.06065145789324,0.6,0.4,0.2,500,6.253112033195021,31,"['isolated road', 'lack', 'route', 'lighting']"
52.27921,-1.54481,34.45548528204129,0.6,0.4,0.2,48,5.395833333333333,9,"['isolated road', 'lack', 'route', 'lighting']"
52.29094,-1.58286,53.945610687022906,0.6,0.6,0.4,0,0.0,0,"['busy route', 'cars', 'hospital', 'shops', 'times']"
52.28741,-1.53865,20.014947329248216,0.2,0.2,0.2,233,6.25,7,"['unlit roads', 'route']"
52.28403,-1.53464,21.162358752836717,0.2,0.2,0.2,512,6.484189723320158,44,"['unlit roads', 'route']"
52.28634,-1.56102,44.1289628327165,0.6,0.8,0.4,23,6.260869565217392,6,"['scenic route', 'park', 'daytime', 'walk', 'felt']"
52.29001,-1.57887,50.20515267175573,0.4,0.4,0.6,0,0.0,0,"['busy route', 'public spaces', 'hospital', 'shops', 'route']"
52.28793,-1.5348,33.68362650953136,0.6,0.4,0.2,511,6.026315789473684,34,"['isolated road', 'lack', 'route', 'lighting']"
52.28974,-1.54926,36.51036534497171,0.4,0.4,0.6,67,5.9393939393939394,0,"['busy route', 'public spaces', 'hospital', 'shops', 'route']"
52.28796,-1.5668,37.51073521522038,0.4,0.4,0.6,119,5.554621848739496,4,"['busy route', 'public spaces', 'hospital', 'shops', 'route']"
52.28997,-1.57858,53.945610687022906,0.6,0.6,0.4,0,0.0,0,"['busy route', 'cars', 'hospital', 'shops', 'times']"
52.28838,-1.53065,39.67351357737128,0.5,0.6,0.4,291,5.882562277580071,22,"['scenic route', 'park', 'daytime', 'walk', 'backstreets']"
52.27593,-1.51663,36.0563732232296,0.6,0.6,0.2,98,6.204081632653061,5,"['street', 'public', 'other members']"
52.28658,-1.56075,44.26954126306848,0.6,0.8,0.4,72,6.166666666666667,6,"['scenic route', 'park', 'daytime', 'walk', 'felt']"
52.2878584,-1.5363235,45.00514685022616,0.6,0.8,0.4,506,5.9427402862985685,27,"['afternoons', 'greenery', 'public', 'route']"
52.28766,-1.56534,40.77248279698443,0.6,0.6,0.4,141,5.801418439716312,6,"['busy route', 'cars', 'hospital', 'shops', 'times']"
52.27444,-1.52549,47.31923021754275,0.8,0.8,0.4,172,6.377906976744186,3,"['public spaces', 'access', 'route']"
52.28754,-1.54134,19.236636381841954,0.2,0.2,0.2,132,6.565891472868217,3,"['unlit roads', 'route']"
52.28726,-1.56445,44.83946554094062,0.8,0.8,0.2,148,5.756756756756757,6,"['cars', 'public', 'lot', 'times', 'route']"
52.28243,-1.53486,31.092412717288543,0.5,0.4,0.2,292,6.3883161512027495,32,"['isolated road', 'lack', 'route', 'public services', 'lighting']"
52.27646,-1.52497,35.370561429460835,0.6,0.6,0.2,174,6.362068965517241,1,"['street', 'public', 'other members']"
52.28295,-1.55368,44.85403669190634,0.8,0.8,0.2,41,5.682926829268292,0,"['cars', 'public', 'lot', 'times', 'route']"
52.28727,-1.53421,45.12643519459016,0.6,0.8,0.4,474,6.233766233766234,35,"['scenic route', 'park', 'daytime', 'walk', 'felt']"
52.29093,-1.58276,57.92461832061069,0.8,0.8,0.2,0,0.0,0,"['cars', 'public', 'lot', 'times', 'route']"
52.28959,-1.55341,36.44343144959771,0.4,0.4,0.6,66,5.96969696969697,0,"['busy route', 'public spaces', 'hospital', 'shops', 'route']"
52.29353,-1.53805,38.62421955743226,0.6,0.4,0.4,464,5.505592841163311,33,"['main high street', 'route']"
52.28657,-1.52949,30.10168747657735,0.4,0.4,0.2,285,5.802158273381295,32,"['night', 'round back streets']"
52.27424,-1.525,47.13567885315421,0.8,0.8,0.4,180,6.455555555555556,3,"['public spaces', 'access', 'route']"
52.28796939999999,-1.5362706,45.16975097682735,0.6,0.8,0.4,494,5.97907949790795,31,"['afternoons', 'greenery', 'public', 'route']"
52.2896,-1.55306,36.44343144959771,0.4,0.4,0.6,66,5.96969696969697,0,"['busy route', 'public spaces', 'hospital', 'shops', 'route']"
52.29019,-1.58442,53.945610687022906,0.6,0.6,0.4,0,0.0,0,"['busy route', 'cars', 'hospital', 'shops', 'times']"
52.2885,-1.53063,39.728591863098366,0.5,0.6,0.4,282,5.863970588235294,22,"['scenic route', 'park', 'daytime', 'walk', 'backstreets']"
52.28439,-1.55596,45.2640119742336,0.8,0.8,0.2,8,5.625,4,"['cars', 'public', 'lot', 'times', 'route']"
52.28711,-1.54778,45.04275438958196,0.6,0.8,0.4,34,5.705882352941177,0,"['scenic route', 'park', 'daytime', 'walk', 'felt']"
52.2847851,-1.5325758,49.807307437518176,0.8,0.8,0.4,618,6.284539473684211,56,"['public street', 'daytime', 'people', 'route']"
52.28815,-1.56762,37.183918701093205,0.4,0.4,0.6,118,5.627118644067797,1,"['busy route', 'public spaces', 'hospital', 'shops', 'route']"
52.28413,-1.53464,21.17941817464602,0.2,0.2,0.2,558,6.471869328493648,45,"['unlit roads', 'route']"
52.28816,-1.53619,28.7800602608103,0.4,0.35,0.2,492,5.90356394129979,35,"['little lighting', 'street lighting', 'night', 'park', 'anything']"
52.28731,-1.56472,44.90074036738731,0.8,0.8,0.2,153,5.725490196078432,6,"['cars', 'public', 'lot', 'times', 'route']"
52.2742,-1.52487,47.13567885315421,0.8,0.8,0.4,180,6.455555555555556,3,"['public spaces', 'access', 'route']"
52.28506,-1.53357,33.86790756448958,0.4,0.4,0.4,576,6.304424778761062,54,"['evening', 'backstreets', 'lighting', 'route']"
52.27472,-1.52606,47.64005632357605,0.8,0.8,0.4,95,6.28421052631579,3,"['public spaces', 'access', 'route']"
52.29071,-1.58299,53.945610687022906,0.6,0.6,0.4,0,0.0,0,"['busy route', 'cars', 'hospital', 'shops', 'times']"
52.27957,-1.5459,37.45318225081013,0.6,0.4,0.2,127,4.140495867768595,15,"['isolated road', 'lack', 'route', 'lighting']"
52.29139,-1.5783,53.945610687022906,0.6,0.6,0.4,0,0.0,0,"['busy route', 'cars', 'hospital', 'shops', 'times']"
52.28969,-1.55079,36.45224434627723,0.4,0.4,0.6,75,5.95945945945946,0,"['busy route', 'public spaces', 'hospital', 'shops', 'route']"
52.28459,-1.55636,45.2640119742336,0.8,0.8,0.2,8,5.625,4,"['cars', 'public', 'lot', 'times', 'route']"
52.286249,-1.540875,33.57607642194236,0.52,0.52,0.32,118,6.879310344827586,3,"['enjoyable evening walk', 'busy streets', 'police cars', 'little lighting', 'park']"
52.2902,-1.5387,40.064963694198056,0.4,0.4,0.6,565,5.0650994575045205,46,"['busy route', 'public spaces', 'hospital', 'shops', 'route']"
52.27633,-1.51851,34.826703200407216,0.6,0.6,0.2,132,6.681818181818182,3,"['street', 'public', 'other members']"
52.28821,-1.56298,36.73951679983996,0.4,0.4,0.6,173,5.884393063583815,5,"['busy route', 'public spaces', 'hospital', 'shops', 'route']"
52.28594,-1.54932,46.04769903503003,0.6,0.8,0.4,25,5.32,2,"['scenic route', 'park', 'daytime', 'walk', 'felt']"
52.28724,-1.53434,29.04291392073558,0.4,0.4,0.2,473,6.245119305856833,31,"['little lighting', 'park']"
52.27432,-1.52477,47.13567885315421,0.8,0.8,0.4,180,6.455555555555556,3,"['public spaces', 'access', 'route']"
52.27585,-1.51667,36.30618648277628,0.6,0.6,0.2,94,6.095744680851064,5,"['street', 'public', 'other members']"
52.28726,-1.53345,45.10152809684141,0.6,0.8,0.4,467,6.2505494505494505,35,"['scenic route', 'park', 'daytime', 'walk', 'felt']"
52.28904,-1.53767,39.02671801804351,0.6,0.4,0.4,550,5.157407407407407,30,"['main high street', 'route']"
52.2914,-1.57826,57.92461832061069,0.8,0.8,0.2,0,0.0,0,"['cars', 'public', 'lot', 'times', 'route']"
52.2758,-1.52685,48.46288447475816,0.8,0.8,0.4,126,5.846774193548387,1,"['public spaces', 'access', 'route']"
52.28699,-1.53323,33.05487095431238,0.4,0.4,0.4,537,6.216730038022813,35,"['evening', 'backstreets', 'lighting', 'route']"
52.28511,-1.53628,22.379080731770223,0.3,0.25,0.2,367,6.8535911602209945,23,"['unlit roads', 'night', 'street lighting', 'park', 'anything']"
52.2863,-1.56011,47.40418906881224,0.6,0.8,0.4,12,4.833333333333333,6,"['scenic route', 'park', 'daytime', 'walk', 'felt']"
52.29021,-1.5418,36.28109913760273,0.4,0.4,0.6,152,6.22972972972973,10,"['busy route', 'public spaces', 'hospital', 'shops', 'route']"
52.28659,-1.53338,33.28444020586797,0.6,0.4,0.2,601,6.3141891891891895,40,"['isolated road', 'lack', 'route', 'lighting']"
52.28724,-1.53554,44.48246933778253,0.6,0.8,0.4,496,6.287784679089027,26,"['scenic route', 'park', 'daytime', 'walk', 'felt']"
52.2854,-1.56318,47.81508307583922,0.6,0.8,0.4,71,4.549295774647887,4,"['scenic route', 'park', 'daytime', 'walk', 'felt']"
52.28751,-1.53444,33.075329379257326,0.6,0.4,0.2,487,6.255274261603375,31,"['isolated road', 'lack', 'route', 'lighting']"
52.27645,-1.52624,36.079161076037366,0.6,0.6,0.2,147,6.061643835616438,1,"['street', 'public', 'other members']"
52.28674,-1.52441,29.90775721825584,0.4,0.4,0.2,166,5.280487804878049,4,"['night', 'round back streets']"
52.28526,-1.53365,34.12011352925587,0.4,0.4,0.4,565,6.297297297297297,58,"['evening', 'backstreets', 'lighting', 'route']"
52.27587,-1.51677,36.30618648277628,0.6,0.6,0.2,94,6.095744680851064,5,"['street', 'public', 'other members']"
52.28801,-1.53938,44.667986558474,0.6,0.8,0.4,280,5.940959409594096,10,"['scenic route', 'park', 'daytime', 'walk', 'felt']"
52.28211,-1.54772,49.08413975451851,0.8,0.8,0.2,124,3.829268292682927,4,"['cars', 'public', 'lot', 'times', 'route']"
52.2931277,-1.5359592,43.73865442778949,0.8,0.6,0.2,683,5.27190332326284,52,"['many shops', 'parade', 'safer choice', 'public', 'route']"
52.28429,-1.53484,21.11874672077519,0.2,0.2,0.2,543,6.5111940298507465,45,"['unlit roads', 'route']"
52.28785,-1.53471,33.50982700694588,0.6,0.4,0.2,531,5.988304093567251,30,"['isolated road', 'lack', 'route', 'lighting']"
52.29134,-1.57799,50.260516991272496,0.4,0.4,0.6,0,0.0,1,"['busy route', 'public spaces', 'hospital', 'shops', 'route']"
52.28646,-1.56055,44.06447095556138,0.6,0.8,0.4,56,6.267857142857143,6,"['scenic route', 'park', 'daytime', 'walk', 'felt']"
52.29051,-1.58014,53.945610687022906,0.6,0.6,0.4,0,0.0,0,"['busy route', 'cars', 'hospital', 'shops', 'times']"
52.2861809,-1.5318264,35.632836443686244,0.5,0.6,0.2,500,6.230142566191447,46,"['isolated streets', 'many public spaces', 'route']"
52.28821,-1.53106,33.00279230280096,0.4,0.4,0.4,338,6.0703363914373085,23,"['evening', 'backstreets', 'lighting', 'route']"
52.28337,-1.53438,31.46303030782241,0.5,0.4,0.2,465,6.331887201735358,41,"['isolated road', 'lack', 'route', 'public services', 'lighting']"
52.2885,-1.56897,46.07100592258666,0.8,0.8,0.2,96,5.125,1,"['cars', 'public', 'lot', 'times', 'route']"
52.28621,-1.54867,46.08995231390744,0.6,0.8,0.4,34,5.294117647058823,2,"['scenic route', 'park', 'daytime', 'walk', 'felt']"
52.28254,-1.55011,47.67118844774451,0.8,0.8,0.2,86,4.423529411764706,1,"['cars', 'public', 'lot', 'times', 'route']"
52.28644,-1.56319,45.25185199959271,0.6,0.8,0.4,143,5.678321678321678,6,"['scenic route', 'park', 'daytime', 'walk', 'felt']"
52.28426,-1.53476,21.17411104029197,0.2,0.2,0.2,543,6.5111940298507465,46,"['unlit roads', 'route']"
52.281047,-1.5446566,31.427943735221938,0.4,0.4,0.2,156,4.84516129032258,5,"['street lighting', 'road', 'public spaces', 'route', 'access']"
52.28726,-1.53821,20.0238125041712,0.2,0.2,0.2,232,6.246636771300448,7,"['unlit roads', 'route']"
52.28761,-1.54672,44.91729316168002,0.6,0.8,0.4,27,5.814814814814815,2,"['scenic route', 'park', 'daytime', 'walk', 'felt']"
52.28689,-1.53364,28.730278605308136,0.4,0.4,0.2,622,6.2901639344262295,31,"['little lighting', 'park']"
52.2874242,-1.5356918,44.2243469621416,0.6,0.8,0.4,492,6.27348643006263,25,"['afternoons', 'greenery', 'public', 'route']"
52.290212,-1.5418035,40.35552661851875,0.6,0.4,0.6,152,6.22972972972973,10,"['ease', 'route']"
52.28959,-1.55343,36.44343144959771,0.4,0.4,0.6,66,5.96969696969697,0,"['busy route', 'public spaces', 'hospital', 'shops', 'route']"
52.29094,-1.58259,50.20515267175573,0.4,0.4,0.6,0,0.0,0,"['busy route', 'public spaces', 'hospital', 'shops', 'route']"
52.28819,-1.54012,45.52997990409728,0.6,0.8,0.4,158,5.915032679738562,21,"['scenic route', 'park', 'daytime', 'walk', 'felt']"
52.28787,-1.5663,45.391339491172886,0.8,0.8,0.2,116,5.5344827586206895,6,"['cars', 'public', 'lot', 'times', 'route']"
52.27646,-1.51919,34.29984931250897,0.6,0.6,0.2,139,6.913669064748201,3,"['street', 'public', 'other members']"
52.29054,-1.57827,50.20515267175573,0.4,0.4,0.6,0,0.0,0,"['busy route', 'public spaces', 'hospital', 'shops', 'route']"
52.28819,-1.5403,45.46344300629107,0.6,0.8,0.4,149,5.951388888888889,21,"['scenic route', 'park', 'daytime', 'walk', 'felt']"
52.28784,-1.56382,36.97947599793221,0.4,0.4,0.6,171,5.777777777777778,5,"['busy route', 'public spaces', 'hospital', 'shops', 'route']"
52.27586,-1.51665,36.30618648277628,0.6,0.6,0.2,94,6.095744680851064,5,"['street', 'public', 'other members']"
52.28658,-1.56061,44.26954126306848,0.6,0.8,0.4,72,6.166666666666667,6,"['scenic route', 'park', 'daytime', 'walk', 'felt']"
52.28757,-1.5382,44.01812892946429,0.6,0.8,0.4,232,6.246636771300448,9,"['scenic route', 'park', 'daytime', 'walk', 'felt']"
52.2961,-1.53742,38.4252140783366,0.6,0.4,0.4,28,5.178571428571429,2,"['main high street', 'route']"
52.28793,-1.5667,45.23020086407534,0.8,0.8,0.2,119,5.554621848739496,4,"['cars', 'public', 'lot', 'times', 'route']"
52.2902,-1.53805,40.11183366249395,0.6,0.4,0.4,563,5.048913043478261,46,"['main high street', 'route']"
52.28455,-1.53545,20.44502633960933,0.2,0.2,0.2,540,6.597744360902255,36,"['unlit roads', 'route']"
52.27632,-1.52168,34.02817048611891,0.6,0.6,0.2,127,6.9921259842519685,1,"['street', 'public', 'other members']"
52.27517,-1.52654,48.18227939801346,0.8,0.8,0.4,96,6.042553191489362,3,"['public spaces', 'access', 'route']"
52.28442,-1.5352,20.937808923295577,0.2,0.2,0.2,544,6.517690875232774,42,"['unlit roads', 'route']"
52.29015,-1.57997,53.945610687022906,0.6,0.6,0.4,0,0.0,0,"['busy route', 'cars', 'hospital', 'shops', 'times']"
52.28573,-1.53308,32.13722791325888,0.4,0.4,0.3,528,6.383429672447013,59,"['little lighting', 'park', 'backstreets', 'evening', 'lighting']"
52.29081,-1.58309,53.945610687022906,0.6,0.6,0.4,0,0.0,0,"['busy route', 'cars', 'hospital', 'shops', 'times']"
52.28486,-1.55428,47.82332816744103,0.6,0.8,0.4,9,4.555555555555555,2,"['scenic route', 'park', 'daytime', 'walk', 'felt']"
52.27593,-1.52691,48.46288447475816,0.8,0.8,0.4,126,5.846774193548387,1,"['public spaces', 'access', 'route']"
52.28947,-1.5725,36.52490727802222,0.4,0.4,0.6,6,6.0,1,"['busy route', 'public spaces', 'hospital', 'shops', 'route']"
52.29114,-1.57753,57.97998264012746,0.8,0.8,0.2,0,0.0,1,"['cars', 'public', 'lot', 'times', 'route']"
52.28646,-1.56076,44.06447095556138,0.6,0.8,0.4,56,6.267857142857143,6,"['scenic route', 'park', 'daytime', 'walk', 'felt']"
52.28525,-1.53662,19.297165842929665,0.2,0.2,0.2,338,6.870870870870871,21,"['unlit roads', 'route']"
52.28805,-1.5349,33.728315314197964,0.6,0.4,0.2,509,5.953346855983773,32,"['isolated road', 'lack', 'route', 'lighting']"
52.29078,-1.57815,57.97998264012746,0.8,0.8,0.2,0,0.0,1,"['cars', 'public', 'lot', 'times', 'route']"
52.28248,-1.55028,46.96430270778273,0.8,0.8,0.2,85,4.738095238095238,1,"['cars', 'public', 'lot', 'times', 'route']"
52.27598,-1.51715,35.89257278691038,0.6,0.6,0.2,107,6.271028037383178,5,"['street', 'public', 'other members']"
52.28782,-1.56596,37.00401752637397,0.4,0.4,0.6,147,5.809523809523809,6,"['busy route', 'public spaces', 'hospital', 'shops', 'route']"
52.28494,-1.55356,47.82332816744103,0.6,0.8,0.4,9,4.555555555555555,2,"['scenic route', 'park', 'daytime', 'walk', 'felt']"
52.28503,-1.53355,33.86790756448958,0.4,0.4,0.4,576,6.304424778761062,54,"['evening', 'backstreets', 'lighting', 'route']"
52.28474,-1.53544,20.42598947405665,0.2,0.2,0.2,533,6.611428571428571,36,"['unlit roads', 'route']"
52.29131,-1.53673,32.59059774661114,0.4,0.4,0.2,831,5.209737827715355,68,"['little lighting', 'park']"
52.28964,-1.55163,35.996065075864344,0.4,0.4,0.6,85,6.154761904761905,0,"['busy route', 'public spaces', 'hospital', 'shops', 'route']"
52.27608,-1.51758,34.86206912900881,0.6,0.6,0.2,122,6.721311475409836,5,"['street', 'public', 'other members']"
52.2792974,-1.5298098,35.013388036674016,0.5,0.6,0.2,366,5.7855153203342615,14,"['isolated streets', 'many public spaces', 'route']"
52.28779,-1.53467,33.31518148528426,0.6,0.4,0.2,502,6.129896907216495,31,"['isolated road', 'lack', 'route', 'lighting']"
52.27968,-1.54216,32.61652178129712,0.6,0.4,0.2,109,6.091743119266055,6,"['isolated road', 'lack', 'route', 'lighting']"
52.2857262,-1.5330768,49.96642638654133,0.7,0.9,0.4,528,6.383429672447013,59,"['shops', 'public spaces', 'ease', 'many people', 'route']"
52.286249,-1.526155,29.469812742374856,0.4,0.4,0.2,143,5.652482269503546,6,"['main roads', 'route']"
52.27435,-1.52474,47.13567885315421,0.8,0.8,0.4,180,6.455555555555556,3,"['public spaces', 'access', 'route']"
52.2873121,-1.5357703,44.26584057317594,0.6,0.8,0.4,495,6.278008298755187,26,"['afternoons', 'greenery', 'public', 'route']"
52.2909716,-1.5830234,42.31393129770992,0.4,0.4,0.2,0,0.0,0,"['little lighting', 'night', 'park', 'public spaces', 'access']"
52.28506,-1.53542,23.39438736529232,0.3,0.25,0.2,528,6.615384615384615,36,"['unlit roads', 'night', 'street lighting', 'park', 'anything']"
52.28678,-1.54828,46.08995231390744,0.6,0.8,0.4,34,5.294117647058823,2,"['scenic route', 'park', 'daytime', 'walk', 'felt']"
52.28603,-1.53736,20.69377604706448,0.2,0.2,0.2,265,5.942748091603053,8,"['unlit roads', 'route']"
52.27966,-1.5453,36.913327896960574,0.6,0.4,0.2,133,4.251968503937008,10,"['isolated road', 'lack', 'route', 'lighting']"
52.29134,-1.57822,53.945610687022906,0.6,0.6,0.4,0,0.0,0,"['busy route', 'cars', 'hospital', 'shops', 'times']"
52.29141,-1.57826,50.20515267175573,0.4,0.4,0.6,0,0.0,0,"['busy route', 'public spaces', 'hospital', 'shops', 'route']"
52.28603,-1.55937,47.11981711570768,0.8,0.8,0.2,12,4.833333333333333,5,"['cars', 'public', 'lot', 'times', 'route']"
52.28903,-1.53796,38.62656698487698,0.6,0.4,0.4,459,5.429844097995546,30,"['main high street', 'route']"
52.28755,-1.53914,19.904218690214663,0.2,0.2,0.2,233,6.25,5,"['unlit roads', 'route']"
52.28903,-1.53799,38.50131093601215,0.6,0.4,0.4,486,5.466386554621849,30,"['main high street', 'route']"
52.2912,-1.53811,39.36360233811135,0.6,0.4,0.4,757,5.401639344262295,52,"['main high street', 'route']"
52.2858,-1.53649,19.49103010631783,0.2,0.2,0.2,346,6.853372434017595,24,"['unlit roads', 'route']"
52.28248,-1.55215,47.65080553640177,0.8,0.8,0.2,60,4.433333333333334,0,"['cars', 'public', 'lot', 'times', 'route']"
52.28264,-1.55111,47.69173377558403,0.8,0.8,0.2,59,4.440677966101695,1,"['cars', 'public', 'lot', 'times', 'route']"
52.28793,-1.53478,33.68362650953136,0.6,0.4,0.2,511,6.026315789473684,34,"['isolated road', 'lack', 'route', 'lighting']"
52.27919,-1.5457,37.34245361177658,0.6,0.4,0.2,127,4.140495867768595,13,"['isolated road', 'lack', 'route', 'lighting']"
52.28217,-1.54919,47.97405672155951,0.8,0.8,0.2,72,4.352112676056338,3,"['cars', 'public', 'lot', 'times', 'route']"
52.27606,-1.52694,48.5666797274226,0.8,0.8,0.4,162,5.773584905660377,1,"['public spaces', 'access', 'route']"
52.27962,-1.54523,34.221902236546626,0.6,0.4,0.2,54,5.518518518518518,10,"['isolated road', 'lack', 'route', 'lighting']"
52.28483,-1.55438,47.82332816744103,0.6,0.8,0.4,9,4.555555555555555,2,"['scenic route', 'park', 'daytime', 'walk', 'felt']"
52.28807,-1.5438,43.824774383854646,0.6,0.8,0.4,87,6.329411764705882,5,"['scenic route', 'park', 'daytime', 'walk', 'felt']"
52.28581699999999,-1.5330837,49.9111537267292,0.8,0.8,0.4,501,6.396341463414634,59,"['public spaces', 'lots', 'route']"
52.2852,-1.53652,19.288644895463086,0.2,0.2,0.2,366,6.858725761772853,21,"['unlit roads', 'route']"
52.2871,-1.53666,44.09727692010927,0.6,0.8,0.4,485,6.267932489451477,18,"['scenic route', 'park', 'daytime', 'walk', 'felt']"
52.2894565,-1.5591778,39.56175138995926,0.6,0.4,0.6,178,6.420454545454546,4,"['ease', 'route']"
52.28959,-1.55338,36.44343144959771,0.4,0.4,0.6,66,5.96969696969697,0,"['busy route', 'public spaces', 'hospital', 'shops', 'route']"
52.28945,-1.55792,37.03260419418263,0.4,0.4,0.6,77,5.75,2,"['busy route', 'public spaces', 'hospital', 'shops', 'route']"
52.28699,-1.53319,33.05487095431238,0.4,0.4,0.4,537,6.216730038022813,35,"['evening', 'backstreets', 'lighting', 'route']"
52.291387,-1.5783038,42.31393129770992,0.4,0.4,0.2,0,0.0,0,"['little lighting', 'night', 'park', 'public spaces', 'access']"
52.28946,-1.55918,35.487323909043226,0.4,0.4,0.6,178,6.420454545454546,4,"['busy route', 'public spaces', 'hospital', 'shops', 'route']"
52.28788,-1.56643,37.67187384231792,0.4,0.4,0.6,116,5.5344827586206895,6,"['busy route', 'public spaces', 'hospital', 'shops', 'route']"
52.2896,-1.55258,36.27187397057539,0.4,0.4,0.6,63,6.047619047619048,0,"['busy route', 'public spaces', 'hospital', 'shops', 'route']"
52.2854,-1.5504,45.778748023542,0.6,0.8,0.4,45,5.422222222222223,2,"['scenic route', 'park', 'daytime', 'walk', 'felt']"
52.28855,-1.53521,34.627574114435106,0.6,0.4,0.2,524,5.616141732283465,36,"['isolated road', 'lack', 'route', 'lighting']"
52.28688,-1.52646,28.982610882182243,0.4,0.4,0.2,142,5.814285714285714,8,"['night', 'round back streets']"
52.29116,-1.57764,50.260516991272496,0.4,0.4,0.6,0,0.0,1,"['busy route', 'public spaces', 'hospital', 'shops', 'route']"
52.28669,-1.56092,43.78083252257098,0.8,0.8,0.2,84,6.273809523809524,6,"['cars', 'public', 'lot', 'times', 'route']"
52.28422,-1.53473,21.18356955091705,0.2,0.2,0.2,546,6.504638218923933,46,"['unlit roads', 'route']"
52.2902026,-1.5386973,44.250119814147645,0.6,0.4,0.6,565,5.0650994575045205,48,"['ease', 'route']"
52.28743,-1.56501,40.77248279698443,0.6,0.6,0.4,141,5.801418439716312,6,"['busy route', 'cars', 'hospital', 'shops', 'times']"
52.28817,-1.54053,45.46344300629107,0.6,0.8,0.4,149,5.951388888888889,21,"['scenic route', 'park', 'daytime', 'walk', 'felt']"
52.28713,-1.5351,44.65662079211975,0.6,0.8,0.4,476,6.245161290322581,27,"['scenic route', 'park', 'daytime', 'walk', 'felt']"
52.28458,-1.53426,33.87319573403259,0.6,0.4,0.2,574,6.3699115044247785,52,"['isolated road', 'lack', 'route', 'lighting']"
52.28996540000001,-1.5785805,42.31393129770992,0.4,0.4,0.2,0,0.0,0,"['little lighting', 'night', 'park', 'public spaces', 'access']"
52.28342,-1.5436,49.232936164126365,0.8,0.8,0.2,160,3.69811320754717,3,"['cars', 'public', 'lot', 'times', 'route']"
52.28762,-1.53478,29.10018897873371,0.4,0.4,0.2,496,6.148535564853557,29,"['little lighting', 'park']"
52.29035,-1.58405,53.945610687022906,0.6,0.6,0.4,0,0.0,0,"['busy route', 'cars', 'hospital', 'shops', 'times']"
52.28151,-1.53475,30.051456677251704,0.5,0.4,0.2,170,6.411764705882353,11,"['isolated road', 'lack', 'route', 'public services', 'lighting']"
52.27642,-1.52703,48.58180193509896,0.8,0.8,0.4,168,5.8121212121212125,3,"['public spaces', 'access', 'route']"
52.28554,-1.5501,45.778748023542,0.6,0.8,0.4,45,5.422222222222223,2,"['scenic route', 'park', 'daytime', 'walk', 'felt']"
52.280894,-1.5445862,31.64940101328904,0.4,0.4,0.2,156,4.84516129032258,9,"['street lighting', 'road', 'public spaces', 'route', 'access']"
52.2899,-1.57936,53.945610687022906,0.6,0.6,0.4,0,0.0,0,"['busy route', 'cars', 'hospital', 'shops', 'times']"
52.28464,-1.55642,45.2640119742336,0.8,0.8,0.2,8,5.625,4,"['cars', 'public', 'lot', 'times', 'route']"
52.29047,-1.58365,53.945610687022906,0.6,0.6,0.4,0,0.0,0,"['busy route', 'cars', 'hospital', 'shops', 'times']"
52.28032,-1.54049,31.39054363665405,0.6,0.4,0.2,130,6.476923076923077,0,"['isolated road', 'lack', 'route', 'lighting']"
52.28476,-1.55544,45.49301960782139,0.6,0.8,0.4,8,5.625,4,"['scenic route', 'park', 'daytime', 'walk', 'felt']"
52.2882476,-1.5380635,45.53902195318719,0.6,0.8,0.4,318,5.834951456310679,27,"['afternoons', 'greenery', 'public', 'route']"
52.29062,-1.53807,39.814119681620646,0.6,0.4,0.4,701,5.173076923076923,50,"['main high street', 'route']"
52.28436,-1.53507,21.00801808174164,0.2,0.2,0.2,543,6.5111940298507465,43,"['unlit roads', 'route']"
52.28885,-1.56141,35.086056363626724,0.4,0.4,0.6,200,6.63819095477387,6,"['busy route', 'public spaces', 'hospital', 'shops', 'route']"
52.28749,-1.53441,33.01996505974055,0.6,0.4,0.2,487,6.255274261603375,30,"['isolated road', 'lack', 'route', 'lighting']"
52.28726,-1.56333,44.75430596630396,0.8,0.8,0.2,171,5.777777777777778,6,"['cars', 'public', 'lot', 'times', 'route']"
52.2821,-1.54798,49.02877543500173,0.8,0.8,0.2,124,3.829268292682927,3,"['cars', 'public', 'lot', 'times', 'route']"
52.28639,-1.56041,45.24162558509876,0.8,0.8,0.2,41,5.658536585365853,6,"['cars', 'public', 'lot', 'times', 'route']"
52.28485,-1.53145,29.871574588912125,0.4,0.4,0.2,599,6.254668930390492,54,"['night', 'round back streets']"
52.28244,-1.55252,44.40313561362807,0.8,0.8,0.2,35,5.885714285714286,0,"['cars', 'public', 'lot', 'times', 'route']"
52.28713,-1.53791,20.031306582281864,0.2,0.2,0.2,271,6.216730038022813,7,"['unlit roads', 'route']"
52.2763825,-1.5284333,28.98757608443275,0.4,0.4,0.2,167,5.908536585365853,4,"['street lighting', 'road', 'public spaces', 'route', 'access']"
52.29086,-1.58311,53.945610687022906,0.6,0.6,0.4,0,0.0,0,"['busy route', 'cars', 'hospital', 'shops', 'times']"
52.28376,-1.55485,44.7592721286814,0.8,0.8,0.2,19,5.789473684210527,2,"['cars', 'public', 'lot', 'times', 'route']"
52.28743,-1.53793,44.00148350930596,0.6,0.8,0.4,245,6.194915254237288,7,"['scenic route', 'park', 'daytime', 'walk', 'felt']"
52.28752,-1.56476,37.18127471853235,0.4,0.4,0.6,153,5.725490196078432,6,"['busy route', 'public spaces', 'hospital', 'shops', 'route']"
52.27628,-1.5356,48.51197308589781,0.8,0.8,0.4,212,5.785714285714286,2,"['public spaces', 'access', 'route']"
52.28903,-1.53794,38.62656698487698,0.6,0.4,0.4,459,5.429844097995546,30,"['main high street', 'route']"
52.28683,-1.56127,43.51734933791609,0.8,0.8,0.2,103,6.378640776699029,6,"['cars', 'public', 'lot', 'times', 'route']"
52.27645,-1.52028,33.907602794355164,0.6,0.6,0.2,116,7.051724137931035,1,"['street', 'public', 'other members']"
52.28683,-1.56086,44.14957679216895,0.6,0.8,0.4,92,6.206521739130435,6,"['scenic route', 'park', 'daytime', 'walk', 'felt']"
52.29064,-1.58028,53.945610687022906,0.6,0.6,0.4,0,0.0,0,"['busy route', 'cars', 'hospital', 'shops', 'times']"
52.27903,-1.54334,33.177173049704365,0.6,0.4,0.2,75,5.866666666666666,6,"['isolated road', 'lack', 'route', 'lighting']"
52.28525,-1.56258,48.3840437298358,0.6,0.8,0.4,62,4.306451612903226,4,"['scenic route', 'park', 'daytime', 'walk', 'felt']"
52.29092,-1.58136,53.945610687022906,0.6,0.6,0.4,0,0.0,0,"['busy route', 'cars', 'hospital', 'shops', 'times']"
52.28523,-1.53365,34.12011352925587,0.4,0.4,0.4,565,6.297297297297297,58,"['evening', 'backstreets', 'lighting', 'route']"
52.28994,-1.54488,36.954002859296295,0.4,0.4,0.6,75,5.8108108108108105,3,"['busy route', 'public spaces', 'hospital', 'shops', 'route']"
52.28768,-1.53979,19.912496151423987,0.2,0.2,0.2,151,6.275862068965517,4,"['unlit roads', 'route']"
52.29359,-1.53717,39.17451851257998,0.6,0.4,0.4,502,5.527950310559007,45,"['main high street', 'route']"
52.2824,-1.55,47.75734482827349,0.8,0.8,0.2,71,4.4,1,"['cars', 'public', 'lot', 'times', 'route']"
52.284399,-1.5315297,30.2359566858058,0.4,0.4,0.2,608,6.240802675585284,56,"['main roads', 'route']"
52.2895,-1.55855,35.61973762392369,0.4,0.4,0.6,147,6.3310344827586205,2,"['busy route', 'public spaces', 'hospital', 'shops', 'route']"
52.28718,-1.53541,44.513903847684425,0.6,0.8,0.4,506,6.265720081135902,26,"['scenic route', 'park', 'daytime', 'walk', 'felt']"
52.28291,-1.53462,30.696773573947876,0.5,0.4,0.2,383,6.486910994764398,31,"['isolated road', 'lack', 'route', 'public services', 'lighting']"
52.2913023,-1.5778892,42.3692956172267,0.4,0.4,0.2,0,0.0,1,"['little lighting', 'night', 'park', 'public spaces', 'access']"
52.28776,-1.53862,44.221826006119855,0.6,0.8,0.4,287,6.115523465703971,9,"['scenic route', 'park', 'daytime', 'walk', 'felt']"
52.28998,-1.57966,53.945610687022906,0.6,0.6,0.4,0,0.0,0,"['busy route', 'cars', 'hospital', 'shops', 'times']"
52.28273,-1.54573,48.97774798710213,0.8,0.8,0.2,131,3.869230769230769,4,"['cars', 'public', 'lot', 'times', 'route']"
52.28632,-1.53186,29.515428415339716,0.4,0.4,0.2,500,6.230142566191447,44,"['night', 'round back streets']"
52.29629,-1.53701,38.4252140783366,0.6,0.4,0.4,28,5.178571428571429,2,"['main high street', 'route']"
52.28416929999999,-1.5321236,50.06786245783397,0.8,0.8,0.4,636,6.252396166134186,60,"['public street', 'daytime', 'people', 'route']"
52.28924,-1.56007,35.59805254807678,0.4,0.4,0.6,178,6.420454545454546,6,"['busy route', 'public spaces', 'hospital', 'shops', 'route']"
52.27632,-1.53311,48.71539031079877,0.8,0.8,0.4,288,5.735915492957746,6,"['public spaces', 'access', 'route']"
52.2827,-1.55337,44.85403669190634,0.8,0.8,0.2,41,5.682926829268292,0,"['cars', 'public', 'lot', 'times', 'route']"
52.2826,-1.5515,47.69173377558403,0.8,0.8,0.2,59,4.440677966101695,1,"['cars', 'public', 'lot', 'times', 'route']"
52.28536,-1.55769,44.19058605320746,0.8,0.8,0.2,5,6.0,0,"['cars', 'public', 'lot', 'times', 'route']"
52.2875,-1.53289,39.34437052523922,0.5,0.6,0.4,478,6.263948497854077,36,"['scenic route', 'park', 'daytime', 'walk', 'backstreets']"
52.2721847,-1.5256998,33.19351509055728,0.6,0.4,0.2,93,5.870967741935484,7,"['cemetery', 'more people', 'walk', 'route']"
52.28538,-1.55773,44.419593686795245,0.6,0.8,0.4,5,6.0,0,"['scenic route', 'park', 'daytime', 'walk', 'felt']"
52.28731,-1.53577,44.50439019149656,0.6,0.8,0.4,495,6.278008298755187,26,"['scenic route', 'park', 'daytime', 'walk', 'felt']"
52.28721,-1.56292,44.82420044957665,0.8,0.8,0.2,162,5.753086419753086,6,"['cars', 'public', 'lot', 'times', 'route']"
52.28544,-1.55795,44.19058605320746,0.8,0.8,0.2,5,6.0,0,"['cars', 'public', 'lot', 'times', 'route']"
52.27638,-1.52843,42.60875929053961,0.7,0.7,0.3,167,5.908536585365853,4,"['public spaces', 'street', 'other members', 'access', 'route']"
52.2812835,-1.5456867,33.066980367729954,0.4,0.4,0.2,154,4.235294117647059,10,"['street lighting', 'road', 'public spaces', 'route', 'access']"
52.27648,-1.52008,33.611643754134256,0.6,0.6,0.2,106,7.188679245283019,1,"['street', 'public', 'other members']"
52.28924,-1.57167,45.48195089597749,0.8,0.8,0.2,11,5.454545454545454,1,"['cars', 'public', 'lot', 'times', 'route']"
52.28753,-1.56515,44.69612611105544,0.8,0.8,0.2,141,5.801418439716312,5,"['cars', 'public', 'lot', 'times', 'route']"
52.2869,-1.53339,32.48898967995838,0.4,0.4,0.4,607,6.333892617449664,31,"['evening', 'backstreets', 'lighting', 'route']"
52.28806,-1.53153,45.25550107110151,0.6,0.8,0.4,320,6.17741935483871,31,"['scenic route', 'park', 'daytime', 'walk', 'felt']"
52.28944,-1.5567,37.309608324472485,0.4,0.4,0.6,51,5.647058823529412,2,"['busy route', 'public spaces', 'hospital', 'shops', 'route']"
52.27635,-1.51873,34.54080700277977,0.6,0.6,0.2,139,6.805755395683454,3,"['street', 'public', 'other members']"
52.28675,-1.56105,43.80852275564324,0.6,0.8,0.4,99,6.353535353535354,6,"['scenic route', 'park', 'daytime', 'walk', 'felt']"
52.2883,-1.5307,39.67351357737128,0.5,0.6,0.4,291,5.882562277580071,22,"['scenic route', 'park', 'daytime', 'walk', 'backstreets']"
52.2897243,-1.5500951,40.94129710002485,0.6,0.4,0.6,80,5.772151898734177,0,"['ease', 'route']"
52.28397,-1.53666,42.44828582734932,0.8,0.8,0.2,352,6.968299711815562,16,"['cars', 'public', 'lot', 'times', 'route']"
52.28502,-1.53352,33.86790756448958,0.4,0.4,0.4,576,6.304424778761062,54,"['evening', 'backstreets', 'lighting', 'route']"
52.28648,-1.56386,45.25185199959271,0.6,0.8,0.4,143,5.678321678321678,6,"['scenic route', 'park', 'daytime', 'walk', 'felt']"
52.28589,-1.54948,46.03075319580464,0.6,0.8,0.4,31,5.32258064516129,2,"['scenic route', 'park', 'daytime', 'walk', 'felt']"
52.28746,-1.56498,37.18127471853235,0.4,0.4,0.6,153,5.725490196078432,6,"['busy route', 'public spaces', 'hospital', 'shops', 'route']"
52.28418,-1.53414,34.090373393226805,0.6,0.4,0.2,590,6.333907056798623,55,"['isolated road', 'lack', 'route', 'lighting']"
52.28478,-1.53391,31.823156694864487,0.4,0.4,0.3,594,6.328767123287672,53,"['quiet route', 'evening', 'backstreets', 'lighting', 'public services']"
52.28578,-1.5316,30.08640704131257,0.4,0.4,0.2,518,6.341846758349705,59,"['night', 'round back streets']"
52.28803,-1.54452,43.76941006433787,0.6,0.8,0.4,87,6.329411764705882,4,"['scenic route', 'park', 'daytime', 'walk', 'felt']"
52.28794,-1.54571,44.6929426522436,0.6,0.8,0.4,33,5.909090909090909,2,"['scenic route', 'park', 'daytime', 'walk', 'felt']"
52.27488,-1.52629,47.68999666438574,0.8,0.8,0.4,102,6.257425742574258,3,"['public spaces', 'access', 'route']"
52.2896,-1.55327,36.44343144959771,0.4,0.4,0.6,66,5.96969696969697,0,"['busy route', 'public spaces', 'hospital', 'shops', 'route']"
52.28744,-1.56499,37.03202478171725,0.4,0.4,0.6,141,5.801418439716312,6,"['busy route', 'public spaces', 'hospital', 'shops', 'route']"
52.28797,-1.53627,28.39732731270522,0.4,0.35,0.2,494,5.97907949790795,31,"['little lighting', 'street lighting', 'night', 'park', 'anything']"
52.27643,-1.52409,34.65125745542868,0.6,0.6,0.2,207,6.666666666666667,1,"['street', 'public', 'other members']"
52.292597,-1.5369774,51.461025261054495,0.8,0.8,0.4,763,5.233783783783784,52,"['public spaces', 'lots', 'route']"
52.28252,-1.55003,47.72534383843716,0.8,0.8,0.2,83,4.402439024390244,1,"['cars', 'public', 'lot', 'times', 'route']"
52.28613,-1.54898,46.04769903503003,0.6,0.8,0.4,25,5.32,2,"['scenic route', 'park', 'daytime', 'walk', 'felt']"
52.28785,-1.53888,40.45903733955836,0.5,0.7,0.4,290,5.7785714285714285,7,"['scenic route', 'many drunk people', 'night', 'daytime', 'walk']"
52.29111,-1.57742,50.260516991272496,0.4,0.4,0.6,0,0.0,1,"['busy route', 'public spaces', 'hospital', 'shops', 'route']"
52.28772,-1.5655,36.97135086072621,0.4,0.4,0.6,144,5.826388888888889,6,"['busy route', 'public spaces', 'hospital', 'shops', 'route']"
52.27921,-1.54475,34.1022894839975,0.6,0.4,0.2,60,5.566666666666666,10,"['isolated road', 'lack', 'route', 'lighting']"
52.28491,-1.55395,47.82332816744103,0.6,0.8,0.4,9,4.555555555555555,2,"['scenic route', 'park', 'daytime', 'walk', 'felt']"
52.28628,-1.56007,47.17518143522446,0.8,0.8,0.2,12,4.833333333333333,6,"['cars', 'public', 'lot', 'times', 'route']"
52.28959,-1.55357,36.37962854522318,0.4,0.4,0.6,63,6.0,0,"['busy route', 'public spaces', 'hospital', 'shops', 'route']"
52.29134,-1.57801,54.00097500653966,0.6,0.6,0.4,0,0.0,1,"['busy route', 'cars', 'hospital', 'shops', 'times']"
52.277348,-1.518688,27.737961992991007,0.4,0.4,0.2,130,6.469230769230769,3,"['street lighting', 'road', 'public spaces', 'route', 'access']"
52.28775,-1.5641,36.97947599793221,0.4,0.4,0.6,171,5.777777777777778,5,"['busy route', 'public spaces', 'hospital', 'shops', 'route']"
52.28397,-1.53858,44.2068648739818,0.8,0.8,0.2,221,5.9132420091324205,3,"['cars', 'public', 'lot', 'times', 'route']"
52.28535,-1.55051,45.778748023542,0.6,0.8,0.4,45,5.422222222222223,2,"['scenic route', 'park', 'daytime', 'walk', 'felt']"
52.28765,-1.53256,33.52460412549579,0.4,0.4,0.4,472,6.144736842105263,39,"['evening', 'backstreets', 'lighting', 'route']"
52.28968,-1.55093,36.47635088268748,0.4,0.4,0.6,77,5.947368421052632,0,"['busy route', 'public spaces', 'hospital', 'shops', 'route']"
52.28807,-1.54264,43.95087862696654,0.6,0.8,0.4,94,6.293478260869565,6,"['scenic route', 'park', 'daytime', 'walk', 'felt']"
52.28499,-1.55289,47.82332816744103,0.6,0.8,0.4,9,4.555555555555555,2,"['scenic route', 'park', 'daytime', 'walk', 'felt']"
52.28813,-1.54107,44.3507394559891,0.6,0.8,0.4,118,6.321739130434783,15,"['scenic route', 'park', 'daytime', 'walk', 'felt']"
52.28994,-1.57412,50.260516991272496,0.4,0.4,0.6,0,0.0,1,"['busy route', 'public spaces', 'hospital', 'shops', 'route']"
52.28411,-1.53582,43.418222720544094,0.8,0.8,0.2,453,6.739910313901345,27,"['cars', 'public', 'lot', 'times', 'route']"
52.2900115,-1.5445292,44.70397965097217,0.7,0.6,0.5,86,5.882352941176471,3,"['enjoyable evening walk', 'street lights', 'ease', 'busy streets', 'route']"
52.28698,-1.53761,19.64613271590464,0.2,0.2,0.2,449,6.247165532879818,6,"['unlit roads', 'route']"
52.28477,-1.54724,45.76668198882676,0.6,0.6666666666666666,0.4,131,4.007692307692308,1,"['evening', 'nice walk', 'route', 'thing', 'start']"
52.28556,-1.53567,30.557076911681303,0.4,0.4,0.3,434,6.644028103044496,38,"['many drunk people', 'night', 'park', 'lighting', 'paths']"
52.28604,-1.53626,25.863951504708155,0.4,0.3,0.2,353,6.810344827586207,26,"['street lighting', 'nobody', 'night', 'park', 'route']"
52.28459,-1.53544,26.62346145411315,0.4,0.3,0.2,540,6.597744360902255,36,"['street lighting', 'nobody', 'night', 'park', 'route']"
52.28693,-1.54914,43.08332244469924,0.6,0.6666666666666666,0.4,25,5.32,2,"['evening', 'nice walk', 'route', 'thing', 'start']"
52.28128,-1.5466,30.96297273414217,0.4,0.3,0.2,154,4.235294117647059,10,"['street lighting', 'nobody', 'night', 'park', 'route']"
52.28987,-1.54604,36.07784883389083,0.4,0.6,0.4,65,5.984375,0,"['many drunk people', 'night', 'park']"
52.29107,-1.54668,41.37780956506501,0.55,0.65,0.4,135,5.446969696969697,4,"['many drunk people', 'night', 'nice walk', 'park', 'start']"
52.2854409,-1.5373244,42.48471078474616,0.7,0.6,0.4,263,5.992307692307692,7,"['more public spaces', 'park', 'start', 'route']"
52.28748,-1.53651,26.57475843652661,0.4,0.3,0.2,485,6.260042283298097,21,"['street lighting', 'nobody', 'night', 'park', 'route']"
52.28403,-1.53327,30.218747080751108,0.4,0.4,0.2,560,6.310344827586207,57,"['quiet route', 'public services']"
52.28807,-1.5401,37.08144419745535,0.4,0.6,0.4,158,5.915032679738562,18,"['many drunk people', 'night', 'park']"
52.28269,-1.54571,31.50160294893419,0.4,0.3,0.2,131,3.869230769230769,4,"['street lighting', 'nobody', 'night', 'park', 'route']"
52.28336,-1.54443,45.02164829321629,0.6,0.6666666666666666,0.4,121,4.425,4,"['evening', 'nice walk', 'route', 'thing', 'start']"
52.28285,-1.54579,31.50160294893419,0.4,0.3,0.2,131,3.869230769230769,4,"['street lighting', 'nobody', 'night', 'park', 'route']"
52.28325,-1.54678,46.24237903035912,0.6,0.6666666666666666,0.4,131,3.869230769230769,4,"['evening', 'nice walk', 'route', 'thing', 'start']"
52.2833039,-1.5488877,54.71772207027232,0.8,0.8,0.5,71,4.014285714285714,3,"['many restaurants', 'lively atmosphere', 'shops', 'street', 'pathways']"
52.2898457,-1.5466228,48.30344070079035,0.8,0.8,0.4,66,5.830769230769231,0,"['enjoyable evening walk', 'street lights', 'busy streets', 'thanks']"
52.28894,-1.53799,27.484049085942207,0.4,0.2,0.2,436,5.330985915492958,30,"['park', 'paths', 'lighting']"
52.28823,-1.53807,26.573433095634,0.4,0.2,0.2,299,5.790378006872852,27,"['park', 'paths', 'lighting']"
52.28416,-1.53771,26.23796369885223,0.4,0.3,0.2,289,6.114982578397212,4,"['street lighting', 'nobody', 'night', 'park', 'route']"
52.28125,-1.54696,30.907608414625383,0.4,0.3,0.2,154,4.235294117647059,9,"['street lighting', 'nobody', 'night', 'park', 'route']"
52.28686,-1.54923,43.08332244469924,0.6,0.6666666666666666,0.4,25,5.32,2,"['evening', 'nice walk', 'route', 'thing', 'start']"
52.28164,-1.5455,30.559937548902425,0.4,0.3,0.2,164,4.306748466257669,6,"['street lighting', 'nobody', 'night', 'park', 'route']"
52.2844,-1.53586,25.986488893643887,0.4,0.3,0.2,444,6.750572082379863,28,"['street lighting', 'nobody', 'night', 'park', 'route']"
52.2789332,-1.5472643,57.42255070201262,0.8,0.8,0.5,122,3.0,13,"['many restaurants', 'lively atmosphere', 'shops', 'street', 'pathways']"
52.28359,-1.5432,46.78834473936211,0.6,0.6666666666666666,0.4,121,3.611570247933885,3,"['evening', 'nice walk', 'route', 'thing', 'start']"
52.28974,-1.54664,41.74173586618474,0.6,0.6666666666666666,0.4,66,5.830769230769231,0,"['evening', 'nice walk', 'route', 'thing', 'start']"
52.2899,-1.54445,36.440620872346216,0.4,0.6,0.4,86,5.882352941176471,3,"['many drunk people', 'night', 'park']"
52.28394,-1.53196,48.29044965274061,0.7333333333333333,0.7333333333333333,0.4666666666666666,616,6.254125412541254,60,"['night', 'public', 'drunk public', 'residential area', 'route']"
52.28767,-1.53763,25.027752670494746,0.4,0.2,0.2,359,6.051428571428572,11,"['park', 'paths', 'lighting']"
52.2861,-1.53629,25.98019861949659,0.4,0.3,0.2,422,6.71462829736211,26,"['street lighting', 'nobody', 'night', 'park', 'route']"
52.2853,-1.53458,31.46386415190228,0.4,0.4,0.3,520,6.446393762183236,49,"['many drunk people', 'night', 'park', 'lighting', 'paths']"
52.28324,-1.5448,30.280872211791355,0.4,0.3,0.2,121,4.425,4,"['street lighting', 'nobody', 'night', 'park', 'route']"
52.28437,-1.53618,25.746874228940385,0.4,0.3,0.2,433,6.765807962529274,24,"['street lighting', 'nobody', 'night', 'park', 'route']"
52.281418,-1.548171,44.9593622315271,0.6,0.5428571428571429,0.4,59,3.931034482758621,9,"['good street lighting', 'few shops', 'many restaurants', 'park', 'end']"
52.286249,-1.548171,38.38957063451812,0.6,0.4,0.4,34,5.294117647058823,2,"['nice walk', 'daytime', 'end', 'route']"
52.28129,-1.54557,30.670666187935996,0.4,0.3,0.2,164,4.306748466257669,8,"['street lighting', 'nobody', 'night', 'park', 'route']"
52.28437,-1.53638,25.32940700739104,0.4,0.3,0.2,399,6.878172588832487,20,"['street lighting', 'nobody', 'night', 'park', 'route']"
52.28963,-1.5346,49.2260093275922,0.7,0.7,0.5,649,5.242088607594937,44,"['greenery', 'daytime', 'shops', 'high quantity', 'people']"
52.28128,-1.54569,30.96297273414217,0.4,0.3,0.2,154,4.235294117647059,10,"['street lighting', 'nobody', 'night', 'park', 'route']"
52.28781,-1.53787,24.835601936791505,0.4,0.2,0.2,327,6.163522012578617,11,"['park', 'paths', 'lighting']"
52.28303,-1.54554,40.07783346551044,0.52,0.52,0.32,141,3.9785714285714286,4,"['street lighting', 'night', 'nice walk', 'nobody', 'park']"
52.28706,-1.53687,24.806873987613116,0.4,0.2,0.2,456,6.242152466367713,17,"['park', 'paths', 'lighting']"
52.2836,-1.54297,46.78834473936211,0.6,0.6666666666666666,0.4,121,3.611570247933885,3,"['evening', 'nice walk', 'route', 'thing', 'start']"
52.28554,-1.54724,43.6028398906436,0.6,0.6666666666666666,0.4,26,5.115384615384615,3,"['evening', 'nice walk', 'route', 'thing', 'start']"
52.28898,-1.53803,27.484049085942207,0.4,0.2,0.2,436,5.330985915492958,30,"['park', 'paths', 'lighting']"
52.28136,-1.54574,30.96297273414217,0.4,0.3,0.2,154,4.235294117647059,10,"['street lighting', 'nobody', 'night', 'park', 'route']"
52.28399,-1.53982,26.92928764035557,0.4,0.3,0.2,189,5.796791443850268,1,"['street lighting', 'nobody', 'night', 'park', 'route']"
52.28694,-1.53705,25.3078001718589,0.4,0.2666666666666666,0.2,487,6.381551362683438,14,"['street lighting', 'nobody', 'night', 'park', 'paths']"
52.28434,-1.53665,25.28166606871538,0.4,0.3,0.2,371,6.890710382513661,19,"['street lighting', 'nobody', 'night', 'park', 'route']"
52.28778,-1.54773,41.58904419143506,0.6,0.6666666666666666,0.4,37,5.918918918918919,0,"['evening', 'nice walk', 'route', 'thing', 'start']"
52.289,-1.53803,27.108181165019783,0.4,0.2,0.2,486,5.466386554621849,30,"['park', 'paths', 'lighting']"
52.28879,-1.5466,42.26607141302662,0.6,0.6666666666666666,0.4,50,5.66,2,"['evening', 'nice walk', 'route', 'thing', 'start']"
52.28829,-1.54684,42.004284475422686,0.6,0.6666666666666666,0.4,33,5.787878787878788,2,"['evening', 'nice walk', 'route', 'thing', 'start']"
52.28459,-1.54724,45.81564788088456,0.6,0.6666666666666666,0.4,132,3.984732824427481,1,"['evening', 'nice walk', 'route', 'thing', 'start']"
52.28805,-1.53961,36.7787563923015,0.4,0.6,0.4,153,5.905405405405405,12,"['many drunk people', 'night', 'park']"
52.2789466,-1.5471869,40.986481999722535,0.4666666666666666,0.4666666666666666,0.3333333333333333,122,3.0,13,"['little street lighting', 'night', 'rest', 'high street', 'park']"
52.2857,-1.53616,29.857655785379045,0.4,0.4,0.3,388,6.740837696335079,28,"['many drunk people', 'night', 'park', 'lighting', 'paths']"
52.28673,-1.54981,43.06637660547385,0.6,0.6666666666666666,0.4,31,5.32258064516129,2,"['evening', 'nice walk', 'route', 'thing', 'start']"
52.2856,-1.53589,30.023748743929374,0.4,0.4,0.3,388,6.740837696335079,31,"['many drunk people', 'night', 'park', 'lighting', 'paths']"
52.28544,-1.53655,25.522444329483672,0.4,0.3,0.2,366,6.858725761772853,22,"['street lighting', 'nobody', 'night', 'park', 'route']"
52.28972,-1.53543,49.04312983774462,0.7,0.7,0.5,674,5.254573170731708,42,"['greenery', 'daytime', 'shops', 'high quantity', 'people']"
52.28676,-1.54975,43.06637660547385,0.6,0.6666666666666666,0.4,31,5.32258064516129,2,"['evening', 'nice walk', 'route', 'thing', 'start']"
52.28835,-1.53805,26.3436466497772,0.4,0.2,0.2,331,5.872274143302181,27,"['park', 'paths', 'lighting']"
52.28687,-1.53698,29.659782243853368,0.4,0.4,0.3,474,6.387096774193548,13,"['many drunk people', 'night', 'park', 'lighting', 'paths']"
52.28788,-1.53797,25.80533833108914,0.4,0.2,0.2,295,5.79020979020979,13,"['park', 'paths', 'lighting']"
52.29147,-1.54715,42.03929327432281,0.55,0.65,0.4,105,5.176470588235294,4,"['many drunk people', 'night', 'nice walk', 'park', 'start']"
52.28984,-1.54405,36.6675673691234,0.4,0.6,0.4,84,5.783132530120482,3,"['many drunk people', 'night', 'park']"
52.28362,-1.54303,46.78834473936211,0.6,0.6666666666666666,0.4,121,3.611570247933885,3,"['evening', 'nice walk', 'route', 'thing', 'start']"
52.28405,-1.53303,30.238422922545897,0.4,0.4,0.2,568,6.295169946332737,57,"['quiet route', 'public services']"
52.28443,-1.53323,30.142471538345667,0.4,0.4,0.2,603,6.317032040472175,57,"['quiet route', 'public services']"
52.28408,-1.53901,26.730719835813865,0.4,0.3,0.2,221,5.9132420091324205,3,"['street lighting', 'nobody', 'night', 'park', 'route']"
52.28479,-1.53544,26.60442458856047,0.4,0.3,0.2,533,6.611428571428571,36,"['street lighting', 'nobody', 'night', 'park', 'route']"
52.28437,-1.53661,25.33703038823216,0.4,0.3,0.2,371,6.890710382513661,20,"['street lighting', 'nobody', 'night', 'park', 'route']"
52.28415,-1.53795,26.99654687525216,0.4,0.3,0.2,203,5.8059701492537314,3,"['street lighting', 'nobody', 'night', 'park', 'route']"
52.28029,-1.53424,28.348262754410094,0.4,0.4,0.2,212,6.258373205741627,12,"['quiet route', 'public services']"
52.2919643,-1.53576,44.87299330765895,0.6,0.7,0.3,867,5.166069295101553,76,"['drunk teenagers', 'club night', 'street lights', 'short journey', 'park']"
52.28416,-1.53212,48.20906302381336,0.7333333333333333,0.7333333333333333,0.4666666666666666,636,6.252396166134186,59,"['night', 'public', 'drunk public', 'residential area', 'route']"
52.28554,-1.53538,30.84110574914957,0.4,0.4,0.3,472,6.537634408602151,40,"['many drunk people', 'night', 'park', 'lighting', 'paths']"
52.28836,-1.53621,28.41330971832392,0.4,0.3,0.2,462,5.823660714285714,37,"['street lighting', 'nobody', 'night', 'park', 'route']"
52.28573,-1.5473,43.6028398906436,0.6,0.6666666666666666,0.4,26,5.115384615384615,3,"['evening', 'nice walk', 'route', 'thing', 'start']"
52.28138,-1.54705,30.96297273414217,0.4,0.3,0.2,154,4.235294117647059,10,"['street lighting', 'nobody', 'night', 'park', 'route']"
52.28995,-1.54452,36.440620872346216,0.4,0.6,0.4,86,5.882352941176471,3,"['many drunk people', 'night', 'park']"
52.28807,-1.53799,26.406970950485835,0.4,0.2,0.2,314,5.727868852459016,22,"['park', 'paths', 'lighting']"
52.28888,-1.54656,42.26607141302662,0.6,0.6666666666666666,0.4,50,5.66,2,"['evening', 'nice walk', 'route', 'thing', 'start']"
52.2897651,-1.5354354,43.65991355064934,0.6,0.7,0.3,777,4.998678996036988,45,"['drunk teenagers', 'club night', 'street lights', 'short journey', 'park']"
52.28945,-1.5352,48.94725207346758,0.7,0.7,0.5,662,5.231007751937985,39,"['greenery', 'daytime', 'shops', 'high quantity', 'people']"
52.28128,-1.5456,30.670666187935996,0.4,0.3,0.2,164,4.306748466257669,8,"['street lighting', 'nobody', 'night', 'park', 'route']"
52.28677,-1.53687,27.77064144444997,0.4,0.35,0.25,457,6.424778761061947,14,"['many drunk people', 'street lighting', 'night', 'nobody', 'park']"
52.28894,-1.53798,27.640687714282645,0.4,0.2,0.2,409,5.280701754385965,30,"['park', 'paths', 'lighting']"
52.29191,-1.54761,42.083691051335634,0.55,0.65,0.4,124,5.140495867768595,4,"['many drunk people', 'night', 'nice walk', 'park', 'start']"
52.28342,-1.54688,46.24237903035912,0.6,0.6666666666666666,0.4,131,3.869230769230769,4,"['evening', 'nice walk', 'route', 'thing', 'start']"
52.28671,-1.54984,43.06637660547385,0.6,0.6666666666666666,0.4,31,5.32258064516129,2,"['evening', 'nice walk', 'route', 'thing', 'start']"
52.28807,-1.53995,36.97071555842179,0.4,0.6,0.4,158,5.915032679738562,16,"['many drunk people', 'night', 'park']"
52.2865,-1.5367,25.806948640175232,0.4,0.3,0.2,398,6.4987277353689565,14,"['street lighting', 'nobody', 'night', 'park', 'route']"
52.28443,-1.53559,26.54750789357,0.4,0.3,0.2,480,6.6723044397463,36,"['street lighting', 'nobody', 'night', 'park', 'route']"
52.2807,-1.5345,27.51380690262205,0.4,0.4,0.2,228,6.526548672566372,8,"['quiet route', 'public services']"
52.28698,-1.53696,24.719851464067403,0.4,0.2,0.2,467,6.24945295404814,16,"['park', 'paths', 'lighting']"
52.29001,-1.54453,36.440620872346216,0.4,0.6,0.4,86,5.882352941176471,3,"['many drunk people', 'night', 'park']"
52.28294,-1.54552,31.23336781665548,0.4,0.3,0.2,141,3.9785714285714286,4,"['street lighting', 'nobody', 'night', 'park', 'route']"
52.28931,-1.54004,37.50925210685119,0.4,0.6,0.4,275,5.75925925925926,23,"['many drunk people', 'night', 'park']"
52.28606,-1.53626,29.758824573695065,0.4,0.4,0.3,422,6.71462829736211,26,"['many drunk people', 'night', 'park', 'lighting', 'paths']"
52.2923339,-1.5382023,43.37894958551284,0.6,0.7,0.3,692,5.413690476190476,52,"['drunk teenagers', 'club night', 'street lights', 'short journey', 'park']"
52.28869,-1.54655,41.895960552084425,0.6,0.6666666666666666,0.4,36,5.833333333333333,2,"['evening', 'nice walk', 'route', 'thing', 'start']"
52.28379,-1.54127,29.094085117346303,0.4,0.3,0.2,183,4.824175824175824,1,"['street lighting', 'nobody', 'night', 'park', 'route']"
52.28949,-1.53501,49.04632076744459,0.7,0.7,0.5,663,5.2631578947368425,42,"['greenery', 'daytime', 'shops', 'high quantity', 'people']"
52.29037,-1.53552,50.030331411796105,0.7,0.7,0.5,938,5.146179401993355,65,"['greenery', 'daytime', 'shops', 'high quantity', 'people']"
52.28623,-1.53647,29.806720526513278,0.4,0.4,0.3,447,6.519274376417234,20,"['many drunk people', 'night', 'park', 'lighting', 'paths']"
52.283,-1.54587,46.24237903035912,0.6,0.6666666666666666,0.4,131,3.869230769230769,4,"['evening', 'nice walk', 'route', 'thing', 'start']"
52.28772,-1.5364,27.011272130527907,0.4,0.3,0.2,494,6.150943396226415,25,"['street lighting', 'nobody', 'night', 'park', 'route']"
52.28663,-1.53679,29.6477361960834,0.4,0.4,0.3,460,6.428571428571429,14,"['many drunk people', 'night', 'park', 'lighting', 'paths']"
52.28714,-1.54876,42.5484769194771,0.6,0.6666666666666666,0.4,29,5.551724137931035,2,"['evening', 'nice walk', 'route', 'thing', 'start']"
52.28418,-1.53214,48.26442734333015,0.7333333333333333,0.7333333333333333,0.4666666666666666,636,6.252396166134186,60,"['night', 'public', 'drunk public', 'residential area', 'route']"
52.28451,-1.53545,26.62346145411315,0.4,0.3,0.2,540,6.597744360902255,36,"['street lighting', 'nobody', 'night', 'park', 'route']"
52.28579,-1.54732,43.54747557112681,0.6,0.6666666666666666,0.4,26,5.115384615384615,2,"['evening', 'nice walk', 'route', 'thing', 'start']"
52.28709,-1.5489,42.22622513092997,0.6,0.6666666666666666,0.4,20,5.7,2,"['evening', 'nice walk', 'route', 'thing', 'start']"
52.28718,-1.53751,35.70027751997483,0.4,0.6,0.4,422,6.1307506053268765,9,"['many drunk people', 'night', 'park']"
52.28346,-1.54403,46.49756720738336,0.6,0.6666666666666666,0.4,160,3.69811320754717,3,"['evening', 'nice walk', 'route', 'thing', 'start']"
52.28037,-1.53437,27.919758592935334,0.4,0.4,0.2,223,6.3954545454545455,10,"['quiet route', 'public services']"
52.28415,-1.5367,25.192919325134945,0.4,0.3,0.2,359,6.887323943661972,17,"['street lighting', 'nobody', 'night', 'park', 'route']"
52.28681,-1.54941,43.08332244469924,0.6,0.6666666666666666,0.4,25,5.32,2,"['evening', 'nice walk', 'route', 'thing', 'start']"
52.28874,-1.53809,26.923032244559668,0.4,0.2,0.2,349,5.563421828908554,26,"['park', 'paths', 'lighting']"
52.28131,-1.54571,30.96297273414217,0.4,0.3,0.2,154,4.235294117647059,10,"['street lighting', 'nobody', 'night', 'park', 'route']"
52.28612,-1.54787,42.62513587603381,0.6,0.6666666666666666,0.4,39,5.461538461538462,0,"['evening', 'nice walk', 'route', 'thing', 'start']"
52.28279,-1.5458,31.50160294893419,0.4,0.3,0.2,131,3.869230769230769,4,"['street lighting', 'nobody', 'night', 'park', 'route']"
52.28321,-1.54669,46.24237903035912,0.6,0.6666666666666666,0.4,131,3.869230769230769,4,"['evening', 'nice walk', 'route', 'thing', 'start']"
52.28602,-1.53626,29.642577458906626,0.4,0.4,0.3,353,6.810344827586207,26,"['many drunk people', 'night', 'park', 'lighting', 'paths']"
52.28366,-1.54227,29.93614004072648,0.4,0.3,0.2,174,4.502890173410405,3,"['street lighting', 'nobody', 'night', 'park', 'route']"
52.28818,-1.5401,37.24753715600567,0.4,0.6,0.4,158,5.915032679738562,21,"['many drunk people', 'night', 'park']"
52.28895,-1.53801,27.484049085942207,0.4,0.2,0.2,436,5.330985915492958,30,"['park', 'paths', 'lighting']"
52.28099,-1.5346,27.60701371870087,0.4,0.4,0.2,192,6.481675392670157,7,"['quiet route', 'public services']"
52.28901,-1.53802,27.108181165019783,0.4,0.2,0.2,486,5.466386554621849,30,"['park', 'paths', 'lighting']"
52.28403,-1.53316,43.563212729606064,0.65,0.65,0.4,560,6.310344827586207,57,"['quiet route', 'night', 'drunk public', 'residential area', 'public services']"
52.28529959999999,-1.5345806,43.50871148014656,0.64,0.64,0.44,520,6.446393762183236,49,"['enjoyable evening walk', 'busy streets', 'police cars', 'rest', 'start']"
52.2851,-1.53592,26.06841795800855,0.4,0.3,0.2,400,6.738578680203045,28,"['street lighting', 'nobody', 'night', 'park', 'route']"
52.28409,-1.53262,48.22675821438388,0.7333333333333333,0.7333333333333333,0.4666666666666666,579,6.284710017574692,59,"['night', 'public', 'drunk public', 'residential area', 'route']"
52.28532,-1.53666,25.420236637916705,0.4,0.3,0.2,338,6.870870870870871,20,"['street lighting', 'nobody', 'night', 'park', 'route']"
52.28616,-1.53637,29.516306749019037,0.4,0.4,0.3,383,6.722222222222222,21,"['many drunk people', 'night', 'park', 'lighting', 'paths']"
52.28347,-1.54692,46.24237903035912,0.6,0.6666666666666666,0.4,131,3.869230769230769,4,"['evening', 'nice walk', 'route', 'thing', 'start']"
52.28368,-1.5431,46.516294397216704,0.6,0.6666666666666666,0.4,130,3.723076923076923,3,"['evening', 'nice walk', 'route', 'thing', 'start']"
52.28621,-1.53646,26.028094572314806,0.4,0.3,0.2,447,6.519274376417234,20,"['street lighting', 'nobody', 'night', 'park', 'route']"
52.28862,-1.54005,37.92571866380538,0.4,0.6,0.4,193,5.58288770053476,21,"['many drunk people', 'night', 'park']"
52.2923727,-1.5481874,42.40995789659914,0.6666666666666666,0.5333333333333333,0.4,123,5.191666666666666,4,"['enjoyable evening walk', 'street lights', 'busy streets', 'daytime', 'end']"
52.28691,-1.53702,25.818890871247746,0.4,0.3,0.2,487,6.381551362683438,12,"['street lighting', 'nobody', 'night', 'park', 'route']"
52.28354,-1.54357,46.91899712458121,0.6,0.6666666666666666,0.4,135,3.537313432835821,3,"['evening', 'nice walk', 'route', 'thing', 'start']"
52.28136,-1.54553,30.670666187935996,0.4,0.3,0.2,164,4.306748466257669,8,"['street lighting', 'nobody', 'night', 'park', 'route']"
52.28829,-1.53571,28.322540810432063,0.4,0.3,0.2,465,5.8381374722838135,36,"['street lighting', 'nobody', 'night', 'park', 'route']"
52.28282,-1.54582,31.50160294893419,0.4,0.3,0.2,131,3.869230769230769,4,"['street lighting', 'nobody', 'night', 'park', 'route']"
52.28724,-1.53689,24.82767951033259,0.4,0.2,0.2,457,6.257847533632287,18,"['park', 'paths', 'lighting']"
52.28443,-1.5356,26.541384151935965,0.4,0.3,0.2,479,6.675847457627119,36,"['street lighting', 'nobody', 'night', 'park', 'route']"
52.28352,-1.54377,31.75679112595843,0.4,0.3,0.2,160,3.69811320754717,3,"['street lighting', 'nobody', 'night', 'park', 'route']"
52.28436,-1.53586,25.986488893643887,0.4,0.3,0.2,444,6.750572082379863,28,"['street lighting', 'nobody', 'night', 'park', 'route']"
52.28377,-1.54315,46.516294397216704,0.6,0.6666666666666666,0.4,130,3.723076923076923,3,"['evening', 'nice walk', 'route', 'thing', 'start']"
52.28143,-1.54555,30.670666187935996,0.4,0.3,0.2,164,4.306748466257669,8,"['street lighting', 'nobody', 'night', 'park', 'route']"
52.28182,-1.54551,30.559937548902425,0.4,0.3,0.2,164,4.306748466257669,6,"['street lighting', 'nobody', 'night', 'park', 'route']"
52.28795,-1.53915,36.337008788886834,0.4,0.6,0.4,261,6.027777777777778,12,"['many drunk people', 'night', 'park']"
52.2834728,-1.5469188,41.5063739413006,0.6,0.4,0.4,131,3.869230769230769,4,"['nice walk', 'daytime', 'end', 'route']"
52.28342,-1.5442,31.75679112595843,0.4,0.3,0.2,160,3.69811320754717,3,"['street lighting', 'nobody', 'night', 'park', 'route']"
52.28594,-1.54749,43.43674693209326,0.6,0.6666666666666666,0.4,26,5.115384615384615,0,"['evening', 'nice walk', 'route', 'thing', 'start']"
52.28438,-1.53647,25.32940700739104,0.4,0.3,0.2,399,6.878172588832487,20,"['street lighting', 'nobody', 'night', 'park', 'route']"
52.28527,-1.54722,43.6028398906436,0.6,0.6666666666666666,0.4,26,5.115384615384615,3,"['evening', 'nice walk', 'route', 'thing', 'start']"
52.28727,-1.53664,26.428079615316054,0.4,0.3,0.2,487,6.275789473684211,19,"['street lighting', 'nobody', 'night', 'park', 'route']"
52.2837661,-1.5431489,38.79364808678414,0.4666666666666666,0.4666666666666666,0.3333333333333333,130,3.723076923076923,3,"['little street lighting', 'night', 'rest', 'high street', 'park']"
52.28996,-1.54479,36.62003339364745,0.4,0.6,0.4,75,5.8108108108108105,3,"['many drunk people', 'night', 'park']"
52.28661,-1.54955,43.06637660547385,0.6,0.6666666666666666,0.4,31,5.32258064516129,2,"['evening', 'nice walk', 'route', 'thing', 'start']"
52.28964,-1.54227,36.68893348162842,0.4,0.6,0.4,147,5.776223776223776,5,"['many drunk people', 'night', 'park']"
52.28992,-1.545,36.01142403036752,0.4,0.6,0.4,90,6.045454545454546,2,"['many drunk people', 'night', 'park']"
52.2918076,-1.5381524,43.3663462022322,0.6,0.7,0.3,763,5.383265856950067,53,"['drunk teenagers', 'club night', 'street lights', 'short journey', 'park']"
52.28431,-1.53668,25.222141409545664,0.4,0.3,0.2,350,6.904624277456647,18,"['street lighting', 'nobody', 'night', 'park', 'route']"
52.28821,-1.53808,26.518068776117225,0.4,0.2,0.2,299,5.790378006872852,26,"['park', 'paths', 'lighting']"
52.28313,-1.54652,46.24237903035912,0.6,0.6666666666666666,0.4,131,3.869230769230769,4,"['evening', 'nice walk', 'route', 'thing', 'start']"
52.28995,-1.53547,49.96637772510418,0.7,0.7,0.5,777,4.998678996036988,53,"['greenery', 'daytime', 'shops', 'high quantity', 'people']"
52.28414,-1.53831,27.042132197239894,0.4,0.3,0.2,208,5.781553398058253,3,"['street lighting', 'nobody', 'night', 'park', 'route']"
52.28253,-1.54557,31.23336781665548,0.4,0.3,0.2,141,3.9785714285714286,4,"['street lighting', 'nobody', 'night', 'park', 'route']"
52.28903,-1.54001,37.209824366055166,0.4,0.6,0.4,282,5.840579710144928,21,"['many drunk people', 'night', 'park']"
52.28907,-1.54004,37.22064254786728,0.4,0.6,0.4,281,5.836363636363636,21,"['many drunk people', 'night', 'park']"
52.28888,-1.54002,37.67054853659435,0.4,0.6,0.4,232,5.668141592920354,21,"['many drunk people', 'night', 'park']"
52.2904,-1.53484,50.37825824401644,0.7,0.7,0.5,898,5.12037037037037,69,"['greenery', 'daytime', 'shops', 'high quantity', 'people']"
52.28389,-1.54707,46.225821627154936,0.6,0.6666666666666666,0.4,127,3.880952380952381,4,"['evening', 'nice walk', 'route', 'thing', 'start']"
52.28312,-1.54515,39.83254140803759,0.52,0.52,0.32,147,4.082191780821918,4,"['street lighting', 'night', 'nice walk', 'nobody', 'park']"
52.28942,-1.53536,48.83890954704892,0.7,0.7,0.5,681,5.266968325791855,39,"['greenery', 'daytime', 'shops', 'high quantity', 'people']"
52.2879016,-1.535144,43.325268805106845,0.7,0.6,0.4,522,5.950396825396825,28,"['more public spaces', 'park', 'start', 'route']"
52.28638,-1.5366,29.817851984973103,0.4,0.4,0.3,419,6.506053268765133,19,"['many drunk people', 'night', 'park', 'lighting', 'paths']"
52.28421,-1.54717,46.11509298812138,0.6,0.6666666666666666,0.4,127,3.880952380952381,2,"['evening', 'nice walk', 'route', 'thing', 'start']"
52.28444,-1.53554,26.602464100526447,0.4,0.3,0.2,529,6.614942528735632,36,"['street lighting', 'nobody', 'night', 'park', 'route']"
52.28725,-1.54856,41.94993056129962,0.6,0.6666666666666666,0.4,32,5.8125,2,"['evening', 'nice walk', 'route', 'thing', 'start']"
52.28806,-1.54728,42.01060471536483,0.6,0.6666666666666666,0.4,24,5.791666666666667,2,"['evening', 'nice walk', 'route', 'thing', 'start']"
52.29061,-1.54664,40.22744471859351,0.55,0.65,0.4,108,5.980952380952381,4,"['many drunk people', 'night', 'nice walk', 'park', 'start']"
52.28996,-1.5466,40.18386187904642,0.55,0.65,0.4,77,5.972972972972973,2,"['many drunk people', 'night', 'nice walk', 'park', 'start']"
52.28139,-1.5455,30.559937548902425,0.4,0.3,0.2,164,4.306748466257669,6,"['street lighting', 'nobody', 'night', 'park', 'route']"
52.28793,-1.54751,41.89987607633128,0.6,0.6666666666666666,0.4,24,5.791666666666667,0,"['evening', 'nice walk', 'route', 'thing', 'start']"
52.28236,-1.53124,48.47888627169896,0.7333333333333333,0.7333333333333333,0.4666666666666666,411,5.839108910891089,42,"['night', 'public', 'drunk public', 'residential area', 'route']"
52.28851,-1.54663,42.004284475422686,0.6,0.6666666666666666,0.4,33,5.787878787878788,2,"['evening', 'nice walk', 'route', 'thing', 'start']"
52.28588,-1.53633,27.699400256374798,0.4,0.35,0.25,340,6.86865671641791,27,"['many drunk people', 'street lighting', 'night', 'nobody', 'park']"
52.28714,-1.53685,24.84647392600569,0.4,0.2,0.2,461,6.246119733924612,18,"['park', 'paths', 'lighting']"
52.28301,-1.54622,46.24237903035912,0.6,0.6666666666666666,0.4,131,3.869230769230769,4,"['evening', 'nice walk', 'route', 'thing', 'start']"
52.28324,-1.54675,46.24237903035912,0.6,0.6666666666666666,0.4,131,3.869230769230769,4,"['evening', 'nice walk', 'route', 'thing', 'start']"
52.28524,-1.53659,25.53096527695026,0.4,0.3,0.2,338,6.870870870870871,22,"['street lighting', 'nobody', 'night', 'park', 'route']"
52.28407,-1.53203,48.29066366461433,0.7333333333333333,0.7333333333333333,0.4666666666666666,575,6.229681978798586,58,"['night', 'public', 'drunk public', 'residential area', 'route']"
52.28831,-1.5362,28.35794539880714,0.4,0.3,0.2,462,5.823660714285714,36,"['street lighting', 'nobody', 'night', 'park', 'route']"
52.28361,-1.5429,32.04756865793718,0.4,0.3,0.2,121,3.611570247933885,3,"['street lighting', 'nobody', 'night', 'park', 'route']"
52.28753,-1.53743,24.773069328977314,0.4,0.2,0.2,431,6.144893111638955,12,"['park', 'paths', 'lighting']"
52.2844,-1.53563,26.541384151935965,0.4,0.3,0.2,479,6.675847457627119,36,"['street lighting', 'nobody', 'night', 'park', 'route']"
52.28818,-1.53804,26.57306390903617,0.4,0.2,0.2,314,5.727868852459016,25,"['park', 'paths', 'lighting']"
52.28862,-1.54656,42.004284475422686,0.6,0.6666666666666666,0.4,33,5.787878787878788,2,"['evening', 'nice walk', 'route', 'thing', 'start']"
52.28663,-1.5496,43.06637660547385,0.6,0.6666666666666666,0.4,31,5.32258064516129,2,"['evening', 'nice walk', 'route', 'thing', 'start']"
52.28721,-1.5369,24.84836005826484,0.4,0.2,0.2,455,6.249438202247191,18,"['park', 'paths', 'lighting']"
52.29117,-1.54673,41.37780956506501,0.55,0.65,0.4,135,5.446969696969697,4,"['many drunk people', 'night', 'nice walk', 'park', 'start']"
52.28138,-1.54587,30.96297273414217,0.4,0.3,0.2,154,4.235294117647059,10,"['street lighting', 'nobody', 'night', 'park', 'route']"
52.2812,-1.54693,30.907608414625383,0.4,0.3,0.2,154,4.235294117647059,9,"['street lighting', 'nobody', 'night', 'park', 'route']"
52.28441,-1.53562,26.541384151935965,0.4,0.3,0.2,479,6.675847457627119,36,"['street lighting', 'nobody', 'night', 'park', 'route']"
52.28767,-1.53839,35.95132224812362,0.4,0.6,0.4,278,6.141791044776119,10,"['many drunk people', 'night', 'park']"
52.28739,-1.53718,24.52287079530736,0.4,0.2,0.2,455,6.2725225225225225,13,"['park', 'paths', 'lighting']"
52.28406,-1.54712,46.11509298812138,0.6,0.6666666666666666,0.4,127,3.880952380952381,2,"['evening', 'nice walk', 'route', 'thing', 'start']"
52.2785643,-1.545145,41.83604125375796,0.6,0.4,0.4,80,3.925,10,"['nice walk', 'daytime', 'end', 'route']"
52.28036,-1.53431,28.030487231968905,0.4,0.4,0.2,223,6.3954545454545455,12,"['quiet route', 'public services']"
52.28125,-1.5467,30.907608414625383,0.4,0.3,0.2,154,4.235294117647059,9,"['street lighting', 'nobody', 'night', 'park', 'route']"
52.29237,-1.54819,41.971026598889225,0.55,0.65,0.4,123,5.191666666666666,4,"['many drunk people', 'night', 'nice walk', 'park', 'start']"
52.28597,-1.53628,25.863951504708155,0.4,0.3,0.2,353,6.810344827586207,26,"['street lighting', 'nobody', 'night', 'park', 'route']"
52.28296,-1.54551,31.23336781665548,0.4,0.3,0.2,141,3.9785714285714286,4,"['street lighting', 'nobody', 'night', 'park', 'route']"
52.2884,-1.53827,26.38019494355241,0.4,0.2,0.2,325,5.859872611464968,27,"['park', 'paths', 'lighting']"
52.28968,-1.54256,36.64352673023147,0.4,0.6,0.4,132,5.782945736434108,4,"['many drunk people', 'night', 'park']"
52.2855,-1.55803,44.19040524915164,0.8,0.8,0.2,5,6.0,0,"['cars', 'public', 'lot', 'times', 'route']"
52.28688,-1.53362,32.783845655263235,0.6,0.4,0.2,622,6.2901639344262295,31,"['isolated road', 'lack', 'route', 'lighting']"
52.27925,-1.54465,34.09988479005502,0.6,0.4,0.2,60,5.566666666666666,10,"['isolated road', 'lack', 'route', 'lighting']"
52.290777,-1.533494,50.28963846346948,0.75,0.8,0.35,783,4.902275769745649,56,"['many shops', 'parade', 'public spaces', 'safer choice', 'lots']"
52.27595,-1.51643,36.053010267791244,0.6,0.6,0.2,98,6.204081632653061,5,"['street', 'public', 'other members']"
52.28569,-1.53394,34.206818607727,0.6,0.4,0.2,511,6.351297405189621,56,"['isolated road', 'lack', 'route', 'lighting']"
52.2760706,-1.5164124,28.34389621897869,0.4,0.4,0.2,102,6.264705882352941,5,"['street lighting', 'road', 'public spaces', 'route', 'access']"
52.28398,-1.53755,43.31634002421584,0.8,0.8,0.2,301,6.285234899328859,4,"['cars', 'public', 'lot', 'times', 'route']"
52.2913,-1.57789,54.00097500653966,0.6,0.6,0.4,0,0.0,1,"['busy route', 'cars', 'hospital', 'shops', 'times']"
52.28414,-1.53665,42.714973538421226,0.8,0.8,0.2,380,6.874666666666666,18,"['cars', 'public', 'lot', 'times', 'route']"
52.2843,-1.53489,21.101620764961204,0.2,0.2,0.2,543,6.5111940298507465,45,"['unlit roads', 'route']"
52.28377,-1.5404,44.88005027631417,0.8,0.8,0.2,164,5.574074074074074,0,"['cars', 'public', 'lot', 'times', 'route']"
52.2866,-1.54848,46.08850588146083,0.6,0.8,0.4,34,5.294117647058823,2,"['scenic route', 'park', 'daytime', 'walk', 'felt']"
52.29140349999999,-1.5782611,42.313931297709914,0.4,0.4,0.2,0,0.0,0,"['little lighting', 'night', 'park', 'public spaces', 'access']"
52.28624,-1.53316,33.74214943336744,0.6,0.4,0.2,571,6.265124555160142,46,"['isolated road', 'lack', 'route', 'lighting']"
52.2818,-1.53485,30.503875031273658,0.5,0.4,0.2,252,6.350597609561753,19,"['isolated road', 'lack', 'route', 'public services', 'lighting']"
52.28959,-1.55339,36.44102675565523,0.4,0.4,0.6,66,5.96969696969697,0,"['busy route', 'public spaces', 'hospital', 'shops', 'route']"
52.2851,-1.56291,48.380852538250465,0.6,0.8,0.4,62,4.306451612903226,4,"['scenic route', 'park', 'daytime', 'walk', 'felt']"
52.2762849,-1.5356019,32.90275127226463,0.6,0.4,0.2,212,5.785714285714286,2,"['cemetery', 'more people', 'walk', 'route']"
52.28728,-1.53574,44.48773464941203,0.6,0.8,0.4,495,6.278008298755187,26,"['scenic route', 'park', 'daytime', 'walk', 'felt']"
52.28541,-1.55786,44.19040524915164,0.8,0.8,0.2,5,6.0,0,"['cars', 'public', 'lot', 'times', 'route']"
52.28725,-1.53562,44.48712949849759,0.6,0.8,0.4,497,6.276859504132231,26,"['scenic route', 'park', 'daytime', 'walk', 'felt']"
52.2899,-1.53796,39.82465968760164,0.6,0.4,0.4,543,5.007518796992481,39,"['main high street', 'route']"
52.28806,-1.56727,44.61147800230586,0.8,0.8,0.2,130,5.746153846153846,1,"['cars', 'public', 'lot', 'times', 'route']"
52.28694,-1.53704,39.23907068455814,0.5,0.7,0.4,487,6.381551362683438,14,"['scenic route', 'many drunk people', 'night', 'daytime', 'walk']"
52.27543,-1.52666,48.53712813411279,0.8,0.8,0.4,116,5.868421052631579,3,"['public spaces', 'access', 'route']"
52.28681,-1.56078,44.14642176139479,0.6,0.8,0.4,92,6.206521739130435,6,"['scenic route', 'park', 'daytime', 'walk', 'felt']"
52.2948,-1.53725,36.260468493578315,0.6,0.4,0.4,360,6.197101449275363,14,"['main high street', 'route']"
52.27632,-1.5322,48.82831736428624,0.8,0.8,0.4,290,5.67719298245614,6,"['public spaces', 'access', 'route']"
52.28503,-1.53542,20.408289079412484,0.2,0.2,0.2,528,6.615384615384615,36,"['unlit roads', 'route']"
52.28789,-1.54591,44.91627161876461,0.6,0.8,0.4,27,5.814814814814815,2,"['scenic route', 'park', 'daytime', 'walk', 'felt']"
52.2875364,-1.541341,30.76879797887767,0.4,0.6,0.2,132,6.565891472868217,3,"['drunk people', 'lots', 'route']"
52.27641,-1.52057,34.182621517986014,0.6,0.6,0.2,140,6.914285714285715,1,"['street', 'public', 'other members']"
52.28444,-1.53546,23.398360264001315,0.3,0.25,0.2,540,6.597744360902255,36,"['unlit roads', 'night', 'street lighting', 'park', 'anything']"
52.28617,-1.55979,47.3482642567224,0.6,0.8,0.4,12,4.833333333333333,5,"['scenic route', 'park', 'daytime', 'walk', 'felt']"
52.28582,-1.53308,34.29368720877667,0.6,0.4,0.2,501,6.396341463414634,59,"['isolated road', 'lack', 'route', 'lighting']"
52.29094,-1.57684,54.00097500653966,0.6,0.6,0.4,0,0.0,1,"['busy route', 'cars', 'hospital', 'shops', 'times']"
52.28051,-1.53824,30.751797584177883,0.6,0.4,0.2,120,6.766666666666667,0,"['isolated road', 'lack', 'route', 'lighting']"
52.28776,-1.56568,44.68538334770361,0.8,0.8,0.2,144,5.826388888888889,6,"['cars', 'public', 'lot', 'times', 'route']"
52.28514,-1.53637,19.28797033279592,0.2,0.2,0.2,367,6.8535911602209945,21,"['unlit roads', 'route']"
52.2907119,-1.5829859,42.313931297709914,0.4,0.4,0.2,0,0.0,0,"['little lighting', 'night', 'park', 'public spaces', 'access']"
52.28552,-1.56332,47.86552248789583,0.6,0.8,0.4,66,4.53030303030303,4,"['scenic route', 'park', 'daytime', 'walk', 'felt']"
52.29034,-1.57535,50.260516991272496,0.4,0.4,0.6,0,0.0,1,"['busy route', 'public spaces', 'hospital', 'shops', 'route']"
52.28754,-1.53444,33.04371514436518,0.6,0.4,0.2,500,6.253112033195021,31,"['isolated road', 'lack', 'route', 'lighting']"
52.2889352,-1.5379752,46.716749828676605,0.6,0.8,0.4,409,5.280701754385965,30,"['afternoons', 'greenery', 'public', 'route']"
52.28261,-1.55083,47.67102469384186,0.8,0.8,0.2,71,4.436619718309859,1,"['cars', 'public', 'lot', 'times', 'route']"
52.29016,-1.5435,36.34572008080484,0.4,0.4,0.6,102,6.06,3,"['busy route', 'public spaces', 'hospital', 'shops', 'route']"
52.27932,-1.54493,34.39812307770764,0.6,0.4,0.2,48,5.395833333333333,8,"['isolated road', 'lack', 'route', 'lighting']"
52.2935,-1.53832,38.580676390648364,0.6,0.4,0.4,466,5.515625,33,"['main high street', 'route']"
52.28554,-1.55808,46.713154747402406,0.6,0.8,0.4,1,5.0,0,"['scenic route', 'park', 'daytime', 'walk', 'felt']"
52.29026,-1.58006,53.945610687022906,0.6,0.6,0.4,0,0.0,0,"['busy route', 'cars', 'hospital', 'shops', 'times']"
52.2902,-1.54262,35.89852208064839,0.4,0.4,0.6,125,6.2682926829268295,4,"['busy route', 'public spaces', 'hospital', 'shops', 'route']"
52.27963,-1.5455,37.22499764233033,0.6,0.4,0.2,127,4.140495867768595,11,"['isolated road', 'lack', 'route', 'lighting']"
52.28398,-1.53688,42.42897200316371,0.8,0.8,0.2,331,6.984709480122324,16,"['cars', 'public', 'lot', 'times', 'route']"
52.28613,-1.53312,32.49441506911072,0.4666666666666666,0.4,0.26666666666666666,513,6.3821782178217825,48,"['isolated road', 'backstreets', 'evening', 'park', 'lighting']"
52.286249,-1.570058,41.297293122950876,0.6,0.4,0.6,25,5.68,1,"['ease', 'route']"
52.28788,-1.56659,37.55646237823848,0.4,0.4,0.6,116,5.5344827586206895,4,"['busy route', 'public spaces', 'hospital', 'shops', 'route']"
52.28245,-1.54654,49.12485203543594,0.8,0.8,0.2,119,3.8135593220338984,4,"['cars', 'public', 'lot', 'times', 'route']"
52.28702,-1.53692,34.761767315124395,0.5,0.55,0.3,467,6.24945295404814,17,"['scenic route', 'street lighting', 'night', 'walk', 'nobody']"
52.28773,-1.53487,29.22675246551794,0.4,0.4,0.2,494,6.134171907756813,31,"['little lighting', 'park']"
52.28842,-1.53515,34.36073928467876,0.6,0.4,0.2,500,5.7809917355371905,37,"['isolated road', 'lack', 'route', 'lighting']"
52.28960319999999,-1.5530564,40.51545423657126,0.6,0.4,0.6,66,5.96969696969697,0,"['ease', 'route']"
52.27956,-1.54404,33.54592465980587,0.6,0.4,0.2,90,5.788888888888889,10,"['isolated road', 'lack', 'route', 'lighting']"
52.28908,-1.53848,32.88978383902233,0.5,0.3,0.3,480,5.452025586353945,29,"['main high street', 'park', 'lighting', 'paths', 'route']"
52.27458,-1.52582,47.58006295172469,0.8,0.8,0.4,129,6.286821705426356,3,"['public spaces', 'access', 'route']"
52.28942,-1.53777,39.33971589598904,0.6,0.4,0.4,503,5.119433198380567,33,"['main high street', 'route']"
52.2867355,-1.5244127,30.13922438892136,0.4,0.4,0.2,166,5.280487804878049,4,"['main roads', 'route']"
52.28638,-1.53128,29.393141070057556,0.4,0.4,0.2,510,6.193612774451098,41,"['night', 'round back streets']"
52.28506,-1.5523,47.951996141365626,0.6,0.8,0.4,8,4.5,2,"['scenic route', 'park', 'daytime', 'walk', 'felt']"
52.28874,-1.56179,35.12442170731605,0.4,0.4,0.6,198,6.619289340101523,6,"['busy route', 'public spaces', 'hospital', 'shops', 'route']"
52.28662,-1.56082,44.038038533510296,0.8,0.8,0.2,72,6.166666666666667,6,"['cars', 'public', 'lot', 'times', 'route']"
52.29084,-1.57659,50.260516991272496,0.4,0.4,0.6,0,0.0,1,"['busy route', 'public spaces', 'hospital', 'shops', 'route']"
52.28502,-1.55704,45.27124592265658,0.6,0.8,0.4,8,5.625,0,"['scenic route', 'park', 'daytime', 'walk', 'felt']"
52.29121,-1.57794,50.260516991272496,0.4,0.4,0.6,0,0.0,1,"['busy route', 'public spaces', 'hospital', 'shops', 'route']"
52.2853,-1.53361,34.1012011806867,0.4,0.4,0.4,565,6.297297297297297,58,"['evening', 'backstreets', 'lighting', 'route']"
52.27633,-1.52121,34.080081448169416,0.6,0.6,0.2,127,6.9921259842519685,2,"['street', 'public', 'other members']"
52.28727,-1.56382,44.747778939888654,0.8,0.8,0.2,171,5.777777777777778,6,"['cars', 'public', 'lot', 'times', 'route']"
52.272517,-1.526155,33.52452514562281,0.6,0.4,0.2,84,5.630952380952381,3,"['cemetery', 'more people', 'walk', 'route']"
52.28958,-1.55344,36.377350414119775,0.4,0.4,0.6,63,6.0,0,"['busy route', 'public spaces', 'hospital', 'shops', 'route']"
52.28249,-1.55023,46.96025936946286,0.8,0.8,0.2,85,4.738095238095238,1,"['cars', 'public', 'lot', 'times', 'route']"
52.28252,-1.55016,47.02513139964421,0.8,0.8,0.2,97,4.697916666666667,1,"['cars', 'public', 'lot', 'times', 'route']"
52.28226,-1.54954,47.753750443643675,0.8,0.8,0.2,71,4.4,1,"['cars', 'public', 'lot', 'times', 'route']"
52.27635,-1.53088,48.927158152634064,0.8,0.8,0.4,285,5.635714285714286,6,"['public spaces', 'access', 'route']"
52.28653,-1.53332,32.24239200426549,0.4666666666666666,0.4,0.26666666666666666,518,6.286836935166994,40,"['isolated road', 'backstreets', 'evening', 'park', 'lighting']"
52.28131,-1.53498,31.78323877733899,0.6,0.4,0.2,184,6.413043478260869,6,"['isolated road', 'lack', 'route', 'lighting']"
52.29014,-1.58454,53.945610687022906,0.6,0.6,0.4,0,0.0,0,"['busy route', 'cars', 'hospital', 'shops', 'times']"
52.28211,-1.54861,48.95327408571495,0.8,0.8,0.2,59,3.9310344827586206,3,"['cars', 'public', 'lot', 'times', 'route']"
52.28538,-1.53146,30.06169439510598,0.4,0.4,0.2,588,6.268166089965398,58,"['night', 'round back streets']"
52.29001,-1.57894,53.945610687022906,0.6,0.6,0.4,0,0.0,0,"['busy route', 'cars', 'hospital', 'shops', 'times']"
52.28315,-1.55396,44.85243657601228,0.8,0.8,0.2,41,5.682926829268292,0,"['cars', 'public', 'lot', 'times', 'route']"
52.2859,-1.55897,47.18217129817207,0.6,0.8,0.4,12,4.833333333333333,2,"['scenic route', 'park', 'daytime', 'walk', 'felt']"
52.28726,-1.53566,44.48773464941203,0.6,0.8,0.4,495,6.278008298755187,26,"['scenic route', 'park', 'daytime', 'walk', 'felt']"
52.28788,-1.56656,45.27592802709344,0.8,0.8,0.2,116,5.5344827586206895,4,"['cars', 'public', 'lot', 'times', 'route']"
52.27509,-1.52648,48.17884489033174,0.8,0.8,0.4,96,6.042553191489362,3,"['public spaces', 'access', 'route']"
52.2936,-1.53702,39.07047495083145,0.6,0.4,0.4,506,5.564681724845996,45,"['main high street', 'route']"
52.290809,-1.5830862,42.313931297709914,0.4,0.4,0.2,0,0.0,0,"['little lighting', 'night', 'park', 'public spaces', 'access']"
52.28253,-1.55049,47.015991180872234,0.8,0.8,0.2,98,4.701030927835052,1,"['cars', 'public', 'lot', 'times', 'route']"
52.28354,-1.54218,47.51127632769636,0.8,0.8,0.2,165,4.463414634146342,3,"['cars', 'public', 'lot', 'times', 'route']"
52.29226,-1.5382,39.524849696774304,0.6,0.4,0.4,721,5.338571428571429,52,"['main high street', 'route']"
52.2865,-1.53728,19.251914409940674,0.2,0.2,0.2,387,6.520942408376963,8,"['unlit roads', 'route']"
52.28223,-1.5349,30.998046498236693,0.5,0.4,0.2,313,6.362179487179487,30,"['isolated road', 'lack', 'route', 'public services', 'lighting']"
52.27637,-1.52971,48.86864762263073,0.8,0.8,0.4,280,5.666666666666667,6,"['public spaces', 'access', 'route']"
52.28729,-1.5341,37.351157744229695,0.5,0.6,0.3,487,6.20042194092827,37,"['scenic route', 'park', 'little lighting', 'daytime', 'walk']"
52.28774,-1.53234,39.8087471383669,0.5,0.6,0.4,472,6.144736842105263,40,"['scenic route', 'park', 'daytime', 'walk', 'backstreets']"
52.28969,-1.55026,36.863811970772325,0.4,0.4,0.6,80,5.772151898734177,0,"['busy route', 'public spaces', 'hospital', 'shops', 'route']"
52.29097,-1.58302,53.945610687022906,0.6,0.6,0.4,0,0.0,0,"['busy route', 'cars', 'hospital', 'shops', 'times']"
52.28967,-1.55088,36.26260723821619,0.4,0.4,0.6,83,6.036585365853658,0,"['busy route', 'public spaces', 'hospital', 'shops', 'route']"
52.28218,-1.54736,49.12485203543594,0.8,0.8,0.2,119,3.8135593220338984,4,"['cars', 'public', 'lot', 'times', 'route']"
52.29612,-1.53701,38.42399365095977,0.6,0.4,0.4,28,5.178571428571429,2,"['main high street', 'route']"
52.29117,-1.57778,57.97998264012746,0.8,0.8,0.2,0,0.0,1,"['cars', 'public', 'lot', 'times', 'route']"
52.28574,-1.53636,23.314785757680585,0.3,0.275,0.225,355,6.86,23,"['unlit roads', 'many drunk people', 'night', 'lighting', 'park']"
52.29023,-1.57507,54.00097500653966,0.6,0.6,0.4,0,0.0,1,"['busy route', 'cars', 'hospital', 'shops', 'times']"
52.28958,-1.55372,36.377350414119775,0.4,0.4,0.6,63,6.0,0,"['busy route', 'public spaces', 'hospital', 'shops', 'route']"
52.28656,-1.56379,45.18834833533224,0.6,0.8,0.4,159,5.6918238993710695,6,"['scenic route', 'park', 'daytime', 'walk', 'felt']"
52.28726,-1.56413,44.747778939888654,0.8,0.8,0.2,171,5.777777777777778,6,"['cars', 'public', 'lot', 'times', 'route']"
52.28799,-1.54528,45.34734020147074,0.6,0.8,0.4,40,5.615384615384615,2,"['scenic route', 'park', 'daytime', 'walk', 'felt']"
52.29057,-1.58019,57.92461832061069,0.8,0.8,0.2,0,0.0,0,"['cars', 'public', 'lot', 'times', 'route']"
52.28695,-1.53701,34.34453042392225,0.5,0.55,0.3,487,6.381551362683438,15,"['scenic route', 'street lighting', 'night', 'walk', 'nobody']"
52.28565,-1.54992,46.37442669851029,0.6,0.8,0.4,36,5.166666666666667,2,"['scenic route', 'park', 'daytime', 'walk', 'felt']"
52.28665,-1.56084,44.26704616709808,0.6,0.8,0.4,72,6.166666666666667,6,"['scenic route', 'park', 'daytime', 'walk', 'felt']"
52.28679,-1.53738,19.510590721155253,0.2,0.2,0.2,418,6.326086956521739,6,"['unlit roads', 'route']"
52.2851,-1.53618,19.7120963209069,0.2,0.2,0.2,400,6.738578680203045,25,"['unlit roads', 'route']"
52.29631,-1.537,38.42399365095977,0.6,0.4,0.4,28,5.178571428571429,2,"['main high street', 'route']"
52.28997,-1.57908,53.945610687022906,0.6,0.6,0.4,0,0.0,0,"['busy route', 'cars', 'hospital', 'shops', 'times']"
52.28475,-1.53377,31.94296990348412,0.4,0.4,0.3,576,6.273851590106007,53,"['quiet route', 'evening', 'backstreets', 'lighting', 'public services']"
52.28279,-1.55354,44.85243657601228,0.8,0.8,0.2,41,5.682926829268292,0,"['cars', 'public', 'lot', 'times', 'route']"
52.28309,-1.54473,47.353284100765,0.8,0.8,0.2,133,4.590909090909091,4,"['cars', 'public', 'lot', 'times', 'route']"
52.27645,-1.51993,33.32666846041072,0.6,0.6,0.2,101,7.316831683168317,1,"['street', 'public', 'other members']"
52.28211,-1.53491,30.66586058113603,0.5,0.4,0.2,313,6.362179487179487,24,"['isolated road', 'lack', 'route', 'public services', 'lighting']"
52.28509,-1.5357,20.17407807832449,0.2,0.2,0.2,411,6.7227722772277225,33,"['unlit roads', 'route']"
52.28729,-1.53337,33.07233998273366,0.4,0.4,0.4,467,6.2505494505494505,35,"['evening', 'backstreets', 'lighting', 'route']"
52.2856,-1.56199,47.29289993720563,0.6,0.8,0.4,12,4.833333333333333,4,"['scenic route', 'park', 'daytime', 'walk', 'felt']"
52.289077,-1.5384772,44.54173994589256,0.6,0.7,0.425,480,5.452025586353945,29,"['busy route', 'police cars', 'afternoons', 'night', 'rest']"
52.28835,-1.56838,38.34730945882538,0.4,0.4,0.6,96,5.125,1,"['busy route', 'public spaces', 'hospital', 'shops', 'route']"
52.28392,-1.53917,44.5506929029147,0.8,0.8,0.2,194,5.723958333333333,1,"['cars', 'public', 'lot', 'times', 'route']"
52.2883539,-1.5380516,45.42480667667231,0.6,0.8,0.4,331,5.872274143302181,27,"['afternoons', 'greenery', 'public', 'route']"
52.2913,-1.57814,54.00097500653966,0.6,0.6,0.4,0,0.0,1,"['busy route', 'cars', 'hospital', 'shops', 'times']"
52.2853,-1.53665,19.287604511811708,0.2,0.2,0.2,338,6.870870870870871,21,"['unlit roads', 'route']"
52.28827,-1.53619,28.67003608526663,0.4,0.35,0.2,496,5.970893970893971,36,"['little lighting', 'street lighting', 'night', 'park', 'anything']"
52.28712,-1.53468,44.64144561797766,0.6,0.8,0.4,484,6.238900634249472,27,"['scenic route', 'park', 'daytime', 'walk', 'felt']"
52.28023,-1.54084,31.7297183514452,0.6,0.4,0.2,143,6.314685314685315,0,"['isolated road', 'lack', 'route', 'lighting']"
52.28406,-1.53513,39.471206992972455,0.6166666666666666,0.6166666666666666,0.33333333333333337,512,6.523715415019763,41,"['drunk public', 'unlit roads', 'night', 'cars', 'residential area']"
52.28972,-1.5501,36.863811970772325,0.4,0.4,0.6,80,5.772151898734177,0,"['busy route', 'public spaces', 'hospital', 'shops', 'route']"
52.27902,-1.54565,38.43171590187757,0.6,0.4,0.2,157,3.615894039735099,13,"['isolated road', 'lack', 'route', 'lighting']"
52.28486,-1.53346,31.79765129351868,0.4,0.4,0.3,590,6.334482758620689,53,"['quiet route', 'evening', 'backstreets', 'lighting', 'public services']"
52.28779,-1.5352,29.14939549317407,0.4,0.4,0.2,493,6.092436974789916,28,"['little lighting', 'park']"
52.28736,-1.53318,39.383590555737754,0.5,0.6,0.4,478,6.263948497854077,37,"['scenic route', 'park', 'daytime', 'walk', 'backstreets']"
52.28251,-1.55001,47.753750443643675,0.8,0.8,0.2,71,4.4,1,"['cars', 'public', 'lot', 'times', 'route']"
52.28549,-1.56326,47.81158451735899,0.6,0.8,0.4,71,4.549295774647887,4,"['scenic route', 'park', 'daytime', 'walk', 'felt']"
52.28633,-1.56024,47.174620942651394,0.8,0.8,0.2,12,4.833333333333333,6,"['cars', 'public', 'lot', 'times', 'route']"
52.29599,-1.5374,37.72513923741856,0.6,0.4,0.4,61,5.459016393442623,2,"['main high street', 'route']"
52.28653,-1.56066,43.83357391959022,0.8,0.8,0.2,56,6.267857142857143,6,"['cars', 'public', 'lot', 'times', 'route']"
52.28097,-1.53633,30.919190157754322,0.6,0.4,0.2,146,6.726027397260274,2,"['isolated road', 'lack', 'route', 'lighting']"
52.28991,-1.5792,53.945610687022906,0.6,0.6,0.4,0,0.0,0,"['busy route', 'cars', 'hospital', 'shops', 'times']"
52.29311,-1.53828,38.58210624704259,0.6,0.4,0.4,603,5.447863247863248,35,"['main high street', 'route']"
52.27856,-1.54559,38.38633474245326,0.6,0.4,0.2,159,3.633986928104575,13,"['isolated road', 'lack', 'route', 'lighting']"
52.27856,-1.54535,38.275606103419705,0.6,0.4,0.2,159,3.633986928104575,11,"['isolated road', 'lack', 'route', 'lighting']"
52.27642,-1.52697,48.46471293811611,0.8,0.8,0.4,168,5.8121212121212125,1,"['public spaces', 'access', 'route']"
52.28726,-1.5356,44.48712949849759,0.6,0.8,0.4,497,6.276859504132231,26,"['scenic route', 'park', 'daytime', 'walk', 'felt']"
52.28616,-1.54912,46.04664133130345,0.6,0.8,0.4,25,5.32,2,"['scenic route', 'park', 'daytime', 'walk', 'felt']"
52.29012,-1.54394,36.77138904265369,0.4,0.4,0.6,86,5.882352941176471,3,"['busy route', 'public spaces', 'hospital', 'shops', 'route']"
52.28508,-1.53553,20.46365339892926,0.2,0.2,0.2,528,6.615384615384615,37,"['unlit roads', 'route']"
52.2812049,-1.5469286,33.003590475241054,0.4,0.4,0.2,154,4.235294117647059,9,"['street lighting', 'road', 'public spaces', 'route', 'access']"
52.28985,-1.54662,36.18422848928445,0.4,0.5,0.5,68,5.955223880597015,0,"['many drunk people', 'night', 'park', 'hospital', 'shops']"
52.28937,-1.55954,35.481563861651104,0.4,0.4,0.6,178,6.420454545454546,4,"['busy route', 'public spaces', 'hospital', 'shops', 'route']"
52.28909,-1.53767,39.00264010755358,0.6,0.4,0.4,550,5.157407407407407,30,"['main high street', 'route']"
52.27924,-1.54296,33.32446738173876,0.6,0.4,0.2,90,5.788888888888889,6,"['isolated road', 'lack', 'route', 'lighting']"
52.28705,-1.56206,44.90493818007468,0.8,0.8,0.2,166,5.710843373493976,6,"['cars', 'public', 'lot', 'times', 'route']"
52.27626,-1.53483,48.679810336297614,0.8,0.8,0.4,193,5.770833333333333,4,"['public spaces', 'access', 'route']"
52.28742,-1.56498,37.17536242590685,0.4,0.4,0.6,153,5.7254901960784315,6,"['busy route', 'public spaces', 'hospital', 'shops', 'route']"
52.28616,-1.54906,46.04664133130345,0.6,0.8,0.4,25,5.32,2,"['scenic route', 'park', 'daytime', 'walk', 'felt']"
52.29125,-1.57803,57.97998264012746,0.8,0.8,0.2,0,0.0,1,"['cars', 'public', 'lot', 'times', 'route']"
52.28534,-1.53664,19.287604511811708,0.2,0.2,0.2,338,6.870870870870871,21,"['unlit roads', 'route']"
52.29302,-1.53706,31.75637566267025,0.4,0.4,0.2,688,5.165919282511211,47,"['little lighting', 'park']"
52.28866,-1.56201,34.910813359610984,0.4,0.4,0.6,198,6.741116751269035,7,"['busy route', 'public spaces', 'hospital', 'shops', 'route']"
52.28732,-1.5474,44.86333960618013,0.6,0.8,0.4,24,5.791666666666667,0,"['scenic route', 'park', 'daytime', 'walk', 'felt']"
52.28273,-1.53471,30.720501654647904,0.5,0.4,0.2,385,6.46875,31,"['isolated road', 'lack', 'route', 'public services', 'lighting']"
52.2844,-1.53153,29.976744852548936,0.4,0.4,0.2,608,6.240802675585284,56,"['night', 'round back streets']"
52.28816,-1.53979,45.41341649365431,0.6,0.8,0.4,158,5.915032679738562,19,"['scenic route', 'park', 'daytime', 'walk', 'felt']"
52.27607,-1.51742,34.957642568158846,0.6,0.6,0.2,126,6.674603174603175,5,"['street', 'public', 'other members']"
52.28236,-1.5312424,50.266861498215974,0.8,0.8,0.4,411,5.839108910891089,42,"['public street', 'daytime', 'people', 'route']"
52.28545,-1.53294,34.079620822101006,0.4,0.4,0.4,548,6.37360594795539,60,"['evening', 'backstreets', 'lighting', 'route']"
52.28788,-1.53469,33.54593379131664,0.6,0.4,0.2,531,5.988304093567251,31,"['isolated road', 'lack', 'route', 'lighting']"
52.28252,-1.55296,44.85243657601228,0.8,0.8,0.2,41,5.682926829268292,0,"['cars', 'public', 'lot', 'times', 'route']"
52.28471,-1.55646,45.3781993839298,0.7,0.8,0.3,8,5.625,4,"['scenic route', 'cars', 'daytime', 'walk', 'lot']"
52.28707,-1.52483,28.829397647888328,0.4,0.4,0.2,110,5.805555555555555,4,"['night', 'round back streets']"
52.28768,-1.54006,20.018141079177532,0.2,0.2,0.2,151,6.275862068965517,6,"['unlit roads', 'route']"
52.28619,-1.56407,47.04901253647249,0.6,0.8,0.4,88,4.920454545454546,6,"['scenic route', 'park', 'daytime', 'walk', 'felt']"
52.2888,-1.57006,36.56605984937551,0.4,0.4,0.6,29,5.9655172413793105,1,"['busy route', 'public spaces', 'hospital', 'shops', 'route']"
52.29122,-1.57793,50.260516991272496,0.4,0.4,0.6,0,0.0,1,"['busy route', 'public spaces', 'hospital', 'shops', 'route']"
52.28708,-1.53386,45.09682569389605,0.6,0.8,0.4,515,6.157057654075547,33,"['scenic route', 'park', 'daytime', 'walk', 'felt']"
52.28959,-1.55337,36.44102675565523,0.4,0.4,0.6,66,5.96969696969697,0,"['busy route', 'public spaces', 'hospital', 'shops', 'route']"
52.28749,-1.53436,33.00347860974507,0.6,0.4,0.2,487,6.255274261603375,30,"['isolated road', 'lack', 'route', 'lighting']"
52.28793,-1.53475,33.66526990196351,0.6,0.4,0.2,511,6.026315789473684,34,"['isolated road', 'lack', 'route', 'lighting']"
52.2762555,-1.5348337,30.362380310852323,0.4666666666666666,0.4,0.2,193,5.770833333333333,4,"['street lighting', 'cemetery', 'road', 'walk', 'more people']"
52.2876,-1.56522,40.71176667741521,0.6,0.6,0.4,141,5.801418439716312,5,"['busy route', 'cars', 'hospital', 'shops', 'times']"
52.2854,-1.55777,44.19040524915164,0.8,0.8,0.2,5,6.0,0,"['cars', 'public', 'lot', 'times', 'route']"
52.27856,-1.54514,37.76676221901818,0.6,0.4,0.2,80,3.925,10,"['isolated road', 'lack', 'route', 'lighting']"
52.28542,-1.5579,44.41941288273942,0.6,0.8,0.4,5,6.0,0,"['scenic route', 'park', 'daytime', 'walk', 'felt']"
52.28245,-1.55269,44.85243657601228,0.8,0.8,0.2,41,5.682926829268292,0,"['cars', 'public', 'lot', 'times', 'route']"
52.281384,-1.5470501,33.05895479475784,0.4,0.4,0.2,154,4.235294117647059,10,"['street lighting', 'road', 'public spaces', 'route', 'access']"
52.28735,-1.53417,33.28030020732896,0.6,0.4,0.2,487,6.255274261603375,35,"['isolated road', 'lack', 'route', 'lighting']"
52.286249,-1.533494,37.041672684127406,0.5333333333333334,0.575,0.275,586,6.220486111111111,44,"['drunk people', 'isolated streets', 'more public spaces', 'park', 'start']"
52.28038,-1.53972,30.561144512142093,0.6,0.4,0.2,121,6.851239669421488,0,"['isolated road', 'lack', 'route', 'lighting']"
52.28757,-1.56476,37.11999810639007,0.4,0.4,0.6,153,5.7254901960784315,5,"['busy route', 'public spaces', 'hospital', 'shops', 'route']"
52.28964,-1.57311,57.97998264012746,0.8,0.8,0.2,0,0.0,1,"['cars', 'public', 'lot', 'times', 'route']"
52.28332,-1.54408,49.22382091059493,0.8,0.8,0.2,160,3.69811320754717,3,"['cars', 'public', 'lot', 'times', 'route']"
52.28748,-1.56509,37.02667298166482,0.4,0.4,0.6,141,5.801418439716312,6,"['busy route', 'public spaces', 'hospital', 'shops', 'route']"
52.28345,-1.53435,31.666395013860566,0.5,0.4,0.2,465,6.280434782608696,43,"['isolated road', 'lack', 'route', 'public services', 'lighting']"
52.2793,-1.52981,37.04145072645908,0.6,0.6,0.2,380,5.772117962466488,14,"['street', 'public', 'other members']"
52.28557,-1.53472,32.35448874810311,0.5,0.4,0.25,491,6.5227272727272725,48,"['isolated road', 'many drunk people', 'night', 'park', 'lighting']"
52.28636,-1.56032,45.469024062589696,0.6,0.8,0.4,41,5.658536585365853,6,"['scenic route', 'park', 'daytime', 'walk', 'felt']"
52.2883984,-1.5382739,45.46154242680251,0.6,0.8,0.4,325,5.859872611464968,27,"['afternoons', 'greenery', 'public', 'route']"
52.29004,-1.57979,53.945610687022906,0.6,0.6,0.4,0,0.0,0,"['busy route', 'cars', 'hospital', 'shops', 'times']"
52.27619,-1.51641,36.300488639667236,0.6,0.6,0.2,91,6.0989010989010985,5,"['street', 'public', 'other members']"
52.2899038,-1.579364,42.313931297709914,0.4,0.4,0.2,0,0.0,0,"['little lighting', 'night', 'park', 'public spaces', 'access']"
52.28766,-1.56437,37.058958325215954,0.4,0.4,0.6,148,5.756756756756757,5,"['busy route', 'public spaces', 'hospital', 'shops', 'route']"
52.2840609,-1.5351349,32.30517645862131,0.45,0.5,0.25,512,6.523715415019763,41,"['drunk people', 'little lighting', 'night', 'shops', 'park']"
52.284,-1.53412,38.67512078795365,0.625,0.525,0.3,562,6.311030741410488,55,"['isolated road', 'drunk public', 'night', 'residential area', 'lighting']"
52.28551,-1.5365,19.36546330004174,0.2,0.2,0.2,373,6.8396739130434785,22,"['unlit roads', 'route']"
52.28715,-1.53747,43.96795921481336,0.6,0.8,0.4,422,6.1307506053268765,9,"['scenic route', 'park', 'daytime', 'walk', 'felt']"
52.2794,-1.54578,37.33572628136388,0.6,0.4,0.2,127,4.140495867768595,13,"['isolated road', 'lack', 'route', 'lighting']"
52.29031,-1.53654,32.50955931424012,0.4,0.4,0.2,792,4.9896238651102465,58,"['little lighting', 'park']"
52.28683,-1.53357,30.677950432795274,0.4,0.4,0.3,622,6.2901639344262295,32,"['little lighting', 'park', 'backstreets', 'evening', 'lighting']"
52.28372,-1.53421,32.23689235336881,0.5,0.4,0.2,518,6.2074363992172215,52,"['isolated road', 'lack', 'route', 'public services', 'lighting']"
52.28582,-1.55874,46.95316366458429,0.8,0.8,0.2,12,4.833333333333333,2,"['cars', 'public', 'lot', 'times', 'route']"
52.29414,-1.53713,38.76333564814797,0.6,0.4,0.4,484,5.545064377682404,38,"['main high street', 'route']"
52.27959,-1.54576,37.44645492039744,0.6,0.4,0.2,127,4.140495867768595,15,"['isolated road', 'lack', 'route', 'lighting']"
52.28443,-1.55604,45.263695567135905,0.8,0.8,0.2,8,5.625,4,"['cars', 'public', 'lot', 'times', 'route']"
52.28238,-1.54998,47.753750443643675,0.8,0.8,0.2,71,4.4,1,"['cars', 'public', 'lot', 'times', 'route']"
52.28592,-1.56422,46.723096516523235,0.6,0.8,0.4,94,5.01063829787234,4,"['scenic route', 'park', 'daytime', 'walk', 'felt']"
52.28702,-1.53322,33.03650473395335,0.4,0.4,0.4,537,6.216730038022813,35,"['evening', 'backstreets', 'lighting', 'route']"
52.28574,-1.56431,47.437975662021806,0.6,0.8,0.4,84,4.7023809523809526,4,"['scenic route', 'park', 'daytime', 'walk', 'felt']"
52.28652,-1.54854,46.08850588146083,0.6,0.8,0.4,34,5.294117647058823,2,"['scenic route', 'park', 'daytime', 'walk', 'felt']"
52.28799,-1.53174,39.44216592144624,0.5,0.6,0.4,331,6.2625,34,"['scenic route', 'park', 'daytime', 'walk', 'backstreets']"
52.29009,-1.53802,40.14199876065078,0.6,0.4,0.4,563,5.048913043478261,47,"['main high street', 'route']"
52.28791,-1.5347,33.54593379131664,0.6,0.4,0.2,531,5.988304093567251,31,"['isolated road', 'lack', 'route', 'lighting']"
52.2901428,-1.5845361,48.17748091603053,0.5,0.4,0.4,0,0.0,0,"['little lighting', 'night', 'park', 'ease', 'access']"
52.28492,-1.53438,33.50079130703118,0.6,0.4,0.2,565,6.386690647482014,46,"['isolated road', 'lack', 'route', 'lighting']"
52.27638,-1.52292,34.45860332407085,0.6,0.6,0.2,162,6.777777777777778,1,"['street', 'public', 'other members']"
52.2930159,-1.5370596,51.498742074883985,0.7,0.9,0.4,688,5.165919282511211,47,"['shops', 'public spaces', 'ease', 'many people', 'route']"
52.28712,-1.53681,34.50729847963014,0.5,0.5333333333333333,0.3,464,6.251101321585903,18,"['scenic route', 'street lighting', 'night', 'nobody', 'walk']"
52.28968,-1.55082,36.44950479833677,0.4,0.4,0.6,75,5.95945945945946,0,"['busy route', 'public spaces', 'hospital', 'shops', 'route']"
52.28855,-1.53626,30.52861572655383,0.4,0.4,0.2,530,5.61284046692607,36,"['little lighting', 'park']"
52.29095,-1.58167,53.945610687022906,0.6,0.6,0.4,0,0.0,0,"['busy route', 'cars', 'hospital', 'shops', 'times']"
52.28434,-1.55584,45.42054597823637,0.8,0.8,0.2,9,5.555555555555555,4,"['cars', 'public', 'lot', 'times', 'route']"
52.29081,-1.58082,53.945610687022906,0.6,0.6,0.4,0,0.0,0,"['busy route', 'cars', 'hospital', 'shops', 'times']"
52.28248,-1.55001,47.753750443643675,0.8,0.8,0.2,71,4.4,1,"['cars', 'public', 'lot', 'times', 'route']"
52.28806,-1.54344,43.89236458288159,0.6,0.8,0.4,94,6.293478260869565,5,"['scenic route', 'park', 'daytime', 'walk', 'felt']"
52.28629,-1.54861,46.08850588146083,0.6,0.8,0.4,34,5.294117647058823,2,"['scenic route', 'park', 'daytime', 'walk', 'felt']"
52.28275,-1.55349,44.85243657601228,0.8,0.8,0.2,41,5.682926829268292,0,"['cars', 'public', 'lot', 'times', 'route']"
52.27627,-1.5342,48.44583465416881,0.8,0.8,0.4,254,5.880952380952381,6,"['public spaces', 'access', 'route']"
52.2863,-1.53189,29.498388277491788,0.4,0.4,0.2,500,6.2301425661914465,44,"['night', 'round back streets']"
52.28668,-1.53731,19.3154649540999,0.2,0.2,0.2,452,6.447427293064877,8,"['unlit roads', 'route']"
52.288495,-1.5306291,38.73283780584772,0.65,0.55,0.25,282,5.863970588235294,22,"['many shops', 'parade', 'safer choice', 'park', 'lighting']"
52.28323,-1.53446,30.866156272112942,0.5,0.4,0.2,451,6.538975501113586,38,"['isolated road', 'lack', 'route', 'public services', 'lighting']"
52.28579389999999,-1.5332444,49.89483224694461,0.8,0.8,0.4,501,6.396341463414634,59,"['public spaces', 'lots', 'route']"
52.28214,-1.54747,49.12485203543594,0.8,0.8,0.2,119,3.8135593220338984,4,"['cars', 'public', 'lot', 'times', 'route']"
52.28655,-1.56064,44.26704616709808,0.6,0.8,0.4,72,6.166666666666667,6,"['scenic route', 'park', 'daytime', 'walk', 'felt']"
52.28951,-1.55518,36.32081327360314,0.4,0.4,0.6,47,6.085106382978723,2,"['busy route', 'public spaces', 'hospital', 'shops', 'route']"
52.28714,-1.53329,32.92450122243432,0.4,0.4,0.4,485,6.255274261603375,33,"['evening', 'backstreets', 'lighting', 'route']"
52.28517,-1.55178,47.951996141365626,0.6,0.8,0.4,8,4.5,2,"['scenic route', 'park', 'daytime', 'walk', 'felt']"
52.28138,-1.53471,31.527416408848218,0.6,0.4,0.2,202,6.54228855721393,7,"['isolated road', 'lack', 'route', 'lighting']"
52.28755,-1.53444,33.04371514436518,0.6,0.4,0.2,500,6.253112033195021,31,"['isolated road', 'lack', 'route', 'lighting']"
52.27921,-1.54481,34.453487397224414,0.6,0.4,0.2,48,5.395833333333333,9,"['isolated road', 'lack', 'route', 'lighting']"
52.29094,-1.58286,53.945610687022906,0.6,0.6,0.4,0,0.0,0,"['busy route', 'cars', 'hospital', 'shops', 'times']"
52.28741,-1.53865,20.00704845205934,0.2,0.2,0.2,233,6.25,7,"['unlit roads', 'route']"
52.28403,-1.53464,21.146085530243763,0.2,0.2,0.2,512,6.484189723320158,44,"['unlit roads', 'route']"
52.28634,-1.56102,44.12818537527646,0.6,0.8,0.4,23,6.260869565217392,6,"['scenic route', 'park', 'daytime', 'walk', 'felt']"
52.29001,-1.57887,50.20515267175573,0.4,0.4,0.6,0,0.0,0,"['busy route', 'public spaces', 'hospital', 'shops', 'route']"
52.28793,-1.5348,33.66526990196351,0.6,0.4,0.2,511,6.026315789473684,34,"['isolated road', 'lack', 'route', 'lighting']"
52.28974,-1.54926,36.5079058619214,0.4,0.4,0.6,67,5.9393939393939394,0,"['busy route', 'public spaces', 'hospital', 'shops', 'route']"
52.28796,-1.5668,37.5059529479438,0.4,0.4,0.6,119,5.554621848739496,4,"['busy route', 'public spaces', 'hospital', 'shops', 'route']"
52.28997,-1.57858,53.945610687022906,0.6,0.6,0.4,0,0.0,0,"['busy route', 'cars', 'hospital', 'shops', 'times']"
52.28838,-1.53065,39.66268183802186,0.5,0.6,0.4,291,5.882562277580071,22,"['scenic route', 'park', 'daytime', 'walk', 'backstreets']"
52.27593,-1.51663,36.053010267791244,0.6,0.6,0.2,98,6.204081632653061,5,"['street', 'public', 'other members']"
52.28658,-1.56075,44.26704616709808,0.6,0.8,0.4,72,6.166666666666667,6,"['scenic route', 'park', 'daytime', 'walk', 'felt']"
52.2878584,-1.5363235,44.986587554228244,0.6,0.8,0.4,506,5.9427402862985685,27,"['afternoons', 'greenery', 'public', 'route']"
52.28766,-1.56534,40.76713099693198,0.6,0.6,0.4,141,5.801418439716312,6,"['busy route', 'cars', 'hospital', 'shops', 'times']"
52.27444,-1.52549,47.313598171203786,0.8,0.8,0.4,172,6.377906976744186,3,"['public spaces', 'access', 'route']"
52.28754,-1.54134,19.232538436892938,0.2,0.2,0.2,132,6.565891472868217,3,"['unlit roads', 'route']"
52.28726,-1.56445,44.833788293587695,0.8,0.8,0.2,148,5.756756756756757,6,"['cars', 'public', 'lot', 'times', 'route']"
52.28243,-1.53486,31.08287881380049,0.5,0.4,0.2,292,6.3883161512027495,32,"['isolated road', 'lack', 'route', 'public services', 'lighting']"
52.27646,-1.52497,35.364838981093946,0.6,0.6,0.2,174,6.362068965517241,1,"['street', 'public', 'other members']"
52.28295,-1.55368,44.85243657601228,0.8,0.8,0.2,41,5.682926829268292,0,"['cars', 'public', 'lot', 'times', 'route']"
52.28727,-1.53421,45.110296671529255,0.6,0.8,0.4,474,6.233766233766234,35,"['scenic route', 'park', 'daytime', 'walk', 'felt']"
52.29093,-1.58276,57.92461832061069,0.8,0.8,0.2,0,0.0,0,"['cars', 'public', 'lot', 'times', 'route']"
52.28959,-1.55341,36.44102675565523,0.4,0.4,0.6,66,5.96969696969697,0,"['busy route', 'public spaces', 'hospital', 'shops', 'route']"
52.29353,-1.53805,38.605367074038156,0.6,0.4,0.4,464,5.505592841163311,33,"['main high street', 'route']"
52.28657,-1.52949,30.090871914536464,0.4,0.4,0.2,285,5.802158273381295,32,"['night', 'round back streets']"
52.27424,-1.525,47.129911203773375,0.8,0.8,0.4,180,6.455555555555556,3,"['public spaces', 'access', 'route']"
52.28796939999999,-1.5362706,45.15179410807457,0.6,0.8,0.4,494,5.97907949790795,31,"['afternoons', 'greenery', 'public', 'route']"
52.2896,-1.55306,36.44102675565523,0.4,0.4,0.6,66,5.96969696969697,0,"['busy route', 'public spaces', 'hospital', 'shops', 'route']"
52.29019,-1.58442,53.945610687022906,0.6,0.6,0.4,0,0.0,0,"['busy route', 'cars', 'hospital', 'shops', 'times']"
52.2885,-1.53063,39.71804772951184,0.5,0.6,0.4,282,5.863970588235294,22,"['scenic route', 'park', 'daytime', 'walk', 'backstreets']"
52.28439,-1.55596,45.263695567135905,0.8,0.8,0.2,8,5.625,4,"['cars', 'public', 'lot', 'times', 'route']"
52.28711,-1.54778,45.04143451997443,0.6,0.8,0.4,34,5.705882352941177,0,"['scenic route', 'park', 'daytime', 'walk', 'felt']"
52.2847851,-1.5325758,49.786549734246464,0.8,0.8,0.4,618,6.284539473684211,56,"['public street', 'daytime', 'people', 'route']"
52.28815,-1.56762,37.17925395645291,0.4,0.4,0.6,118,5.627118644067797,1,"['busy route', 'public spaces', 'hospital', 'shops', 'route']"
52.28413,-1.53464,21.161620755302557,0.2,0.2,0.2,558,6.471869328493648,45,"['unlit roads', 'route']"
52.28816,-1.53619,28.761840215365748,0.4,0.35,0.2,492,5.90356394129979,35,"['little lighting', 'street lighting', 'night', 'park', 'anything']"
52.28731,-1.56472,44.89482807476181,0.8,0.8,0.2,153,5.7254901960784315,6,"['cars', 'public', 'lot', 'times', 'route']"
52.2742,-1.52487,47.129911203773375,0.8,0.8,0.4,180,6.455555555555556,3,"['public spaces', 'access', 'route']"
52.28506,-1.53357,33.84866412481764,0.4,0.4,0.4,576,6.304424778761062,54,"['evening', 'backstreets', 'lighting', 'route']"
52.27472,-1.52606,47.63686513199074,0.8,0.8,0.4,95,6.28421052631579,3,"['public spaces', 'access', 'route']"
52.29071,-1.58299,53.945610687022906,0.6,0.6,0.4,0,0.0,0,"['busy route', 'cars', 'hospital', 'shops', 'times']"
52.27957,-1.5459,37.44645492039744,0.6,0.4,0.2,127,4.140495867768595,15,"['isolated road', 'lack', 'route', 'lighting']"
52.29139,-1.5783,53.945610687022906,0.6,0.6,0.4,0,0.0,0,"['busy route', 'cars', 'hospital', 'shops', 'times']"
52.28969,-1.55079,36.44950479833677,0.4,0.4,0.6,75,5.95945945945946,0,"['busy route', 'public spaces', 'hospital', 'shops', 'route']"
52.28459,-1.55636,45.263695567135905,0.8,0.8,0.2,8,5.625,4,"['cars', 'public', 'lot', 'times', 'route']"
52.286249,-1.540875,33.57274744519725,0.52,0.52,0.32,118,6.879310344827586,3,"['enjoyable evening walk', 'busy streets', 'police cars', 'little lighting', 'park']"
52.2902,-1.5387,40.03975763076075,0.4,0.4,0.6,565,5.0650994575045205,46,"['busy route', 'public spaces', 'hospital', 'shops', 'route']"
52.27633,-1.51851,34.82274359158464,0.6,0.6,0.2,132,6.681818181818182,3,"['street', 'public', 'other members']"
52.28821,-1.56298,36.733080175452564,0.4,0.4,0.6,173,5.884393063583815,5,"['busy route', 'public spaces', 'hospital', 'shops', 'route']"
52.28594,-1.54932,46.04664133130345,0.6,0.8,0.4,25,5.32,2,"['scenic route', 'park', 'daytime', 'walk', 'felt']"
52.28724,-1.53434,29.02685799110869,0.4,0.4,0.2,473,6.245119305856833,31,"['little lighting', 'park']"
52.27432,-1.52477,47.129911203773375,0.8,0.8,0.4,180,6.455555555555556,3,"['public spaces', 'access', 'route']"
52.27585,-1.51667,36.30286872835189,0.6,0.6,0.2,94,6.095744680851064,5,"['street', 'public', 'other members']"
52.28726,-1.53345,45.08569876135961,0.6,0.8,0.4,467,6.2505494505494505,35,"['scenic route', 'park', 'daytime', 'walk', 'felt']"
52.28904,-1.53767,39.00264010755358,0.6,0.4,0.4,550,5.157407407407407,30,"['main high street', 'route']"
52.2914,-1.57826,57.92461832061069,0.8,0.8,0.2,0,0.0,0,"['cars', 'public', 'lot', 'times', 'route']"
52.2758,-1.52685,48.4581536783136,0.8,0.8,0.4,126,5.846774193548387,1,"['public spaces', 'access', 'route']"
52.28699,-1.53323,33.03650473395335,0.4,0.4,0.4,537,6.216730038022813,35,"['evening', 'backstreets', 'lighting', 'route']"
52.28511,-1.53628,22.368641719921072,0.3,0.25,0.2,367,6.8535911602209945,23,"['unlit roads', 'night', 'street lighting', 'park', 'anything']"
52.2863,-1.56011,47.40362857623918,0.6,0.8,0.4,12,4.833333333333333,6,"['scenic route', 'park', 'daytime', 'walk', 'felt']"
52.29021,-1.5418,36.27591836841391,0.4,0.4,0.6,152,6.22972972972973,10,"['busy route', 'public spaces', 'hospital', 'shops', 'route']"
52.28659,-1.53338,33.264414599082784,0.6,0.4,0.2,601,6.3141891891891895,40,"['isolated road', 'lack', 'route', 'lighting']"
52.28724,-1.53554,44.465823984846786,0.6,0.8,0.4,496,6.287784679089027,26,"['scenic route', 'park', 'daytime', 'walk', 'felt']"
52.2854,-1.56318,47.81158451735899,0.6,0.8,0.4,71,4.549295774647887,4,"['scenic route', 'park', 'daytime', 'walk', 'felt']"
52.28751,-1.53444,33.05884292926186,0.6,0.4,0.2,487,6.255274261603375,31,"['isolated road', 'lack', 'route', 'lighting']"
52.27645,-1.52624,36.073927355894,0.6,0.6,0.2,147,6.061643835616438,1,"['street', 'public', 'other members']"
52.28674,-1.52441,29.900674770600748,0.4,0.4,0.2,166,5.280487804878049,4,"['night', 'round back streets']"
52.28526,-1.53365,34.1012011806867,0.4,0.4,0.4,565,6.297297297297297,58,"['evening', 'backstreets', 'lighting', 'route']"
52.27587,-1.51677,36.30286872835189,0.6,0.6,0.2,94,6.095744680851064,5,"['street', 'public', 'other members']"
52.28801,-1.53938,44.65771208445291,0.6,0.8,0.4,280,5.940959409594096,10,"['scenic route', 'park', 'daytime', 'walk', 'felt']"
52.28211,-1.54772,49.07722245593393,0.8,0.8,0.2,124,3.8292682926829267,4,"['cars', 'public', 'lot', 'times', 'route']"
52.2931277,-1.5359592,43.70946099104451,0.8,0.6,0.2,683,5.27190332326284,52,"['many shops', 'parade', 'safer choice', 'public', 'route']"
52.28429,-1.53484,21.101620764961204,0.2,0.2,0.2,543,6.5111940298507465,45,"['unlit roads', 'route']"
52.28785,-1.53471,33.490569471799866,0.6,0.4,0.2,531,5.988304093567251,30,"['isolated road', 'lack', 'route', 'lighting']"
52.29134,-1.57799,50.260516991272496,0.4,0.4,0.6,0,0.0,1,"['busy route', 'public spaces', 'hospital', 'shops', 'route']"
52.28646,-1.56055,44.062581553178006,0.6,0.8,0.4,56,6.267857142857143,6,"['scenic route', 'park', 'daytime', 'walk', 'felt']"
52.29051,-1.58014,53.945610687022906,0.6,0.6,0.4,0,0.0,0,"['busy route', 'cars', 'hospital', 'shops', 'times']"
52.2861809,-1.5318264,35.61579630583832,0.5,0.6,0.2,500,6.2301425661914465,46,"['isolated streets', 'many public spaces', 'route']"
52.28821,-1.53106,32.99078486769902,0.4,0.4,0.4,338,6.0703363914373085,23,"['evening', 'backstreets', 'lighting', 'route']"
52.28337,-1.53438,31.447610682968126,0.5,0.4,0.2,465,6.331887201735358,41,"['isolated road', 'lack', 'route', 'public services', 'lighting']"
52.2885,-1.56897,46.06677510768034,0.8,0.8,0.2,96,5.125,1,"['cars', 'public', 'lot', 'times', 'route']"
52.28621,-1.54867,46.08850588146083,0.6,0.8,0.4,34,5.294117647058823,2,"['scenic route', 'park', 'daytime', 'walk', 'felt']"
52.28254,-1.55011,47.66685297919647,0.8,0.8,0.2,86,4.423529411764706,1,"['cars', 'public', 'lot', 'times', 'route']"
52.28644,-1.56319,45.2462651542677,0.6,0.8,0.4,143,5.678321678321678,6,"['scenic route', 'park', 'daytime', 'walk', 'felt']"
52.28426,-1.53476,21.156985084477988,0.2,0.2,0.2,543,6.5111940298507465,46,"['unlit roads', 'route']"
52.281047,-1.5446566,31.420674012404408,0.4,0.4,0.2,156,4.84516129032258,5,"['street lighting', 'road', 'public spaces', 'route', 'access']"
52.28726,-1.53821,20.015940473952266,0.2,0.2,0.2,232,6.246636771300448,7,"['unlit roads', 'route']"
52.28761,-1.54672,44.91627161876461,0.6,0.8,0.4,27,5.814814814814815,2,"['scenic route', 'park', 'daytime', 'walk', 'felt']"
52.28689,-1.53364,28.7094181743472,0.4,0.4,0.2,622,6.2901639344262295,31,"['little lighting', 'park']"
52.2874242,-1.5356918,44.20777225046026,0.6,0.8,0.4,492,6.27348643006263,25,"['afternoons', 'greenery', 'public', 'route']"
52.290212,-1.5418035,40.35034584932994,0.6,0.4,0.6,152,6.22972972972973,10,"['ease', 'route']"
52.28959,-1.55343,36.44102675565523,0.4,0.4,0.6,66,5.96969696969697,0,"['busy route', 'public spaces', 'hospital', 'shops', 'route']"
52.29094,-1.58259,50.20515267175573,0.4,0.4,0.6,0,0.0,0,"['busy route', 'public spaces', 'hospital', 'shops', 'route']"
52.28819,-1.54012,45.52414513268787,0.6,0.8,0.4,158,5.915032679738562,21,"['scenic route', 'park', 'daytime', 'walk', 'felt']"
52.28787,-1.5663,45.386656666126996,0.8,0.8,0.2,116,5.5344827586206895,6,"['cars', 'public', 'lot', 'times', 'route']"
52.27646,-1.51919,34.29597106551151,0.6,0.6,0.2,139,6.913669064748201,3,"['street', 'public', 'other members']"
52.29054,-1.57827,50.20515267175573,0.4,0.4,0.6,0,0.0,0,"['busy route', 'public spaces', 'hospital', 'shops', 'route']"
52.28819,-1.5403,45.457989566736416,0.6,0.8,0.4,149,5.951388888888889,21,"['scenic route', 'park', 'daytime', 'walk', 'felt']"
52.28784,-1.56382,36.972948971516914,0.4,0.4,0.6,171,5.777777777777778,5,"['busy route', 'public spaces', 'hospital', 'shops', 'route']"
52.27586,-1.51665,36.30286872835189,0.6,0.6,0.2,94,6.095744680851064,5,"['street', 'public', 'other members']"
52.28658,-1.56061,44.26704616709808,0.6,0.8,0.4,72,6.166666666666667,6,"['scenic route', 'park', 'daytime', 'walk', 'felt']"
52.28757,-1.5382,44.01025689924536,0.6,0.8,0.4,232,6.246636771300448,9,"['scenic route', 'park', 'daytime', 'walk', 'felt']"
52.2961,-1.53742,38.42399365095977,0.6,0.4,0.4,28,5.178571428571429,2,"['main high street', 'route']"
52.28793,-1.5667,45.225418596798754,0.8,0.8,0.2,119,5.554621848739496,4,"['cars', 'public', 'lot', 'times', 'route']"
52.2902,-1.53805,40.08663444113401,0.6,0.4,0.4,563,5.048913043478261,46,"['main high street', 'route']"
52.28455,-1.53545,20.428417515909715,0.2,0.2,0.2,540,6.597744360902255,36,"['unlit roads', 'route']"
52.27632,-1.52168,34.02471712865264,0.6,0.6,0.2,127,6.9921259842519685,1,"['street', 'public', 'other members']"
52.27517,-1.52654,48.17884489033174,0.8,0.8,0.4,96,6.042553191489362,3,"['public spaces', 'access', 'route']"
52.28442,-1.5352,20.920683378611187,0.2,0.2,0.2,544,6.517690875232774,42,"['unlit roads', 'route']"
52.29015,-1.57997,53.945610687022906,0.6,0.6,0.4,0,0.0,0,"['busy route', 'cars', 'hospital', 'shops', 'times']"
52.28573,-1.53308,32.11996520185711,0.4,0.4,0.3,528,6.383429672447013,59,"['little lighting', 'park', 'backstreets', 'evening', 'lighting']"
52.29081,-1.58309,53.945610687022906,0.6,0.6,0.4,0,0.0,0,"['busy route', 'cars', 'hospital', 'shops', 'times']"
52.28486,-1.55428,47.822885197504256,0.6,0.8,0.4,9,4.555555555555555,2,"['scenic route', 'park', 'daytime', 'walk', 'felt']"
52.27593,-1.52691,48.4581536783136,0.8,0.8,0.4,126,5.846774193548387,1,"['public spaces', 'access', 'route']"
52.28947,-1.5725,36.524690313155226,0.4,0.4,0.6,6,6.0,1,"['busy route', 'public spaces', 'hospital', 'shops', 'route']"
52.29114,-1.57753,57.97998264012746,0.8,0.8,0.2,0,0.0,1,"['cars', 'public', 'lot', 'times', 'route']"
52.28646,-1.56076,44.062581553178006,0.6,0.8,0.4,56,6.267857142857143,6,"['scenic route', 'park', 'daytime', 'walk', 'felt']"
52.28525,-1.53662,19.287604511811708,0.2,0.2,0.2,338,6.870870870870871,21,"['unlit roads', 'route']"
52.28805,-1.5349,33.70969478858859,0.6,0.4,0.2,509,5.953346855983773,32,"['isolated road', 'lack', 'route', 'lighting']"
52.29078,-1.57815,57.97998264012746,0.8,0.8,0.2,0,0.0,1,"['cars', 'public', 'lot', 'times', 'route']"
52.28248,-1.55028,46.96025936946286,0.8,0.8,0.2,85,4.738095238095238,1,"['cars', 'public', 'lot', 'times', 'route']"
52.27598,-1.51715,35.88896574599666,0.6,0.6,0.2,107,6.271028037383178,5,"['street', 'public', 'other members']"
52.28782,-1.56596,36.99844876145453,0.4,0.4,0.6,147,5.809523809523809,6,"['busy route', 'public spaces', 'hospital', 'shops', 'route']"
52.28494,-1.55356,47.822885197504256,0.6,0.8,0.4,9,4.555555555555555,2,"['scenic route', 'park', 'daytime', 'walk', 'felt']"
52.28503,-1.53355,33.84866412481764,0.4,0.4,0.4,576,6.304424778761062,54,"['evening', 'backstreets', 'lighting', 'route']"
52.28474,-1.53544,20.409661886307862,0.2,0.2,0.2,533,6.611428571428571,36,"['unlit roads', 'route']"
52.29131,-1.53673,32.55461134025717,0.4,0.4,0.2,831,5.209737827715355,68,"['little lighting', 'park']"
52.28964,-1.55163,35.99311032863059,0.4,0.4,0.6,85,6.154761904761905,0,"['busy route', 'public spaces', 'hospital', 'shops', 'route']"
52.27608,-1.51758,34.858453047892304,0.6,0.6,0.2,122,6.721311475409836,5,"['street', 'public', 'other members']"
52.2792974,-1.5298098,34.999443511277654,0.5,0.6,0.2,366,5.7855153203342615,14,"['isolated streets', 'many public spaces', 'route']"
52.28779,-1.53467,33.29761825385973,0.6,0.4,0.2,502,6.129896907216495,31,"['isolated road', 'lack', 'route', 'lighting']"
52.27968,-1.54216,32.61267065490803,0.6,0.4,0.2,109,6.091743119266055,6,"['isolated road', 'lack', 'route', 'lighting']"
52.2857262,-1.5330768,49.949163675139566,0.7,0.9,0.4,528,6.383429672447013,59,"['shops', 'public spaces', 'ease', 'many people', 'route']"
52.286249,-1.526155,29.464192493179965,0.4,0.4,0.2,143,5.652482269503546,6,"['main roads', 'route']"
52.27435,-1.52474,47.129911203773375,0.8,0.8,0.4,180,6.455555555555556,3,"['public spaces', 'access', 'route']"
52.2873121,-1.5357703,44.24918503109142,0.6,0.8,0.4,495,6.278008298755187,26,"['afternoons', 'greenery', 'public', 'route']"
52.2909716,-1.5830234,42.313931297709914,0.4,0.4,0.2,0,0.0,0,"['little lighting', 'night', 'park', 'public spaces', 'access']"
52.28506,-1.53542,23.378231827504088,0.3,0.25,0.2,528,6.615384615384615,36,"['unlit roads', 'night', 'street lighting', 'park', 'anything']"
52.28678,-1.54828,46.08850588146083,0.6,0.8,0.4,34,5.294117647058823,2,"['scenic route', 'park', 'daytime', 'walk', 'felt']"
52.28603,-1.53736,20.68405627635726,0.2,0.2,0.2,265,5.942748091603053,8,"['unlit roads', 'route']"
52.27966,-1.5453,36.90641676870069,0.6,0.4,0.2,133,4.251968503937008,10,"['isolated road', 'lack', 'route', 'lighting']"
52.29134,-1.57822,53.945610687022906,0.6,0.6,0.4,0,0.0,0,"['busy route', 'cars', 'hospital', 'shops', 'times']"
52.29141,-1.57826,50.20515267175573,0.4,0.4,0.6,0,0.0,0,"['busy route', 'public spaces', 'hospital', 'shops', 'route']"
52.28603,-1.55937,47.11925662313462,0.8,0.8,0.2,12,4.833333333333333,5,"['cars', 'public', 'lot', 'times', 'route']"
52.28903,-1.53796,38.60760333738785,0.6,0.4,0.4,459,5.429844097995546,30,"['main high street', 'route']"
52.28755,-1.53914,19.89631981302578,0.2,0.2,0.2,233,6.25,5,"['unlit roads', 'route']"
52.28903,-1.53799,38.48139233053933,0.6,0.4,0.4,486,5.466386554621849,30,"['main high street', 'route']"
52.2912,-1.53811,39.332133762695015,0.6,0.4,0.4,757,5.401639344262295,52,"['main high street', 'route']"
52.2858,-1.53649,19.48118773796626,0.2,0.2,0.2,346,6.853372434017595,24,"['unlit roads', 'route']"
52.28248,-1.55215,47.64778610866948,0.8,0.8,0.2,60,4.433333333333334,0,"['cars', 'public', 'lot', 'times', 'route']"
52.28264,-1.55111,47.68876858906849,0.8,0.8,0.2,59,4.440677966101695,1,"['cars', 'public', 'lot', 'times', 'route']"
52.28793,-1.53478,33.66526990196351,0.6,0.4,0.2,511,6.026315789473684,34,"['isolated road', 'lack', 'route', 'lighting']"
52.27919,-1.5457,37.33572628136388,0.6,0.4,0.2,127,4.140495867768595,13,"['isolated road', 'lack', 'route', 'lighting']"
52.28217,-1.54919,47.970380542193446,0.8,0.8,0.2,72,4.352112676056338,3,"['cars', 'public', 'lot', 'times', 'route']"
52.27606,-1.52694,48.56049008819826,0.8,0.8,0.4,162,5.773584905660377,1,"['public spaces', 'access', 'route']"
52.27962,-1.54523,34.21971450747113,0.6,0.4,0.2,54,5.518518518518518,10,"['isolated road', 'lack', 'route', 'lighting']"
52.28483,-1.55438,47.822885197504256,0.6,0.8,0.4,9,4.555555555555555,2,"['scenic route', 'park', 'daytime', 'walk', 'felt']"
52.28807,-1.5438,43.82188747485975,0.6,0.8,0.4,87,6.329411764705882,5,"['scenic route', 'park', 'daytime', 'walk', 'felt']"
52.28581699999999,-1.5330837,49.89483224694461,0.8,0.8,0.4,501,6.396341463414634,59,"['public spaces', 'lots', 'route']"
52.2852,-1.53652,19.27825131671709,0.2,0.2,0.2,366,6.858725761772853,21,"['unlit roads', 'route']"
52.2871,-1.53666,44.080913676253104,0.6,0.8,0.4,485,6.267932489451477,18,"['scenic route', 'park', 'daytime', 'walk', 'felt']"
52.2894565,-1.5591778,39.55599134256713,0.6,0.4,0.6,178,6.420454545454546,4,"['ease', 'route']"
52.28959,-1.55338,36.44102675565523,0.4,0.4,0.6,66,5.96969696969697,0,"['busy route', 'public spaces', 'hospital', 'shops', 'route']"
52.28945,-1.55792,37.02964578781919,0.4,0.4,0.6,77,5.75,2,"['busy route', 'public spaces', 'hospital', 'shops', 'route']"
52.28699,-1.53319,33.03650473395335,0.4,0.4,0.4,537,6.216730038022813,35,"['evening', 'backstreets', 'lighting', 'route']"
52.291387,-1.5783038,42.313931297709914,0.4,0.4,0.2,0,0.0,0,"['little lighting', 'night', 'park', 'public spaces', 'access']"
52.28946,-1.55918,35.481563861651104,0.4,0.4,0.6,178,6.420454545454546,4,"['busy route', 'public spaces', 'hospital', 'shops', 'route']"
52.28788,-1.56643,37.66719101727203,0.4,0.4,0.6,116,5.5344827586206895,6,"['busy route', 'public spaces', 'hospital', 'shops', 'route']"
52.2896,-1.55258,36.26962296008037,0.4,0.4,0.6,63,6.0476190476190474,0,"['busy route', 'public spaces', 'hospital', 'shops', 'route']"
52.2854,-1.5504,45.77688574176699,0.6,0.8,0.4,45,5.4222222222222225,2,"['scenic route', 'park', 'daytime', 'walk', 'felt']"
52.28855,-1.53521,34.60680748733495,0.6,0.4,0.2,524,5.616141732283465,36,"['isolated road', 'lack', 'route', 'lighting']"
52.28688,-1.52646,28.97723764393461,0.4,0.4,0.2,142,5.814285714285714,8,"['night', 'round back streets']"
52.29116,-1.57764,50.260516991272496,0.4,0.4,0.6,0,0.0,1,"['busy route', 'public spaces', 'hospital', 'shops', 'route']"
52.28669,-1.56092,43.77800293909731,0.8,0.8,0.2,84,6.273809523809524,6,"['cars', 'public', 'lot', 'times', 'route']"
52.28422,-1.53473,21.166316617402963,0.2,0.2,0.2,546,6.504638218923933,46,"['unlit roads', 'route']"
52.2902026,-1.5386973,44.22491375071033,0.6,0.4,0.6,565,5.0650994575045205,48,"['ease', 'route']"
52.28743,-1.56501,40.76713099693198,0.6,0.6,0.4,141,5.801418439716312,6,"['busy route', 'cars', 'hospital', 'shops', 'times']"
52.28817,-1.54053,45.457989566736416,0.6,0.8,0.4,149,5.951388888888889,21,"['scenic route', 'park', 'daytime', 'walk', 'felt']"
52.28713,-1.5351,44.640463208508955,0.6,0.8,0.4,476,6.245161290322581,27,"['scenic route', 'park', 'daytime', 'walk', 'felt']"
52.28458,-1.53426,33.85435892748232,0.6,0.4,0.2,574,6.3699115044247785,52,"['isolated road', 'lack', 'route', 'lighting']"
52.28996540000001,-1.5785805,42.313931297709914,0.4,0.4,0.2,0,0.0,0,"['little lighting', 'night', 'park', 'public spaces', 'access']"
52.28342,-1.5436,49.22382091059493,0.8,0.8,0.2,160,3.69811320754717,3,"['cars', 'public', 'lot', 'times', 'route']"
52.28762,-1.53478,29.082919241043292,0.4,0.4,0.2,496,6.148535564853557,29,"['little lighting', 'park']"
52.29035,-1.58405,53.945610687022906,0.6,0.6,0.4,0,0.0,0,"['busy route', 'cars', 'hospital', 'shops', 'times']"
52.28151,-1.53475,30.04594215354902,0.5,0.4,0.2,170,6.411764705882353,11,"['isolated road', 'lack', 'route', 'public services', 'lighting']"
52.27642,-1.52703,48.57544157714966,0.8,0.8,0.4,168,5.8121212121212125,3,"['public spaces', 'access', 'route']"
52.28554,-1.5501,45.77688574176699,0.6,0.8,0.4,45,5.4222222222222225,2,"['scenic route', 'park', 'daytime', 'walk', 'felt']"
52.280894,-1.5445862,31.642131290471514,0.4,0.4,0.2,156,4.84516129032258,9,"['street lighting', 'road', 'public spaces', 'route', 'access']"
52.2899,-1.57936,53.945610687022906,0.6,0.6,0.4,0,0.0,0,"['busy route', 'cars', 'hospital', 'shops', 'times']"
52.28464,-1.55642,45.263695567135905,0.8,0.8,0.2,8,5.625,4,"['cars', 'public', 'lot', 'times', 'route']"
52.29047,-1.58365,53.945610687022906,0.6,0.6,0.4,0,0.0,0,"['busy route', 'cars', 'hospital', 'shops', 'times']"
52.28032,-1.54049,31.38640322377565,0.6,0.4,0.2,130,6.476923076923077,0,"['isolated road', 'lack', 'route', 'lighting']"
52.28476,-1.55544,45.49270320072369,0.6,0.8,0.4,8,5.625,4,"['scenic route', 'park', 'daytime', 'walk', 'felt']"
52.2882476,-1.5380635,45.52704833624357,0.6,0.8,0.4,318,5.834951456310679,27,"['afternoons', 'greenery', 'public', 'route']"
52.29062,-1.53807,39.78353059082586,0.6,0.4,0.4,701,5.173076923076923,50,"['main high street', 'route']"
52.28436,-1.53507,20.99089212592765,0.2,0.2,0.2,543,6.5111940298507465,43,"['unlit roads', 'route']"
52.28885,-1.56141,35.07997807652384,0.4,0.4,0.6,200,6.63819095477387,6,"['busy route', 'public spaces', 'hospital', 'shops', 'route']"
52.28749,-1.53441,33.00347860974507,0.6,0.4,0.2,487,6.255274261603375,30,"['isolated road', 'lack', 'route', 'lighting']"
52.28726,-1.56333,44.747778939888654,0.8,0.8,0.2,171,5.777777777777778,6,"['cars', 'public', 'lot', 'times', 'route']"
52.2821,-1.54798,49.02185813641715,0.8,0.8,0.2,124,3.8292682926829267,3,"['cars', 'public', 'lot', 'times', 'route']"
52.28639,-1.56041,45.24001642900191,0.8,0.8,0.2,41,5.658536585365853,6,"['cars', 'public', 'lot', 'times', 'route']"
52.28485,-1.53145,29.851293316030663,0.4,0.4,0.2,599,6.254668930390492,54,"['night', 'round back streets']"
52.28244,-1.55252,44.401833824426134,0.8,0.8,0.2,35,5.885714285714286,0,"['cars', 'public', 'lot', 'times', 'route']"
52.28713,-1.53791,20.022037968283176,0.2,0.2,0.2,271,6.216730038022813,7,"['unlit roads', 'route']"
52.2763825,-1.5284333,28.981399145382852,0.4,0.4,0.2,167,5.908536585365853,4,"['street lighting', 'road', 'public spaces', 'route', 'access']"
52.29086,-1.58311,53.945610687022906,0.6,0.6,0.4,0,0.0,0,"['busy route', 'cars', 'hospital', 'shops', 'times']"
52.28376,-1.55485,44.758548912458096,0.8,0.8,0.2,19,5.7894736842105265,2,"['cars', 'public', 'lot', 'times', 'route']"
52.28743,-1.53793,43.99305581855973,0.6,0.8,0.4,245,6.194915254237288,7,"['scenic route', 'park', 'daytime', 'walk', 'felt']"
52.28752,-1.56476,37.17536242590685,0.4,0.4,0.6,153,5.7254901960784315,6,"['busy route', 'public spaces', 'hospital', 'shops', 'route']"
52.27628,-1.5356,48.503896310432566,0.8,0.8,0.4,212,5.785714285714286,2,"['public spaces', 'access', 'route']"
52.28903,-1.53794,38.60760333738785,0.6,0.4,0.4,459,5.429844097995546,30,"['main high street', 'route']"
52.28683,-1.56127,43.51397734227494,0.8,0.8,0.2,103,6.378640776699029,6,"['cars', 'public', 'lot', 'times', 'route']"
52.27645,-1.52028,33.90451104500055,0.6,0.6,0.2,116,7.051724137931035,1,"['street', 'public', 'other members']"
52.28683,-1.56086,44.14642176139479,0.6,0.8,0.4,92,6.206521739130435,6,"['scenic route', 'park', 'daytime', 'walk', 'felt']"
52.29064,-1.58028,53.945610687022906,0.6,0.6,0.4,0,0.0,0,"['busy route', 'cars', 'hospital', 'shops', 'times']"
52.27903,-1.54334,33.17437058683907,0.6,0.4,0.2,75,5.866666666666666,6,"['isolated road', 'lack', 'route', 'lighting']"
52.28525,-1.56258,48.380852538250465,0.6,0.8,0.4,62,4.306451612903226,4,"['scenic route', 'park', 'daytime', 'walk', 'felt']"
52.29092,-1.58136,53.945610687022906,0.6,0.6,0.4,0,0.0,0,"['busy route', 'cars', 'hospital', 'shops', 'times']"
52.28523,-1.53365,34.1012011806867,0.4,0.4,0.4,565,6.297297297297297,58,"['evening', 'backstreets', 'lighting', 'route']"
52.28994,-1.54488,36.951162525311204,0.4,0.4,0.6,75,5.8108108108108105,3,"['busy route', 'public spaces', 'hospital', 'shops', 'route']"
52.28768,-1.53979,19.90741244014398,0.2,0.2,0.2,151,6.275862068965517,4,"['unlit roads', 'route']"
52.29359,-1.53717,39.154223538065196,0.6,0.4,0.4,502,5.527950310559007,45,"['main high street', 'route']"
52.2824,-1.55,47.753750443643675,0.8,0.8,0.2,71,4.4,1,"['cars', 'public', 'lot', 'times', 'route']"
52.284399,-1.5315297,30.215294470869548,0.4,0.4,0.2,608,6.240802675585284,56,"['main roads', 'route']"
52.2895,-1.55855,35.61486189965411,0.4,0.4,0.6,147,6.3310344827586205,2,"['busy route', 'public spaces', 'hospital', 'shops', 'route']"
52.28718,-1.53541,44.49682197192498,0.6,0.8,0.4,506,6.265720081135902,26,"['scenic route', 'park', 'daytime', 'walk', 'felt']"
52.28291,-1.53462,30.684609862764944,0.5,0.4,0.2,383,6.486910994764398,31,"['isolated road', 'lack', 'route', 'public services', 'lighting']"
52.2913023,-1.5778892,42.3692956172267,0.4,0.4,0.2,0,0.0,1,"['little lighting', 'night', 'park', 'public spaces', 'access']"
52.28776,-1.53862,44.211747583360356,0.6,0.8,0.4,287,6.115523465703971,9,"['scenic route', 'park', 'daytime', 'walk', 'felt']"
52.28998,-1.57966,53.945610687022906,0.6,0.6,0.4,0,0.0,0,"['busy route', 'cars', 'hospital', 'shops', 'times']"
52.28273,-1.54573,48.97048752208036,0.8,0.8,0.2,131,3.8692307692307693,4,"['cars', 'public', 'lot', 'times', 'route']"
52.28632,-1.53186,29.498388277491788,0.4,0.4,0.2,500,6.2301425661914465,44,"['night', 'round back streets']"
52.29629,-1.53701,38.42399365095977,0.6,0.4,0.4,28,5.178571428571429,2,"['main high street', 'route']"
52.28416929999999,-1.5321236,50.046315351099224,0.8,0.8,0.4,636,6.252396166134186,60,"['public street', 'daytime', 'people', 'route']"
52.28924,-1.56007,35.59229250068466,0.4,0.4,0.6,178,6.420454545454546,6,"['busy route', 'public spaces', 'hospital', 'shops', 'route']"
52.27632,-1.53311,48.70428843246387,0.8,0.8,0.4,288,5.735915492957746,6,"['public spaces', 'access', 'route']"
52.2827,-1.55337,44.85243657601228,0.8,0.8,0.2,41,5.682926829268292,0,"['cars', 'public', 'lot', 'times', 'route']"
52.2826,-1.5515,47.68876858906849,0.8,0.8,0.2,59,4.440677966101695,1,"['cars', 'public', 'lot', 'times', 'route']"
52.28536,-1.55769,44.19040524915164,0.8,0.8,0.2,5,6.0,0,"['cars', 'public', 'lot', 'times', 'route']"
52.2875,-1.53289,39.32822623622098,0.5,0.6,0.4,478,6.263948497854077,36,"['scenic route', 'park', 'daytime', 'walk', 'backstreets']"
52.2721847,-1.5256998,33.190043652685425,0.6,0.4,0.2,93,5.870967741935484,7,"['cemetery', 'more people', 'walk', 'route']"
52.28538,-1.55773,44.41941288273942,0.6,0.8,0.4,5,6.0,0,"['scenic route', 'park', 'daytime', 'walk', 'felt']"
52.28731,-1.53577,44.48773464941203,0.6,0.8,0.4,495,6.278008298755187,26,"['scenic route', 'park', 'daytime', 'walk', 'felt']"
52.28721,-1.56292,44.81798079005625,0.8,0.8,0.2,162,5.753086419753086,6,"['cars', 'public', 'lot', 'times', 'route']"
52.28544,-1.55795,44.19040524915164,0.8,0.8,0.2,5,6.0,0,"['cars', 'public', 'lot', 'times', 'route']"
52.27638,-1.52843,42.60258235148972,0.7,0.7,0.3,167,5.908536585365853,4,"['public spaces', 'street', 'other members', 'access', 'route']"
52.2812835,-1.5456867,33.05895479475784,0.4,0.4,0.2,154,4.235294117647059,10,"['street lighting', 'road', 'public spaces', 'route', 'access']"
52.27648,-1.52008,33.608949773702456,0.6,0.6,0.2,106,7.188679245283019,1,"['street', 'public', 'other members']"
52.28924,-1.57167,45.48149888583792,0.8,0.8,0.2,11,5.454545454545454,1,"['cars', 'public', 'lot', 'times', 'route']"
52.28753,-1.56515,44.690774311003,0.8,0.8,0.2,141,5.801418439716312,5,"['cars', 'public', 'lot', 'times', 'route']"
52.2869,-1.53339,32.46887227096331,0.4,0.4,0.4,607,6.333892617449664,31,"['evening', 'backstreets', 'lighting', 'route']"
52.28806,-1.53153,45.24444286175166,0.6,0.8,0.4,320,6.17741935483871,31,"['scenic route', 'park', 'daytime', 'walk', 'felt']"
52.28944,-1.5567,37.30760139945282,0.4,0.4,0.6,51,5.647058823529412,2,"['busy route', 'public spaces', 'hospital', 'shops', 'route']"
52.27635,-1.51873,34.536793152740444,0.6,0.6,0.2,139,6.805755395683454,3,"['street', 'public', 'other members']"
52.28675,-1.56105,43.80525924243559,0.6,0.8,0.4,99,6.353535353535354,6,"['scenic route', 'park', 'daytime', 'walk', 'felt']"
52.2883,-1.5307,39.66268183802186,0.5,0.6,0.4,291,5.882562277580071,22,"['scenic route', 'park', 'daytime', 'walk', 'backstreets']"
52.2897243,-1.5500951,40.938239451688354,0.6,0.4,0.6,80,5.772151898734177,0,"['ease', 'route']"
52.28397,-1.53666,42.438638498085844,0.8,0.8,0.2,352,6.968299711815562,16,"['cars', 'public', 'lot', 'times', 'route']"
52.28502,-1.53352,33.84866412481764,0.4,0.4,0.4,576,6.304424778761062,54,"['evening', 'backstreets', 'lighting', 'route']"
52.28648,-1.56386,45.2462651542677,0.6,0.8,0.4,143,5.678321678321678,6,"['scenic route', 'park', 'daytime', 'walk', 'felt']"
52.28589,-1.54948,46.029442366399905,0.6,0.8,0.4,31,5.32258064516129,2,"['scenic route', 'park', 'daytime', 'walk', 'felt']"
52.28746,-1.56498,37.17536242590685,0.4,0.4,0.6,153,5.7254901960784315,6,"['busy route', 'public spaces', 'hospital', 'shops', 'route']"
52.28418,-1.53414,34.07081948126845,0.6,0.4,0.2,590,6.333907056798623,55,"['isolated road', 'lack', 'route', 'lighting']"
52.28478,-1.53391,31.803442613182987,0.4,0.4,0.3,594,6.328767123287672,53,"['quiet route', 'evening', 'backstreets', 'lighting', 'public services']"
52.28578,-1.5316,30.069276549690887,0.4,0.4,0.2,518,6.341846758349705,59,"['night', 'round back streets']"
52.28803,-1.54452,43.766523155342966,0.6,0.8,0.4,87,6.329411764705882,4,"['scenic route', 'park', 'daytime', 'walk', 'felt']"
52.28794,-1.54571,44.69172222486677,0.6,0.8,0.4,33,5.909090909090909,2,"['scenic route', 'park', 'daytime', 'walk', 'felt']"
52.27488,-1.52629,47.68654563410038,0.8,0.8,0.4,102,6.257425742574258,3,"['public spaces', 'access', 'route']"
52.2896,-1.55327,36.44102675565523,0.4,0.4,0.6,66,5.96969696969697,0,"['busy route', 'public spaces', 'hospital', 'shops', 'route']"
52.28744,-1.56499,37.02667298166482,0.4,0.4,0.6,141,5.801418439716312,6,"['busy route', 'public spaces', 'hospital', 'shops', 'route']"
52.28797,-1.53627,28.37937044395243,0.4,0.35,0.2,494,5.97907949790795,31,"['little lighting', 'street lighting', 'night', 'park', 'anything']"
52.27643,-1.52409,34.64501971550269,0.6,0.6,0.2,207,6.666666666666667,1,"['street', 'public', 'other members']"
52.292597,-1.5369774,51.42814945190337,0.8,0.8,0.4,763,5.2337837837837835,52,"['public spaces', 'lots', 'route']"
52.28252,-1.55003,47.7211437822696,0.8,0.8,0.2,83,4.402439024390244,1,"['cars', 'public', 'lot', 'times', 'route']"
52.28613,-1.54898,46.04664133130345,0.6,0.8,0.4,25,5.32,2,"['scenic route', 'park', 'daytime', 'walk', 'felt']"
52.28785,-1.53888,40.44797019415552,0.5,0.7,0.4,290,5.7785714285714285,7,"['scenic route', 'many drunk people', 'night', 'daytime', 'walk']"
52.29111,-1.57742,50.260516991272496,0.4,0.4,0.6,0,0.0,1,"['busy route', 'public spaces', 'hospital', 'shops', 'route']"
52.28772,-1.5655,36.96591769884864,0.4,0.4,0.6,144,5.826388888888889,6,"['busy route', 'public spaces', 'hospital', 'shops', 'route']"
52.27921,-1.54475,34.09988479005502,0.6,0.4,0.2,60,5.566666666666666,10,"['isolated road', 'lack', 'route', 'lighting']"
52.28491,-1.55395,47.822885197504256,0.6,0.8,0.4,9,4.555555555555555,2,"['scenic route', 'park', 'daytime', 'walk', 'felt']"
52.28628,-1.56007,47.174620942651394,0.8,0.8,0.2,12,4.833333333333333,6,"['cars', 'public', 'lot', 'times', 'route']"
52.28959,-1.55357,36.377350414119775,0.4,0.4,0.6,63,6.0,0,"['busy route', 'public spaces', 'hospital', 'shops', 'route']"
52.29134,-1.57801,54.00097500653966,0.6,0.6,0.4,0,0.0,1,"['busy route', 'cars', 'hospital', 'shops', 'times']"
52.277348,-1.518688,27.733812539909813,0.4,0.4,0.2,130,6.469230769230769,3,"['street lighting', 'road', 'public spaces', 'route', 'access']"
52.28775,-1.5641,36.972948971516914,0.4,0.4,0.6,171,5.777777777777778,5,"['busy route', 'public spaces', 'hospital', 'shops', 'route']"
52.28397,-1.53858,44.19870000224161,0.8,0.8,0.2,221,5.9132420091324205,3,"['cars', 'public', 'lot', 'times', 'route']"
52.28535,-1.55051,45.77688574176699,0.6,0.8,0.4,45,5.4222222222222225,2,"['scenic route', 'park', 'daytime', 'walk', 'felt']"
52.28765,-1.53256,33.50815381121654,0.4,0.4,0.4,472,6.144736842105263,39,"['evening', 'backstreets', 'lighting', 'route']"
52.28968,-1.55093,36.473529863616456,0.4,0.4,0.6,77,5.947368421052632,0,"['busy route', 'public spaces', 'hospital', 'shops', 'route']"
52.28807,-1.54264,43.94772890239837,0.6,0.8,0.4,94,6.293478260869565,6,"['scenic route', 'park', 'daytime', 'walk', 'felt']"
52.28499,-1.55289,47.822885197504256,0.6,0.8,0.4,9,4.555555555555555,2,"['scenic route', 'park', 'daytime', 'walk', 'felt']"
52.28813,-1.54107,44.346815693535845,0.6,0.8,0.4,118,6.321739130434783,15,"['scenic route', 'park', 'daytime', 'walk', 'felt']"
52.28994,-1.57412,50.260516991272496,0.4,0.4,0.6,0,0.0,1,"['busy route', 'public spaces', 'hospital', 'shops', 'route']"
52.28411,-1.53582,43.40487196258241,0.8,0.8,0.2,453,6.739910313901345,27,"['cars', 'public', 'lot', 'times', 'route']"
52.2900115,-1.5445292,44.70077835563078,0.7,0.6,0.5,86,5.882352941176471,3,"['enjoyable evening walk', 'street lights', 'ease', 'busy streets', 'route']"
52.28698,-1.53761,19.63089976920807,0.2,0.2,0.2,449,6.247165532879818,6,"['unlit roads', 'route']"
52.28477,-1.54724,45.75958549917563,0.6,0.6666666666666666,0.4,131,4.007692307692308,1,"['evening', 'nice walk', 'route', 'thing', 'start']"
52.28556,-1.53567,30.543909930415825,0.4,0.4,0.3,434,6.644028103044496,38,"['many drunk people', 'night', 'park', 'lighting', 'paths']"
52.28604,-1.53626,25.853772703961862,0.4,0.3,0.2,353,6.810344827586207,26,"['street lighting', 'nobody', 'night', 'park', 'route']"
52.28459,-1.53544,26.606852630413535,0.4,0.3,0.2,540,6.597744360902255,36,"['street lighting', 'nobody', 'night', 'park', 'route']"
52.28693,-1.54914,43.08226474097266,0.6,0.6666666666666666,0.4,25,5.32,2,"['evening', 'nice walk', 'route', 'thing', 'start']"
52.28128,-1.5466,30.954947161170054,0.4,0.3,0.2,154,4.235294117647059,10,"['street lighting', 'nobody', 'night', 'park', 'route']"
52.28987,-1.54604,36.075489199709146,0.4,0.6,0.4,65,5.984375,0,"['many drunk people', 'night', 'park']"
52.29107,-1.54668,41.37225292223569,0.55,0.65,0.4,135,5.446969696969697,4,"['many drunk people', 'night', 'nice walk', 'park', 'start']"
52.2854409,-1.5373244,42.47518220238407,0.7,0.6,0.4,263,5.992307692307692,7,"['more public spaces', 'park', 'start', 'route']"
52.28748,-1.53651,26.55836059807456,0.4,0.3,0.2,485,6.260042283298097,21,"['street lighting', 'nobody', 'night', 'park', 'route']"
52.28403,-1.53327,30.20006815139753,0.4,0.4,0.2,560,6.310344827586207,57,"['quiet route', 'public services']"
52.28807,-1.5401,37.07560942604594,0.4,0.6,0.4,158,5.915032679738562,18,"['many drunk people', 'night', 'park']"
52.28269,-1.54571,31.49434248391243,0.4,0.3,0.2,131,3.8692307692307693,4,"['street lighting', 'nobody', 'night', 'park', 'route']"
52.28336,-1.54443,45.01554999841836,0.6,0.6666666666666666,0.4,121,4.425,4,"['evening', 'nice walk', 'route', 'thing', 'start']"
52.28285,-1.54579,31.49434248391243,0.4,0.3,0.2,131,3.8692307692307693,4,"['street lighting', 'nobody', 'night', 'park', 'route']"
52.28325,-1.54678,46.23511856533736,0.6,0.6666666666666666,0.4,131,3.8692307692307693,4,"['evening', 'nice walk', 'route', 'thing', 'start']"
52.2833039,-1.5488877,54.713880113231774,0.8,0.8,0.5,71,4.014285714285714,3,"['many restaurants', 'lively atmosphere', 'shops', 'street', 'pathways']"
52.2898457,-1.5466228,48.30095311514227,0.8,0.8,0.4,66,5.8307692307692305,0,"['enjoyable evening walk', 'street lights', 'busy streets', 'thanks']"
52.28894,-1.53799,27.465646034248753,0.4,0.2,0.2,436,5.330985915492958,30,"['park', 'paths', 'lighting']"
52.28823,-1.53807,26.562054400522744,0.4,0.2,0.2,299,5.790378006872852,27,"['park', 'paths', 'lighting']"
52.28416,-1.53771,26.227813630049273,0.4,0.3,0.2,289,6.114982578397212,4,"['street lighting', 'nobody', 'night', 'park', 'route']"
52.28125,-1.54696,30.899582841653274,0.4,0.3,0.2,154,4.235294117647059,9,"['street lighting', 'nobody', 'night', 'park', 'route']"
52.28686,-1.54923,43.08226474097266,0.6,0.6666666666666666,0.4,25,5.32,2,"['evening', 'nice walk', 'route', 'thing', 'start']"
52.28164,-1.5455,30.551496772563713,0.4,0.3,0.2,164,4.306748466257669,6,"['street lighting', 'nobody', 'night', 'park', 'route']"
52.2844,-1.53586,25.973446177268954,0.4,0.3,0.2,444,6.750572082379863,28,"['street lighting', 'nobody', 'night', 'park', 'route']"
52.2789332,-1.5472643,57.41483036882886,0.8,0.8,0.5,122,3.0,13,"['many restaurants', 'lively atmosphere', 'shops', 'street', 'pathways']"
52.28359,-1.5432,46.78135666260445,0.6,0.6666666666666666,0.4,121,3.6115702479338845,3,"['evening', 'nice walk', 'route', 'thing', 'start']"
52.28974,-1.54664,41.73924828053667,0.6,0.6666666666666666,0.4,66,5.8307692307692305,0,"['evening', 'nice walk', 'route', 'thing', 'start']"
52.2899,-1.54445,36.43741957700484,0.4,0.6,0.4,86,5.882352941176471,3,"['many drunk people', 'night', 'park']"
52.28394,-1.53196,48.26958975774539,0.7333333333333333,0.7333333333333333,0.4666666666666666,616,6.254125412541254,60,"['night', 'public', 'drunk public', 'residential area', 'route']"
52.28767,-1.53763,25.014937847259144,0.4,0.2,0.2,359,6.051428571428572,11,"['park', 'paths', 'lighting']"
52.2861,-1.53629,25.967665039540357,0.4,0.3,0.2,422,6.71462829736211,26,"['street lighting', 'nobody', 'night', 'park', 'route']"
52.2853,-1.53458,31.44715898496656,0.4,0.4,0.3,520,6.446393762183236,49,"['many drunk people', 'night', 'park', 'lighting', 'paths']"
52.28324,-1.5448,30.274773916993425,0.4,0.3,0.2,121,4.425,4,"['street lighting', 'nobody', 'night', 'park', 'route']"
52.28437,-1.53618,25.734214282374317,0.4,0.3,0.2,433,6.765807962529274,24,"['street lighting', 'nobody', 'night', 'park', 'route']"
52.281418,-1.548171,44.95612521546556,0.6,0.5428571428571429,0.4,59,3.9310344827586206,9,"['good street lighting', 'few shops', 'many restaurants', 'park', 'end']"
52.286249,-1.548171,38.388124202071516,0.6,0.4,0.4,34,5.294117647058823,2,"['nice walk', 'daytime', 'end', 'route']"
52.28129,-1.54557,30.662225411597266,0.4,0.3,0.2,164,4.306748466257669,8,"['street lighting', 'nobody', 'night', 'park', 'route']"
52.28437,-1.53638,25.318146448193374,0.4,0.3,0.2,399,6.878172588832487,20,"['street lighting', 'nobody', 'night', 'park', 'route']"
52.28963,-1.5346,49.19809422557336,0.7,0.7,0.5,649,5.242088607594937,44,"['greenery', 'daytime', 'shops', 'high quantity', 'people']"
52.28128,-1.54569,30.954947161170054,0.4,0.3,0.2,154,4.235294117647059,10,"['street lighting', 'nobody', 'night', 'park', 'route']"
52.28781,-1.53787,24.82426074653505,0.4,0.2,0.2,327,6.163522012578617,11,"['park', 'paths', 'lighting']"
52.28303,-1.54554,40.070158139622016,0.52,0.52,0.32,141,3.9785714285714286,4,"['street lighting', 'night', 'nice walk', 'nobody', 'park']"
52.28706,-1.53687,24.791382890697296,0.4,0.2,0.2,456,6.242152466367713,17,"['park', 'paths', 'lighting']"
52.2836,-1.54297,46.78135666260445,0.6,0.6666666666666666,0.4,121,3.6115702479338845,3,"['evening', 'nice walk', 'route', 'thing', 'start']"
52.28554,-1.54724,43.6016917848891,0.6,0.6666666666666666,0.4,26,5.115384615384615,3,"['evening', 'nice walk', 'route', 'thing', 'start']"
52.28898,-1.53803,27.465646034248753,0.4,0.2,0.2,436,5.330985915492958,30,"['park', 'paths', 'lighting']"
52.28136,-1.54574,30.954947161170054,0.4,0.3,0.2,154,4.235294117647059,10,"['street lighting', 'nobody', 'night', 'park', 'route']"
52.28399,-1.53982,26.922106045246174,0.4,0.3,0.2,189,5.7967914438502675,1,"['street lighting', 'nobody', 'night', 'park', 'route']"
52.28694,-1.53705,25.291869666746436,0.4,0.26666666666666666,0.2,487,6.381551362683438,14,"['street lighting', 'nobody', 'night', 'park', 'paths']"
52.28434,-1.53665,25.271237774895503,0.4,0.3,0.2,371,6.890710382513661,19,"['street lighting', 'nobody', 'night', 'park', 'route']"
52.28778,-1.54773,41.587679120813576,0.6,0.6666666666666666,0.4,37,5.918918918918919,0,"['evening', 'nice walk', 'route', 'thing', 'start']"
52.289,-1.53803,27.088262559546965,0.4,0.2,0.2,486,5.466386554621849,30,"['park', 'paths', 'lighting']"
52.28879,-1.5466,42.26410968902092,0.6,0.6666666666666666,0.4,50,5.66,2,"['evening', 'nice walk', 'route', 'thing', 'start']"
52.28829,-1.54684,42.003027887234694,0.6,0.6666666666666666,0.4,33,5.787878787878788,2,"['evening', 'nice walk', 'route', 'thing', 'start']"
52.28459,-1.54724,45.808469821849926,0.6,0.6666666666666666,0.4,132,3.984732824427481,1,"['evening', 'nice walk', 'route', 'thing', 'start']"
52.28805,-1.53961,36.77309294958256,0.4,0.6,0.4,153,5.905405405405405,12,"['many drunk people', 'night', 'park']"
52.2789466,-1.5471869,40.97876166653879,0.4666666666666666,0.4666666666666666,0.33333333333333337,122,3.0,13,"['little street lighting', 'night', 'rest', 'high street', 'park']"
52.2857,-1.53616,29.84622395197497,0.4,0.4,0.3,388,6.7408376963350785,28,"['many drunk people', 'night', 'park', 'lighting', 'paths']"
52.28673,-1.54981,43.06506577606912,0.6,0.6666666666666666,0.4,31,5.32258064516129,2,"['evening', 'nice walk', 'route', 'thing', 'start']"
52.2856,-1.53589,30.012316910525307,0.4,0.4,0.3,388,6.7408376963350785,31,"['many drunk people', 'night', 'park', 'lighting', 'paths']"
52.28544,-1.53655,25.51205075073768,0.4,0.3,0.2,366,6.858725761772853,22,"['street lighting', 'nobody', 'night', 'park', 'route']"
52.28972,-1.53543,49.01421549327974,0.7,0.7,0.5,674,5.254573170731708,42,"['greenery', 'daytime', 'shops', 'high quantity', 'people']"
52.28676,-1.54975,43.06506577606912,0.6,0.6666666666666666,0.4,31,5.32258064516129,2,"['evening', 'nice walk', 'route', 'thing', 'start']"
52.28835,-1.53805,26.331295226290635,0.4,0.2,0.2,331,5.872274143302181,27,"['park', 'paths', 'lighting']"
52.28687,-1.53698,29.644300750763573,0.4,0.4,0.3,474,6.387096774193548,13,"['many drunk people', 'night', 'park', 'lighting', 'paths']"
52.28788,-1.53797,25.794111410713587,0.4,0.2,0.2,295,5.79020979020979,13,"['park', 'paths', 'lighting']"
52.29147,-1.54715,42.034714677497334,0.55,0.65,0.4,105,5.176470588235294,4,"['many drunk people', 'night', 'nice walk', 'park', 'start']"
52.28984,-1.54405,36.66436517680939,0.4,0.6,0.4,84,5.783132530120482,3,"['many drunk people', 'night', 'park']"
52.28362,-1.54303,46.78135666260445,0.6,0.6666666666666666,0.4,121,3.6115702479338845,3,"['evening', 'nice walk', 'route', 'thing', 'start']"
52.28405,-1.53303,30.219399230830224,0.4,0.4,0.2,568,6.295169946332737,57,"['quiet route', 'public services']"
52.28443,-1.53323,30.12239478767723,0.4,0.4,0.2,603,6.317032040472175,57,"['quiet route', 'public services']"
52.28408,-1.53901,26.722554964073673,0.4,0.3,0.2,221,5.9132420091324205,3,"['street lighting', 'nobody', 'night', 'park', 'route']"
52.28479,-1.53544,26.588097000811683,0.4,0.3,0.2,533,6.611428571428571,36,"['street lighting', 'nobody', 'night', 'park', 'route']"
52.28437,-1.53661,25.326602094412287,0.4,0.3,0.2,371,6.890710382513661,20,"['street lighting', 'nobody', 'night', 'park', 'route']"
52.28415,-1.53795,26.98885015453838,0.4,0.3,0.2,203,5.8059701492537314,3,"['street lighting', 'nobody', 'night', 'park', 'route']"
52.28029,-1.53424,28.341091840632338,0.4,0.4,0.2,212,6.258373205741627,12,"['quiet route', 'public services']"
52.2919643,-1.53576,44.83510565574988,0.6,0.7,0.3,867,5.166069295101553,76,"['drunk teenagers', 'club night', 'street lights', 'short journey', 'park']"
52.28416,-1.53212,48.18751591707862,0.7333333333333333,0.7333333333333333,0.4666666666666666,636,6.252396166134186,59,"['night', 'public', 'drunk public', 'residential area', 'route']"
52.28554,-1.53538,30.82633191924601,0.4,0.4,0.3,472,6.537634408602151,40,"['many drunk people', 'night', 'park', 'lighting', 'paths']"
52.28836,-1.53621,28.39586692954448,0.4,0.3,0.2,462,5.823660714285714,37,"['street lighting', 'nobody', 'night', 'park', 'route']"
52.28573,-1.5473,43.6016917848891,0.6,0.6666666666666666,0.4,26,5.115384615384615,3,"['evening', 'nice walk', 'route', 'thing', 'start']"
52.28138,-1.54705,30.954947161170054,0.4,0.3,0.2,154,4.235294117647059,10,"['street lighting', 'nobody', 'night', 'park', 'route']"
52.28995,-1.54452,36.43741957700484,0.4,0.6,0.4,86,5.882352941176471,3,"['many drunk people', 'night', 'park']"
52.28807,-1.53799,26.394843977861477,0.4,0.2,0.2,314,5.727868852459016,22,"['park', 'paths', 'lighting']"
52.28888,-1.54656,42.26410968902092,0.6,0.6666666666666666,0.4,50,5.66,2,"['evening', 'nice walk', 'route', 'thing', 'start']"
52.2897651,-1.5354354,43.62478308375955,0.6,0.7,0.3,777,4.998678996036988,45,"['drunk teenagers', 'club night', 'street lights', 'short journey', 'park']"
52.28945,-1.5352,48.91871149451204,0.7,0.7,0.5,662,5.231007751937985,39,"['greenery', 'daytime', 'shops', 'high quantity', 'people']"
52.28128,-1.5456,30.662225411597266,0.4,0.3,0.2,164,4.306748466257669,8,"['street lighting', 'nobody', 'night', 'park', 'route']"
52.28677,-1.53687,27.75587087311415,0.4,0.35,0.25,457,6.424778761061947,14,"['many drunk people', 'street lighting', 'night', 'nobody', 'park']"
52.28894,-1.53798,27.623238378294936,0.4,0.2,0.2,409,5.280701754385965,30,"['park', 'paths', 'lighting']"
52.29191,-1.54761,42.078243619385894,0.55,0.65,0.4,124,5.140495867768595,4,"['many drunk people', 'night', 'nice walk', 'park', 'start']"
52.28342,-1.54688,46.23511856533736,0.6,0.6666666666666666,0.4,131,3.8692307692307693,4,"['evening', 'nice walk', 'route', 'thing', 'start']"
52.28671,-1.54984,43.06506577606912,0.6,0.6666666666666666,0.4,31,5.32258064516129,2,"['evening', 'nice walk', 'route', 'thing', 'start']"
52.28807,-1.53995,36.96488078701239,0.4,0.6,0.4,158,5.915032679738562,16,"['many drunk people', 'night', 'park']"
52.2865,-1.5367,25.794351060077926,0.4,0.3,0.2,398,6.4987277353689565,14,"['street lighting', 'nobody', 'night', 'park', 'route']"
52.28443,-1.53559,26.53306803307768,0.4,0.3,0.2,480,6.6723044397463,36,"['street lighting', 'nobody', 'night', 'park', 'route']"
52.2807,-1.5345,27.50664754202213,0.4,0.4,0.2,228,6.5265486725663715,8,"['quiet route', 'public services']"
52.28698,-1.53696,24.704017499424413,0.4,0.2,0.2,467,6.24945295404814,16,"['park', 'paths', 'lighting']"
52.29001,-1.54453,36.43741957700484,0.4,0.6,0.4,86,5.882352941176471,3,"['many drunk people', 'night', 'park']"
52.28294,-1.54552,31.225692490767052,0.4,0.3,0.2,141,3.9785714285714286,4,"['street lighting', 'nobody', 'night', 'park', 'route']"
52.28931,-1.54004,37.49870938887375,0.4,0.6,0.4,275,5.7592592592592595,23,"['many drunk people', 'night', 'park']"
52.28606,-1.53626,29.74629099373882,0.4,0.4,0.3,422,6.71462829736211,26,"['many drunk people', 'night', 'park', 'lighting', 'paths']"
52.2923339,-1.5382023,43.35025845714693,0.6,0.7,0.3,692,5.413690476190476,52,"['drunk teenagers', 'club night', 'street lights', 'short journey', 'park']"
52.28869,-1.54655,41.894604521665734,0.6,0.6666666666666666,0.4,36,5.833333333333333,2,"['evening', 'nice walk', 'route', 'thing', 'start']"
52.28379,-1.54127,29.085522455816747,0.4,0.3,0.2,183,4.824175824175824,1,"['street lighting', 'nobody', 'night', 'park', 'route']"
52.28949,-1.53501,49.0179297726785,0.7,0.7,0.5,663,5.2631578947368425,42,"['greenery', 'daytime', 'shops', 'high quantity', 'people']"
52.29037,-1.53552,49.989172419673764,0.7,0.7,0.5,938,5.146179401993355,65,"['greenery', 'daytime', 'shops', 'high quantity', 'people']"
52.28623,-1.53647,29.792655016435678,0.4,0.4,0.3,447,6.519274376417234,20,"['many drunk people', 'night', 'park', 'lighting', 'paths']"
52.283,-1.54587,46.23511856533736,0.6,0.6666666666666666,0.4,131,3.8692307692307693,4,"['evening', 'nice walk', 'route', 'thing', 'start']"
52.28772,-1.5364,26.99408278191481,0.4,0.3,0.2,494,6.150943396226415,25,"['street lighting', 'nobody', 'night', 'park', 'route']"
52.28663,-1.53679,29.632884434354867,0.4,0.4,0.3,460,6.428571428571429,14,"['many drunk people', 'night', 'park', 'lighting', 'paths']"
52.28714,-1.54876,42.547310733317026,0.6,0.6666666666666666,0.4,29,5.551724137931035,2,"['evening', 'nice walk', 'route', 'thing', 'start']"
52.28418,-1.53214,48.242880236595404,0.7333333333333333,0.7333333333333333,0.4666666666666666,636,6.252396166134186,60,"['night', 'public', 'drunk public', 'residential area', 'route']"
52.28451,-1.53545,26.606852630413535,0.4,0.3,0.2,540,6.597744360902255,36,"['street lighting', 'nobody', 'night', 'park', 'route']"
52.28579,-1.54732,43.54632746537232,0.6,0.6666666666666666,0.4,26,5.115384615384615,2,"['evening', 'nice walk', 'route', 'thing', 'start']"
52.28709,-1.5489,42.22544767348991,0.6,0.6666666666666666,0.4,20,5.7,2,"['evening', 'nice walk', 'route', 'thing', 'start']"
52.28718,-1.53751,35.685516466721765,0.4,0.6,0.4,422,6.1307506053268765,9,"['many drunk people', 'night', 'park']"
52.28346,-1.54403,46.48845195385192,0.6,0.6666666666666666,0.4,160,3.69811320754717,3,"['evening', 'nice walk', 'route', 'thing', 'start']"
52.28037,-1.53437,27.912491954656215,0.4,0.4,0.2,223,6.3954545454545455,10,"['quiet route', 'public services']"
52.28415,-1.5367,25.182817344159485,0.4,0.3,0.2,359,6.887323943661972,17,"['street lighting', 'nobody', 'night', 'park', 'route']"
52.28681,-1.54941,43.08226474097266,0.6,0.6666666666666666,0.4,25,5.32,2,"['evening', 'nice walk', 'route', 'thing', 'start']"
52.28874,-1.53809,26.909034703897923,0.4,0.2,0.2,349,5.563421828908554,26,"['park', 'paths', 'lighting']"
52.28131,-1.54571,30.954947161170054,0.4,0.3,0.2,154,4.235294117647059,10,"['street lighting', 'nobody', 'night', 'park', 'route']"
52.28612,-1.54787,42.62353576013976,0.6,0.6666666666666666,0.4,39,5.461538461538462,0,"['evening', 'nice walk', 'route', 'thing', 'start']"
52.28279,-1.5458,31.49434248391243,0.4,0.3,0.2,131,3.8692307692307693,4,"['street lighting', 'nobody', 'night', 'park', 'route']"
52.28321,-1.54669,46.23511856533736,0.6,0.6666666666666666,0.4,131,3.8692307692307693,4,"['evening', 'nice walk', 'route', 'thing', 'start']"
52.28602,-1.53626,29.63239865816034,0.4,0.4,0.3,353,6.810344827586207,26,"['many drunk people', 'night', 'park', 'lighting', 'paths']"
52.28366,-1.54227,29.927493112884374,0.4,0.3,0.2,174,4.502890173410405,3,"['street lighting', 'nobody', 'night', 'park', 'route']"
52.28818,-1.5401,37.241702384596266,0.4,0.6,0.4,158,5.915032679738562,21,"['many drunk people', 'night', 'park']"
52.28895,-1.53801,27.465646034248753,0.4,0.2,0.2,436,5.330985915492958,30,"['park', 'paths', 'lighting']"
52.28099,-1.5346,27.600906896057186,0.4,0.4,0.2,192,6.481675392670157,7,"['quiet route', 'public services']"
52.28901,-1.53802,27.088262559546965,0.4,0.2,0.2,486,5.466386554621849,30,"['park', 'paths', 'lighting']"
52.28403,-1.53316,43.54453380025249,0.65,0.65,0.4,560,6.310344827586207,57,"['quiet route', 'night', 'drunk public', 'residential area', 'public services']"
52.28529959999999,-1.5345806,43.49200631321084,0.64,0.64,0.44000000000000006,520,6.446393762183236,49,"['enjoyable evening walk', 'busy streets', 'police cars', 'rest', 'start']"
52.2851,-1.53592,26.056624393961048,0.4,0.3,0.2,400,6.738578680203045,28,"['street lighting', 'nobody', 'night', 'park', 'route']"
52.28409,-1.53262,48.20731135593441,0.7333333333333333,0.7333333333333333,0.4666666666666666,579,6.284710017574692,59,"['night', 'public', 'drunk public', 'residential area', 'route']"
52.28532,-1.53666,25.410675306798748,0.4,0.3,0.2,338,6.870870870870871,20,"['street lighting', 'nobody', 'night', 'park', 'route']"
52.28616,-1.53637,29.504957778881558,0.4,0.4,0.3,383,6.722222222222222,21,"['many drunk people', 'night', 'park', 'lighting', 'paths']"
52.28347,-1.54692,46.23511856533736,0.6,0.6666666666666666,0.4,131,3.8692307692307693,4,"['evening', 'nice walk', 'route', 'thing', 'start']"
52.28368,-1.5431,46.50891759173902,0.6,0.6666666666666666,0.4,130,3.723076923076923,3,"['evening', 'nice walk', 'route', 'thing', 'start']"
52.28621,-1.53646,26.0140290622372,0.4,0.3,0.2,447,6.519274376417234,20,"['street lighting', 'nobody', 'night', 'park', 'route']"
52.28862,-1.54005,37.918011866754156,0.4,0.6,0.4,193,5.5828877005347595,21,"['many drunk people', 'night', 'park']"
52.2923727,-1.5481874,42.404611294663304,0.6666666666666666,0.5333333333333333,0.4,123,5.191666666666666,4,"['enjoyable evening walk', 'street lights', 'busy streets', 'daytime', 'end']"
52.28691,-1.53702,25.802960366135274,0.4,0.3,0.2,487,6.381551362683438,12,"['street lighting', 'nobody', 'night', 'park', 'route']"
52.28354,-1.54357,46.91110988496682,0.6,0.6666666666666666,0.4,135,3.537313432835821,3,"['evening', 'nice walk', 'route', 'thing', 'start']"
52.28136,-1.54553,30.662225411597266,0.4,0.3,0.2,164,4.306748466257669,8,"['street lighting', 'nobody', 'night', 'park', 'route']"
52.28829,-1.53571,28.305045612655466,0.4,0.3,0.2,465,5.8381374722838135,36,"['street lighting', 'nobody', 'night', 'park', 'route']"
52.28282,-1.54582,31.49434248391243,0.4,0.3,0.2,131,3.8692307692307693,4,"['street lighting', 'nobody', 'night', 'park', 'route']"
52.28724,-1.53689,24.81221928388505,0.4,0.2,0.2,457,6.257847533632287,18,"['park', 'paths', 'lighting']"
52.28443,-1.5356,26.526989716664808,0.4,0.3,0.2,479,6.6758474576271185,36,"['street lighting', 'nobody', 'night', 'park', 'route']"
52.28352,-1.54377,31.747675872426996,0.4,0.3,0.2,160,3.69811320754717,3,"['street lighting', 'nobody', 'night', 'park', 'route']"
52.28436,-1.53586,25.973446177268954,0.4,0.3,0.2,444,6.750572082379863,28,"['street lighting', 'nobody', 'night', 'park', 'route']"
52.28377,-1.54315,46.50891759173902,0.6,0.6666666666666666,0.4,130,3.723076923076923,3,"['evening', 'nice walk', 'route', 'thing', 'start']"
52.28143,-1.54555,30.662225411597266,0.4,0.3,0.2,164,4.306748466257669,8,"['street lighting', 'nobody', 'night', 'park', 'route']"
52.28182,-1.54551,30.551496772563713,0.4,0.3,0.2,164,4.306748466257669,6,"['street lighting', 'nobody', 'night', 'park', 'route']"
52.28795,-1.53915,36.32763635864297,0.4,0.6,0.4,261,6.027777777777778,12,"['many drunk people', 'night', 'park']"
52.2834728,-1.5469188,41.499113476278836,0.6,0.4,0.4,131,3.8692307692307693,4,"['nice walk', 'daytime', 'end', 'route']"
52.28342,-1.5442,31.747675872426996,0.4,0.3,0.2,160,3.69811320754717,3,"['street lighting', 'nobody', 'night', 'park', 'route']"
52.28594,-1.54749,43.43559882633877,0.6,0.6666666666666666,0.4,26,5.115384615384615,0,"['evening', 'nice walk', 'route', 'thing', 'start']"
52.28438,-1.53647,25.318146448193374,0.4,0.3,0.2,399,6.878172588832487,20,"['street lighting', 'nobody', 'night', 'park', 'route']"
52.28527,-1.54722,43.6016917848891,0.6,0.6666666666666666,0.4,26,5.115384615384615,3,"['evening', 'nice walk', 'route', 'thing', 'start']"
52.28727,-1.53664,26.411683485157532,0.4,0.3,0.2,487,6.275789473684211,19,"['street lighting', 'nobody', 'night', 'park', 'route']"
52.2837661,-1.5431489,38.78627128130645,0.4666666666666666,0.4666666666666666,0.33333333333333337,130,3.723076923076923,3,"['little street lighting', 'night', 'rest', 'high street', 'park']"
52.28996,-1.54479,36.61719305966235,0.4,0.6,0.4,75,5.8108108108108105,3,"['many drunk people', 'night', 'park']"
52.28661,-1.54955,43.06506577606912,0.6,0.6666666666666666,0.4,31,5.32258064516129,2,"['evening', 'nice walk', 'route', 'thing', 'start']"
52.28964,-1.54227,36.68332046396806,0.4,0.6,0.4,147,5.776223776223776,5,"['many drunk people', 'night', 'park']"
52.28992,-1.545,36.00820654001045,0.4,0.6,0.4,90,6.045454545454546,2,"['many drunk people', 'night', 'park']"
52.2918076,-1.5381524,43.33450147179971,0.6,0.7,0.3,763,5.383265856950067,53,"['drunk teenagers', 'club night', 'street lights', 'short journey', 'park']"
52.28431,-1.53668,25.21234742105921,0.4,0.3,0.2,350,6.904624277456647,18,"['street lighting', 'nobody', 'night', 'park', 'route']"
52.28821,-1.53808,26.506690081005967,0.4,0.2,0.2,299,5.790378006872852,26,"['park', 'paths', 'lighting']"
52.28313,-1.54652,46.23511856533736,0.6,0.6666666666666666,0.4,131,3.8692307692307693,4,"['evening', 'nice walk', 'route', 'thing', 'start']"
52.28995,-1.53547,49.93124725821438,0.7,0.7,0.5,777,4.998678996036988,53,"['greenery', 'daytime', 'shops', 'high quantity', 'people']"
52.28414,-1.53831,27.03419998978879,0.4,0.3,0.2,208,5.781553398058253,3,"['street lighting', 'nobody', 'night', 'park', 'route']"
52.28253,-1.54557,31.225692490767052,0.4,0.3,0.2,141,3.9785714285714286,4,"['street lighting', 'nobody', 'night', 'park', 'route']"
52.28903,-1.54001,37.199220601233286,0.4,0.6,0.4,282,5.840579710144928,21,"['many drunk people', 'night', 'park']"
52.28907,-1.54004,37.2100656749688,0.4,0.6,0.4,281,5.836363636363636,21,"['many drunk people', 'night', 'park']"
52.28888,-1.54002,37.6614632127909,0.4,0.6,0.4,232,5.668141592920354,21,"['many drunk people', 'night', 'park']"
52.2904,-1.53484,50.338644912440856,0.7,0.7,0.5,898,5.12037037037037,69,"['greenery', 'daytime', 'shops', 'high quantity', 'people']"
52.28389,-1.54707,46.21879631337149,0.6,0.6666666666666666,0.4,127,3.880952380952381,4,"['evening', 'nice walk', 'route', 'thing', 'start']"
52.28312,-1.54515,39.82467717463955,0.52,0.52,0.32,147,4.082191780821918,4,"['street lighting', 'night', 'nice walk', 'nobody', 'park']"
52.28942,-1.53536,48.809771214499136,0.7,0.7,0.5,681,5.266968325791855,39,"['greenery', 'daytime', 'shops', 'high quantity', 'people']"
52.2879016,-1.535144,43.30615878499924,0.7,0.6,0.4,522,5.950396825396825,28,"['more public spaces', 'park', 'start', 'route']"
52.28638,-1.5366,29.804617456423333,0.4,0.4,0.3,419,6.506053268765133,19,"['many drunk people', 'night', 'park', 'lighting', 'paths']"
52.28421,-1.54717,46.10806767433794,0.6,0.6666666666666666,0.4,127,3.880952380952381,2,"['evening', 'nice walk', 'route', 'thing', 'start']"
52.28444,-1.53554,26.586275850952244,0.4,0.3,0.2,529,6.614942528735632,36,"['street lighting', 'nobody', 'night', 'park', 'route']"
52.28725,-1.54856,41.9487191741256,0.6,0.6666666666666666,0.4,32,5.8125,2,"['evening', 'nice walk', 'route', 'thing', 'start']"
52.28806,-1.54728,42.0096916548829,0.6,0.6666666666666666,0.4,24,5.791666666666667,2,"['evening', 'nice walk', 'route', 'thing', 'start']"
52.29061,-1.54664,40.223520753999075,0.55,0.65,0.4,108,5.980952380952381,4,"['many drunk people', 'night', 'nice walk', 'park', 'start']"
52.28996,-1.5466,40.18105868319171,0.55,0.65,0.4,77,5.972972972972973,2,"['many drunk people', 'night', 'nice walk', 'park', 'start']"
52.28139,-1.5455,30.551496772563713,0.4,0.3,0.2,164,4.306748466257669,6,"['street lighting', 'nobody', 'night', 'park', 'route']"
52.28793,-1.54751,41.89896301584935,0.6,0.6666666666666666,0.4,24,5.791666666666667,0,"['evening', 'nice walk', 'route', 'thing', 'start']"
52.28236,-1.53124,48.46342638371215,0.7333333333333333,0.7333333333333333,0.4666666666666666,411,5.839108910891089,42,"['night', 'public', 'drunk public', 'residential area', 'route']"
52.28851,-1.54663,42.003027887234694,0.6,0.6666666666666666,0.4,33,5.787878787878788,2,"['evening', 'nice walk', 'route', 'thing', 'start']"
52.28588,-1.53633,27.689775543755278,0.4,0.35,0.25,340,6.86865671641791,27,"['many drunk people', 'street lighting', 'night', 'nobody', 'park']"
52.28714,-1.53685,24.830829504291454,0.4,0.2,0.2,461,6.246119733924612,18,"['park', 'paths', 'lighting']"
52.28301,-1.54622,46.23511856533736,0.6,0.6666666666666666,0.4,131,3.8692307692307693,4,"['evening', 'nice walk', 'route', 'thing', 'start']"
52.28324,-1.54675,46.23511856533736,0.6,0.6666666666666666,0.4,131,3.8692307692307693,4,"['evening', 'nice walk', 'route', 'thing', 'start']"
52.28524,-1.53659,25.5214039458323,0.4,0.3,0.2,338,6.870870870870871,22,"['street lighting', 'nobody', 'night', 'park', 'route']"
52.28407,-1.53203,48.27106511190224,0.7333333333333333,0.7333333333333333,0.4666666666666666,575,6.229681978798586,58,"['night', 'public', 'drunk public', 'residential area', 'route']"
52.28831,-1.5362,28.340502610027695,0.4,0.3,0.2,462,5.823660714285714,36,"['street lighting', 'nobody', 'night', 'park', 'route']"
52.28361,-1.5429,32.04058058117951,0.4,0.3,0.2,121,3.6115702479338845,3,"['street lighting', 'nobody', 'night', 'park', 'route']"
52.28753,-1.53743,24.758048570366537,0.4,0.2,0.2,431,6.144893111638955,12,"['park', 'paths', 'lighting']"
52.2844,-1.53563,26.526989716664808,0.4,0.3,0.2,479,6.6758474576271185,36,"['street lighting', 'nobody', 'night', 'park', 'route']"
52.28818,-1.53804,26.560936936411807,0.4,0.2,0.2,314,5.727868852459016,25,"['park', 'paths', 'lighting']"
52.28862,-1.54656,42.003027887234694,0.6,0.6666666666666666,0.4,33,5.787878787878788,2,"['evening', 'nice walk', 'route', 'thing', 'start']"
52.28663,-1.5496,43.06506577606912,0.6,0.6666666666666666,0.4,31,5.32258064516129,2,"['evening', 'nice walk', 'route', 'thing', 'start']"
52.28721,-1.5369,24.83293290141386,0.4,0.2,0.2,455,6.249438202247191,18,"['park', 'paths', 'lighting']"
52.29117,-1.54673,41.37225292223569,0.55,0.65,0.4,135,5.446969696969697,4,"['many drunk people', 'night', 'nice walk', 'park', 'start']"
52.28138,-1.54587,30.954947161170054,0.4,0.3,0.2,154,4.235294117647059,10,"['street lighting', 'nobody', 'night', 'park', 'route']"
52.2812,-1.54693,30.899582841653274,0.4,0.3,0.2,154,4.235294117647059,9,"['street lighting', 'nobody', 'night', 'park', 'route']"
52.28441,-1.53562,26.526989716664808,0.4,0.3,0.2,479,6.6758474576271185,36,"['street lighting', 'nobody', 'night', 'park', 'route']"
52.28767,-1.53839,35.941625888523774,0.4,0.6,0.4,278,6.141791044776119,10,"['many drunk people', 'night', 'park']"
52.28739,-1.53718,24.50753859101253,0.4,0.2,0.2,455,6.2725225225225225,13,"['park', 'paths', 'lighting']"
52.28406,-1.54712,46.10806767433794,0.6,0.6666666666666666,0.4,127,3.880952380952381,2,"['evening', 'nice walk', 'route', 'thing', 'start']"
52.2785643,-1.545145,41.83164771520139,0.6,0.4,0.4,80,3.925,10,"['nice walk', 'daytime', 'end', 'route']"
52.28036,-1.53431,28.023220593689768,0.4,0.4,0.2,223,6.3954545454545455,12,"['quiet route', 'public services']"
52.28125,-1.5467,30.899582841653274,0.4,0.3,0.2,154,4.235294117647059,9,"['street lighting', 'nobody', 'night', 'park', 'route']"
52.29237,-1.54819,41.965679996953384,0.55,0.65,0.4,123,5.191666666666666,4,"['many drunk people', 'night', 'nice walk', 'park', 'start']"
52.28597,-1.53628,25.853772703961862,0.4,0.3,0.2,353,6.810344827586207,26,"['street lighting', 'nobody', 'night', 'park', 'route']"
52.28296,-1.54551,31.225692490767052,0.4,0.3,0.2,141,3.9785714285714286,4,"['street lighting', 'nobody', 'night', 'park', 'route']"
52.2884,-1.53827,26.36803097642083,0.4,0.2,0.2,325,5.859872611464968,27,"['park', 'paths', 'lighting']"
52.28968,-1.54256,36.63849449083584,0.4,0.6,0.4,132,5.782945736434108,4,"['many drunk people', 'night', 'park']"
